row_id,efficiency_standard,scoring_impact_standard,eff_times_minutes_standard,eff_per_point_standard,plus_minus_standard,blocks_standard,target
6782,-0.4502754807859138,-0.6634435309112898,-0.687263316414234,0.3448888133892005,-0.8820088134534271,0.46421839881351007,0
4553,0.6653656717366646,0.7518526639927706,0.7990622972965497,-0.4831243389320839,0.7427899454373577,-0.922658145359632,1
3801,0.1075450954753754,-0.13736303741076733,-0.1177555822338385,0.11663072340777482,-1.6319159329414814,0.46421839881351007,0
7385,-1.1475512011125253,-1.0498566367568063,-1.0608673246817388,-0.11943106195763077,-0.8820088134534271,-0.922658145359632,0
469,0.1075450954753754,0.07679362366024181,-0.17756689678246435,-0.43865097625857735,0.4928209056080062,-0.922658145359632,0
2716,-1.0080960570472028,-1.0079564204603044,-0.8054412277687657,0.18101121032561315,0.4928209056080062,-0.922658145359632,0
2433,-1.1475512011125253,-1.3105690937128174,-1.380438889371499,3.245522387614699,-0.2570862138800483,-0.922658145359632,0
5999,0.8048208158019868,0.8403086761742744,0.5653069665243833,-0.3408095783768633,-0.8820088134534271,0.46421839881351007,1
643,0.38645538360602,0.34216166020475314,0.5020283293932283,-0.3491810348801111,-1.7569004528561571,0.46421839881351007,0
3567,-1.1475512011125253,-1.0498566367568063,-1.0325508569244182,-0.11943106195763077,-0.6320397736240756,0.46421839881351007,0
2117,0.1075450954753754,-0.3515196984817765,0.3673806357716836,0.8570063229629117,-1.2569623731974542,0.46421839881351007,0
35,1.781006824259243,2.763063046224856,2.229910749686869,-0.820463030618533,1.117743505181385,-0.922658145359632,1
8690,1.0837311039326314,1.017220700537282,1.56967474126363,-0.05618005726642155,0.6178054255226819,-0.922658145359632,1
2972,-0.17136519265526917,-0.46325360860578124,0.07785920013050825,0.4063429145380458,-1.2569623731974542,0.46421839881351007,0
2174,0.2470002395406977,-0.07218492317176455,-0.34082000170987387,0.3097721841612886,-0.13210169396537258,0.46421839881351007,1
2579,-0.31082033672059145,-0.14667419658776773,-0.4933821953411517,-0.9456473107365512,-1.1319778532827784,0.46421839881351007,0
2281,2.19937225645521,2.9632529685303646,2.425525532051216,-0.3736514461972989,-1.5069314130268057,0.46421839881351007,1
5933,0.2470002395406977,-0.07218492317176455,-0.13278064675813117,0.3097721841612886,0.11786734586397894,0.46421839881351007,0
8502,1.2231862479979538,1.1056767127187856,1.844748999477601,0.08613470328879902,-0.7570242935387513,3.2379714871597938,1
5906,-1.4264614892431697,-1.4129918446598217,-1.3879514216336453,3.7863184777245382,2.2426041844134668,-0.922658145359632,0
4529,-1.0080960570472028,-0.9381227266328015,-1.0958294940555733,-0.2696521980992527,-0.13210169396537258,-0.922658145359632,0
7611,0.5259105276713423,0.3002614439082513,0.7311605633886892,0.06834535821939652,0.11786734586397894,-0.922658145359632,1
2488,0.38645538360602,-0.007006808932761768,-0.3575787275254308,0.502913644914803,0.7427899454373577,0.46421839881351007,1
3712,-0.4502754807859138,-0.574987518729786,-0.3249281065399491,-0.044320493886820085,-0.13210169396537258,-0.922658145359632,0
5848,0.9442759598673092,0.25370564802324935,0.9530692086705479,1.2754794879288587,-0.8820088134534271,3.2379714871597938,1
4163,0.8048208158019868,0.4492399907402577,0.7999291279421824,0.4063429145380458,0.6178054255226819,0.46421839881351007,1
4336,-0.7291857689165584,-0.8450111348627976,-0.7699011712978432,0.271143892010586,0.4928209056080062,0.46421839881351007,0
5127,-0.7291857689165584,-0.9241559878673009,-0.4800907921081236,0.7818957548921004,-0.13210169396537258,0.46421839881351007,0
8577,-0.31082033672059145,-0.7053437472077916,-0.2680062274767638,1.0823380271753442,-1.38194689311213,-0.922658145359632,0
8345,0.38645538360602,0.34216166020475314,0.5236990955340345,-0.3491810348801111,0.7427899454373577,-0.922658145359632,1
4583,1.6415516801939205,1.3710447492632971,1.5534939025451613,0.5130789849544614,-0.6320397736240756,1.851094942986652,1
2106,0.6653656717366646,0.24905006843474917,0.47920178905824545,0.5415419370655056,-0.5070552537093999,-0.922658145359632,1
4688,-0.031910048589946886,-0.2025411516497701,0.04231914365958566,-0.07651073734573895,-0.5070552537093999,0.46421839881351007,1
1231,0.8048208158019868,0.18852753378424658,0.3711369019027566,1.0823380271753442,1.117743505181385,1.851094942986652,1
6351,-1.2870063451778475,-1.2128019223543132,-1.5038177845998244,0.6960551056683167,-0.2570862138800483,0.46421839881351007,0
8443,-0.31082033672059145,-0.42600897189777964,-0.4009202598070438,-0.16565295000120656,-1.0069933333681027,0.46421839881351007,0
4663,0.9442759598673092,1.3338001125552954,1.4893484347683732,-0.7612850072900155,-1.38194689311213,-0.922658145359632,1
406,-0.17136519265526917,-0.16995209453026872,0.12033390176648917,-0.5400502431541724,2.3675887043281425,0.46421839881351007,1
7370,0.1075450954753754,-0.030284706875262763,0.31421502283957164,-0.1795195164142793,0.7427899454373577,0.46421839881351007,1
8540,-0.7291857689165584,-0.6867214288537907,-0.8779660584533316,-0.4949839023116854,-0.2570862138800483,-0.922658145359632,0
3788,0.1075450954753754,-0.5656763595527856,-0.1244012838503527,1.893532162340102,1.3677125450107366,1.851094942986652,1
1268,0.9442759598673092,0.5237292641562609,0.4084106196649438,0.5753416926973705,-0.2570862138800483,0.46421839881351007,1
6671,0.2470002395406977,-0.07218492317176455,0.38731774062122587,0.3097721841612886,-0.6320397736240756,-0.922658145359632,0
393,0.6653656717366646,0.7518526639927706,0.8536726279713823,-0.4831243389320839,-0.5070552537093999,-0.922658145359632,1
594,-0.7291857689165584,-0.9241559878673009,-0.6765724051181028,0.7818957548921004,2.117619664498791,-0.922658145359632,0
5048,0.2470002395406977,0.3747507173242545,0.10299728885384428,-0.7203156065241186,0.9927589852667092,-0.922658145359632,0
4341,-0.4502754807859138,-0.48653150654828226,-0.2810086871612477,-0.3736514461972989,-2.881761132088239,0.46421839881351007,0
2918,0.8048208158019868,0.7099524476962689,0.6785728375536655,-0.11943106195763077,-2.6317920922588875,-0.922658145359632,0
4416,0.8048208158019868,0.4492399907402577,0.26596145023270934,0.4063429145380458,0.36783638569333044,-0.922658145359632,1
2410,-1.0080960570472028,-0.7984553389777955,-1.2865322360946707,-0.9456473107365512,-1.2569623731974542,-0.922658145359632,0
4158,1.362641392063276,1.9390254590603213,1.5014840638072258,-0.7203156065241186,1.617681584840088,0.46421839881351007,1
3485,-1.2870063451778475,-1.0312343184028054,-1.3460546070947528,-0.8104482882090914,-1.0069933333681027,-0.922658145359632,0
2335,-0.7291857689165584,-0.7658662818582942,-0.9369105423563253,-0.1467439958015622,-1.6319159329414814,-0.922658145359632,0
6959,-1.0080960570472028,-1.1476238081153105,-1.078492881142928,1.4686209486823718,-0.8820088134534271,0.46421839881351007,0
500,-1.8448269214391366,-1.3431581508323187,-1.4945715910464135,-0.849076580359794,0.36783638569333044,-0.922658145359632,0
3375,-0.4502754807859138,-0.6634435309112898,-0.2864986145835853,0.3448888133892005,0.7427899454373577,-0.922658145359632,1
6442,-0.031910048589946886,0.104727101191243,-0.21195117905921096,-0.8263540555652631,0.6178054255226819,0.46421839881351007,1
2690,-1.1475512011125253,-0.7239660655617923,-1.0770481634002076,-1.6216424233738498,-1.5069314130268057,-0.922658145359632,0
4938,0.38645538360602,0.22577217049224818,0.2925442566987651,-0.1006534199399281,0.2428518657786547,-0.922658145359632,0
3145,-0.4502754807859138,-0.7518995430927936,-0.9288201229970908,0.8119399821204246,0.36783638569333044,0.46421839881351007,0
8589,-1.0080960570472028,-1.0777901142878075,-0.8314461471377336,0.7443404708566951,-0.5070552537093999,0.46421839881351007,0
4062,0.38645538360602,0.1093826807797432,0.06861300657709765,0.18101121032561315,-0.13210169396537258,0.46421839881351007,1
405,-1.1475512011125253,-1.2453909794738147,-1.2509921796237482,1.983664844025076,-0.0071171740506968135,-0.922658145359632,0
2439,1.0837311039326314,1.296555475847294,1.3616353863118873,-0.46279365885276647,0.36783638569333044,0.46421839881351007,1
6313,0.6653656717366646,0.6261520151032652,0.12813537757717966,-0.2696521980992527,-0.0071171740506968135,0.46421839881351007,1
8484,-0.031910048589946886,-0.5098094044907833,-0.4407944695061277,1.0823380271753442,-0.5070552537093999,0.46421839881351007,0
6306,-0.31082033672059145,-0.14667419658776773,0.5294779665049165,-0.9456473107365512,-1.6319159329414814,-0.922658145359632,0
2447,0.38645538360602,0.22577217049224818,0.899325708641348,-0.1006534199399281,-0.38207073379472406,0.46421839881351007,1
5508,-0.031910048589946886,0.20714985213824738,0.22030836956274336,-1.020757878807362,0.2428518657786547,0.46421839881351007,1
6796,-0.31082033672059145,-0.7053437472077916,-0.34313155009822643,1.0823380271753442,1.617681584840088,-0.922658145359632,1
3618,-1.1475512011125253,-0.9846785225178035,-0.9031041471766672,-0.5400502431541724,0.7427899454373577,0.46421839881351007,0
1668,-0.8686409129818806,-0.66809911049979,-0.7360947761181849,-0.997646934785574,-0.2570862138800483,-0.922658145359632,0
2319,0.1075450954753754,0.07679362366024181,0.10819827272763738,-0.43865097625857735,-0.5070552537093999,-0.922658145359632,0
7298,0.5259105276713423,0.3002614439082513,0.22782090182488968,0.06834535821939652,1.617681584840088,-0.922658145359632,1
2552,-1.984282065504459,-1.5247257547838267,-1.5613175507600976,2.8849916608748067,-2.6317920922588875,0.46421839881351007,0
7018,-0.031910048589946886,-0.40738665354377884,-0.40265392109830844,0.6316746187504784,1.617681584840088,1.851094942986652,0
8075,0.9442759598673092,1.3338001125552954,1.564762700938381,-0.7612850072900155,0.7427899454373577,1.851094942986652,1
3703,-1.2870063451778475,-1.1522793877038107,-1.0380407843467558,0.06834535821939652,-0.13210169396537258,-0.922658145359632,0
3668,0.8048208158019868,0.7099524476962689,0.7352057730683064,-0.11943106195763077,-0.8820088134534271,-0.922658145359632,1
8785,-0.7291857689165584,-0.8450111348627976,-0.9909429859340697,0.271143892010586,1.117743505181385,-0.922658145359632,0
6791,-0.31082033672059145,-0.6122321554377876,-0.46448784048674296,0.5907052179845815,2.117619664498791,0.46421839881351007,0
1404,0.5259105276713423,0.3002614439082513,1.069224515185271,0.06834535821939652,-0.0071171740506968135,0.46421839881351007,1
6005,0.1075450954753754,0.07679362366024181,-0.3636465420448567,-0.43865097625857735,-0.7570242935387513,0.46421839881351007,0
6698,-0.17136519265526917,-0.3654864372472771,-0.4197015904624095,0.04234554619488514,0.11786734586397894,0.46421839881351007,0
7032,-0.17136519265526917,-0.3654864372472771,-0.45610847757896456,0.04234554619488514,-0.8820088134534271,0.46421839881351007,0
8463,-0.8686409129818806,-0.7425883839157932,-0.8516721955358196,-0.7203156065241186,0.8677744653520334,-0.922658145359632,0
5269,-2.4026474977004257,-1.5666259710803283,-1.705500381483597,0.18101121032561315,0.11786734586397894,0.46421839881351007,0
7884,-0.4502754807859138,-0.3096194821852747,-0.8190215745503377,-0.9005809698940648,-0.8820088134534271,0.46421839881351007,0
8218,-0.31082033672059145,-0.2397857883577717,-0.5569497760208508,-0.7203156065241186,-0.0071171740506968135,-0.922658145359632,0
1134,0.1075450954753754,-0.030284706875262763,-0.3570008404283428,-0.1795195164142793,-0.5070552537093999,-0.922658145359632,0
3687,-0.8686409129818806,-0.66809911049979,-0.6112711631471393,-0.997646934785574,0.6178054255226819,-0.922658145359632,0
7558,0.38645538360602,0.34216166020475314,0.40089808740279775,-0.3491810348801111,0.11786734586397894,0.46421839881351007,0
5149,0.6653656717366646,0.6261520151032652,0.7210475391896461,-0.2696521980992527,0.9927589852667092,0.46421839881351007,1
423,-0.31082033672059145,-0.9846785225178035,-0.776546872914357,3.4000355562175106,-1.0069933333681027,1.851094942986652,1
3792,-0.8686409129818806,-0.8915669307477996,-0.9903650988369814,0.0007458469556669184,1.2427280250960608,0.46421839881351007,0
951,-1.7053717773738144,-1.2640132978278154,-1.3775494538860582,-0.9456473107365512,-0.8820088134534271,-0.922658145359632,0
5516,0.9442759598673092,0.7937528802892724,1.1206564668261183,0.03079007418399119,-0.7570242935387513,0.46421839881351007,1
2810,0.38645538360602,0.22577217049224818,0.18419042599473248,-0.1006534199399281,1.2427280250960608,-0.922658145359632,0
7605,-0.031910048589946886,-0.30496390259677447,-0.35179985655454904,0.25034404239097685,-1.0069933333681027,-0.922658145359632,0
2401,-0.5897306248512361,-0.7984553389777955,-0.7898382761473849,0.5415419370655056,1.3677125450107366,0.46421839881351007,0
8554,-0.5897306248512361,-0.8822557715707992,-1.0602894375846506,1.0823380271753442,-0.2570862138800483,0.46421839881351007,0
7620,-0.4502754807859138,-0.48653150654828226,-0.3633575984963125,-0.3736514461972989,1.617681584840088,0.46421839881351007,0
4522,-0.8686409129818806,-0.9660562041638027,-1.115188711808027,0.48145348260885645,0.6178054255226819,-0.922658145359632,0
8963,0.9442759598673092,0.25370564802324935,0.358134442218273,1.2754794879288587,0.8677744653520334,1.851094942986652,1
8722,-0.4502754807859138,-0.39807549436677847,-1.0276388165991686,-0.6559351196062803,1.2427280250960608,-0.922658145359632,0
5130,-1.0080960570472028,-1.0777901142878075,-0.8141095342250884,0.7443404708566951,-0.2570862138800483,-0.922658145359632,0
7283,0.38645538360602,0.1093826807797432,0.3214386115531738,0.18101121032561315,-0.13210169396537258,1.851094942986652,1
2645,0.6653656717366646,1.1289546106612867,0.6898416359468849,-1.0071014118853965,-1.0069933333681027,-0.922658145359632,0
944,-0.4502754807859138,-0.13270745782226714,-0.08337129995709221,-1.303527076250415,0.36783638569333044,0.46421839881351007,0
7572,0.6653656717366646,0.1233494195452438,0.6196283536506718,0.8891965664218305,-0.38207073379472406,0.46421839881351007,1
2843,-1.7053717773738144,-1.4967922772528253,-1.3197607441772408,4.68764529457427,0.11786734586397894,0.46421839881351007,0
5162,1.6415516801939205,2.479072691326344,1.7008551123026459,-0.7896484385894823,-2.006869492685509,0.46421839881351007,1
3975,-0.031910048589946886,0.20714985213824738,0.27751919217447246,-1.020757878807362,-0.2570862138800483,-0.922658145359632,0
5157,0.5259105276713423,0.7844417211122721,0.30294622444635233,-0.8104482882090914,0.6178054255226819,0.46421839881351007,1
2896,-1.1475512011125253,-1.115034750995809,-1.2429017602645134,0.4063429145380458,-0.7570242935387513,-0.922658145359632,0
1834,0.2470002395406977,0.5982185375722641,0.4982720632621549,-1.080846333264011,-0.13210169396537258,-0.922658145359632,0
345,0.6653656717366646,0.3747507173242545,0.1671427566306314,0.23734413637872115,-1.0069933333681027,-0.922658145359632,1
6231,-1.5659166333084922,-1.277980036593316,-1.4928379297551488,-0.07651073734573895,1.117743505181385,-0.922658145359632,0
1937,0.2470002395406977,0.15128289707624498,0.3041019986405286,-0.2696521980992527,0.36783638569333044,-0.922658145359632,0
8549,0.6653656717366646,1.0032539617717813,-0.4257694049818354,-0.849076580359794,1.3677125450107366,0.46421839881351007,1
4403,-1.0080960570472028,-1.2872911957703164,-1.0524879617739602,3.7863184777245382,-0.2570862138800483,1.851094942986652,0
8870,-1.4264614892431697,-1.1895240244118122,-1.2665951312451287,-0.2696521980992527,-1.7569004528561571,-0.922658145359632,0
7457,-0.17136519265526917,-0.3654864372472771,-0.8505164213416434,0.04234554619488514,1.8676506246694395,-0.922658145359632,0
8984,0.9442759598673092,1.063776496422284,1.0871390151950047,-0.4048512206267125,-1.6319159329414814,0.46421839881351007,1
6176,-0.17136519265526917,-0.46325360860578124,-0.2619384129573379,0.4063429145380458,0.2428518657786547,-0.922658145359632,1
6367,-0.5897306248512361,-0.6308544737917884,-0.7794363083997979,-0.2696521980992527,0.36783638569333044,0.46421839881351007,1
3784,0.5259105276713423,0.3002614439082513,0.009957466222647779,0.06834535821939652,1.7426661047547638,1.851094942986652,1
6003,0.38645538360602,-0.007006808932761768,0.40089808740279775,0.502913644914803,1.3677125450107366,-0.922658145359632,1
436,1.362641392063276,1.9390254590603213,1.2240982572049022,-0.7203156065241186,-0.0071171740506968135,-0.922658145359632,0
5241,1.781006824259243,1.7853913326398148,2.0074242173079218,0.18101121032561315,0.7427899454373577,-0.922658145359632,1
6681,-1.4264614892431697,-1.0777901142878075,-1.2561931634975416,-1.080846333264011,0.6178054255226819,0.46421839881351007,0
6434,1.5020965361285983,1.4362228635022998,1.7014329993997341,0.13594486948312615,-0.5070552537093999,-0.922658145359632,1
1059,0.5259105276713423,0.3002614439082513,0.43065927290283895,0.06834535821939652,-1.1319778532827784,1.851094942986652,1
8900,-1.0080960570472028,-1.2174575019428135,-0.8314461471377336,2.434328252449941,0.2428518657786547,0.46421839881351007,0
5710,0.1075450954753754,-0.030284706875262763,0.30092361960654357,-0.1795195164142793,0.36783638569333044,0.46421839881351007,1
678,0.6653656717366646,0.1233494195452438,0.44799588581548383,0.8891965664218305,-0.38207073379472406,0.46421839881351007,1
3136,-0.8686409129818806,-0.7425883839157932,-0.9996112923903921,-0.7203156065241186,-0.13210169396537258,-0.922658145359632,0
1120,1.5020965361285983,2.050759369184326,1.6156167654821394,-0.6076497544179019,-1.6319159329414814,-0.922658145359632,0
2416,0.6653656717366646,0.877553312882276,0.9316873860782858,-0.6752492656816316,0.11786734586397894,0.46421839881351007,1
1873,-0.031910048589946886,-0.5098094044907833,-0.2564484855350003,1.0823380271753442,-2.006869492685509,0.46421839881351007,0
4742,-0.7291857689165584,-1.0033008408718043,-1.0498874698370635,1.4203355834939935,-0.2570862138800483,0.46421839881351007,0
3343,0.1075450954753754,-0.030284706875262763,-0.3038352274962305,-0.1795195164142793,-1.8818849727708329,0.46421839881351007,1
2118,-0.7291857689165584,-0.7658662818582942,-0.9221744213805768,-0.1467439958015622,-0.2570862138800483,-0.922658145359632,0
1705,0.2470002395406977,0.2630168072002498,0.33877522446581904,-0.5082387084418284,-0.6320397736240756,-0.922658145359632,1
2176,-0.5897306248512361,-0.6308544737917884,-0.7742353245260043,-0.2696521980992527,0.9927589852667092,-0.922658145359632,0
3328,0.8048208158019868,0.5795962192182633,0.524854869728211,0.12799198580504031,-0.7570242935387513,1.851094942986652,1
8300,-1.5659166333084922,-1.2267686611198139,-1.2798865344781567,-0.6076497544179019,0.4928209056080062,0.46421839881351007,0
6775,0.6653656717366646,0.3747507173242545,0.8068637731072401,0.23734413637872115,-1.1319778532827784,1.851094942986652,1
8564,-0.031910048589946886,-0.8170776573317964,-0.014891678952143446,3.1103233650872397,-0.6320397736240756,-0.922658145359632,1
5543,-0.4502754807859138,-0.574987518729786,-0.5719748405451434,-0.044320493886820085,0.7427899454373577,-0.922658145359632,0
5394,-0.7291857689165584,-0.7658662818582942,-0.7306048486958472,-0.1467439958015622,-1.8818849727708329,0.46421839881351007,0
3345,0.5259105276713423,0.17921637460724618,0.4682219342135703,0.3612765736955594,-1.0069933333681027,3.2379714871597938,1
3594,-1.0080960570472028,-1.2872911957703164,-1.0264830424049924,3.7863184777245382,-1.8818849727708329,0.46421839881351007,0
6083,-0.5897306248512361,-0.714654906384792,-0.935465824613605,0.09907240879381946,-0.0071171740506968135,0.46421839881351007,0
3359,0.1075450954753754,-0.13736303741076733,0.20123809535883355,0.11663072340777482,2.617557744157494,0.46421839881351007,1
5817,-0.7291857689165584,-1.0033008408718043,-0.6225399615403587,1.4203355834939935,-1.8818849727708329,-0.922658145359632,0
8566,-0.31082033672059145,-0.6122321554377876,-0.5164976792246787,0.5907052179845815,0.11786734586397894,0.46421839881351007,0
5261,0.6653656717366646,0.5004513662137599,0.5572165471651489,-0.031065687756677028,0.2428518657786547,0.46421839881351007,1
6908,0.9442759598673092,0.9287646883557782,0.9530692086705479,-0.19849481782164213,-0.5070552537093999,-0.922658145359632,1
3882,0.38645538360602,0.1093826807797432,0.04694224043629112,0.18101121032561315,0.8677744653520334,1.851094942986652,0
7142,-0.8686409129818806,-0.7425883839157932,-0.7360947761181849,-0.7203156065241186,3.117495823816197,0.46421839881351007,0
5695,1.0837311039326314,1.296555475847294,0.6248293375244652,-0.46279365885276647,0.11786734586397894,0.46421839881351007,1
2149,-1.2870063451778475,-0.9707117837523029,-0.9741842601185127,-1.130009614183087,-1.1319778532827784,-0.922658145359632,0
4570,-0.31082033672059145,-0.5191205636677836,-0.4240357436905708,0.18101121032561315,0.9927589852667092,0.46421839881351007,0
2483,1.6415516801939205,2.3207829853173374,1.7499755155551406,-0.6482094611761396,0.4928209056080062,0.46421839881351007,1
633,-0.17136519265526917,-0.5610207799642855,-0.613871655084036,0.8365216225799632,1.3677125450107366,0.46421839881351007,1
5746,-1.5659166333084922,-1.0731345346993073,-1.1591081311867282,-1.6216424233738498,-0.2570862138800483,-0.922658145359632,0
3241,0.2470002395406977,-0.2956527434197741,0.18621303083454122,1.0823380271753442,1.3677125450107366,1.851094942986652,1
4236,-2.1237372095697813,-1.5386924935493271,-1.6312418895077665,1.983664844025076,0.9927589852667092,-0.922658145359632,0
2081,-0.031910048589946886,-0.10011840070276574,-0.15474035644748152,-0.35978487978422613,-1.1319778532827784,-0.922658145359632,1
4277,0.1075450954753754,-0.030284706875262763,0.5933344907331598,-0.1795195164142793,-0.2570862138800483,0.46421839881351007,0
5260,-0.7291857689165584,-0.7658662818582942,-0.45061855015662694,-0.1467439958015622,-1.7569004528561571,-0.922658145359632,0
6161,-1.4264614892431697,-1.1336570693498098,-1.2215199376722512,-0.7203156065241186,0.2428518657786547,-0.922658145359632,0
2511,-0.4502754807859138,-0.3096194821852747,-0.4292367275643644,-0.9005809698940648,-0.5070552537093999,0.46421839881351007,0
3694,0.38645538360602,-0.007006808932761768,-0.1047531225493546,0.502913644914803,-0.6320397736240756,0.46421839881351007,0
5044,-0.7291857689165584,-0.9241559878673009,-1.0891837924390593,0.7818957548921004,0.36783638569333044,0.46421839881351007,1
1614,-0.031910048589946886,-0.30496390259677447,0.05503265979552543,0.25034404239097685,0.36783638569333044,0.46421839881351007,1
5076,0.8048208158019868,0.4492399907402577,0.8646524828160576,0.4063429145380458,-1.7569004528561571,-0.922658145359632,0
1851,-0.17136519265526917,-0.46325360860578124,-0.14664993708824722,0.4063429145380458,0.2428518657786547,0.46421839881351007,1
6985,0.8048208158019868,0.8403086761742744,0.47631235357280455,-0.3408095783768633,1.2427280250960608,-0.922658145359632,1
8776,-0.17136519265526917,-0.3654864372472771,-0.45004066305953866,0.04234554619488514,-0.6320397736240756,0.46421839881351007,0
8225,0.9442759598673092,1.063776496422284,0.7100676843449709,-0.4048512206267125,0.36783638569333044,3.2379714871597938,1
6943,0.1075450954753754,0.39802861526675554,0.20123809535883355,-1.0523833811529668,0.36783638569333044,-0.922658145359632,1
4006,0.6653656717366646,0.3747507173242545,0.6976431117575753,0.23734413637872115,0.6178054255226819,1.851094942986652,1
2998,-0.17136519265526917,-0.2677192658887729,-0.19519245324365403,-0.2696521980992527,-0.7570242935387513,-0.922658145359632,0
7880,0.2470002395406977,0.03954898695224022,-0.09117277576778236,0.0007458469556669184,2.117619664498791,1.851094942986652,1
8350,0.2470002395406977,0.15128289707624498,0.10993193401890197,-0.2696521980992527,-1.38194689311213,-0.922658145359632,0
2627,-0.4502754807859138,-0.7518995430927936,-1.1099877279342334,0.8119399821204246,-2.381823052429536,1.851094942986652,0
4817,-0.7291857689165584,-0.8450111348627976,-1.1677764376430508,0.271143892010586,-2.006869492685509,0.46421839881351007,0
55,-0.4502754807859138,-0.6634435309112898,-0.5994244776568316,0.3448888133892005,-0.2570862138800483,0.46421839881351007,0
4041,-0.17136519265526917,-0.16995209453026872,-0.7959060906668108,-0.5400502431541724,0.2428518657786547,-0.922658145359632,0
167,-0.5897306248512361,-0.5470540411987849,-0.5765979373218488,-0.5816499423933906,0.7427899454373577,0.46421839881351007,0
3766,1.0837311039326314,0.73788592522727,0.33877522446581904,0.446107332928475,-0.8820088134534271,0.46421839881351007,1
8514,0.8048208158019868,0.4492399907402577,0.5976686439613211,0.4063429145380458,0.2428518657786547,-0.922658145359632,1
4318,0.9442759598673092,1.063776496422284,0.9530692086705479,-0.4048512206267125,-1.6319159329414814,0.46421839881351007,1
2331,-0.031910048589946886,-0.5098094044907833,-0.21830793712718066,1.0823380271753442,-0.8820088134534271,-0.922658145359632,0
4181,1.2231862479979538,1.8272915489363166,1.361057499214799,-0.8329814586303346,-1.0069933333681027,-0.922658145359632,1
6033,-1.2870063451778475,-0.9101892491018003,-1.1056535747060723,-1.396310719161417,-2.506807572344212,-0.922658145359632,0
2345,1.0837311039326314,0.73788592522727,1.3529670798555646,0.446107332928475,-1.5069314130268057,0.46421839881351007,1
3020,1.6415516801939205,1.5293344552723038,1.602614305797656,0.271143892010586,-0.0071171740506968135,0.46421839881351007,1
3850,0.5259105276713423,0.3002614439082513,0.22030836956274336,0.06834535821939652,0.9927589852667092,-0.922658145359632,1
1752,0.8048208158019868,0.5795962192182633,0.24978061151424005,0.12799198580504031,0.36783638569333044,0.46421839881351007,0
2705,0.1075450954753754,0.29095028473125095,-0.11110988061732431,-0.8705367426657405,-0.5070552537093999,-0.922658145359632,0
6212,-1.8448269214391366,-1.4269585834253224,-1.5491819217212457,0.5415419370655056,-0.8820088134534271,0.46421839881351007,0
180,1.5020965361285983,1.2825887370817932,1.8349249188271017,0.3707642243992408,0.8677744653520334,0.46421839881351007,1
4377,1.781006824259243,1.9483366182373216,1.9568590963127066,-0.023835793503871668,-0.2570862138800483,-0.922658145359632,1
8154,-0.8686409129818806,-0.7425883839157932,-0.9071493568562844,-0.7203156065241186,-1.2569623731974542,0.46421839881351007,0
6419,1.362641392063276,1.6410683653963085,1.963793741477765,-0.39256040039694323,0.11786734586397894,0.46421839881351007,1
6840,-1.2870063451778475,-0.9707117837523029,-0.9103277358902694,-1.130009614183087,-0.0071171740506968135,-0.922658145359632,0
1379,-1.0080960570472028,-1.0079564204603044,-0.7967729213124431,0.18101121032561315,-0.0071171740506968135,0.46421839881351007,0
4186,-1.0080960570472028,-0.9381227266328015,-0.9528024375262502,-0.2696521980992527,0.9927589852667092,-0.922658145359632,0
4442,-1.7053717773738144,-1.2640132978278154,-1.2937558248082728,-0.9456473107365512,-1.6319159329414814,0.46421839881351007,0
8037,-0.17136519265526917,-0.3654864372472771,-0.7048888728754233,0.04234554619488514,0.8677744653520334,0.46421839881351007,1
5790,1.9204619683245652,2.38596109955634,2.2215313867790907,-0.2696521980992527,1.617681584840088,-0.922658145359632,1
4923,1.2231862479979538,0.9613537454752795,1.5849887493364665,0.3312323464672351,0.8677744653520334,0.46421839881351007,1
8501,-1.5659166333084922,-1.277980036593316,-1.3275622199879311,-0.07651073734573895,0.11786734586397894,-0.922658145359632,0
2904,1.781006824259243,1.4595007614448008,2.1388935318954814,0.655393745509682,0.4928209056080062,1.851094942986652,1
2637,0.9442759598673092,1.4688119206218013,1.1038977410105617,-0.9162562188827555,-1.1319778532827784,-0.922658145359632,0
3869,0.38645538360602,-0.007006808932761768,-0.29256642910301117,0.502913644914803,-1.0069933333681027,1.851094942986652,1
7103,0.5259105276713423,0.5423515825102617,0.4231467406406923,-0.4198733342408747,1.617681584840088,-0.922658145359632,1
1885,-0.4502754807859138,-0.6634435309112898,-0.8300014293950131,0.3448888133892005,0.4928209056080062,-0.922658145359632,0
901,-1.2870063451778475,-1.2128019223543132,-1.0943847763128527,0.6960551056683167,0.7427899454373577,0.46421839881351007,0
286,-1.8448269214391366,-1.3850583671288206,-1.48937060717262,-0.2696521980992527,0.2428518657786547,-0.922658145359632,0
8983,-0.5897306248512361,-0.6308544737917884,-0.89905893749705,-0.2696521980992527,0.9927589852667092,-0.922658145359632,0
1886,-0.31082033672059145,-0.05356260481776375,-0.3373526791273447,-1.1444694026886977,-0.13210169396537258,0.46421839881351007,0
5370,-0.8686409129818806,-1.040545477579806,-0.7314716793414794,1.0823380271753442,0.7427899454373577,-0.922658145359632,0
2157,1.0837311039326314,0.73788592522727,0.9108834505831115,0.446107332928475,-0.5070552537093999,0.46421839881351007,1
2273,1.362641392063276,1.6410683653963085,2.037763289905051,-0.39256040039694323,0.4928209056080062,0.46421839881351007,0
3358,-0.8686409129818806,-0.8915669307477996,-0.9764958085068652,0.0007458469556669184,-0.6320397736240756,0.46421839881351007,0
4350,-0.031910048589946886,-0.10011840070276574,-0.5361458405256765,-0.35978487978422613,0.2428518657786547,-0.922658145359632,0
4892,0.38645538360602,-0.007006808932761768,-0.018070057986128468,0.502913644914803,-0.13210169396537258,-0.922658145359632,0
4016,-0.5897306248512361,-0.8822557715707992,-0.9562697601087792,1.0823380271753442,-0.6320397736240756,0.46421839881351007,0
3861,0.8048208158019868,1.3617335900862966,0.9293758376899326,-1.0338205862979377,1.3677125450107366,0.46421839881351007,0
1768,-0.7291857689165584,-0.8450111348627976,-0.8828780987785809,0.271143892010586,-0.7570242935387513,0.46421839881351007,0
831,-0.031910048589946886,-0.10011840070276574,-0.11659980803966223,-0.35978487978422613,0.4928209056080062,0.46421839881351007,1
6077,0.8048208158019868,0.7099524476962689,0.9455566764084019,-0.11943106195763077,2.3675887043281425,3.2379714871597938,1
7906,-2.542102641765748,-1.5247257547838267,-1.6757391959835561,-2.5229692402235813,-1.5069314130268057,-0.922658145359632,0
1858,1.2231862479979538,0.9613537454752795,1.7193474994094669,0.3312323464672351,0.11786734586397894,0.46421839881351007,1
855,0.2470002395406977,0.03954898695224022,-0.38242787270022216,0.0007458469556669184,0.11786734586397894,0.46421839881351007,0
615,-1.8448269214391366,-1.5526592323148278,-1.5621843814057297,7.842289153548329,0.9927589852667092,-0.922658145359632,0
6279,-0.5897306248512361,-0.6308544737917884,-0.9146618891184307,-0.2696521980992527,0.36783638569333044,0.46421839881351007,0
8003,-1.1475512011125253,-1.1802128652348118,-0.8586068407008779,1.0823380271753442,-0.7570242935387513,0.46421839881351007,0
8275,-1.1475512011125253,-0.9195004082788008,-0.9395110342932222,-0.884193209587706,-0.0071171740506968135,-0.922658145359632,0
2318,-0.17136519265526917,-0.16995209453026872,0.059655756572230885,-0.5400502431541724,1.617681584840088,-0.922658145359632,0
635,1.0837311039326314,1.017220700537282,1.1622643378164672,-0.05618005726642155,0.6178054255226819,0.46421839881351007,1
214,-0.4502754807859138,-0.574987518729786,-0.687263316414234,-0.044320493886820085,-1.0069933333681027,-0.922658145359632,0
7651,0.38645538360602,0.34216166020475314,0.5814878052428522,-0.3491810348801111,-0.0071171740506968135,0.46421839881351007,1
787,1.2231862479979538,1.2499996799622919,1.0475537490444644,-0.1344531755717929,-1.2569623731974542,-0.922658145359632,1
6690,0.38645538360602,0.22577217049224818,0.1769668372811303,-0.1006534199399281,-0.0071171740506968135,0.46421839881351007,1
5662,1.0837311039326314,1.4362228635022998,1.058244660340596,-0.6383768049923249,-1.1319778532827784,-0.922658145359632,0
6893,0.2470002395406977,0.2630168072002498,0.3942523857862836,-0.5082387084418284,-0.5070552537093999,0.46421839881351007,0
6288,-0.31082033672059145,-0.3328973801277757,-0.3142371952438177,-0.46279365885276647,0.9927589852667092,-0.922658145359632,0
5501,1.0837311039326314,1.1568880881922878,1.56967474126363,-0.2696521980992527,-0.0071171740506968135,3.2379714871597938,1
1479,0.5259105276713423,0.7844417211122721,0.8213109505344445,-0.8104482882090914,0.7427899454373577,-0.922658145359632,0
1989,1.6415516801939205,0.8961756312362767,1.160530676525203,1.4203355834939935,0.11786734586397894,1.851094942986652,1
325,0.38645538360602,-0.12339629864526673,0.6031585713836587,0.8743395309792525,0.8677744653520334,0.46421839881351007,1
8869,0.1075450954753754,-0.24444136794627191,-0.1642754935494366,0.4583425385870686,-1.8818849727708329,0.46421839881351007,0
8552,0.1075450954753754,-0.030284706875262763,0.3607349341551697,-0.1795195164142793,-0.5070552537093999,-0.922658145359632,1
3636,-0.31082033672059145,0.03954898695224022,-0.799662356797884,-1.3212001510906057,0.4928209056080062,-0.922658145359632,0
766,-0.5897306248512361,-0.37945317601277767,-0.285342840389409,-1.080846333264011,-0.38207073379472406,-0.922658145359632,0
3275,-1.0080960570472028,-1.1476238081153105,-0.9397999778417662,1.4686209486823718,-0.8820088134534271,-0.922658145359632,0
3203,-1.4264614892431697,-1.1336570693498098,-0.97187271173016,-0.7203156065241186,0.9927589852667092,0.46421839881351007,0
1385,0.5259105276713423,0.17921637460724618,-0.35064408236037276,0.3612765736955594,1.9926351445841153,0.46421839881351007,1
5994,0.38645538360602,0.4585511499172581,0.7187359908012936,-0.5700944703824966,1.9926351445841153,0.46421839881351007,1
1816,-2.1237372095697813,-1.4735143793103245,-1.5847219781921686,-0.5400502431541724,0.8677744653520334,-0.922658145359632,0
8661,1.2231862479979538,0.9613537454752795,1.2087842491320655,0.3312323464672351,0.6178054255226819,0.46421839881351007,1
7175,-0.4502754807859138,-0.574987518729786,-0.7586323729046237,-0.044320493886820085,-0.5070552537093999,-0.922658145359632,0
159,0.9442759598673092,0.7937528802892724,0.7938613134227562,0.03079007418399119,-0.0071171740506968135,0.46421839881351007,0
5580,-0.8686409129818806,-0.8915669307477996,-0.6158942599238445,0.0007458469556669184,-0.13210169396537258,-0.922658145359632,0
2649,2.0599171123898876,2.4976950096803447,2.462799249813403,-0.1569863459930361,0.11786734586397894,-0.922658145359632,1
4344,-0.4502754807859138,-0.6634435309112898,-0.5390352760111174,0.3448888133892005,-1.6319159329414814,-0.922658145359632,1
7004,0.38645538360602,-0.12339629864526673,0.5959349826700562,0.8743395309792525,-0.38207073379472406,0.46421839881351007,1
935,0.2470002395406977,0.15128289707624498,0.13767051467913471,-0.2696521980992527,1.9926351445841153,0.46421839881351007,0
5812,0.6653656717366646,1.1289546106612867,1.0253050958065697,-1.0071014118853965,0.11786734586397894,0.46421839881351007,0
6925,1.6415516801939205,1.3710447492632971,1.8580404027106294,0.5130789849544614,-1.6319159329414814,0.46421839881351007,1
7995,-0.5897306248512361,-0.46325360860578124,-0.44657334047700964,-0.849076580359794,-0.7570242935387513,0.46421839881351007,0
4988,-0.17136519265526917,-0.6587879513227896,-0.650278542200591,1.352736072230264,0.36783638569333044,0.46421839881351007,0
8107,-0.7291857689165584,-0.7658662818582942,-0.8042854535745895,-0.1467439958015622,-0.0071171740506968135,-0.922658145359632,0
6346,1.5020965361285983,1.1289546106612867,1.5202653944625906,0.6316746187504784,0.6178054255226819,1.851094942986652,1
7698,1.2231862479979538,1.3943226472057981,1.3162712491904656,-0.33403268501709044,0.2428518657786547,0.46421839881351007,1
4898,-0.4502754807859138,-0.574987518729786,-0.5006057840547539,-0.044320493886820085,0.11786734586397894,0.46421839881351007,1
8747,1.2231862479979538,0.5283848437447611,0.6623919988351966,1.2626033905452911,-2.1318540126001846,1.851094942986652,1
7278,-0.8686409129818806,-0.66809911049979,-1.1105656150313217,-0.997646934785574,-0.2570862138800483,-0.922658145359632,0
513,1.9204619683245652,2.218360234370333,2.2735412255170266,-0.09330564697647901,-0.0071171740506968135,-0.922658145359632,1
8591,-1.8448269214391366,-1.3431581508323187,-1.4295592926239937,-0.849076580359794,-0.8820088134534271,0.46421839881351007,0
1761,1.0837311039326314,1.296555475847294,1.1102544990785315,-0.46279365885276647,0.2428518657786547,-0.922658145359632,1
7837,-0.4502754807859138,-0.6634435309112898,-0.786082010016312,0.3448888133892005,-1.1319778532827784,0.46421839881351007,0
202,-0.4502754807859138,-0.3096194821852747,0.020937321067323284,-0.9005809698940648,0.11786734586397894,0.46421839881351007,0
8182,-0.7291857689165584,-0.44928686984028066,-0.6421881228413565,-1.2611116966339573,1.9926351445841153,-0.922658145359632,0
8531,0.1075450954753754,-0.24444136794627191,-0.26396101779714665,0.4583425385870686,-1.5069314130268057,0.46421839881351007,1
7105,0.6653656717366646,0.3747507173242545,0.8146652489179306,0.23734413637872115,0.9927589852667092,0.46421839881351007,1
3116,0.5259105276713423,0.7844417211122721,1.2420127572146356,-0.8104482882090914,-0.7570242935387513,-0.922658145359632,1
1580,-0.7291857689165584,-1.0033008408718043,-0.627452001865608,1.4203355834939935,2.2426041844134668,-0.922658145359632,0
7478,0.38645538360602,0.574940639629763,0.4225688535436043,-0.767753860042525,-2.006869492685509,-0.922658145359632,1
1256,-1.8448269214391366,-1.510759016018326,-1.354145026453987,3.7863184777245382,0.4928209056080062,0.46421839881351007,0
1409,0.9442759598673092,0.3887174560897551,0.82737876505387,0.9020726638053981,0.8677744653520334,0.46421839881351007,1
5783,0.2470002395406977,-0.5191205636677836,-0.07730348543766631,2.1639302073950217,-0.8820088134534271,1.851094942986652,1
8985,0.1075450954753754,-0.5656763595527856,-0.08452707415126849,1.893532162340102,-0.5070552537093999,-0.922658145359632,0
1204,-1.2870063451778475,-1.1522793877038107,-1.2258540909004123,0.06834535821939652,-1.6319159329414814,-0.922658145359632,0
918,0.2470002395406977,0.2630168072002498,0.10299728885384428,-0.5082387084418284,-1.1319778532827784,-0.922658145359632,0
1348,0.2470002395406977,-0.18391883329576933,0.6647035472235495,0.6663410347831609,1.3677125450107366,-0.922658145359632,1
8307,-0.31082033672059145,-0.42600897189777964,-0.15242880805912895,-0.16565295000120656,0.2428518657786547,-0.922658145359632,0
205,0.6653656717366646,-0.002351229344261569,-0.16832070322905374,1.2903365233714366,0.8677744653520334,3.2379714871597938,1
8386,-1.4264614892431697,-1.1895240244118122,-1.3463435506432966,-0.2696521980992527,-1.7569004528561571,0.46421839881351007,0
1960,-0.17136519265526917,-0.16995209453026872,-0.3590234452681512,-0.5400502431541724,1.4926970649254123,-0.922658145359632,0
4730,-1.8448269214391366,-1.468858799721824,-1.4581647039298584,1.7583331398126427,1.117743505181385,-0.922658145359632,0
6272,-0.031910048589946886,0.104727101191243,0.3410867728541716,-0.8263540555652631,0.36783638569333044,-0.922658145359632,0
507,-1.5659166333084922,-1.1755572856463117,-1.2353892280023673,-1.020757878807362,-0.7570242935387513,-0.922658145359632,0
3231,0.8048208158019868,0.05817130530624101,0.7837482892237131,1.4983350195675278,1.3677125450107366,1.851094942986652,1
7330,-0.031910048589946886,0.20714985213824738,-0.3835836468943986,-1.020757878807362,-1.1319778532827784,-0.922658145359632,1
5405,-0.8686409129818806,-0.66809911049979,-0.9256417439631061,-0.997646934785574,-2.381823052429536,-0.922658145359632,0
1978,-0.031910048589946886,-0.2025411516497701,0.2838759502424425,-0.07651073734573895,-0.0071171740506968135,0.46421839881351007,1
7886,-1.0080960570472028,-1.1476238081153105,-0.9918098165797019,1.4686209486823718,-0.38207073379472406,-0.922658145359632,0
7058,0.8048208158019868,0.7099524476962689,0.7190249343498377,-0.11943106195763077,0.36783638569333044,-0.922658145359632,1
4896,0.5259105276713423,-0.06287376399476416,-0.16283077580671615,1.0823380271753442,-0.2570862138800483,0.46421839881351007,1
7417,0.8048208158019868,0.97066490465228,1.2529926120593102,-0.5400502431541724,0.4928209056080062,0.46421839881351007,0
6147,-0.031910048589946886,-0.2025411516497701,-0.39629716303033835,-0.07651073734573895,-1.0069933333681027,0.46421839881351007,0
8890,0.8048208158019868,0.7099524476962689,0.630030321398259,-0.11943106195763077,-0.6320397736240756,1.851094942986652,1
5094,1.2231862479979538,1.3943226472057981,1.4685444992731995,-0.33403268501709044,-0.13210169396537258,1.851094942986652,1
1224,2.4782825445858543,3.0191199235923674,2.985498129129656,0.0007458469556669184,0.2428518657786547,1.851094942986652,1
712,-0.31082033672059145,-0.6122321554377876,-0.6031807437879048,0.5907052179845815,0.9927589852667092,0.46421839881351007,0
7189,1.0837311039326314,0.877553312882276,1.0669129667969184,0.18101121032561315,-0.5070552537093999,-0.922658145359632,1
6828,-1.4264614892431697,-1.1895240244118122,-1.283931744157774,-0.2696521980992527,-0.2570862138800483,0.46421839881351007,0
400,-0.8686409129818806,-0.8170776573317964,-0.902526260079579,-0.39256040039694323,-0.7570242935387513,-0.922658145359632,0
5136,1.6415516801939205,1.5293344552723038,1.0426417087192148,0.271143892010586,-1.1319778532827784,-0.922658145359632,1
330,0.2470002395406977,-0.07218492317176455,-0.09117277576778236,0.3097721841612886,1.3677125450107366,1.851094942986652,0
407,-0.4502754807859138,-0.7518995430927936,-0.2974784694282608,0.8119399821204246,-0.38207073379472406,0.46421839881351007,0
4480,0.9442759598673092,0.6587410722227667,0.8860343054083202,0.28704965936675764,2.3675887043281425,0.46421839881351007,1
7779,0.1075450954753754,0.07679362366024181,0.08161546626158157,-0.43865097625857735,-0.6320397736240756,-0.922658145359632,0
1156,-0.5897306248512361,-0.8822557715707992,-0.7118235180404814,1.0823380271753442,0.6178054255226819,0.46421839881351007,0
8276,-0.17136519265526917,0.025582248186739622,-0.19519245324365403,-0.9854117291269804,0.11786734586397894,-0.922658145359632,0
3067,-1.1475512011125253,-0.854322294039798,-1.0406412762836528,-1.1709790149489838,0.2428518657786547,0.46421839881351007,0
5001,-1.4264614892431697,-1.2453909794738147,-1.2457911957499543,0.3097721841612886,-0.7570242935387513,-0.922658145359632,0
1868,-0.5897306248512361,-0.6308544737917884,-0.9406668084873985,-0.2696521980992527,-1.6319159329414814,0.46421839881351007,0
7052,0.1075450954753754,-0.13736303741076733,-0.5231433808411927,0.11663072340777482,0.6178054255226819,-0.922658145359632,1
7020,0.1075450954753754,-0.3515196984817765,0.4537747567863659,0.8570063229629117,1.2427280250960608,0.46421839881351007,0
6540,-0.7291857689165584,-0.6867214288537907,-0.9467346230068242,-0.4949839023116854,0.2428518657786547,0.46421839881351007,0
3265,-1.0080960570472028,-1.0079564204603044,-0.9788073568952179,0.18101121032561315,-0.13210169396537258,0.46421839881351007,0
627,0.5259105276713423,0.7844417211122721,0.6860853698158118,-0.8104482882090914,0.2428518657786547,0.46421839881351007,0
4844,1.2231862479979538,1.6829685816928104,1.7014329993997341,-0.681127484052391,0.2428518657786547,0.46421839881351007,1
3391,0.6653656717366646,0.5004513662137599,1.142327232966925,-0.031065687756677028,-0.8820088134534271,1.851094942986652,1
2290,-0.5897306248512361,-0.7984553389777955,-0.6702156470501329,0.5415419370655056,-1.0069933333681027,1.851094942986652,0
261,1.6415516801939205,2.1624932793083307,1.6320865477491524,-0.4949839023116854,1.9926351445841153,0.46421839881351007,1
2571,0.38645538360602,0.691330129342268,1.0510210716269937,-0.9456473107365512,1.2427280250960608,-0.922658145359632,1
6068,0.2470002395406977,0.15128289707624498,-0.09117277576778236,-0.2696521980992527,-0.38207073379472406,-0.922658145359632,0
1670,-1.7053717773738144,-1.4036806854828214,-1.444006470051198,1.0823380271753442,-0.2570862138800483,-0.922658145359632,0
6667,-0.8686409129818806,-1.115034750995809,-1.1799120666819027,1.8549038701893994,-0.13210169396537258,0.46421839881351007,0
381,0.38645538360602,-0.007006808932761768,0.1769668372811303,0.502913644914803,0.11786734586397894,0.46421839881351007,1
6804,-0.031910048589946886,0.30957260308525175,0.3855840793299613,-1.1946981417081874,-0.8820088134534271,-0.922658145359632,0
8666,1.2231862479979538,1.3943226472057981,1.6208177493559335,-0.33403268501709044,-1.1319778532827784,1.851094942986652,1
4977,-0.4502754807859138,-0.39807549436677847,-0.6158942599238447,-0.6559351196062803,1.117743505181385,-0.922658145359632,0
2369,-0.8686409129818806,-0.9660562041638027,-0.9210186471864006,0.48145348260885645,1.4926970649254123,-0.922658145359632,0
1118,1.2231862479979538,1.3943226472057981,0.9311094989811975,-0.33403268501709044,0.6178054255226819,-0.922658145359632,1
6493,0.38645538360602,-0.007006808932761768,0.5236990955340345,0.502913644914803,-0.6320397736240756,0.46421839881351007,0
7822,-0.31082033672059145,-0.5191205636677836,-0.6783060664093674,0.18101121032561315,0.36783638569333044,0.46421839881351007,1
8091,0.8048208158019868,1.1010211331302855,1.0588225474376838,-0.7203156065241186,-0.5070552537093999,-0.922658145359632,0
2657,0.38645538360602,-0.007006808932761768,0.5381462729612392,0.502913644914803,-0.5070552537093999,-0.922658145359632,1
7933,-0.031910048589946886,0.0023043502442386295,0.03596238559161594,-0.6076497544179019,1.2427280250960608,-0.922658145359632,1
2266,1.5020965361285983,0.9753204842407802,0.6716381923886071,0.9232803536136269,-0.13210169396537258,0.46421839881351007,1
6615,-1.1475512011125253,-1.0498566367568063,-1.0527769053225042,-0.11943106195763077,0.11786734586397894,0.46421839881351007,0
5150,-0.17136519265526917,-0.46325360860578124,-0.7655670180696816,0.4063429145380458,0.7427899454373577,0.46421839881351007,1
6515,-1.7053717773738144,-1.3105690937128174,-1.2937558248082728,-0.46279365885276647,0.36783638569333044,0.46421839881351007,0
5839,1.781006824259243,2.4371724750298425,1.4613209105595972,-0.5400502431541724,0.2428518657786547,-0.922658145359632,1
3080,1.9204619683245652,1.5479567736263047,1.867864483361128,0.7977085060649025,-0.5070552537093999,1.851094942986652,1
6088,1.6415516801939205,1.6876241612813105,1.8875126446621258,0.052250236489937096,0.6178054255226819,-0.922658145359632,1
8558,0.2470002395406977,0.15128289707624498,0.7548539343693045,-0.2696521980992527,-0.38207073379472406,-0.922658145359632,0
7056,0.8048208158019868,0.8403086761742744,0.5329452890874453,-0.3408095783768633,-0.0071171740506968135,-0.922658145359632,1
1160,-0.7291857689165584,-0.8450111348627976,-0.7256928083705976,0.271143892010586,-0.13210169396537258,0.46421839881351007,0
3990,-1.2870063451778475,-1.0917568530533082,-1.0643346472642676,-0.4198733342408747,-1.0069933333681027,-0.922658145359632,0
4054,-1.2870063451778475,-0.9707117837523029,-0.9441341310699275,-1.130009614183087,0.4928209056080062,-0.922658145359632,0
7059,1.781006824259243,2.4371724750298425,1.855728854322276,-0.5400502431541724,-0.2570862138800483,-0.922658145359632,1
7430,-0.7291857689165584,-0.7658662818582942,-0.819021574550338,-0.1467439958015622,-1.0069933333681027,0.46421839881351007,0
119,0.2470002395406977,0.03954898695224022,-0.03569561444731752,0.0007458469556669184,1.7426661047547638,-0.922658145359632,1
144,-1.2870063451778475,-1.1522793877038107,-1.3761047361433376,0.06834535821939652,-0.38207073379472406,0.46421839881351007,0
8601,-0.4502754807859138,-0.574987518729786,-0.5555050582781305,-0.044320493886820085,1.9926351445841153,-0.922658145359632,0
2635,-0.17136519265526917,-0.854322294039798,-0.6381429131617394,2.7723258087685907,0.4928209056080062,1.851094942986652,1
6964,0.2470002395406977,-0.07218492317176455,-0.11197671126295676,0.3097721841612886,0.7427899454373577,0.46421839881351007,1
3515,1.6415516801939205,2.004203573299324,1.838392241409631,-0.32843438180684414,0.7427899454373577,1.851094942986652,1
7890,0.38645538360602,0.1093826807797432,0.22753195827634554,0.18101121032561315,1.3677125450107366,0.46421839881351007,1
6589,1.0837311039326314,1.4362228635022998,0.7981954666509175,-0.6383768049923249,0.8677744653520334,0.46421839881351007,0
6085,0.5259105276713423,0.6633966518112668,0.6485227085050805,-0.6254390994873045,-0.0071171740506968135,-0.922658145359632,1
2812,1.781006824259243,1.6224460470423079,1.865841878521319,0.4063429145380458,0.11786734586397894,-0.922658145359632,1
3096,-0.5897306248512361,-0.6308544737917884,-0.89905893749705,-0.2696521980992527,-0.8820088134534271,-0.922658145359632,1
1007,-0.31082033672059145,-0.42600897189777964,-0.1582076790300107,-0.16565295000120656,0.7427899454373577,0.46421839881351007,0
4917,0.5259105276713423,0.6633966518112668,0.31797128897064497,-0.6254390994873045,0.36783638569333044,-0.922658145359632,0
4985,0.6653656717366646,0.877553312882276,0.7522534424324074,-0.6752492656816316,0.7427899454373577,0.46421839881351007,1
6462,0.38645538360602,-0.12339629864526673,0.13362530499951725,0.8743395309792525,0.8677744653520334,0.46421839881351007,1
5074,-0.7291857689165584,-0.7658662818582942,-0.902526260079579,-0.1467439958015622,-0.38207073379472406,0.46421839881351007,0
8401,0.2470002395406977,0.2630168072002498,0.3942523857862836,-0.5082387084418284,-1.5069314130268057,-0.922658145359632,0
6093,-0.31082033672059145,-0.2397857883577717,0.15385135339760334,-0.7203156065241186,0.2428518657786547,0.46421839881351007,1
8578,-0.5897306248512361,-0.6308544737917884,-0.7534313890308301,-0.2696521980992527,1.9926351445841153,-0.922658145359632,0
8309,-0.7291857689165584,-0.6867214288537907,-0.9909429859340697,-0.4949839023116854,0.11786734586397894,-0.922658145359632,0
4071,-1.2870063451778475,-1.0917568530533082,-1.1770226311964618,-0.4198733342408747,-0.6320397736240756,0.46421839881351007,0
6669,1.5020965361285983,1.8971252427638194,1.9970222495603343,-0.4459987492220264,-0.8820088134534271,-0.922658145359632,1
8548,-1.4264614892431697,-1.2453909794738147,-1.0134805827205084,0.3097721841612886,-1.0069933333681027,-0.922658145359632,0
4418,-0.7291857689165584,-0.6075765758492874,-0.6716603647928535,-0.7896484385894823,-0.6320397736240756,-0.922658145359632,0
6479,1.6415516801939205,2.637362397335351,2.1134664996236014,-0.9206104547129474,1.617681584840088,0.46421839881351007,1
3692,-2.1237372095697813,-1.5061034364298258,-1.6575357524252785,0.4063429145380458,-1.2569623731974542,0.46421839881351007,0
1518,1.781006824259243,1.9483366182373216,1.3197385717729946,-0.023835793503871668,0.4928209056080062,0.46421839881351007,1
2102,-1.5659166333084922,-1.1755572856463117,-1.3434541151578558,-1.020757878807362,0.7427899454373577,-0.922658145359632,0
5142,1.5020965361285983,1.2825887370817932,1.2437464185059,0.3707642243992408,2.117619664498791,0.46421839881351007,1
481,-1.0080960570472028,-1.0079564204603044,-1.0958294940555733,0.18101121032561315,0.36783638569333044,-0.922658145359632,0
1108,0.9442759598673092,0.9287646883557782,1.1960707329961249,-0.19849481782164213,0.4928209056080062,0.46421839881351007,1
1471,-1.4264614892431697,-1.3571248895978194,-1.276997098992716,2.1639302073950217,0.36783638569333044,0.46421839881351007,0
8280,-1.7053717773738144,-1.2174575019428135,-1.3948860667987033,-1.3212001510906057,-0.2570862138800483,-0.922658145359632,0
6924,1.0837311039326314,0.877553312882276,0.8155320795635628,0.18101121032561315,1.617681584840088,0.46421839881351007,1
2670,2.338827400520532,2.358027622025339,2.7971069354789124,0.467797015686891,0.2428518657786547,0.46421839881351007,1
1977,0.1075450954753754,0.29095028473125095,0.0018670468634134727,-0.8705367426657405,-0.7570242935387513,-0.922658145359632,0
7302,-1.5659166333084922,-1.4316141630138226,-1.3212054619199611,3.1103233650872397,1.4926970649254123,-0.922658145359632,0
1932,1.0837311039326314,0.5982185375722641,1.2489474023796934,0.7443404708566951,-0.7570242935387513,0.46421839881351007,1
7340,-1.1475512011125253,-1.115034750995809,-0.9920987601282458,0.4063429145380458,-0.38207073379472406,-0.922658145359632,0
8974,1.362641392063276,1.343111271732296,1.7511312897493165,0.0007458469556669184,-0.38207073379472406,0.46421839881351007,1
542,1.0837311039326314,1.017220700537282,1.526333208982017,-0.05618005726642155,-0.5070552537093999,1.851094942986652,1
2676,-0.17136519265526917,-0.3654864372472771,-0.4682441066178161,0.04234554619488514,-0.8820088134534271,0.46421839881351007,1
2316,-0.8686409129818806,-0.5191205636677836,-1.0966963247012056,-1.4413770600039035,-0.6320397736240756,-0.922658145359632,0
7353,-0.31082033672059145,-0.6122321554377876,-0.4529300985449795,0.5907052179845815,-1.0069933333681027,0.46421839881351007,0
6524,0.6653656717366646,0.877553312882276,0.41678998257272254,-0.6752492656816316,1.2427280250960608,-0.922658145359632,0
3287,-1.1475512011125253,-1.115034750995809,-0.9637822923709255,0.4063429145380458,0.9927589852667092,-0.922658145359632,0
8969,-0.7291857689165584,-1.0033008408718043,-0.6667483244676039,1.4203355834939935,1.117743505181385,0.46421839881351007,0
4719,-0.031910048589946886,-0.40738665354377884,-0.5425025985936465,0.6316746187504784,-0.7570242935387513,0.46421839881351007,0
6819,0.38645538360602,0.22577217049224818,-0.08308235640854805,-0.1006534199399281,0.4928209056080062,0.46421839881351007,0
8682,-0.7291857689165584,-0.6075765758492874,-0.7699011712978432,-0.7896484385894823,-0.7570242935387513,-0.922658145359632,0
6225,-0.17136519265526917,-0.16995209453026872,-0.45004066305953866,-0.5400502431541724,0.11786734586397894,-0.922658145359632,1
6060,-0.5897306248512361,-0.46325360860578124,-0.8678530342542884,-0.849076580359794,0.4928209056080062,-0.922658145359632,0
8093,0.9442759598673092,1.4688119206218013,1.011724749024998,-0.9162562188827555,0.8677744653520334,0.46421839881351007,1
5477,-0.5897306248512361,-0.5470540411987849,-0.8834559858756692,-0.5816499423933906,1.8676506246694395,0.46421839881351007,0
6309,1.9204619683245652,2.38596109955634,2.4399727094784205,-0.2696521980992527,-1.6319159329414814,1.851094942986652,1
8996,0.5259105276713423,-0.06287376399476416,0.3630464825435223,1.0823380271753442,0.7427899454373577,1.851094942986652,1
7601,-0.31082033672059145,-0.3328973801277757,-0.03685138864149413,-0.46279365885276647,-0.2570862138800483,-0.922658145359632,0
8199,-0.5897306248512361,-0.6308544737917884,-0.5453920340790873,-0.2696521980992527,0.4928209056080062,1.851094942986652,0
2804,0.2470002395406977,0.4864846274482593,-0.38936251786528037,-0.9100686205977462,0.2428518657786547,-0.922658145359632,0
2258,-0.5897306248512361,-0.12805187823376693,-0.6702156470501329,-1.6216424233738498,-0.8820088134534271,-0.922658145359632,0
5966,-0.31082033672059145,-0.5191205636677836,-0.7187581632055396,0.18101121032561315,-1.1319778532827784,1.851094942986652,0
7935,-1.5659166333084922,-1.277980036593316,-1.248102744138307,-0.07651073734573895,0.6178054255226819,0.46421839881351007,0
4699,0.2470002395406977,-0.07218492317176455,0.012846901708088979,0.3097721841612886,0.7427899454373577,0.46421839881351007,1
6928,0.9442759598673092,1.1987883044887897,1.0787596522872258,-0.5915546326884425,0.11786734586397894,-0.922658145359632,1
6645,-1.5659166333084922,-1.1755572856463117,-1.3339189780559009,-1.020757878807362,0.36783638569333044,-0.922658145359632,0
212,1.0837311039326314,0.877553312882276,1.4049769185935004,0.18101121032561315,0.11786734586397894,1.851094942986652,1
1115,-0.8686409129818806,-0.66809911049979,-0.6898638083511309,-0.997646934785574,-0.6320397736240756,-0.922658145359632,0
142,-2.821012929896393,-1.6364596649078313,-1.7809146476536037,-4.325622873923043,0.4928209056080062,-0.922658145359632,0
8693,0.38645538360602,0.34216166020475314,0.003600708154678061,-0.3491810348801111,0.7427899454373577,0.46421839881351007,1
444,0.5259105276713423,0.6633966518112668,0.8062858860101518,-0.6254390994873045,0.8677744653520334,-0.922658145359632,0
5285,-1.2870063451778475,-1.273324457004816,-1.0605783811331946,1.5330014356002095,1.117743505181385,0.46421839881351007,0
730,0.8048208158019868,0.8403086761742744,0.43586025677663237,-0.3408095783768633,-1.5069314130268057,-0.922658145359632,1
2467,-0.7291857689165584,-0.6075765758492874,-0.7944613729240906,-0.7896484385894823,-0.6320397736240756,0.46421839881351007,0
6280,-0.5897306248512361,-0.9660562041638027,-0.30614677588458306,1.7583331398126427,-0.13210169396537258,-0.922658145359632,1
3954,0.9442759598673092,0.6587410722227667,1.27986436207391,0.28704965936675764,-0.6320397736240756,0.46421839881351007,0
4430,0.2470002395406977,0.15128289707624498,0.4635988374368645,-0.2696521980992527,-0.8820088134534271,-0.922658145359632,1
2618,0.6653656717366646,0.5004513662137599,1.1501287087776153,-0.031065687756677028,0.11786734586397894,-0.922658145359632,0
6746,0.8048208158019868,1.1010211331302855,1.3419872250108895,-0.7203156065241186,-0.2570862138800483,0.46421839881351007,0
5113,-1.0080960570472028,-0.7286216451502926,-0.8964584455601532,-1.2056454309816662,-0.6320397736240756,-0.922658145359632,0
2205,-1.2870063451778475,-1.2128019223543132,-1.1169223730992917,0.6960551056683167,-0.38207073379472406,-0.922658145359632,0
7244,-1.2870063451778475,-1.3338469916553184,-1.0643346472642676,2.7047262975048607,1.7426661047547638,-0.922658145359632,0
1912,0.2470002395406977,-0.40738665354377884,0.10299728885384428,1.5739708363661065,2.4925732242428182,1.851094942986652,1
6937,0.9442759598673092,1.063776496422284,1.11227710391834,-0.4048512206267125,-0.13210169396537258,-0.922658145359632,0
1743,-0.5897306248512361,-1.0498566367568063,-0.7274264696618622,2.6274697132034555,-1.0069933333681027,0.46421839881351007,0
8069,-0.17136519265526917,-0.3654864372472771,-0.12237867901054397,0.04234554619488514,0.8677744653520334,-0.922658145359632,0
7187,0.9442759598673092,1.063776496422284,1.0955183781027833,-0.4048512206267125,-0.5070552537093999,-0.922658145359632,1
4722,-1.5659166333084922,-1.0731345346993073,-1.2067838166965026,-1.6216424233738498,0.8677744653520334,0.46421839881351007,0
4489,-0.31082033672059145,-0.7053437472077916,-0.7187581632055396,1.0823380271753442,-1.1319778532827784,-0.922658145359632,1
2815,-0.17136519265526917,-0.3654864372472771,0.10213045820821182,0.04234554619488514,-1.1319778532827784,0.46421839881351007,0
4231,-0.17136519265526917,-0.6587879513227896,-0.5956682115257584,1.352736072230264,0.6178054255226819,-0.922658145359632,0
1477,-0.7291857689165584,-0.7658662818582942,-1.1825125586187994,-0.1467439958015622,-0.6320397736240756,-0.922658145359632,0
5722,-0.8686409129818806,-0.7425883839157932,-0.985742002060276,-0.7203156065241186,1.117743505181385,-0.922658145359632,0
2341,-1.4264614892431697,-1.1895240244118122,-1.2527258409150124,-0.2696521980992527,-0.0071171740506968135,0.46421839881351007,0
814,-1.1475512011125253,-1.2453909794738147,-1.0730029537205903,1.983664844025076,0.6178054255226819,-0.922658145359632,1
8354,0.8048208158019868,0.3188837622622521,0.9940991925638087,0.7218073004354518,1.617681584840088,1.851094942986652,0
8737,0.9442759598673092,0.9287646883557782,0.7268264101605278,-0.19849481782164213,1.3677125450107366,-0.922658145359632,1
1389,-1.0080960570472028,-1.0777901142878075,-1.0048122762641858,0.7443404708566951,-0.7570242935387513,0.46421839881351007,0
5696,-1.2870063451778475,-1.1522793877038107,-1.2070727602450468,0.06834535821939652,1.2427280250960608,-0.922658145359632,0
401,-1.0080960570472028,-0.8682890328052986,-0.8834559858756692,-0.6383768049923249,0.9927589852667092,-0.922658145359632,0
7855,1.9204619683245652,1.883158503998319,2.0759038383128705,0.3097721841612886,0.9927589852667092,1.851094942986652,1
8016,-0.031910048589946886,-0.30496390259677447,0.04867590172755571,0.25034404239097685,-0.7570242935387513,-0.922658145359632,1
5105,-2.1237372095697813,-1.5061034364298258,-1.635287099187384,0.4063429145380458,-0.0071171740506968135,-0.922658145359632,0
8098,-0.7291857689165584,-1.319880252889818,-1.2316329618712942,7.16629404091103,-1.5069314130268057,1.851094942986652,0
6862,0.6653656717366646,0.877553312882276,0.8146652489179306,-0.6752492656816316,0.4928209056080062,0.46421839881351007,0
1902,-0.8686409129818806,-1.040545477579806,-1.055088453710857,1.0823380271753442,-0.2570862138800483,-0.922658145359632,0
7305,1.0837311039326314,1.1568880881922878,1.2402790959233707,-0.2696521980992527,0.8677744653520334,1.851094942986652,1
6443,0.6653656717366646,1.0032539617717813,0.6898416359468849,-0.849076580359794,-0.7570242935387513,-0.922658145359632,1
4019,-0.031910048589946886,-0.5098094044907833,-0.3708701307584588,1.0823380271753442,-0.2570862138800483,0.46421839881351007,1
2365,1.0837311039326314,1.5758902511573059,1.456986757331436,-0.7986918514675733,1.3677125450107366,-0.922658145359632,1
1704,-0.17136519265526917,-0.2677192658887729,-0.0374292757385821,-0.2696521980992527,0.6178054255226819,0.46421839881351007,0
5132,0.8048208158019868,0.18852753378424658,0.6381207407574934,1.0823380271753442,0.2428518657786547,1.851094942986652,1
1599,-1.1475512011125253,-0.9846785225178035,-1.0527769053225042,-0.5400502431541724,-1.8818849727708329,-0.922658145359632,0
8924,0.1075450954753754,-0.030284706875262763,-0.14433838869989432,-0.1795195164142793,-0.38207073379472406,0.46421839881351007,0
3198,1.0837311039326314,1.017220700537282,1.4396501444187908,-0.05618005726642155,0.6178054255226819,1.851094942986652,1
7455,0.5259105276713423,0.5423515825102617,0.7386730956508355,-0.4198733342408747,0.36783638569333044,1.851094942986652,1
6952,-1.4264614892431697,-1.3571248895978194,-1.2561931634975416,2.1639302073950217,-2.2568385325148603,-0.922658145359632,0
2591,-1.5659166333084922,-1.1755572856463117,-1.3974865587356,-1.020757878807362,0.6178054255226819,0.46421839881351007,0
5343,1.0837311039326314,1.017220700537282,0.48613643422330344,-0.05618005726642155,0.8677744653520334,-0.922658145359632,1
4155,2.4782825445858543,3.205343107132375,2.7427855483526233,-0.16565295000120656,0.9927589852667092,-0.922658145359632,1
2138,1.2231862479979538,1.2499996799622919,0.5996912488011299,-0.1344531755717929,-0.13210169396537258,-0.922658145359632,1
6352,-0.31082033672059145,-0.3328973801277757,-0.776546872914357,-0.46279365885276647,-0.2570862138800483,0.46421839881351007,0
5963,0.5259105276713423,0.7844417211122721,0.9715615957773698,-0.8104482882090914,1.3677125450107366,-0.922658145359632,0
3036,-1.1475512011125253,-0.9195004082788008,-0.8221999535843229,-0.884193209587706,-0.38207073379472406,-0.922658145359632,0
5638,0.5259105276713423,0.17921637460724618,-0.2680062274767638,0.3612765736955594,-0.0071171740506968135,-0.922658145359632,1
2550,-0.31082033672059145,-0.42600897189777964,-0.25066961456411857,-0.16565295000120656,-0.8820088134534271,0.46421839881351007,0
5980,-0.4502754807859138,-0.8403555552742974,-0.7641223003269613,1.3827802994585883,-0.7570242935387513,-0.922658145359632,0
5511,-0.031910048589946886,-0.30496390259677447,-0.14202684031154175,0.25034404239097685,0.9927589852667092,-0.922658145359632,1
2229,-0.4502754807859138,-0.6634435309112898,-0.40178709045267613,0.3448888133892005,-0.6320397736240756,0.46421839881351007,0
875,-1.2870063451778475,-1.1522793877038107,-1.297223147390802,0.06834535821939652,1.3677125450107366,-0.922658145359632,0
5334,0.5259105276713423,0.3002614439082513,0.9339989344666384,0.06834535821939652,-1.0069933333681027,0.46421839881351007,0
4049,0.38645538360602,0.691330129342268,0.24920272441715208,-0.9456473107365512,1.2427280250960608,-0.922658145359632,0
5033,-1.1475512011125253,-1.0498566367568063,-1.2024496634683413,-0.11943106195763077,1.117743505181385,0.46421839881351007,0
7756,0.5259105276713423,0.5423515825102617,0.7236480311265432,-0.4198733342408747,0.7427899454373577,-0.922658145359632,1
3467,0.8048208158019868,1.1010211331302855,0.8727429021752922,-0.7203156065241186,0.2428518657786547,0.46421839881351007,1
7751,-0.4502754807859138,-0.48653150654828226,-0.4621762920983903,-0.3736514461972989,0.4928209056080062,0.46421839881351007,0
8814,0.1075450954753754,-0.13736303741076733,-0.5829546953898187,0.11663072340777482,0.4928209056080062,0.46421839881351007,1
6029,-0.8686409129818806,-0.8915669307477996,-0.8331798084289982,0.0007458469556669184,0.4928209056080062,0.46421839881351007,0
1014,1.6415516801939205,1.3710447492632971,1.7499755155551406,0.5130789849544614,1.3677125450107366,1.851094942986652,1
3335,-0.31082033672059145,-0.14667419658776773,-0.05418800155413935,-0.9456473107365512,-0.2570862138800483,0.46421839881351007,1
1925,0.5259105276713423,0.6633966518112668,0.8438485473208831,-0.6254390994873045,-0.8820088134534271,-0.922658145359632,1
8760,-0.031910048589946886,-0.30496390259677447,-0.3708701307584588,0.25034404239097685,-0.0071171740506968135,0.46421839881351007,0
5456,-0.4502754807859138,-0.574987518729786,-0.46766621952072784,-0.044320493886820085,0.6178054255226819,-0.922658145359632,0
5223,-1.0080960570472028,-1.1476238081153105,-1.0134805827205084,1.4686209486823718,-1.1319778532827784,1.851094942986652,0
3179,0.1075450954753754,-0.5656763595527856,0.10155257111112351,1.893532162340102,0.4928209056080062,0.46421839881351007,1
6327,1.5020965361285983,1.4362228635022998,1.5488708057684555,0.13594486948312615,-1.0069933333681027,3.2379714871597938,1
4809,1.9204619683245652,1.883158503998319,2.0550999028176964,0.3097721841612886,-0.2570862138800483,0.46421839881351007,1
254,-0.17136519265526917,-0.3654864372472771,-0.17698900968537637,0.04234554619488514,0.11786734586397894,-0.922658145359632,1
7967,-0.5897306248512361,-0.6308544737917884,-0.9042599213708434,-0.2696521980992527,-0.5070552537093999,-0.922658145359632,0
8628,-0.8686409129818806,-0.8170776573317964,-0.6759945180210147,-0.39256040039694323,0.9927589852667092,1.851094942986652,0
7722,0.38645538360602,0.34216166020475314,0.2708734905579586,-0.3491810348801111,-1.1319778532827784,-0.922658145359632,0
1778,0.6653656717366646,0.5004513662137599,1.0643124748600215,-0.031065687756677028,-1.2569623731974542,-0.922658145359632,0
7661,-1.2870063451778475,-1.3338469916553184,-1.1695100989343155,2.7047262975048607,-1.1319778532827784,3.2379714871597938,0
4645,-0.31082033672059145,-0.5191205636677836,-0.45870896951586126,0.18101121032561315,0.2428518657786547,-0.922658145359632,0
3238,-0.5897306248512361,-0.6308544737917884,-0.2645389048942349,-0.2696521980992527,0.4928209056080062,-0.922658145359632,0
710,-0.4502754807859138,-0.39807549436677847,-0.5390352760111174,-0.6559351196062803,-0.5070552537093999,-0.922658145359632,0
5485,-0.17136519265526917,0.22111659090374797,0.39945336966007733,-1.3370129022634079,-0.38207073379472406,-0.922658145359632,0
8510,0.2470002395406977,0.3747507173242545,0.5121413535922713,-0.7203156065241186,-1.0069933333681027,-0.922658145359632,0
6902,0.8048208158019868,0.97066490465228,0.5329452890874453,-0.5400502431541724,-0.13210169396537258,0.46421839881351007,1
8353,1.781006824259243,1.7853913326398148,1.5321120799528987,0.18101121032561315,-1.0069933333681027,-0.922658145359632,1
4931,-0.5897306248512361,-0.714654906384792,-0.5401910502052938,0.09907240879381946,0.2428518657786547,0.46421839881351007,0
4926,2.19937225645521,2.7863409441673572,1.6569356929239445,-0.2155725890882688,0.7427899454373577,0.46421839881351007,1
362,0.1075450954753754,0.18387195419574637,-0.0778813725347543,-0.6672963820035458,0.8677744653520334,-0.922658145359632,0
4461,-0.4502754807859138,-0.7518995430927936,-0.9782294697981299,0.8119399821204246,-0.8820088134534271,0.46421839881351007,0
1225,2.19937225645521,2.7863409441673572,2.216908290002385,-0.2155725890882688,0.11786734586397894,0.46421839881351007,1
7957,-0.31082033672059145,-0.3328973801277757,-0.7418736470890666,-0.46279365885276647,-1.0069933333681027,-0.922658145359632,0
1472,-0.31082033672059145,0.03954898695224022,-0.7418736470890666,-1.3212001510906057,-3.1317301719175905,0.46421839881351007,0
3811,-0.5897306248512361,-0.8822557715707992,-0.7846372922735915,1.0823380271753442,1.2427280250960608,0.46421839881351007,0
4283,-1.2870063451778475,-1.0312343184028054,-0.9779405262495857,-0.8104482882090914,0.9927589852667092,-0.922658145359632,0
3945,1.9204619683245652,2.050759369184326,2.502384515963943,0.09907240879381946,-0.38207073379472406,0.46421839881351007,1
4414,0.1075450954753754,-0.030284706875262763,-0.018070057986128468,-0.1795195164142793,0.8677744653520334,1.851094942986652,1
7389,0.9442759598673092,0.25370564802324935,0.802240676330535,1.2754794879288587,-0.2570862138800483,0.46421839881351007,1
8970,-0.17136519265526917,-0.16995209453026872,0.20528330503845071,-0.5400502431541724,0.7427899454373577,-0.922658145359632,0
4689,-0.8686409129818806,-0.8170776573317964,-0.7823257438852388,-0.39256040039694323,0.36783638569333044,-0.922658145359632,0
8493,2.0599171123898876,2.8422078992293596,2.2596719351869097,-0.4776506942953444,-1.0069933333681027,-0.922658145359632,1
8370,-0.17136519265526917,-0.2677192658887729,-0.44397284854011276,-0.2696521980992527,-0.7570242935387513,-0.922658145359632,0
6048,-1.4264614892431697,-1.1895240244118122,-1.1175002601963797,-0.2696521980992527,-0.7570242935387513,-0.922658145359632,0
6849,0.5259105276713423,0.4213065132092565,0.38558407932996097,-0.19012336131839436,-1.0069933333681027,0.46421839881351007,0
3087,0.6653656717366646,0.877553312882276,0.9160844344569049,-0.6752492656816316,-1.7569004528561571,0.46421839881351007,0
3175,-1.0080960570472028,-0.9381227266328015,-1.0091464294923471,-0.2696521980992527,0.6178054255226819,0.46421839881351007,0
1934,0.8048208158019868,0.7099524476962689,0.45204109549510096,-0.11943106195763077,1.2427280250960608,0.46421839881351007,1
5252,0.2470002395406977,-0.40738665354377884,-0.22986567906894415,1.5739708363661065,0.7427899454373577,0.46421839881351007,1
1685,-0.31082033672059145,-0.3328973801277757,-0.4066991307779256,-0.46279365885276647,-1.1319778532827784,-0.922658145359632,0
7207,-0.4502754807859138,-0.574987518729786,-0.44570650983137733,-0.044320493886820085,0.4928209056080062,0.46421839881351007,0
2593,0.8048208158019868,0.4492399907402577,0.3225943857473501,0.4063429145380458,1.117743505181385,0.46421839881351007,1
8687,0.8048208158019868,0.7099524476962689,0.6785728375536655,-0.11943106195763077,-0.5070552537093999,-0.922658145359632,0
1549,1.362641392063276,1.790046912228315,1.399775934719707,-0.5635631166372087,-1.2569623731974542,-0.922658145359632,1
7878,0.8048208158019868,1.1010211331302855,1.1073650635930907,-0.7203156065241186,-0.0071171740506968135,-0.922658145359632,1
2601,1.362641392063276,1.9390254590603213,1.5014840638072258,-0.7203156065241186,0.9927589852667092,-0.922658145359632,1
4560,0.1075450954753754,-0.24444136794627191,-0.3437094371953144,0.4583425385870686,-1.5069314130268057,0.46421839881351007,0
6055,-0.17136519265526917,-0.6587879513227896,-0.6806176147977201,1.352736072230264,-0.0071171740506968135,0.46421839881351007,0
6599,1.362641392063276,1.1941327249002895,1.6401769671083875,0.2284494638440196,0.36783638569333044,-0.922658145359632,1
1147,-1.4264614892431697,-1.0219231592258051,-1.1625754537692574,-1.3758260187784688,1.617681584840088,-0.922658145359632,0
6532,-0.5897306248512361,-0.8822557715707992,-0.8054412277687657,1.0823380271753442,-0.7570242935387513,0.46421839881351007,0
1208,1.0837311039326314,1.017220700537282,1.7083676445647917,-0.05618005726642155,0.8677744653520334,0.46421839881351007,1
390,-0.7291857689165584,-0.8450111348627976,-0.9614707439825727,0.271143892010586,-0.5070552537093999,0.46421839881351007,0
2220,0.8048208158019868,0.5795962192182633,0.7756578698644785,0.12799198580504031,-0.7570242935387513,0.46421839881351007,1
6324,0.8048208158019868,1.1010211331302855,0.6381207407574934,-0.7203156065241186,-2.381823052429536,-0.922658145359632,1
5035,0.38645538360602,0.1093826807797432,-0.3142371952438177,0.18101121032561315,-0.13210169396537258,0.46421839881351007,0
3528,0.38645538360602,-0.2397857883577717,-0.039740824126935,1.3076697313877774,2.3675887043281425,0.46421839881351007,1
8290,-0.31082033672059145,-0.2397857883577717,0.03249506300908677,-0.7203156065241186,-1.0069933333681027,-0.922658145359632,0
7614,0.6653656717366646,-0.002351229344261569,0.3309737486551286,1.2903365233714366,-0.13210169396537258,0.46421839881351007,1
3294,0.8048208158019868,0.7099524476962689,0.8889237408937605,-0.11943106195763077,-0.6320397736240756,0.46421839881351007,0
7575,0.1075450954753754,0.07679362366024181,0.061678361412039626,-0.43865097625857735,0.36783638569333044,0.46421839881351007,0
785,-1.4264614892431697,-1.1895240244118122,-1.2457911957499543,-0.2696521980992527,-2.1318540126001846,-0.922658145359632,0
4315,0.38645538360602,0.34216166020475314,0.24920272441715208,-0.3491810348801111,-0.5070552537093999,-0.922658145359632,0
6543,-1.4264614892431697,-1.2453909794738147,-1.0446864859632696,0.3097721841612886,-1.38194689311213,-0.922658145359632,0
8209,1.0837311039326314,0.5982185375722641,0.9802299022336923,0.7443404708566951,0.4928209056080062,0.46421839881351007,1
7893,-0.8686409129818806,-0.66809911049979,-1.068957744040973,-0.997646934785574,0.8677744653520334,0.46421839881351007,0
8630,1.0837311039326314,1.1568880881922878,0.919551757039434,-0.2696521980992527,0.11786734586397894,-0.922658145359632,1
5233,1.2231862479979538,0.9613537454752795,1.5581169993218664,0.3312323464672351,-0.5070552537093999,1.851094942986652,1
3535,2.0599171123898876,1.8086692305823158,2.559017451478584,0.6767409595929654,2.117619664498791,1.851094942986652,1
6172,0.38645538360602,-0.12339629864526673,0.083060184004302,0.8743395309792525,1.7426661047547638,0.46421839881351007,1
2991,-0.17136519265526917,-0.2677192658887729,-0.401498146904132,-0.2696521980992527,-2.6317920922588875,-0.922658145359632,0
8551,-1.5659166333084922,-1.3804027875403204,-1.0796486553371043,1.6231341172851836,0.6178054255226819,-0.922658145359632,0
2147,0.5259105276713423,0.5423515825102617,0.9865866603016624,-0.4198733342408747,-0.38207073379472406,0.46421839881351007,1
8725,1.362641392063276,1.0451541780682831,1.409022128273118,0.48145348260885645,-1.1319778532827784,0.46421839881351007,0
6185,-2.1237372095697813,-1.5061034364298258,-1.613038445949489,0.4063429145380458,-0.38207073379472406,-0.922658145359632,0
4969,-0.5897306248512361,-0.714654906384792,-0.19172513066112487,0.09907240879381946,-0.0071171740506968135,0.46421839881351007,0
1586,-0.17136519265526917,-0.16995209453026872,-0.2740740419961897,-0.5400502431541724,0.36783638569333044,0.46421839881351007,0
8953,1.0837311039326314,1.017220700537282,1.214274176554403,-0.05618005726642155,0.9927589852667092,0.46421839881351007,1
3509,-1.0080960570472028,-0.8682890328052986,-1.0134805827205084,-0.6383768049923249,-0.5070552537093999,-0.922658145359632,0
4922,-1.7053717773738144,-1.3571248895978194,-1.2041833247596059,0.18101121032561315,0.36783638569333044,-0.922658145359632,0
449,0.2470002395406977,0.4864846274482593,0.2070169663297156,-0.9100686205977462,0.6178054255226819,0.46421839881351007,0
5234,-1.1475512011125253,-0.9846785225178035,-0.8747876794193467,-0.5400502431541724,1.8676506246694395,0.46421839881351007,0
4937,-0.031910048589946886,-0.30496390259677447,-0.15474035644748152,0.25034404239097685,-2.881761132088239,-0.922658145359632,0
4747,0.1075450954753754,0.07679362366024181,-0.5032062759916508,-0.43865097625857735,0.36783638569333044,-0.922658145359632,1
1605,-0.31082033672059145,-0.42600897189777964,-0.5916230018461412,-0.16565295000120656,0.2428518657786547,0.46421839881351007,1
410,0.6653656717366646,0.5004513662137599,0.22955456311615427,-0.031065687756677028,1.117743505181385,3.2379714871597938,1
5396,1.362641392063276,1.1941327249002895,1.3720373540594741,0.2284494638440196,-0.38207073379472406,-0.922658145359632,1
3416,0.1075450954753754,-0.45859802901728103,-0.10446417900081044,1.3281544317707252,0.11786734586397894,-0.922658145359632,0
8145,-1.1475512011125253,-1.1802128652348118,-1.064912534361356,1.0823380271753442,-0.2570862138800483,0.46421839881351007,0
7949,-0.5897306248512361,-0.7984553389777955,-0.5713969534480552,0.5415419370655056,0.36783638569333044,-0.922658145359632,0
801,-1.1475512011125253,-1.0498566367568063,-1.2712182280218343,-0.11943106195763077,-0.8820088134534271,-0.922658145359632,0
6516,-0.7291857689165584,-0.9241559878673009,-0.6913085260938513,0.7818957548921004,-1.0069933333681027,-0.922658145359632,0
2227,0.6653656717366646,0.877553312882276,0.5338121197330779,-0.6752492656816316,0.11786734586397894,-0.922658145359632,1
4659,-0.17136519265526917,0.025582248186739622,-0.07383616285513747,-0.9854117291269804,-0.13210169396537258,0.46421839881351007,1
8262,1.2231862479979538,1.9716145161798226,1.0385964990395982,-0.9726871152420432,-0.38207073379472406,0.46421839881351007,0
5854,1.0837311039326314,0.73788592522727,1.188269257185435,0.446107332928475,1.8676506246694395,1.851094942986652,1
1939,1.2231862479979538,2.1159374834233287,1.450629999263466,-1.1016461828836202,1.3677125450107366,1.851094942986652,1
2171,1.2231862479979538,1.6829685816928104,0.9848529990103978,-0.681127484052391,0.11786734586397894,0.46421839881351007,1
1572,-1.8448269214391366,-1.301257934535817,-1.2865322360946707,-1.2836448670552005,0.4928209056080062,-0.922658145359632,0
7727,0.1075450954753754,-0.13736303741076733,-0.29718952587971664,0.11663072340777482,-0.38207073379472406,0.46421839881351007,0
6127,-1.2870063451778475,-1.0312343184028054,-1.0906285101817796,-0.8104482882090914,-0.0071171740506968135,-0.922658145359632,0
8422,-0.31082033672059145,-0.5191205636677836,-0.1697654209717742,0.18101121032561315,1.2427280250960608,-0.922658145359632,0
4269,0.5259105276713423,-0.06287376399476416,-0.35815661462251874,1.0823380271753442,0.11786734586397894,-0.922658145359632,1
5159,-0.17136519265526917,0.025582248186739622,-0.18305682420480224,-0.9854117291269804,-1.0069933333681027,-0.922658145359632,1
6010,-0.4502754807859138,-0.6634435309112898,-0.8190215745503377,0.3448888133892005,-0.2570862138800483,-0.922658145359632,0
8529,-1.2870063451778475,-1.0312343184028054,-1.248391687686851,-0.8104482882090914,0.4928209056080062,0.46421839881351007,0
3813,0.1075450954753754,-0.13736303741076733,0.3540892325386559,0.11663072340777482,-0.13210169396537258,0.46421839881351007,0
1233,-0.31082033672059145,-0.6122321554377876,-0.7592102600017118,0.5907052179845815,-0.5070552537093999,-0.922658145359632,1
4879,0.9442759598673092,0.7937528802892724,1.1541739184572322,0.03079007418399119,-0.6320397736240756,1.851094942986652,1
7758,2.0599171123898876,1.6364127858078084,2.559017451478584,0.9400232666201237,-1.6319159329414814,1.851094942986652,1
3193,0.2470002395406977,0.5982185375722641,-0.11197671126295676,-1.080846333264011,-3.2567146918322663,-0.922658145359632,0
3233,-1.0080960570472028,-1.0777901142878075,-0.9137950584727984,0.7443404708566951,-0.2570862138800483,1.851094942986652,0
5507,0.8048208158019868,0.3188837622622521,1.0588225474376838,0.7218073004354518,-0.8820088134534271,1.851094942986652,1
1030,-0.031910048589946886,0.0023043502442386295,0.13131375661116468,-0.6076497544179019,1.7426661047547638,-0.922658145359632,0
2283,-0.17136519265526917,-0.5610207799642855,-0.6684819857588685,0.8365216225799632,2.117619664498791,0.46421839881351007,0
6708,-0.4502754807859138,-0.9288115674558011,-0.7421625906376106,2.096330696131292,-0.5070552537093999,0.46421839881351007,1
1611,-0.4502754807859138,-0.48653150654828226,-0.27002883231657254,-0.3736514461972989,-0.2570862138800483,0.46421839881351007,0
7438,-0.17136519265526917,-0.2677192658887729,-0.3590234452681512,-0.2696521980992527,0.36783638569333044,0.46421839881351007,0
1132,-0.7291857689165584,-0.9241559878673009,-0.6176279212151091,0.7818957548921004,0.4928209056080062,0.46421839881351007,0
5081,0.38645538360602,0.22577217049224818,0.16251965985392594,-0.1006534199399281,-0.7570242935387513,0.46421839881351007,0
8506,0.5259105276713423,0.5423515825102617,1.1368373055445877,-0.4198733342408747,-0.13210169396537258,1.851094942986652,1
2052,-0.31082033672059145,-0.5191205636677836,-0.3373526791273447,0.18101121032561315,-1.6319159329414814,0.46421839881351007,0
8376,-0.5897306248512361,-0.46325360860578124,-0.6858185986715136,-0.849076580359794,0.2428518657786547,-0.922658145359632,0
5807,0.2470002395406977,0.15128289707624498,0.6438996117283747,-0.2696521980992527,-0.0071171740506968135,1.851094942986652,0
7555,-1.4264614892431697,-0.9101892491018003,-1.0134805827205084,-1.8296409195699415,0.36783638569333044,-0.922658145359632,0
7166,1.5020965361285983,2.050759369184326,1.2914221040156741,-0.6076497544179019,1.2427280250960608,0.46421839881351007,1
3412,1.362641392063276,1.1941327249002895,1.9730399350311751,0.2284494638440196,-1.7569004528561571,0.46421839881351007,0
8349,0.5259105276713423,0.6633966518112668,0.5884224504079102,-0.6254390994873045,1.2427280250960608,0.46421839881351007,1
2753,-0.4502754807859138,-0.39807549436677847,-0.15474035644748152,-0.6559351196062803,-0.7570242935387513,-0.922658145359632,0
8095,-0.8686409129818806,-0.66809911049979,-0.8747876794193467,-0.997646934785574,-1.0069933333681027,-0.922658145359632,0
8605,0.9442759598673092,0.25370564802324935,0.693308958529414,1.2754794879288587,-1.38194689311213,0.46421839881351007,1
1680,-0.4502754807859138,-0.48653150654828226,-0.7805920825939744,-0.3736514461972989,-0.6320397736240756,0.46421839881351007,0
6851,0.1075450954753754,-0.13736303741076733,-0.7756800422687248,0.11663072340777482,0.8677744653520334,-0.922658145359632,0
5282,0.38645538360602,-0.007006808932761768,0.530922684247637,0.502913644914803,-0.38207073379472406,1.851094942986652,1
1272,-0.5897306248512361,-0.8822557715707992,-0.586999905069436,1.0823380271753442,-0.8820088134534271,0.46421839881351007,0
7637,-1.4264614892431697,-0.9660562041638027,-1.3116703248180062,-1.6216424233738498,-0.2570862138800483,-0.922658145359632,0
7923,1.0837311039326314,0.73788592522727,1.257615708836016,0.446107332928475,-1.1319778532827784,0.46421839881351007,1
2599,-0.31082033672059145,-0.3328973801277757,-0.4009202598070438,-0.46279365885276647,1.9926351445841153,1.851094942986652,0
1787,1.5020965361285983,1.2825887370817932,1.2342112814039445,0.3707642243992408,0.2428518657786547,0.46421839881351007,1
6228,-0.031910048589946886,-0.40738665354377884,-0.30094579201078964,0.6316746187504784,-0.5070552537093999,-0.922658145359632,0
2797,0.38645538360602,-0.2397857883577717,0.09750736143150636,1.3076697313877774,0.2428518657786547,0.46421839881351007,1
1451,-0.8686409129818806,-0.9660562041638027,-0.5326785179431476,0.48145348260885645,-0.7570242935387513,0.46421839881351007,0
828,-0.5897306248512361,-0.714654906384792,-0.5974018728170231,0.09907240879381946,-0.38207073379472406,-0.922658145359632,0
1757,0.9442759598673092,0.7937528802892724,1.3887960798750316,0.03079007418399119,2.617557744157494,0.46421839881351007,1
5231,0.8048208158019868,1.1010211331302855,1.0507321280784492,-0.7203156065241186,0.11786734586397894,0.46421839881351007,1
8420,-0.031910048589946886,-0.10011840070276574,0.02324886945567585,-0.35978487978422613,-1.8818849727708329,0.46421839881351007,0
2695,-0.31082033672059145,-0.05356260481776375,-0.5164976792246787,-1.1444694026886977,1.117743505181385,0.46421839881351007,0
5199,-0.5897306248512361,-0.37945317601277767,-0.8522500826329078,-1.080846333264011,-0.38207073379472406,-0.922658145359632,0
8381,0.1075450954753754,-0.030284706875262763,0.24775800667443162,-0.1795195164142793,-0.2570862138800483,1.851094942986652,1
6777,-0.5897306248512361,-0.8822557715707992,-0.6858185986715136,1.0823380271753442,-0.0071171740506968135,-0.922658145359632,0
1155,-1.2870063451778475,-0.9101892491018003,-1.0042343891670977,-1.396310719161417,-1.38194689311213,-0.922658145359632,0
6930,1.2231862479979538,1.3943226472057981,1.414800999243999,-0.33403268501709044,0.4928209056080062,-0.922658145359632,1
8285,-0.7291857689165584,-0.7658662818582942,-0.9123503407300779,-0.1467439958015622,-0.6320397736240756,0.46421839881351007,0
4814,0.8048208158019868,0.8403086761742744,0.41967941805816344,-0.3408095783768633,0.8677744653520334,1.851094942986652,1
285,0.2470002395406977,0.03954898695224022,0.36651380512605114,0.0007458469556669184,0.8677744653520334,0.46421839881351007,1
6625,-0.31082033672059145,-0.3328973801277757,-0.49916106631203344,-0.46279365885276647,-0.0071171740506968135,-0.922658145359632,0
6598,-1.5659166333084922,-1.4316141630138226,-1.1559297521527434,3.1103233650872397,-1.6319159329414814,0.46421839881351007,0
5243,0.2470002395406977,0.3747507173242545,0.4011870309513416,-0.7203156065241186,0.8677744653520334,0.46421839881351007,1
5137,1.5020965361285983,1.2825887370817932,1.2342112814039445,0.3707642243992408,-1.2569623731974542,0.46421839881351007,1
2479,0.1075450954753754,0.07679362366024181,-0.20414970324852047,-0.43865097625857735,0.2428518657786547,0.46421839881351007,0
5333,-0.031910048589946886,-0.2025411516497701,-0.06574574349590284,-0.07651073734573895,0.7427899454373577,0.46421839881351007,0
6213,0.6653656717366646,0.877553312882276,0.5260106439223874,-0.6752492656816316,-0.0071171740506968135,-0.922658145359632,1
537,-0.17136519265526917,-0.16995209453026872,-0.22553152584078318,-0.5400502431541724,-0.13210169396537258,-0.922658145359632,0
4992,-0.4502754807859138,-1.017267579637305,-0.33041803396228664,3.013752634710483,-1.1319778532827784,1.851094942986652,0
5968,0.1075450954753754,-0.030284706875262763,0.30756932122305747,-0.1795195164142793,0.7427899454373577,0.46421839881351007,0
2265,1.362641392063276,1.343111271732296,1.5384688380208686,0.0007458469556669184,0.8677744653520334,0.46421839881351007,1
8658,1.2231862479979538,0.6727078109882673,1.6297749993608,0.9133392490160197,-0.38207073379472406,1.851094942986652,1
4675,-1.984282065504459,-1.487481118075825,-1.450363228119168,1.0823380271753442,0.11786734586397894,-0.922658145359632,0
6100,-1.8448269214391366,-1.468858799721824,-1.4477627361822711,1.7583331398126427,0.7427899454373577,-0.922658145359632,0
48,0.5259105276713423,0.4213065132092565,-0.10273051770954618,-0.19012336131839436,-0.0071171740506968135,0.46421839881351007,1
3844,-0.4502754807859138,-0.7518995430927936,-0.21512955809319598,0.8119399821204246,-1.7569004528561571,-0.922658145359632,0
6631,1.781006824259243,1.9483366182373216,2.219797725487826,-0.023835793503871668,0.11786734586397894,-0.922658145359632,1
7350,0.8048208158019868,1.231377361608291,1.5523381283509847,-0.884193209587706,-0.2570862138800483,-0.922658145359632,1
8503,1.0837311039326314,1.1568880881922878,0.6595025633497557,-0.2696521980992527,0.4928209056080062,-0.922658145359632,1
4611,-0.8686409129818806,-0.66809911049979,-0.8516721955358196,-0.997646934785574,-1.1319778532827784,-0.922658145359632,0
2874,-2.4026474977004257,-1.6131817669653303,-1.5653627604397147,9.194279378822925,-1.0069933333681027,0.46421839881351007,0
2409,-0.8686409129818806,-1.040545477579806,-0.9071493568562844,1.0823380271753442,-0.13210169396537258,0.46421839881351007,0
5460,-0.7291857689165584,-0.6867214288537907,-0.6225399615403587,-0.4949839023116854,-0.6320397736240756,-0.922658145359632,0
5650,1.2231862479979538,1.1056767127187856,0.16078599856266135,0.08613470328879902,-0.38207073379472406,0.46421839881351007,1
2569,0.1075450954753754,0.18387195419574637,0.23446660344140355,-0.6672963820035458,0.9927589852667092,0.46421839881351007,0
5512,-0.8686409129818806,-0.8170776573317964,-1.0181036794972138,-0.39256040039694323,0.4928209056080062,-0.922658145359632,0
8780,0.5259105276713423,0.7844417211122721,0.5132971277864475,-0.8104482882090914,-1.0069933333681027,-0.922658145359632,0
5641,0.2470002395406977,0.3747507173242545,-0.02876096928225982,-0.7203156065241186,-0.8820088134534271,-0.922658145359632,0
3892,-0.31082033672059145,-0.7053437472077916,-0.955691873011691,1.0823380271753442,-1.1319778532827784,1.851094942986652,0
919,-1.1475512011125253,-0.9846785225178035,-1.068957744040973,-0.5400502431541724,-0.8820088134534271,0.46421839881351007,0
7521,-0.4502754807859138,-0.3096194821852747,-0.6543237518802082,-0.9005809698940648,-0.5070552537093999,-0.922658145359632,0
8271,0.5259105276713423,0.6633966518112668,0.14518304694128073,-0.6254390994873045,0.4928209056080062,-0.922658145359632,0
7267,1.6415516801939205,2.1624932793083307,1.7499755155551406,-0.4949839023116854,-0.8820088134534271,0.46421839881351007,1
3525,0.6653656717366646,0.7518526639927706,0.8302682005393109,-0.4831243389320839,-0.0071171740506968135,-0.922658145359632,1
957,0.9442759598673092,0.9287646883557782,1.4642103460450382,-0.19849481782164213,-0.2570862138800483,-0.922658145359632,0
8938,1.2231862479979538,1.2499996799622919,1.0206819990298646,-0.1344531755717929,-0.38207073379472406,-0.922658145359632,1
8403,0.5259105276713423,0.4213065132092565,-0.0576553241366682,-0.19012336131839436,-0.2570862138800483,0.46421839881351007,0
8912,-1.4264614892431697,-1.301257934535817,-1.2457911957499543,1.0823380271753442,0.2428518657786547,1.851094942986652,0
7323,-1.7053717773738144,-1.2174575019428135,-1.380438889371499,-1.3212001510906057,0.11786734586397894,-0.922658145359632,0
5815,-1.5659166333084922,-1.1243459101728095,-1.263994639308232,-1.35124437831893,-0.5070552537093999,0.46421839881351007,0
8434,-1.0080960570472028,-1.0079564204603044,-0.935465824613605,0.18101121032561315,-1.2569623731974542,-0.922658145359632,0
3514,1.2231862479979538,1.5386456144493041,1.9164069995165345,-0.5154686026946338,0.7427899454373577,-0.922658145359632,1
4253,-1.4264614892431697,-1.1895240244118122,-1.363680163555942,-0.2696521980992527,-1.0069933333681027,-0.922658145359632,0
5554,-1.2870063451778475,-1.0312343184028054,-1.2671730183422167,-0.8104482882090914,0.9927589852667092,-0.922658145359632,0
3879,0.1075450954753754,0.5051069458022601,0.3673806357716836,-1.2160453557914708,-0.0071171740506968135,0.46421839881351007,0
8811,-1.1475512011125253,-1.115034750995809,-1.1943592441091069,0.4063429145380458,0.11786734586397894,-0.922658145359632,0
6501,-1.8448269214391366,-1.510759016018326,-1.5439809378474523,3.7863184777245382,-0.2570862138800483,1.851094942986652,0
2975,1.2231862479979538,-0.04890702522926356,0.8952804989617308,3.294685668533776,0.4928209056080062,1.851094942986652,1
4488,-0.17136519265526917,-0.2677192658887729,-0.717024501914275,-0.2696521980992527,-1.6319159329414814,-0.922658145359632,0
1046,1.362641392063276,1.9390254590603213,1.6494231606617977,-0.7203156065241186,0.11786734586397894,-0.922658145359632,1
3444,-0.31082033672059145,-0.2397857883577717,-0.5338342921373239,-0.7203156065241186,-0.0071171740506968135,-0.922658145359632,0
5772,-0.5897306248512361,-0.6308544737917884,-0.8522500826329078,-0.2696521980992527,-0.6320397736240756,-0.922658145359632,0
2884,-0.8686409129818806,-0.8915669307477996,-0.9441341310699275,0.0007458469556669184,1.117743505181385,-0.922658145359632,0
6362,0.6653656717366646,0.1233494195452438,0.34657670027650955,0.8891965664218305,0.2428518657786547,-0.922658145359632,1
3386,0.6653656717366646,0.877553312882276,0.7990622972965497,-0.6752492656816316,1.4926970649254123,0.46421839881351007,1
2943,-0.7291857689165584,-0.8450111348627976,-0.8877901391038305,0.271143892010586,-0.2570862138800483,0.46421839881351007,0
3371,-0.4502754807859138,-0.574987518729786,-0.593934550234494,-0.044320493886820085,-1.38194689311213,-0.922658145359632,0
2733,0.6653656717366646,0.24905006843474917,0.6508342568934331,0.5415419370655056,0.6178054255226819,-0.922658145359632,1
2619,-0.4502754807859138,-0.48653150654828226,-0.9233301955747533,-0.3736514461972989,-0.7570242935387513,-0.922658145359632,1
8419,-2.1237372095697813,-1.3757472079518203,-1.5786541636727427,-1.959639979692499,-2.006869492685509,-0.922658145359632,0
8636,1.2231862479979538,0.9613537454752795,1.2625277491612656,0.3312323464672351,-0.13210169396537258,0.46421839881351007,1
4482,-1.0080960570472028,-0.9381227266328015,-0.8791218326475079,-0.2696521980992527,0.7427899454373577,0.46421839881351007,0
699,0.6653656717366646,0.24905006843474917,0.7756578698644788,0.5415419370655056,1.2427280250960608,1.851094942986652,0
8163,1.5020965361285983,1.7434911163433129,1.3772383379332676,-0.2696521980992527,-0.38207073379472406,-0.922658145359632,1
4005,1.0837311039326314,0.4585511499172581,0.8068637731072401,1.0823380271753442,0.11786734586397894,1.851094942986652,1
8337,1.5020965361285983,1.2825887370817932,1.4916599831567265,0.3707642243992408,-0.8820088134534271,-0.922658145359632,1
7191,-0.17136519265526917,-0.3654864372472771,-0.4682441066178161,0.04234554619488514,-0.38207073379472406,0.46421839881351007,0
7595,0.38645538360602,0.34216166020475314,0.31421502283957164,-0.3491810348801111,0.2428518657786547,0.46421839881351007,0
8756,0.5259105276713423,0.3002614439082513,0.34050888575708366,0.06834535821939652,-2.1318540126001846,1.851094942986652,0
1790,-0.8686409129818806,-0.8170776573317964,-0.8655414858659358,-0.39256040039694323,-0.38207073379472406,0.46421839881351007,0
465,0.38645538360602,-0.4725647677827816,-0.4298146146614524,2.434328252449941,1.4926970649254123,0.46421839881351007,1
8587,1.0837311039326314,1.296555475847294,0.9282200634957567,-0.46279365885276647,0.4928209056080062,0.46421839881351007,1
1854,0.9442759598673092,1.063776496422284,0.9279311199472129,-0.4048512206267125,1.117743505181385,-0.922658145359632,1
6024,-1.1475512011125253,-1.0498566367568063,-1.1660427763517862,-0.11943106195763077,-0.7570242935387513,-0.922658145359632,0
5218,-0.031910048589946886,-0.30496390259677447,-0.6060701792733456,0.25034404239097685,-0.0071171740506968135,-0.922658145359632,0
8676,0.1075450954753754,-0.3515196984817765,-0.5962460986228466,0.8570063229629117,0.36783638569333044,-0.922658145359632,0
7346,0.38645538360602,0.22577217049224818,0.4153452648300021,-0.1006534199399281,0.7427899454373577,1.851094942986652,1
8592,0.1075450954753754,-0.13736303741076733,-0.33706373557880054,0.11663072340777482,1.3677125450107366,-0.922658145359632,1
2351,0.5259105276713423,0.05817130530624101,-0.005067598301644551,0.6960551056683167,-1.38194689311213,-0.922658145359632,0
4098,0.8048208158019868,0.7099524476962689,0.28214228895117793,-0.11943106195763077,1.9926351445841153,0.46421839881351007,1
7643,-0.17136519265526917,0.025582248186739622,-0.28620967103504147,-0.9854117291269804,-1.0069933333681027,-0.922658145359632,0
4153,1.2231862479979538,0.6727078109882673,1.2804422491709984,0.9133392490160197,-0.2570862138800483,0.46421839881351007,1
6114,-1.7053717773738144,-1.2640132978278154,-1.446895905536639,-0.9456473107365512,-0.38207073379472406,-0.922658145359632,0
2922,0.5259105276713423,0.9054867904132772,0.4006091438542536,-0.9778375541954701,0.4928209056080062,-0.922658145359632,1
8684,-0.4502754807859138,-0.6634435309112898,-0.21512955809319598,0.3448888133892005,1.2427280250960608,0.46421839881351007,0
1726,-1.984282065504459,-1.4129918446598217,-1.6491563895174999,-0.7203156065241186,-1.1319778532827784,-0.922658145359632,0
1474,-0.8686409129818806,-0.5936098370837868,-0.7777026471085333,-1.2353595018668222,0.11786734586397894,0.46421839881351007,0
3976,-0.5897306248512361,-0.6308544737917884,-0.9510687762349858,-0.2696521980992527,-0.0071171740506968135,-0.922658145359632,0
3378,1.6415516801939205,1.5293344552723038,1.9268089672641213,0.271143892010586,-0.2570862138800483,0.46421839881351007,1
3035,-1.8448269214391366,-1.2593577182393152,-1.19811551024018,-1.6216424233738498,-0.5070552537093999,-0.922658145359632,0
7228,0.6653656717366646,0.5004513662137599,0.6742386843255039,-0.031065687756677028,2.3675887043281425,-0.922658145359632,0
4385,-0.7291857689165584,-1.0824456938763076,-0.9123503407300779,2.241186791696427,0.7427899454373577,0.46421839881351007,1
997,-0.031910048589946886,0.0023043502442386295,-0.06574574349590284,-0.6076497544179019,1.3677125450107366,-0.922658145359632,0
965,-0.7291857689165584,-0.7658662818582942,-0.8337576955260861,-0.1467439958015622,-0.2570862138800483,-0.922658145359632,1
7383,2.19937225645521,2.7863409441673572,1.9973111931088787,-0.2155725890882688,-0.2570862138800483,1.851094942986652,1
5923,-0.17136519265526917,-0.16995209453026872,-0.5410578808509261,-0.5400502431541724,0.9927589852667092,0.46421839881351007,0
1896,-0.4502754807859138,-0.48653150654828226,-0.4621762920983903,-0.3736514461972989,-1.2569623731974542,-0.922658145359632,0
3928,0.1075450954753754,0.18387195419574637,-0.15762979193292273,-0.6672963820035458,0.8677744653520334,1.851094942986652,1
8421,-1.4264614892431697,-1.1336570693498098,-1.0030786149729212,-0.7203156065241186,0.36783638569333044,-0.922658145359632,0
5404,0.9442759598673092,0.6587410722227667,0.7687232246994204,0.28704965936675764,-0.2570862138800483,-0.922658145359632,1
1590,-0.031910048589946886,0.5144181049792604,-0.14202684031154175,-1.4928814495381737,-1.1319778532827784,-0.922658145359632,1
5771,-0.031910048589946886,-0.714654906384792,0.09317320820334506,2.28410711630832,0.36783638569333044,-0.922658145359632,0
3953,-0.4502754807859138,-0.574987518729786,-0.6268741147685198,-0.044320493886820085,-0.13210169396537258,0.46421839881351007,0
2911,0.5259105276713423,0.5423515825102617,0.3630464825435223,-0.4198733342408747,-0.7570242935387513,-0.922658145359632,0
6205,0.1075450954753754,0.29095028473125095,0.11484397434415158,-0.8705367426657405,-1.8818849727708329,-0.922658145359632,0
1406,-0.5897306248512361,-0.8822557715707992,-0.7898382761473849,1.0823380271753442,0.2428518657786547,1.851094942986652,1
5303,0.9442759598673092,1.1987883044887897,0.9949660232094405,-0.5915546326884425,-0.2570862138800483,-0.922658145359632,0
455,-0.4502754807859138,-0.2211634700037709,-0.72020288094826,-1.1146460888958758,1.3677125450107366,-0.922658145359632,0
4610,-0.031910048589946886,-0.30496390259677447,0.15038403081507415,0.25034404239097685,2.7425422640721697,0.46421839881351007,0
453,0.6653656717366646,0.7518526639927706,0.8848785312141436,-0.4831243389320839,-0.38207073379472406,0.46421839881351007,0
5735,-0.031910048589946886,0.0023043502442386295,0.13131375661116468,-0.6076497544179019,0.9927589852667092,-0.922658145359632,0
6887,0.6653656717366646,0.7518526639927706,0.7600549182430979,-0.4831243389320839,-1.2569623731974542,-0.922658145359632,0
2835,2.0599171123898876,2.325438564905838,1.7678900155648734,0.024258720438703252,0.6178054255226819,1.851094942986652,1
7970,-1.0080960570472028,-0.7286216451502926,-1.0741587279147666,-1.2056454309816662,0.2428518657786547,-0.922658145359632,0
725,0.2470002395406977,0.5982185375722641,-0.285342840389409,-1.080846333264011,-0.8820088134534271,-0.922658145359632,0
4143,2.6177376886511765,2.562873123919348,2.786416024182781,0.7136134202822721,0.36783638569333044,-0.922658145359632,1
758,-0.5897306248512361,-0.5470540411987849,-0.8678530342542884,-0.5816499423933906,0.4928209056080062,0.46421839881351007,0
8258,-0.17136519265526917,-0.07218492317176455,-0.7109566873948493,-0.7766485325772265,-0.7570242935387513,-0.922658145359632,0
1356,2.4782825445858543,3.577789474212391,2.823689741944968,-0.46279365885276647,-0.13210169396537258,0.46421839881351007,1
1448,0.38645538360602,0.574940639629763,0.8487605876461324,-0.767753860042525,-1.1319778532827784,-0.922658145359632,0
3142,-0.7291857689165584,-1.161590546880811,-0.8435817761765854,3.335655069299673,-0.2570862138800483,-0.922658145359632,0
726,0.2470002395406977,0.03954898695224022,0.13767051467913471,0.0007458469556669184,0.6178054255226819,-0.922658145359632,1
7531,0.8048208158019868,0.8403086761742744,0.7028440956313687,-0.3408095783768633,0.36783638569333044,0.46421839881351007,1
5890,-1.1475512011125253,-1.1802128652348118,-0.7210697115938923,1.0823380271753442,-0.38207073379472406,0.46421839881351007,0
6285,1.362641392063276,0.8961756312362767,1.9268089672641213,0.7642226800519096,1.3677125450107366,-0.922658145359632,1
1554,0.8048208158019868,1.231377361608291,0.6785728375536655,-0.884193209587706,0.9927589852667092,-0.922658145359632,0
881,0.1075450954753754,0.07679362366024181,-0.018070057986128468,-0.43865097625857735,-0.0071171740506968135,0.46421839881351007,1
2936,-0.17136519265526917,-0.07218492317176455,-0.0010223886220273978,-0.7766485325772265,0.2428518657786547,-0.922658145359632,0
5570,-0.5897306248512361,-0.714654906384792,-0.8054412277687657,0.09907240879381946,-0.0071171740506968135,0.46421839881351007,0
1822,0.5259105276713423,0.5423515825102617,0.5433472568350329,-0.4198733342408747,0.36783638569333044,-0.922658145359632,0
3108,-1.1475512011125253,-1.2453909794738147,-0.9637822923709255,1.983664844025076,-0.2570862138800483,-0.922658145359632,0
5667,-2.2631923536351035,-1.468858799721824,-1.5942571152941234,-1.6216424233738498,-1.0069933333681027,0.46421839881351007,0
3829,0.9442759598673092,0.6587410722227667,1.0703802893794474,0.28704965936675764,0.2428518657786547,1.851094942986652,1
606,-0.7291857689165584,-0.6075765758492874,-0.5390352760111173,-0.7896484385894823,0.4928209056080062,-0.922658145359632,0
3487,-0.5897306248512361,-0.8822557715707992,-0.5089851469625325,1.0823380271753442,-0.38207073379472406,0.46421839881351007,0
4872,-0.031910048589946886,-0.40738665354377884,0.5000057245534195,0.6316746187504784,-0.7570242935387513,-0.922658145359632,0
1573,2.7571928327164987,3.251898903017377,2.875121693585815,0.21706428299960204,1.617681584840088,-0.922658145359632,1
421,-1.0080960570472028,-0.9381227266328015,-0.8877901391038305,-0.2696521980992527,-0.7570242935387513,-0.922658145359632,0
220,0.38645538360602,0.4585511499172581,-0.0686351789813437,-0.5700944703824966,-0.5070552537093999,0.46421839881351007,1
3046,0.1075450954753754,0.18387195419574637,0.1813009905092916,-0.6672963820035458,1.2427280250960608,-0.922658145359632,0
2380,0.9442759598673092,0.6587410722227667,0.4586867971116152,0.28704965936675764,-0.8820088134534271,0.46421839881351007,1
5843,0.1075450954753754,0.29095028473125095,0.46706616001939366,-0.8705367426657405,-1.0069933333681027,0.46421839881351007,0
5479,2.0599171123898876,3.1867207887783744,2.3024355803714345,-0.7525058499830375,-1.0069933333681027,-0.922658145359632,0
7459,-0.17136519265526917,-0.5610207799642855,-0.401498146904132,0.8365216225799632,0.7427899454373577,-0.922658145359632,0
3494,-0.031910048589946886,-0.5098094044907833,0.086816450135375,1.0823380271753442,0.11786734586397894,0.46421839881351007,0
1997,0.2470002395406977,0.15128289707624498,0.005912256543030626,-0.2696521980992527,-1.0069933333681027,-0.922658145359632,0
1690,-0.17136519265526917,-0.2677192658887729,-0.3590234452681512,-0.2696521980992527,-0.6320397736240756,-0.922658145359632,0
5454,-0.7291857689165584,-0.6867214288537907,-0.8976142197543294,-0.4949839023116854,-0.6320397736240756,-0.922658145359632,0
3383,-1.8448269214391366,-1.3850583671288206,-1.367147486138471,-0.2696521980992527,-1.2569623731974542,0.46421839881351007,0
5433,-0.5897306248512361,-0.7984553389777955,-0.430970388855629,0.5415419370655056,0.2428518657786547,1.851094942986652,0
2504,0.6653656717366646,0.6261520151032652,0.6352313052720524,-0.2696521980992527,0.2428518657786547,0.46421839881351007,0
6632,0.8048208158019868,0.5795962192182633,1.0911842248746213,0.12799198580504031,-1.7569004528561571,0.46421839881351007,1
7861,-0.4502754807859138,-0.7518995430927936,-0.12180079191345566,0.8119399821204246,0.6178054255226819,0.46421839881351007,0
8973,1.2231862479979538,0.5283848437447611,1.0296392490347313,1.2626033905452911,1.3677125450107366,1.851094942986652,1
8698,-0.17136519265526917,-0.2677192658887729,-0.5349900663315001,-0.2696521980992527,0.9927589852667092,-0.922658145359632,0
313,-0.031910048589946886,-0.40738665354377884,0.11860024047522458,0.6316746187504784,0.7427899454373577,0.46421839881351007,0
5286,0.38645538360602,-0.4725647677827816,-0.1264238886901611,2.434328252449941,0.11786734586397894,1.851094942986652,1
4612,-0.31082033672059145,-0.3328973801277757,-0.5280554211664421,-0.46279365885276647,-0.38207073379472406,-0.922658145359632,0
3159,0.6653656717366646,0.6261520151032652,0.6742386843255039,-0.2696521980992527,0.36783638569333044,0.46421839881351007,0
979,0.2470002395406977,0.3747507173242545,0.40812167611639993,-0.7203156065241186,-0.0071171740506968135,0.46421839881351007,1
2765,-0.17136519265526917,-0.2677192658887729,-0.5592613244092036,-0.2696521980992527,1.4926970649254123,0.46421839881351007,1
2426,-0.031910048589946886,-0.40738665354377884,-0.428080953370188,0.6316746187504784,0.36783638569333044,0.46421839881351007,0
8534,-1.1475512011125253,-0.9195004082788008,-1.0406412762836528,-0.884193209587706,0.9927589852667092,-0.922658145359632,0
991,-0.7291857689165584,-0.8450111348627976,-1.148128276342053,0.271143892010586,1.2427280250960608,-0.922658145359632,0
6146,2.4782825445858543,3.950235841292407,2.777458774177914,-0.7203156065241186,-0.6320397736240756,-0.922658145359632,1
5789,-0.031910048589946886,-0.10011840070276574,-0.29458903394281993,-0.35978487978422613,-0.8820088134534271,-0.922658145359632,0
2800,-0.031910048589946886,-0.30496390259677447,-0.05303222735996307,0.25034404239097685,-1.38194689311213,-0.922658145359632,0
1399,-0.17136519265526917,-0.16995209453026872,0.10213045820821182,-0.5400502431541724,-0.2570862138800483,-0.922658145359632,0
1949,-0.4502754807859138,-0.48653150654828226,-0.5884446228121565,-0.3736514461972989,1.4926970649254123,0.46421839881351007,0
8410,-1.984282065504459,-1.5247257547838267,-1.4919710991095168,2.8849916608748067,1.7426661047547638,-0.922658145359632,0
5837,0.9442759598673092,1.063776496422284,0.6346534181749645,-0.4048512206267125,-1.8818849727708329,0.46421839881351007,1
7770,-0.31082033672059145,-0.7053437472077916,-0.5049399372829152,1.0823380271753442,1.3677125450107366,1.851094942986652,1
7728,-0.4502754807859138,-0.8403555552742974,-0.8135316471280002,1.3827802994585883,0.8677744653520334,-0.922658145359632,1
6962,0.2470002395406977,0.2630168072002498,0.15153980500925077,-0.5082387084418284,0.11786734586397894,0.46421839881351007,1
5320,0.5259105276713423,0.3002614439082513,-0.13278064675813084,0.06834535821939652,1.117743505181385,0.46421839881351007,1
886,-1.5659166333084922,-1.534036913960827,-1.2862432925461265,10.546269604097523,0.6178054255226819,0.46421839881351007,0
6511,-1.984282065504459,-1.4502364813678235,-1.3532781958083548,0.0007458469556669184,-0.5070552537093999,0.46421839881351007,0
4464,-0.5897306248512361,-0.6308544737917884,-0.8886569697494628,-0.2696521980992527,0.8677744653520334,0.46421839881351007,0
4543,-0.31082033672059145,-0.3328973801277757,-0.5858441308752595,-0.46279365885276647,-1.6319159329414814,-0.922658145359632,0
6110,-0.8686409129818806,-1.1895240244118122,-0.985742002060276,2.8849916608748067,0.11786734586397894,0.46421839881351007,0
2805,1.9204619683245652,1.7155576388123117,2.034295967322522,0.5415419370655056,0.11786734586397894,1.851094942986652,1
5449,1.5020965361285983,1.5898569899228063,0.7955949747140207,-0.07651073734573895,-0.2570862138800483,-0.922658145359632,1
7405,-1.5659166333084922,-1.1755572856463117,-1.2830649135121417,-1.020757878807362,0.4928209056080062,0.46421839881351007,0
2741,1.0837311039326314,0.5982185375722641,0.5641511923302069,0.7443404708566951,-0.6320397736240756,1.851094942986652,1
4804,-0.7291857689165584,-0.6867214288537907,-0.7551650503220947,-0.4949839023116854,0.8677744653520334,-0.922658145359632,0
6045,0.2470002395406977,0.5982185375722641,0.17234374050442516,-1.080846333264011,2.3675887043281425,1.851094942986652,1
7439,-0.31082033672059145,-0.6122321554377876,-0.5974018728170231,0.5907052179845815,0.8677744653520334,-0.922658145359632,0
8140,-1.1475512011125253,-0.854322294039798,-0.8828780987785811,-1.1709790149489838,-1.38194689311213,0.46421839881351007,0
6342,0.9442759598673092,0.7937528802892724,0.7771025876071993,0.03079007418399119,-0.13210169396537258,1.851094942986652,1
1522,0.38645538360602,0.34216166020475314,0.2925442566987651,-0.3491810348801111,-0.0071171740506968135,-0.922658145359632,1
6885,-1.8448269214391366,-1.3850583671288206,-1.2917332199684641,-0.2696521980992527,-0.2570862138800483,0.46421839881351007,0
3623,-0.31082033672059145,-0.7984553389777955,-0.29112171136029075,1.683222571741832,-0.5070552537093999,0.46421839881351007,0
5796,-0.7291857689165584,-0.528431722844784,-0.9614707439825727,-1.0422180411133084,1.617681584840088,-0.922658145359632,0
607,1.0837311039326314,0.877553312882276,1.2922889346613065,0.18101121032561315,0.8677744653520334,0.46421839881351007,1
3809,0.2470002395406977,0.03954898695224022,-0.29921213071952507,0.0007458469556669184,2.117619664498791,1.851094942986652,1
4773,-0.8686409129818806,-0.7425883839157932,-0.796195034215355,-0.7203156065241186,-0.6320397736240756,-0.922658145359632,0
6143,0.8048208158019868,0.05817130530624101,0.9860087732045741,1.4983350195675278,2.4925732242428182,1.851094942986652,1
4178,0.38645538360602,-0.007006808932761768,0.5670406278156478,0.502913644914803,-0.0071171740506968135,0.46421839881351007,1
6491,-1.0080960570472028,-1.0079564204603044,-1.0828270343710893,0.18101121032561315,0.9927589852667092,-0.922658145359632,0
7827,0.2470002395406977,0.03954898695224022,0.07525870819361152,0.0007458469556669184,0.7427899454373577,-0.922658145359632,1
5730,-2.1237372095697813,-1.5061034364298258,-1.4957273652405896,0.4063429145380458,0.4928209056080062,-0.922658145359632,0
5173,0.5259105276713423,0.17921637460724618,0.3104587567084983,0.3612765736955594,-0.0071171740506968135,0.46421839881351007,1
3284,-0.31082033672059145,-0.14667419658776773,-0.1177555822338385,-0.9456473107365512,0.7427899454373577,-0.922658145359632,0
1708,-2.2631923536351035,-1.4967922772528253,-1.6306640024106784,-1.080846333264011,-1.6319159329414814,0.46421839881351007,0
2768,-0.031910048589946886,0.20714985213824738,-0.0021781628162036806,-1.020757878807362,-0.2570862138800483,-0.922658145359632,1
6221,1.362641392063276,0.8961756312362767,1.261083031418545,0.7642226800519096,-0.13210169396537258,0.46421839881351007,1
1276,-1.4264614892431697,-1.0777901142878075,-1.1313695505264958,-1.080846333264011,-0.38207073379472406,-0.922658145359632,0
4882,-0.17136519265526917,-0.16995209453026872,-0.14664993708824722,-0.5400502431541724,0.36783638569333044,-0.922658145359632,0
2406,0.8048208158019868,0.05817130530624101,0.7352057730683064,1.4983350195675278,-0.2570862138800483,0.46421839881351007,1
3292,-0.031910048589946886,-0.10011840070276574,-0.0784592596318426,-0.35978487978422613,1.4926970649254123,-0.922658145359632,0
1905,-0.7291857689165584,-0.8450111348627976,-0.7649891309725936,0.271143892010586,-1.5069314130268057,0.46421839881351007,0
7848,0.6653656717366646,0.6261520151032652,1.087716902292093,-0.2696521980992527,1.2427280250960608,1.851094942986652,0
3676,1.0837311039326314,0.73788592522727,1.56967474126363,0.446107332928475,-1.2569623731974542,0.46421839881351007,1
63,-0.8686409129818806,-0.8170776573317964,-0.8886569697494628,-0.39256040039694323,-0.6320397736240756,0.46421839881351007,0
2388,1.5020965361285983,1.8971252427638194,1.8158546446231922,-0.4459987492220264,0.4928209056080062,1.851094942986652,1
3218,-1.7053717773738144,-1.3105690937128174,-1.446895905536639,-0.46279365885276647,-0.0071171740506968135,0.46421839881351007,0
7391,0.6653656717366646,0.5004513662137599,0.45579736162617435,-0.031065687756677028,-0.0071171740506968135,0.46421839881351007,0
110,0.5259105276713423,0.4213065132092565,-0.1853683725931548,-0.19012336131839436,-1.0069933333681027,-0.922658145359632,1
6104,-1.2870063451778475,-0.9707117837523029,-1.101897308574999,-1.130009614183087,-0.7570242935387513,-0.922658145359632,0
8447,0.6653656717366646,0.877553312882276,0.986297716753118,-0.6752492656816316,0.2428518657786547,-0.922658145359632,0
3964,-0.8686409129818806,-0.66809911049979,-0.9672496149534545,-0.997646934785574,0.9927589852667092,-0.922658145359632,0
6634,0.1075450954753754,0.07679362366024181,0.3275064260725997,-0.43865097625857735,-0.7570242935387513,-0.922658145359632,0
3612,0.6653656717366646,0.5004513662137599,0.8380696763500014,-0.031065687756677028,0.9927589852667092,-0.922658145359632,1
1577,0.2470002395406977,-0.18391883329576933,0.42892561161157405,0.6663410347831609,-0.5070552537093999,0.46421839881351007,1
817,-0.17136519265526917,-0.7565551226812938,-0.013158017660879186,1.983664844025076,-0.7570242935387513,1.851094942986652,1
8248,-0.7291857689165584,-0.6867214288537907,-0.5832436389383628,-0.4949839023116854,-0.2570862138800483,-0.922658145359632,0
4425,0.38645538360602,0.22577217049224818,0.07583659529069983,-0.1006534199399281,-0.6320397736240756,-0.922658145359632,0
2622,-0.31082033672059145,-0.42600897189777964,-0.3546892920399899,-0.16565295000120656,0.6178054255226819,-0.922658145359632,0
2337,-0.31082033672059145,-0.42600897189777964,-0.7534313890308301,-0.16565295000120656,-1.1319778532827784,-0.922658145359632,0
5061,-1.4264614892431697,-1.3571248895978194,-1.4364939377890518,2.1639302073950217,0.8677744653520334,0.46421839881351007,0
1261,-0.31082033672059145,-0.3328973801277757,-0.013735904757967163,-0.46279365885276647,-0.0071171740506968135,0.46421839881351007,0
2833,0.9442759598673092,0.5237292641562609,0.802240676330535,0.5753416926973705,1.7426661047547638,0.46421839881351007,1
5700,0.1075450954753754,0.29095028473125095,-0.28389812264668857,-0.8705367426657405,0.2428518657786547,-0.922658145359632,0
4544,-0.7291857689165584,-0.8450111348627976,-1.0056791069098179,0.271143892010586,-0.2570862138800483,-0.922658145359632,0
3496,0.8048208158019868,0.8403086761742744,0.9374662570491673,-0.3408095783768633,-0.38207073379472406,1.851094942986652,1
8793,-0.17136519265526917,-0.5610207799642855,-0.5835325824869069,0.8365216225799632,-0.5070552537093999,1.851094942986652,1
8242,0.8048208158019868,-0.2025411516497701,0.45204109549510096,2.5572364547476316,0.6178054255226819,1.851094942986652,1
1507,-0.31082033672059145,-0.7053437472077916,-0.4702667114576247,1.0823380271753442,-0.0071171740506968135,0.46421839881351007,1
1830,0.2470002395406977,-0.07218492317176455,0.03365083720326338,0.3097721841612886,-0.0071171740506968135,0.46421839881351007,0
7040,-1.8448269214391366,-1.301257934535817,-1.4191573248764067,-1.2836448670552005,-0.2570862138800483,-0.922658145359632,0
1031,0.1075450954753754,-0.24444136794627191,0.10819827272763738,0.4583425385870686,0.36783638569333044,0.46421839881351007,0
1862,-0.5897306248512361,-0.7984553389777955,-0.8574510665067014,0.5415419370655056,2.2426041844134668,0.46421839881351007,1
3338,-1.5659166333084922,-1.2267686611198139,-1.3561676312937958,-0.6076497544179019,0.36783638569333044,0.46421839881351007,0
8918,-0.4502754807859138,-0.8403555552742974,-0.7092230261035847,1.3827802994585883,0.4928209056080062,1.851094942986652,0
8085,1.781006824259243,2.1112819038348287,1.7444855881328027,-0.21087001439166128,-1.7569004528561571,0.46421839881351007,1
5633,0.5259105276713423,0.3002614439082513,0.7161354988643969,0.06834535821939652,-1.2569623731974542,1.851094942986652,0
7246,0.9442759598673092,1.1987883044887897,1.6736944187395013,-0.5915546326884425,-0.6320397736240756,0.46421839881351007,1
5874,0.2470002395406977,0.2630168072002498,0.623095676233201,-0.5082387084418284,0.7427899454373577,0.46421839881351007,0
8356,-0.4502754807859138,-0.2211634700037709,-0.45119643725371505,-1.1146460888958758,-1.8818849727708329,-0.922658145359632,0
8446,1.6415516801939205,1.5293344552723038,2.1822350641770947,0.271143892010586,-1.1319778532827784,1.851094942986652,0
1623,-1.5659166333084922,-1.277980036593316,-1.1908919215265779,-0.07651073734573895,0.7427899454373577,-0.922658145359632,0
4375,0.1075450954753754,0.07679362366024181,0.6930200149808698,-0.43865097625857735,-0.5070552537093999,0.46421839881351007,0
2025,-0.031910048589946886,-0.30496390259677447,-0.1483835983795118,0.25034404239097685,0.4928209056080062,-0.922658145359632,0
1918,-0.17136519265526917,-0.07218492317176455,-0.43790503402068703,-0.7766485325772265,-0.0071171740506968135,0.46421839881351007,0
3408,-1.0080960570472028,-0.8682890328052986,-0.7794363083997979,-0.6383768049923249,-0.6320397736240756,-0.922658145359632,0
8857,-0.4502754807859138,-0.2211634700037709,-0.434726654986702,-1.1146460888958758,0.2428518657786547,-0.922658145359632,0
8077,-0.17136519265526917,-0.5610207799642855,-0.4682441066178161,0.8365216225799632,3.3674648636455484,-0.922658145359632,0
569,0.9442759598673092,0.6587410722227667,0.7016883214371922,0.28704965936675764,1.7426661047547638,0.46421839881351007,1
6164,0.1075450954753754,0.07679362366024181,-0.25066961456411857,-0.43865097625857735,-0.2570862138800483,-0.922658145359632,0
8165,0.6653656717366646,0.877553312882276,-0.14491627579698263,-0.6752492656816316,0.6178054255226819,-0.922658145359632,1
250,0.5259105276713423,-0.30496390259677447,0.6785728375536655,2.0656036455568696,-1.1319778532827784,1.851094942986652,0
2999,1.0837311039326314,1.017220700537282,0.3907850632037547,-0.05618005726642155,-0.8820088134534271,-0.922658145359632,1
925,0.1075450954753754,-0.24444136794627191,-0.1975040016320066,0.4583425385870686,-2.506807572344212,0.46421839881351007,1
7939,0.6653656717366646,0.5004513662137599,0.42459145838341306,-0.031065687756677028,-1.0069933333681027,0.46421839881351007,0
6323,1.5020965361285983,2.050759369184326,1.5488708057684555,-0.6076497544179019,-1.7569004528561571,-0.922658145359632,1
5995,0.9442759598673092,0.9287646883557782,0.467066160019394,-0.19849481782164213,0.9927589852667092,0.46421839881351007,1
4319,1.0837311039326314,0.877553312882276,1.1796009507291125,0.18101121032561315,-0.6320397736240756,0.46421839881351007,1
5434,0.38645538360602,-0.007006808932761768,0.4875811519660236,0.502913644914803,0.8677744653520334,1.851094942986652,1
5670,0.6653656717366646,0.5004513662137599,0.47920178905824545,-0.031065687756677028,0.2428518657786547,0.46421839881351007,0
2328,-1.1475512011125253,-1.0498566367568063,-1.1498619376333177,-0.11943106195763077,-0.13210169396537258,-0.922658145359632,0
3191,-1.4264614892431697,-1.2453909794738147,-1.4156900022938776,0.3097721841612886,0.2428518657786547,-0.922658145359632,0
1855,0.5259105276713423,0.4213065132092565,0.4607094019514236,-0.19012336131839436,0.11786734586397894,-0.922658145359632,1
2891,-2.2631923536351035,-1.4967922772528253,-1.5855888088378007,-1.080846333264011,-0.0071171740506968135,-0.922658145359632,0
7819,0.2470002395406977,0.4864846274482593,0.7895271601945949,-0.9100686205977462,-0.38207073379472406,-0.922658145359632,1
8782,0.1075450954753754,0.39802861526675554,0.30756932122305747,-1.0523833811529668,0.7427899454373577,-0.922658145359632,1
7218,0.2470002395406977,-0.2956527434197741,0.005912256543030626,1.0823380271753442,-0.5070552537093999,0.46421839881351007,1
7542,-1.1475512011125253,-1.0498566367568063,-0.9759179214097771,-0.11943106195763077,1.3677125450107366,0.46421839881351007,0
6315,0.2470002395406977,-0.07218492317176455,-0.06343419510755027,0.3097721841612886,-1.0069933333681027,0.46421839881351007,0
6284,-0.17136519265526917,-0.2677192658887729,-0.5774647679674811,-0.2696521980992527,0.7427899454373577,0.46421839881351007,0
6102,2.8966479767818214,3.5684783150353905,3.111766459843423,0.14634479429293068,0.11786734586397894,3.2379714871597938,1
2368,-0.5897306248512361,-0.714654906384792,-0.7950392600211786,0.09907240879381946,-0.0071171740506968135,0.46421839881351007,0
3471,-0.7291857689165584,-0.7658662818582942,-0.9172623810553275,-0.1467439958015622,0.36783638569333044,-0.922658145359632,0
2849,-0.31082033672059145,-0.6122321554377876,0.015158450096441543,0.5907052179845815,-0.0071171740506968135,-0.922658145359632,0
6530,-0.5897306248512361,-0.7984553389777955,-0.7638333567784171,0.5415419370655056,1.2427280250960608,0.46421839881351007,0
8732,-1.1475512011125253,-1.0498566367568063,-1.1539071473129345,-0.11943106195763077,-1.0069933333681027,0.46421839881351007,0
3541,-1.8448269214391366,-1.4269585834253224,-1.5049735587940005,0.5415419370655056,1.4926970649254123,-0.922658145359632,0
2492,-0.031910048589946886,-0.40738665354377884,0.016892111387706132,0.6316746187504784,1.117743505181385,-0.922658145359632,1
4599,-0.8686409129818806,-0.9660562041638027,-0.97187271173016,0.48145348260885645,-1.8818849727708329,-0.922658145359632,0
8067,-2.960468073961715,-1.6318040853193312,-1.8046080186342186,-1.6216424233738498,0.2428518657786547,-0.922658145359632,0
1595,-0.4502754807859138,-0.39807549436677847,-0.434726654986702,-0.6559351196062803,-0.6320397736240756,-0.922658145359632,0
1441,0.9442759598673092,0.6587410722227667,0.8944136683160987,0.28704965936675764,-0.13210169396537258,0.46421839881351007,1
2774,-1.2870063451778475,-1.2128019223543132,-0.9028152036281231,0.6960551056683167,-0.5070552537093999,-0.922658145359632,0
1646,-0.17136519265526917,-0.07218492317176455,-0.08597179189398893,-0.7766485325772265,0.4928209056080062,0.46421839881351007,0
103,1.2231862479979538,1.8272915489363166,1.961193249540868,-0.8329814586303346,0.11786734586397894,-0.922658145359632,1
2531,-0.4502754807859138,-0.39807549436677847,-0.5006057840547539,-0.6559351196062803,0.4928209056080062,-0.922658145359632,0
3323,1.2231862479979538,1.2499996799622919,1.3252284991953318,-0.1344531755717929,0.7427899454373577,0.46421839881351007,1
5027,-0.031910048589946886,0.0023043502442386295,0.010535353319736084,-0.6076497544179019,-1.0069933333681027,-0.922658145359632,0
1215,-0.8686409129818806,-0.9660562041638027,-1.0042343891670977,0.48145348260885645,1.9926351445841153,0.46421839881351007,0
1798,-0.031910048589946886,-0.2025411516497701,0.02324886945567585,-0.07651073734573895,-1.7569004528561571,0.46421839881351007,0
4597,-0.8686409129818806,-0.8170776573317964,-0.3477546468749319,-0.39256040039694323,0.6178054255226819,-0.922658145359632,0
8930,-1.1475512011125253,-1.1802128652348118,-0.9233301955747533,1.0823380271753442,-0.13210169396537258,0.46421839881351007,0
6218,-0.031910048589946886,-0.10011840070276574,-0.24373496939906053,-0.35978487978422613,-0.2570862138800483,-0.922658145359632,0
6094,-0.4502754807859138,-0.574987518729786,-0.8025517922833248,-0.044320493886820085,2.3675887043281425,0.46421839881351007,1
7569,-1.1475512011125253,-1.115034750995809,-1.2712182280218343,0.4063429145380458,-1.5069314130268057,0.46421839881351007,0
3295,0.5259105276713423,0.7844417211122721,1.234500224952489,-0.8104482882090914,-0.2570862138800483,-0.922658145359632,1
8359,0.5259105276713423,0.4213065132092565,0.38558407932996097,-0.19012336131839436,-2.506807572344212,0.46421839881351007,0
1600,-0.4502754807859138,-0.574987518729786,-0.945289905264104,-0.044320493886820085,0.4928209056080062,-0.922658145359632,1
4000,0.1075450954753754,0.39802861526675554,0.25440370829094583,-1.0523833811529668,0.36783638569333044,0.46421839881351007,0
2429,1.6415516801939205,1.5293344552723038,2.260827709381086,0.271143892010586,-0.13210169396537258,0.46421839881351007,1
7948,-0.8686409129818806,-1.115034750995809,-0.6251404534772554,1.8549038701893994,0.11786734586397894,0.46421839881351007,0
7891,1.5020965361285983,2.050759369184326,1.7586438220114624,-0.6076497544179019,0.7427899454373577,-0.922658145359632,1
5916,2.19937225645521,2.6094289198043494,2.732961467702125,-0.044320493886820085,0.36783638569333044,0.46421839881351007,1
2779,1.5020965361285983,1.5898569899228063,1.7681789591134178,-0.07651073734573895,0.4928209056080062,-0.922658145359632,1
408,-0.5897306248512361,-0.5470540411987849,-0.4829802275935647,-0.5816499423933906,3.117495823816197,-0.922658145359632,1
372,-1.5659166333084922,-1.277980036593316,-1.489659550721164,-0.07651073734573895,-1.5069314130268057,-0.922658145359632,0
447,-0.8686409129818806,-1.040545477579806,-0.8932800665261681,1.0823380271753442,0.2428518657786547,-0.922658145359632,0
4398,0.1075450954753754,-0.24444136794627191,0.028449853329469615,0.4583425385870686,0.11786734586397894,0.46421839881351007,0
5302,-0.17136519265526917,0.025582248186739622,-0.6927532438365718,-0.9854117291269804,-1.38194689311213,-0.922658145359632,0
4293,-1.0080960570472028,-0.7984553389777955,-1.0264830424049924,-0.9456473107365512,0.11786734586397894,-0.922658145359632,0
4874,0.1075450954753754,0.07679362366024181,0.4537747567863659,-0.43865097625857735,1.3677125450107366,0.46421839881351007,0
2921,0.1075450954753754,-0.3515196984817765,0.11484397434415158,0.8570063229629117,-0.6320397736240756,0.46421839881351007,0
6432,-1.8448269214391366,-1.3850583671288206,-1.4607651958667551,-0.2696521980992527,-0.38207073379472406,-0.922658145359632,0
2771,-0.4502754807859138,-0.6634435309112898,-0.6543237518802082,0.3448888133892005,-0.7570242935387513,-0.922658145359632,0
1843,-0.31082033672059145,-0.7053437472077916,-0.05418800155413935,1.0823380271753442,-0.13210169396537258,-0.922658145359632,1
7223,-1.0080960570472028,-1.0079564204603044,-0.8834559858756692,0.18101121032561315,1.2427280250960608,0.46421839881351007,0
50,0.2470002395406977,0.3747507173242545,0.3803830954561679,-0.7203156065241186,-0.7570242935387513,-0.922658145359632,0
721,0.38645538360602,-0.12339629864526673,0.35033296640758255,0.8743395309792525,-0.5070552537093999,1.851094942986652,1
8247,-0.5897306248512361,-0.5470540411987849,-0.7742353245260043,-0.5816499423933906,-0.6320397736240756,-0.922658145359632,0
1642,0.9442759598673092,1.063776496422284,0.8608962166849842,-0.4048512206267125,0.36783638569333044,1.851094942986652,1
7544,0.1075450954753754,-0.030284706875262763,-0.10446417900081044,-0.1795195164142793,0.8677744653520334,3.2379714871597938,0
1745,-1.5659166333084922,-1.0219231592258051,-1.101897308574999,-1.8469741275862825,0.4928209056080062,-0.922658145359632,0
2107,-0.031910048589946886,0.20714985213824738,0.302946224446352,-1.020757878807362,1.117743505181385,-0.922658145359632,1
4090,1.2231862479979538,1.2499996799622919,1.065468249054198,-0.1344531755717929,-0.0071171740506968135,0.46421839881351007,1
460,0.38645538360602,0.4585511499172581,0.6465001036652718,-0.5700944703824966,-0.5070552537093999,-0.922658145359632,0
747,1.2231862479979538,0.9613537454752795,1.1102544990785315,0.3312323464672351,0.36783638569333044,-0.922658145359632,1
3042,-0.8686409129818806,-0.9660562041638027,-0.9348879375165168,0.48145348260885645,-1.0069933333681027,-0.922658145359632,0
5129,0.38645538360602,0.34216166020475314,0.44423961968441084,-0.3491810348801111,0.11786734586397894,-0.922658145359632,1
2038,0.2470002395406977,0.03954898695224022,0.10299728885384428,0.0007458469556669184,0.4928209056080062,-0.922658145359632,0
1464,1.0837311039326314,1.4362228635022998,0.8242003860198853,-0.6383768049923249,-1.6319159329414814,0.46421839881351007,1
151,-0.8686409129818806,-0.8915669307477996,-0.48644755017609365,0.0007458469556669184,-2.2568385325148603,-0.922658145359632,0
516,-0.31082033672059145,-0.7984553389777955,0.09028377271790418,1.683222571741832,0.6178054255226819,0.46421839881351007,0
7010,0.2470002395406977,0.2630168072002498,0.29023270831041253,-0.5082387084418284,-0.38207073379472406,-0.922658145359632,0
526,0.6653656717366646,0.6261520151032652,0.6976431117575753,-0.2696521980992527,-1.1319778532827784,-0.922658145359632,1
7062,0.2470002395406977,0.15128289707624498,-0.11197671126295676,-0.2696521980992527,0.11786734586397894,-0.922658145359632,0
2648,-0.4502754807859138,-0.574987518729786,-0.895880558463065,-0.044320493886820085,-0.0071171740506968135,0.46421839881351007,0
1897,-1.1475512011125253,-0.9846785225178035,-1.101319421477911,-0.5400502431541724,1.617681584840088,0.46421839881351007,0
5058,1.9204619683245652,2.7211628299283546,2.6272081289349885,-0.5816499423933906,-0.2570862138800483,-0.922658145359632,1
962,-1.984282065504459,-1.3385025712438186,-1.4711671636143422,-1.6216424233738498,0.7427899454373577,-0.922658145359632,0
781,0.5259105276713423,0.3002614439082513,0.5132971277864475,0.06834535821939652,-0.8820088134534271,0.46421839881351007,1
3293,0.1075450954753754,-0.24444136794627191,-0.11110988061732431,0.4583425385870686,1.2427280250960608,-0.922658145359632,1
4841,2.4782825445858543,2.274227189432336,2.3267068384491383,0.8248160795039922,0.8677744653520334,1.851094942986652,1
7288,-1.4264614892431697,-1.1895240244118122,-1.2041833247596059,-0.2696521980992527,0.7427899454373577,-0.922658145359632,0
8505,0.5259105276713423,0.05817130530624101,-0.4933821953411517,0.6960551056683167,0.4928209056080062,0.46421839881351007,1
1292,-0.8686409129818806,-0.9660562041638027,-0.7360947761181849,0.48145348260885645,0.4928209056080062,0.46421839881351007,0
392,-0.7291857689165584,-0.6867214288537907,-1.0351513488613149,-0.4949839023116854,-0.0071171740506968135,0.46421839881351007,0
3342,-1.5659166333084922,-1.3291914120668182,-1.4292703490754497,0.6316746187504784,-0.7570242935387513,-0.922658145359632,0
1895,1.362641392063276,1.343111271732296,1.5199764509140468,0.0007458469556669184,-1.1319778532827784,1.851094942986652,1
357,-1.1475512011125253,-1.115034750995809,-1.1741331957110208,0.4063429145380458,-0.38207073379472406,-0.922658145359632,0
3740,-0.31082033672059145,-0.2397857883577717,-0.07730348543766631,-0.7203156065241186,0.36783638569333044,-0.922658145359632,0
4346,-0.8686409129818806,-0.9660562041638027,-0.9811189052835707,0.48145348260885645,-2.381823052429536,0.46421839881351007,0
4637,-1.5659166333084922,-1.1755572856463117,-1.1940703005605628,-1.020757878807362,-1.7569004528561571,0.46421839881351007,0
7806,-1.1475512011125253,-0.9846785225178035,-0.9273754052543705,-0.5400502431541724,1.2427280250960608,0.46421839881351007,0
6275,-1.984282065504459,-1.5247257547838267,-1.5751868410902137,2.8849916608748067,0.7427899454373577,0.46421839881351007,0
4240,0.8048208158019868,0.18852753378424658,0.8727429021752922,1.0823380271753442,0.7427899454373577,1.851094942986652,1
6843,0.1075450954753754,-0.24444136794627191,0.4072548454707675,0.4583425385870686,-0.38207073379472406,-0.922658145359632,0
7632,-0.8686409129818806,-0.8170776573317964,-0.8979031633028736,-0.39256040039694323,-1.2569623731974542,0.46421839881351007,1
1564,-1.1475512011125253,-1.115034750995809,-1.1458167279537002,0.4063429145380458,0.36783638569333044,-0.922658145359632,0
3187,-0.8686409129818806,-0.5936098370837868,-0.8239336148755873,-1.2353595018668222,-2.1318540126001846,0.46421839881351007,0
5676,-0.5897306248512361,-0.7984553389777955,-0.5401910502052938,0.5415419370655056,-0.8820088134534271,0.46421839881351007,0
7365,0.1075450954753754,0.18387195419574637,0.3806720390047117,-0.6672963820035458,-0.6320397736240756,-0.922658145359632,0
7554,1.781006824259243,3.08895361741987,1.865841878521319,-1.0621981922257406,0.11786734586397894,-0.922658145359632,1
8850,2.0599171123898876,2.669951454454852,1.8427263946377923,-0.32373180711023664,0.11786734586397894,-0.922658145359632,1
366,-0.8686409129818806,-0.66809911049979,-1.1614196795750809,-0.997646934785574,0.4928209056080062,-0.922658145359632,0
4734,-0.17136519265526917,-0.2677192658887729,-0.5289222518120744,-0.2696521980992527,0.8677744653520334,0.46421839881351007,0
1458,-0.5897306248512361,-0.6308544737917884,-0.9406668084873985,-0.2696521980992527,-0.6320397736240756,0.46421839881351007,0
7418,-0.31082033672059145,-0.2397857883577717,-0.34891042106910813,-0.7203156065241186,-0.5070552537093999,0.46421839881351007,0
4022,0.1075450954753754,0.18387195419574637,-0.24402391294760437,-0.6672963820035458,0.11786734586397894,1.851094942986652,0
6906,0.9442759598673092,1.063776496422284,0.8608962166849842,-0.4048512206267125,2.3675887043281425,-0.922658145359632,1
2608,-1.2870063451778475,-1.0312343184028054,-1.2145852925071932,-0.8104482882090914,1.2427280250960608,0.46421839881351007,0
3610,1.0837311039326314,0.5982185375722641,0.8415369989325305,0.7443404708566951,-0.13210169396537258,-0.922658145359632,1
6907,-1.8448269214391366,-1.3850583671288206,-1.4061548651919227,-0.2696521980992527,-0.7570242935387513,0.46421839881351007,0
1381,1.2231862479979538,1.6829685816928104,1.3162712491904656,-0.681127484052391,-1.0069933333681027,0.46421839881351007,1
5545,0.8048208158019868,1.1010211331302855,1.0750033861561532,-0.7203156065241186,1.2427280250960608,0.46421839881351007,1
5611,1.6415516801939205,2.3207829853173374,2.2411795480800887,-0.6482094611761396,0.6178054255226819,-0.922658145359632,1
8991,0.9442759598673092,1.1987883044887897,1.263105636258354,-0.5915546326884425,-1.0069933333681027,-0.922658145359632,0
6982,-0.4502754807859138,-0.574987518729786,-0.41825687271968903,-0.044320493886820085,-0.0071171740506968135,0.46421839881351007,0
7931,0.8048208158019868,0.8403086761742744,0.9455566764084019,-0.3408095783768633,0.2428518657786547,0.46421839881351007,1
298,-0.7291857689165584,-0.6867214288537907,-0.8877901391038305,-0.4949839023116854,0.8677744653520334,0.46421839881351007,0
3805,-0.31082033672059145,-0.5191205636677836,-0.6378539696131952,0.18101121032561315,-1.5069314130268057,0.46421839881351007,0
6134,-1.0080960570472028,-1.0777901142878075,-1.3775494538860582,0.7443404708566951,1.3677125450107366,0.46421839881351007,0
7536,0.38645538360602,0.22577217049224818,-0.018070057986128468,-0.1006534199399281,-0.0071171740506968135,0.46421839881351007,1
1648,0.2470002395406977,-0.40738665354377884,0.6855074827187235,1.5739708363661065,0.2428518657786547,0.46421839881351007,1
8907,1.2231862479979538,0.8170307782317734,1.513330749297533,0.6051650064901923,-0.2570862138800483,0.46421839881351007,1
3454,2.0599171123898876,2.669951454454852,2.462799249813403,-0.32373180711023664,0.8677744653520334,1.851094942986652,1
2675,1.0837311039326314,1.296555475847294,1.2402790959233707,-0.46279365885276647,0.7427899454373577,-0.922658145359632,1
5865,-0.7291857689165584,-0.7658662818582942,-0.6716603647928535,-0.1467439958015622,-0.38207073379472406,-0.922658145359632,0
4889,-1.2870063451778475,-1.2128019223543132,-1.3084919457840214,0.6960551056683167,0.11786734586397894,-0.922658145359632,0
8295,0.5259105276713423,0.6633966518112668,0.956536531253077,-0.6254390994873045,-0.13210169396537258,-0.922658145359632,0
5987,-0.8686409129818806,-1.1895240244118122,-0.939511034293222,2.8849916608748067,1.117743505181385,3.2379714871597938,0
4567,0.2470002395406977,-0.07218492317176455,0.2624941276501798,0.3097721841612886,-0.6320397736240756,-0.922658145359632,1
2263,-0.17136519265526917,-0.2677192658887729,-0.7230923164337009,-0.2696521980992527,0.2428518657786547,0.46421839881351007,0
5071,-0.031910048589946886,-0.30496390259677447,-0.2755187597389101,0.25034404239097685,-0.0071171740506968135,-0.922658145359632,1
8180,-0.8686409129818806,-0.8915669307477996,-1.0920732279245,0.0007458469556669184,-0.0071171740506968135,-0.922658145359632,0
4534,-1.1475512011125253,-0.9195004082788008,-0.8019739051862367,-0.884193209587706,-0.38207073379472406,-0.922658145359632,0
5808,-1.1475512011125253,-0.9846785225178035,-1.0406412762836528,-0.5400502431541724,0.6178054255226819,0.46421839881351007,0
8456,-1.2870063451778475,-1.2128019223543132,-1.0943847763128527,0.6960551056683167,-0.7570242935387513,0.46421839881351007,0
2704,1.0837311039326314,1.1568880881922878,1.2402790959233707,-0.2696521980992527,-0.0071171740506968135,0.46421839881351007,1
7654,0.5259105276713423,0.3002614439082513,0.7612106924372745,0.06834535821939652,0.9927589852667092,0.46421839881351007,1
1800,-0.4502754807859138,-0.8403555552742974,-1.104497800511896,1.3827802994585883,0.7427899454373577,0.46421839881351007,1
2373,-0.8686409129818806,-0.9660562041638027,-1.2215199376722512,0.48145348260885645,1.2427280250960608,0.46421839881351007,0
2989,-1.7053717773738144,-1.1709017060578115,-1.311092437720918,-1.6216424233738498,-0.5070552537093999,-0.922658145359632,0
1322,-0.17136519265526917,-0.5610207799642855,-0.5653291389286293,0.8365216225799632,-0.7570242935387513,-0.922658145359632,0
4199,-0.7291857689165584,-1.0033008408718043,-0.819021574550338,1.4203355834939935,-0.7570242935387513,-0.922658145359632,0
1965,0.8048208158019868,0.3188837622622521,0.23359977279577143,0.7218073004354518,-0.38207073379472406,0.46421839881351007,1
176,2.0599171123898876,1.9809256753568232,2.0030900640797604,0.43853315799696463,-0.0071171740506968135,0.46421839881351007,1
2962,-1.2870063451778475,-1.0917568530533082,-1.2596604860800706,-0.4198733342408747,-0.2570862138800483,0.46421839881351007,0
2938,0.38645538360602,0.22577217049224818,-0.04696441284053718,-0.1006534199399281,-0.38207073379472406,-0.922658145359632,1
5851,1.2231862479979538,1.2499996799622919,1.1012972490736648,-0.1344531755717929,1.3677125450107366,-0.922658145359632,1
7864,1.2231862479979538,1.3943226472057981,1.128168999088265,-0.33403268501709044,-0.6320397736240756,-0.922658145359632,1
782,-1.1475512011125253,-1.1802128652348118,-1.0244604375651838,1.0823380271753442,-1.38194689311213,-0.922658145359632,0
2970,1.0837311039326314,1.1568880881922878,1.1102544990785315,-0.2696521980992527,-0.13210169396537258,1.851094942986652,1
1212,1.2231862479979538,1.1056767127187856,0.7250927488692632,0.08613470328879902,-1.1319778532827784,0.46421839881351007,0
7395,-0.031910048589946886,0.0023043502442386295,0.09317320820334506,-0.6076497544179019,0.36783638569333044,0.46421839881351007,0
945,-0.7291857689165584,-1.0033008408718043,-0.7944613729240906,1.4203355834939935,-0.7570242935387513,-0.922658145359632,0
5194,0.1075450954753754,-0.24444136794627191,-0.09781847738429657,0.4583425385870686,-0.13210169396537258,-0.922658145359632,0
1175,-0.17136519265526917,-0.3654864372472771,-0.7716348325891076,0.04234554619488514,-0.13210169396537258,0.46421839881351007,0
2047,-1.7053717773738144,-1.2640132978278154,-1.088605905341971,-0.9456473107365512,1.8676506246694395,0.46421839881351007,0
2033,0.5259105276713423,0.05817130530624101,0.19777077277630437,0.6960551056683167,0.2428518657786547,-0.922658145359632,1
6936,1.5020965361285983,1.7434911163433129,1.7681789591134178,-0.2696521980992527,-0.5070552537093999,-0.922658145359632,1
7462,-0.17136519265526917,0.025582248186739622,-0.12237867901054397,-0.9854117291269804,-1.0069933333681027,-0.922658145359632,0
4279,1.6415516801939205,2.479072691326344,1.8187440801086325,-0.7896484385894823,0.6178054255226819,-0.922658145359632,1
1823,-0.4502754807859138,-0.7518995430927936,-0.5390352760111174,0.8119399821204246,-1.0069933333681027,-0.922658145359632,0
7227,0.38645538360602,0.34216166020475314,0.6031585713836587,-0.3491810348801111,0.11786734586397894,1.851094942986652,1
1343,1.0837311039326314,0.5982185375722641,1.344298773399242,0.7443404708566951,1.3677125450107366,1.851094942986652,1
4362,1.9204619683245652,2.553561964742347,1.3893739669721201,-0.4318910251322045,0.7427899454373577,0.46421839881351007,1
7954,-1.2870063451778475,-0.7891441798007952,-0.8840338729727574,-1.8147838841273636,0.2428518657786547,-0.922658145359632,0
7467,-0.4502754807859138,-0.6634435309112898,-0.4621762920983903,0.3448888133892005,-0.13210169396537258,0.46421839881351007,0
3854,1.5020965361285983,1.7434911163433129,1.567941079972365,-0.2696521980992527,0.4928209056080062,-0.922658145359632,1
2614,-0.4502754807859138,-0.6634435309112898,-0.49511585663241614,0.3448888133892005,0.2428518657786547,0.46421839881351007,1
3554,0.38645538360602,0.22577217049224818,0.0541658291498933,-0.1006534199399281,0.4928209056080062,-0.922658145359632,1
7013,0.2470002395406977,0.3747507173242545,0.10299728885384428,-0.7203156065241186,1.617681584840088,-0.922658145359632,1
3256,1.2231862479979538,1.3943226472057981,1.9164069995165345,-0.33403268501709044,-0.8820088134534271,0.46421839881351007,0
982,-1.0080960570472028,-0.7984553389777955,-0.866119372963024,-0.9456473107365512,-0.5070552537093999,-0.922658145359632,0
5391,1.0837311039326314,1.017220700537282,0.720180708544014,-0.05618005726642155,0.9927589852667092,-0.922658145359632,1
3664,0.2470002395406977,0.2630168072002498,0.6577689020584915,-0.5082387084418284,1.617681584840088,-0.922658145359632,1
897,-1.0080960570472028,-1.0777901142878075,-1.0178147359486698,0.7443404708566951,-0.5070552537093999,-0.922658145359632,0
7982,-1.8448269214391366,-1.510759016018326,-1.41655683293951,3.7863184777245382,-0.7570242935387513,0.46421839881351007,0
6008,0.9442759598673092,1.4688119206218013,0.6011359665438499,-0.9162562188827555,0.2428518657786547,0.46421839881351007,1
3765,-2.2631923536351035,-1.468858799721824,-1.6427996314495303,-1.6216424233738498,-0.38207073379472406,-0.922658145359632,0
4097,0.1075450954753754,-0.5656763595527856,0.12813537757717966,1.893532162340102,-0.5070552537093999,1.851094942986652,1
7263,0.1075450954753754,-0.13736303741076733,0.4072548454707675,0.11663072340777482,-1.8818849727708329,0.46421839881351007,0
5721,-0.5897306248512361,-0.714654906384792,-0.430970388855629,0.09907240879381946,-0.6320397736240756,-0.922658145359632,0
6794,-0.7291857689165584,-0.44928686984028066,-0.8337576955260861,-1.2611116966339573,0.36783638569333044,-0.922658145359632,0
4582,-1.7053717773738144,-1.2640132978278154,-1.403554373255026,-0.9456473107365512,0.7427899454373577,-0.922658145359632,0
3812,-0.7291857689165584,-0.7658662818582942,-0.627452001865608,-0.1467439958015622,-0.8820088134534271,-0.922658145359632,0
849,-0.17136519265526917,-0.46325360860578124,-0.6866854293171458,0.4063429145380458,-0.13210169396537258,0.46421839881351007,0
7724,1.781006824259243,1.6224460470423079,1.9467460721136636,0.4063429145380458,-0.8820088134534271,3.2379714871597938,1
3751,-1.0080960570472028,-0.9381227266328015,-0.8271119939095722,-0.2696521980992527,-1.5069314130268057,-0.922658145359632,0
5593,-1.984282065504459,-1.4129918446598217,-1.4827249055561058,-0.7203156065241186,-1.5069314130268057,0.46421839881351007,0
154,0.1075450954753754,-0.24444136794627191,0.20788379697534742,0.4583425385870686,0.6178054255226819,1.851094942986652,1
2816,-0.7291857689165584,-0.6075765758492874,-1.128480115041055,-0.7896484385894823,-0.2570862138800483,1.851094942986652,0
1591,1.2231862479979538,0.9613537454752795,1.5222879993024,0.3312323464672351,-1.2569623731974542,1.851094942986652,1
163,0.2470002395406977,0.4864846274482593,0.4011870309513416,-0.9100686205977462,1.3677125450107366,0.46421839881351007,1
7908,1.0837311039326314,0.877553312882276,-0.18132316291353767,0.18101121032561315,-1.5069314130268057,1.851094942986652,1
6506,0.2470002395406977,0.3747507173242545,0.15847445017430847,-0.7203156065241186,-0.38207073379472406,-0.922658145359632,0
3045,0.5259105276713423,0.7844417211122721,0.7837482892237131,-0.8104482882090914,0.2428518657786547,-0.922658145359632,1
3023,1.0837311039326314,0.73788592522727,1.2749523217486611,0.446107332928475,-0.2570862138800483,-0.922658145359632,1
3495,0.38645538360602,0.1093826807797432,-0.039740824126935,0.18101121032561315,1.3677125450107366,-0.922658145359632,1
7292,-0.031910048589946886,-0.10011840070276574,-0.0784592596318426,-0.35978487978422613,0.11786734586397894,0.46421839881351007,1
2394,-0.17136519265526917,-0.3654864372472771,-0.3286843726710221,0.04234554619488514,0.8677744653520334,0.46421839881351007,1
6812,1.5020965361285983,2.050759369184326,1.7300384107055984,-0.6076497544179019,-3.2567146918322663,-0.922658145359632,0
4676,-0.31082033672059145,-0.14667419658776773,-0.2275541306805916,-0.9456473107365512,0.36783638569333044,0.46421839881351007,0
1086,-2.821012929896393,-1.6178373465538305,-1.7976733734691606,-1.6216424233738498,0.2428518657786547,-0.922658145359632,0
3930,0.6653656717366646,0.1233494195452438,0.0579220952809663,0.8891965664218305,0.11786734586397894,0.46421839881351007,1
5300,-0.4502754807859138,-0.39807549436677847,-0.8629409939290391,-0.6559351196062803,-1.0069933333681027,0.46421839881351007,0
5716,1.2231862479979538,1.2499996799622919,0.3488882486648621,-0.1344531755717929,-2.881761132088239,-0.922658145359632,1
6470,-1.7053717773738144,-1.2174575019428135,-1.267750905439305,-1.3212001510906057,0.9927589852667092,-0.922658145359632,0
5253,0.1075450954753754,-0.13736303741076733,0.08161546626158157,0.11663072340777482,-2.381823052429536,-0.922658145359632,0
5020,-0.5897306248512361,-0.2956527434197741,-0.6598136793025458,-1.2836448670552005,-0.6320397736240756,-0.922658145359632,0
1505,-1.5659166333084922,-1.0731345346993073,-1.3561676312937958,-1.6216424233738498,1.4926970649254123,-0.922658145359632,0
303,-0.5897306248512361,-0.5470540411987849,-0.6390097438073716,-0.5816499423933906,-1.5069314130268057,1.851094942986652,0
3063,-1.2870063451778475,-0.9101892491018003,-1.1394599698857304,-1.396310719161417,-0.7570242935387513,-0.922658145359632,0
4498,0.2470002395406977,0.03954898695224022,-0.7430294212832429,0.0007458469556669184,0.7427899454373577,-0.922658145359632,0
8397,0.38645538360602,0.4585511499172581,0.4297924422572065,-0.5700944703824966,-2.1318540126001846,-0.922658145359632,0
5560,-1.2870063451778475,-1.1522793877038107,-1.041797050477829,0.06834535821939652,-0.38207073379472406,1.851094942986652,0
4033,-1.0080960570472028,-1.2872911957703164,-0.9614707439825727,3.7863184777245382,-0.38207073379472406,-0.922658145359632,0
530,0.8048208158019868,0.8403086761742744,0.5329452890874453,-0.3408095783768633,-0.13210169396537258,0.46421839881351007,1
1724,-0.031910048589946886,-0.30496390259677447,-0.3073025500787597,0.25034404239097685,1.4926970649254123,0.46421839881351007,0
550,-0.031910048589946886,0.104727101191243,-0.22466469519515073,-0.8263540555652631,2.7425422640721697,1.851094942986652,0
8132,0.8048208158019868,0.5795962192182633,0.727115353709072,0.12799198580504031,-2.2568385325148603,0.46421839881351007,1
3659,-0.4502754807859138,-0.48653150654828226,-0.6104043325015069,-0.3736514461972989,-0.13210169396537258,-0.922658145359632,0
5550,-0.5897306248512361,-0.46325360860578124,-0.7794363083997979,-0.849076580359794,0.36783638569333044,-0.922658145359632,0
260,1.5020965361285983,2.050759369184326,2.1495844431916127,-0.6076497544179019,-2.2568385325148603,-0.922658145359632,1
2415,1.2231862479979538,0.9613537454752795,1.4058437492391325,0.3312323464672351,-0.7570242935387513,1.851094942986652,1
6229,-0.5897306248512361,-0.9660562041638027,-0.6910195825453074,1.7583331398126427,0.4928209056080062,-0.922658145359632,0
8944,0.1075450954753754,-0.030284706875262763,-0.1244012838503527,-0.1795195164142793,1.2427280250960608,0.46421839881351007,1
7173,0.1075450954753754,-0.24444136794627191,-0.48991487275862267,0.4583425385870686,-0.0071171740506968135,1.851094942986652,1
8115,0.1075450954753754,-0.030284706875262763,0.061678361412039626,-0.1795195164142793,-0.0071171740506968135,-0.922658145359632,0
1380,-0.5897306248512361,-0.714654906384792,-0.743029421283243,0.09907240879381946,0.2428518657786547,-0.922658145359632,0
6232,-0.4502754807859138,-0.6634435309112898,-0.7256928083705978,0.3448888133892005,-0.13210169396537258,0.46421839881351007,0
8831,-1.1475512011125253,-1.0498566367568063,-0.7291601309531266,-0.11943106195763077,0.36783638569333044,0.46421839881351007,0
1682,0.2470002395406977,0.03954898695224022,-0.5696632921567908,0.0007458469556669184,-1.0069933333681027,0.46421839881351007,0
5651,1.2231862479979538,1.2499996799622919,0.9042377489665973,-0.1344531755717929,0.8677744653520334,0.46421839881351007,1
7744,-0.31082033672059145,-0.42600897189777964,-0.5569497760208508,-0.16565295000120656,-0.0071171740506968135,1.851094942986652,0
4286,1.5020965361285983,1.5898569899228063,1.3295626524234931,-0.07651073734573895,-0.0071171740506968135,-0.922658145359632,1
4880,1.6415516801939205,0.8961756312362767,2.005401612468114,1.4203355834939935,1.3677125450107366,-0.922658145359632,1
687,0.38645538360602,0.691330129342268,0.7548539343693045,-0.9456473107365512,-1.38194689311213,1.851094942986652,1
5927,0.38645538360602,0.574940639629763,1.224387200753446,-0.767753860042525,0.6178054255226819,0.46421839881351007,1
3107,-0.5897306248512361,-0.5470540411987849,-0.31134775975837686,-0.5816499423933906,-0.7570242935387513,0.46421839881351007,0
7695,0.6653656717366646,-0.002351229344261569,0.2919663696016768,1.2903365233714366,-0.5070552537093999,1.851094942986652,1
6929,-0.031910048589946886,-0.5098094044907833,-0.650567485749135,1.0823380271753442,1.7426661047547638,1.851094942986652,1
6527,0.38645538360602,0.34216166020475314,0.0541658291498933,-0.3491810348801111,0.11786734586397894,0.46421839881351007,1
4485,-1.4264614892431697,-1.301257934535817,-1.3983533893812323,1.0823380271753442,0.11786734586397894,-0.922658145359632,0
8495,1.2231862479979538,1.3943226472057981,1.6029032493461999,-0.33403268501709044,-0.2570862138800483,-0.922658145359632,1
3857,0.6653656717366646,0.5004513662137599,-0.09810742093284072,-0.031065687756677028,-0.13210169396537258,-0.922658145359632,0
7680,0.1075450954753754,-0.030284706875262763,0.0683240630285535,-0.1795195164142793,-1.0069933333681027,-0.922658145359632,1
8525,1.5020965361285983,1.4362228635022998,1.424914023443042,0.13594486948312615,-0.8820088134534271,0.46421839881351007,1
1783,1.5020965361285983,1.5898569899228063,1.4058437492391325,-0.07651073734573895,-0.7570242935387513,0.46421839881351007,1
4733,-0.4502754807859138,-0.39807549436677847,-0.17121013871449461,-0.6559351196062803,1.117743505181385,-0.922658145359632,0
155,-0.7291857689165584,-0.6075765758492874,-0.15589613064165814,-0.7896484385894823,0.2428518657786547,-0.922658145359632,0
5609,0.2470002395406977,-0.07218492317176455,0.4982720632621549,0.3097721841612886,1.3677125450107366,0.46421839881351007,1
4647,0.8048208158019868,0.4492399907402577,0.48440277293203887,0.4063429145380458,-0.8820088134534271,0.46421839881351007,1
5737,-0.4502754807859138,-0.39807549436677847,0.015447393644985697,-0.6559351196062803,-0.5070552537093999,-0.922658145359632,0
8563,-0.4502754807859138,-0.39807549436677847,-0.33041803396228664,-0.6559351196062803,0.36783638569333044,-0.922658145359632,0
3980,-1.7053717773738144,-1.2640132978278154,-1.400664937769585,-0.9456473107365512,0.11786734586397894,-0.922658145359632,0
6018,-1.8448269214391366,-1.3850583671288206,-1.3229391232112258,-0.2696521980992527,-0.8820088134534271,0.46421839881351007,0
2257,0.2470002395406977,0.4864846274482593,0.07525870819361152,-0.9100686205977462,-1.2569623731974542,0.46421839881351007,1
8677,0.1075450954753754,-0.3515196984817765,-0.08452707415126849,0.8570063229629117,0.36783638569333044,0.46421839881351007,0
5986,0.1075450954753754,-0.030284706875262763,0.048386958179011556,-0.1795195164142793,0.36783638569333044,0.46421839881351007,1
2734,-1.0080960570472028,-1.0777901142878075,-0.7751021551716366,0.7443404708566951,-1.2569623731974542,-0.922658145359632,0
4469,-0.5897306248512361,-0.7984553389777955,-0.5974018728170231,0.5415419370655056,-0.13210169396537258,1.851094942986652,1
3596,1.362641392063276,1.4920898185643021,0.6693266440002545,-0.205271711181415,-0.2570862138800483,1.851094942986652,1
6823,1.362641392063276,1.0451541780682831,1.1038977410105615,0.48145348260885645,-2.1318540126001846,-0.922658145359632,1
2495,0.5259105276713423,0.4213065132092565,0.5283221923107403,-0.19012336131839436,-0.38207073379472406,-0.922658145359632,0
729,1.5020965361285983,1.5898569899228063,1.8539951930310112,-0.07651073734573895,-0.13210169396537258,0.46421839881351007,1
8018,0.6653656717366646,0.5004513662137599,0.5104076923010067,-0.031065687756677028,0.36783638569333044,0.46421839881351007,1
6097,0.9442759598673092,0.9287646883557782,1.263105636258354,-0.19849481782164213,-0.7570242935387513,-0.922658145359632,1
5095,-2.1237372095697813,-1.4083362650713216,-1.6716939863039386,-1.6216424233738498,-0.5070552537093999,0.46421839881351007,0
8921,-1.984282065504459,-1.4129918446598217,-1.4180015506822303,-0.7203156065241186,-0.7570242935387513,0.46421839881351007,0
2145,0.2470002395406977,0.5982185375722641,-0.20906174357376975,-1.080846333264011,0.2428518657786547,-0.922658145359632,1
4372,0.38645538360602,0.22577217049224818,0.819866232791724,-0.1006534199399281,-1.1319778532827784,0.46421839881351007,1
6368,-0.031910048589946886,-0.5098094044907833,0.02324886945567585,1.0823380271753442,0.9927589852667092,-0.922658145359632,0
6770,0.2470002395406977,0.2630168072002498,0.6716381923886071,-0.5082387084418284,-0.7570242935387513,0.46421839881351007,1
1034,0.5259105276713423,0.17921637460724618,0.4907595310000089,0.3612765736955594,-0.38207073379472406,0.46421839881351007,0
6703,0.2470002395406977,0.03954898695224022,0.11686657918396032,0.0007458469556669184,0.9927589852667092,1.851094942986652,0
1555,0.1075450954753754,0.07679362366024181,0.28098651475700165,-0.43865097625857735,-1.8818849727708329,0.46421839881351007,0
4951,-2.1237372095697813,-1.4083362650713216,-1.519998623318293,-1.6216424233738498,-1.38194689311213,-0.922658145359632,0
4106,-0.17136519265526917,-0.46325360860578124,-0.8747876794193467,0.4063429145380458,-1.1319778532827784,1.851094942986652,1
2832,-0.7291857689165584,-1.0033008408718043,-0.5341232356858681,1.4203355834939935,0.2428518657786547,-0.922658145359632,0
2963,1.0837311039326314,1.5758902511573059,1.5089965960693716,-0.7986918514675733,1.117743505181385,-0.922658145359632,1
6117,0.9442759598673092,0.9287646883557782,1.036862837748333,-0.19849481782164213,-1.1319778532827784,0.46421839881351007,1
6616,-0.031910048589946886,-0.2025411516497701,-0.3073025500787597,-0.07651073734573895,0.6178054255226819,-0.922658145359632,0
6888,-1.7053717773738144,-1.3105690937128174,-1.403554373255026,-0.46279365885276647,1.4926970649254123,0.46421839881351007,0
8521,-1.0080960570472028,-0.9381227266328015,-1.0351513488613149,-0.2696521980992527,0.4928209056080062,-0.922658145359632,0
7047,0.1075450954753754,-0.13736303741076733,-0.21079540486503434,0.11663072340777482,1.3677125450107366,-0.922658145359632,0
1236,-0.031910048589946886,-0.10011840070276574,-0.06574574349590284,-0.35978487978422613,-0.2570862138800483,-0.922658145359632,1
8266,-0.5897306248512361,-0.7984553389777955,-0.8366471310115272,0.5415419370655056,-1.7569004528561571,-0.922658145359632,0
8089,-1.1475512011125253,-1.115034750995809,-1.2186305021868102,0.4063429145380458,-0.13210169396537258,-0.922658145359632,0
546,-1.0080960570472028,-0.8682890328052986,-0.7837704616279592,-0.6383768049923249,-0.8820088134534271,-0.922658145359632,0
6562,2.8966479767818214,4.1690480819519165,3.024794451731653,-0.31627255069492827,1.617681584840088,0.46421839881351007,1
5909,-0.8686409129818806,-0.8170776573317964,-0.5003168405062097,-0.39256040039694323,0.6178054255226819,-0.922658145359632,0
2191,1.2231862479979538,0.8170307782317734,1.665603999380267,0.6051650064901923,0.4928209056080062,1.851094942986652,1
4002,0.9442759598673092,0.9287646883557782,1.162553281365011,-0.19849481782164213,0.8677744653520334,-0.922658145359632,1
5087,-1.984282065504459,-1.5247257547838267,-1.466544066837637,2.8849916608748067,1.117743505181385,-0.922658145359632,0
5951,0.1075450954753754,0.07679362366024181,-0.02471575960264267,-0.43865097625857735,1.617681584840088,-0.922658145359632,1
1880,1.0837311039326314,1.1568880881922878,1.5783430477199525,-0.2696521980992527,0.7427899454373577,-0.922658145359632,1
4781,-0.4502754807859138,-0.39807549436677847,-0.30845832427293596,-0.6559351196062803,-1.7569004528561571,-0.922658145359632,0
6712,-0.031910048589946886,-0.5098094044907833,-0.12295656610763195,1.0823380271753442,2.117619664498791,-0.922658145359632,1
6014,0.6653656717366646,1.1289546106612867,0.9550918135103567,-1.0071014118853965,-1.0069933333681027,0.46421839881351007,0
1313,0.2470002395406977,0.4864846274482593,-0.03569561444731752,-0.9100686205977462,-0.13210169396537258,-0.922658145359632,1
7009,-1.5659166333084922,-1.1755572856463117,-1.3212054619199611,-1.020757878807362,-1.6319159329414814,-0.922658145359632,0
491,1.5020965361285983,1.1289546106612867,1.2246761443019905,0.6316746187504784,-0.5070552537093999,0.46421839881351007,1
4250,-1.5659166333084922,-1.2267686611198139,-1.3720595264637205,-0.6076497544179019,0.8677744653520334,-0.922658145359632,0
1352,-1.7053717773738144,-1.4502364813678235,-1.426669857138553,2.434328252449941,0.7427899454373577,0.46421839881351007,0
563,-1.0080960570472028,-1.0079564204603044,-0.8487827600503788,0.18101121032561315,-0.38207073379472406,0.46421839881351007,0
4149,-1.1475512011125253,-1.0498566367568063,-0.9516466633320737,-0.11943106195763077,1.3677125450107366,-0.922658145359632,0
4665,1.0837311039326314,1.1568880881922878,0.48613643422330344,-0.2696521980992527,-0.5070552537093999,0.46421839881351007,0
8959,-0.4502754807859138,-0.3096194821852747,-0.6268741147685198,-0.9005809698940648,-0.13210169396537258,-0.922658145359632,0
6710,-0.4502754807859138,-0.8403555552742974,-0.2535590500495594,1.3827802994585883,-0.2570862138800483,0.46421839881351007,0
5921,1.0837311039326314,0.877553312882276,1.2749523217486611,0.18101121032561315,0.36783638569333044,0.46421839881351007,1
7242,0.38645538360602,0.4585511499172581,0.26364990184435644,-0.5700944703824966,0.11786734586397894,0.46421839881351007,0
4786,-0.31082033672059145,-0.42600897189777964,-0.8227778406814109,-0.16565295000120656,0.4928209056080062,-0.922658145359632,0
5268,-0.7291857689165584,-0.44928686984028066,-0.4309703888556288,-1.2611116966339573,-0.8820088134534271,-0.922658145359632,0
5448,1.362641392063276,2.5349396463883465,1.6586693542152087,-1.2353595018668222,-0.6320397736240756,-0.922658145359632,0
4753,0.5259105276713423,0.3002614439082513,0.4907595310000089,0.06834535821939652,-1.5069314130268057,1.851094942986652,1
143,-0.031910048589946886,-0.10011840070276574,-0.2882322758748499,-0.35978487978422613,0.36783638569333044,0.46421839881351007,1
6636,0.9442759598673092,0.5237292641562609,1.2128294588116824,0.5753416926973705,2.617557744157494,-0.922658145359632,1
2594,1.781006824259243,1.296555475847294,1.4410948621615112,0.9321168910337223,2.3675887043281425,1.851094942986652,1
5417,0.1075450954753754,0.07679362366024181,0.2876322163735158,-0.43865097625857735,0.9927589852667092,1.851094942986652,0
6786,-1.2870063451778475,-1.1522793877038107,-1.248391687686851,0.06834535821939652,-2.2568385325148603,0.46421839881351007,0
2847,1.362641392063276,1.4920898185643021,1.6679155477686196,-0.205271711181415,-2.006869492685509,-0.922658145359632,1
7686,-1.1475512011125253,-0.9846785225178035,-1.2509921796237482,-0.5400502431541724,0.2428518657786547,0.46421839881351007,0
6042,1.0837311039326314,0.73788592522727,1.1796009507291125,0.446107332928475,0.8677744653520334,1.851094942986652,1
7033,-0.5897306248512361,-0.6308544737917884,-0.6910195825453074,-0.2696521980992527,-0.13210169396537258,-0.922658145359632,0
93,1.5020965361285983,1.4362228635022998,1.7586438220114624,0.13594486948312615,0.7427899454373577,0.46421839881351007,1
6007,0.2470002395406977,0.03954898695224022,0.5676185149127358,0.0007458469556669184,-0.8820088134534271,0.46421839881351007,1
8273,-1.7053717773738144,-1.2640132978278154,-1.2330776796140146,-0.9456473107365512,0.2428518657786547,-0.922658145359632,0
700,1.362641392063276,2.0880040058923277,1.6216845800015656,-0.8645278972200753,-1.0069933333681027,0.46421839881351007,1
7604,-0.5897306248512361,-0.2118523108267705,-0.6234067921859908,-1.4625847498121325,1.2427280250960608,-0.922658145359632,0
4184,-0.8686409129818806,-0.66809911049979,-0.3801163243118696,-0.997646934785574,-1.1319778532827784,-0.922658145359632,0
2203,-1.5659166333084922,-1.3804027875403204,-1.1336810989148487,1.6231341172851836,0.36783638569333044,-0.922658145359632,0
2640,-0.5897306248512361,-0.9660562041638027,-0.7794363083997979,1.7583331398126427,-0.38207073379472406,0.46421839881351007,0
6377,-0.8686409129818806,-0.66809911049979,-1.1429272924682594,-0.997646934785574,0.6178054255226819,1.851094942986652,0
5976,-0.8686409129818806,-0.9660562041638027,-0.6806176147977201,0.48145348260885645,-1.38194689311213,-0.922658145359632,0
953,-1.4264614892431697,-1.1336570693498098,-1.3498108732258256,-0.7203156065241186,-1.2569623731974542,0.46421839881351007,0
8555,0.9442759598673092,0.5237292641562609,0.8357581279616488,0.5753416926973705,-0.38207073379472406,0.46421839881351007,1
217,0.9442759598673092,0.9287646883557782,0.919551757039434,-0.19849481782164213,-0.7570242935387513,-0.922658145359632,1
5985,2.6177376886511765,3.7081457026903966,3.1892033308532377,-0.3662229284760099,-1.0069933333681027,0.46421839881351007,1
861,0.38645538360602,0.1093826807797432,-0.11197671126295676,0.18101121032561315,0.7427899454373577,-0.922658145359632,1
4233,-0.5897306248512361,-0.8822557715707992,-0.18132316291353767,1.0823380271753442,-0.2570862138800483,0.46421839881351007,0
736,-0.7291857689165584,-0.44928686984028066,-0.4800907921081236,-1.2611116966339573,0.4928209056080062,-0.922658145359632,0
3008,-0.5897306248512361,-0.2118523108267705,-0.7326274535356558,-1.4625847498121325,-0.2570862138800483,0.46421839881351007,0
269,1.2231862479979538,1.6829685816928104,0.9669384990006643,-0.681127484052391,-0.5070552537093999,0.46421839881351007,1
7797,0.1075450954753754,0.18387195419574637,0.22782090182488968,-0.6672963820035458,-0.5070552537093999,-0.922658145359632,0
2770,-1.5659166333084922,-1.3291914120668182,-1.1781784053906381,0.6316746187504784,-1.2569623731974542,0.46421839881351007,0
5756,0.9442759598673092,1.063776496422284,1.7574880478172865,-0.4048512206267125,-0.5070552537093999,-0.922658145359632,1
5882,0.2470002395406977,-0.07218492317176455,-0.13971529192318885,0.3097721841612886,0.8677744653520334,0.46421839881351007,1
4932,0.6653656717366646,0.5004513662137599,0.9004814828355245,-0.031065687756677028,0.8677744653520334,-0.922658145359632,1
8543,1.5020965361285983,2.358027622025339,2.206795265803342,-0.8936476866875285,-0.7570242935387513,-0.922658145359632,1
2193,0.1075450954753754,-0.030284706875262763,0.08161546626158157,-0.1795195164142793,0.4928209056080062,-0.922658145359632,1
5877,-0.8686409129818806,-0.5936098370837868,-0.6944869051278364,-1.2353595018668222,-0.6320397736240756,-0.922658145359632,0
3719,0.5259105276713423,-0.06287376399476416,0.4531968696892776,1.0823380271753442,0.36783638569333044,0.46421839881351007,1
532,0.2470002395406977,0.3747507173242545,-0.3962971630303385,-0.7203156065241186,0.6178054255226819,0.46421839881351007,1
1840,-0.031910048589946886,-0.10011840070276574,-0.4789350179139473,-0.35978487978422613,-0.0071171740506968135,0.46421839881351007,1
8980,1.2231862479979538,1.6829685816928104,1.593945999341333,-0.681127484052391,-0.6320397736240756,0.46421839881351007,1
2444,-0.7291857689165584,-0.7658662818582942,-1.0498874698370635,-0.1467439958015622,-0.7570242935387513,0.46421839881351007,0
2055,-0.17136519265526917,-0.3654864372472771,0.06572357109165677,0.04234554619488514,0.7427899454373577,1.851094942986652,0
4446,0.8048208158019868,0.18852753378424658,-0.24373496939906053,1.0823380271753442,0.36783638569333044,0.46421839881351007,1
8453,-0.7291857689165584,-0.6075765758492874,-0.656924243817105,-0.7896484385894823,0.2428518657786547,-0.922658145359632,0
3887,-1.8448269214391366,-1.3850583671288206,-1.48937060717262,-0.2696521980992527,1.7426661047547638,0.46421839881351007,0
3675,0.38645538360602,0.4585511499172581,0.1480724824267216,-0.5700944703824966,2.2426041844134668,-0.922658145359632,1
8257,-0.31082033672059145,-0.42600897189777964,-0.5916230018461412,-0.16565295000120656,0.6178054255226819,-0.922658145359632,0
706,1.2231862479979538,1.6829685816928104,1.9164069995165345,-0.681127484052391,-0.2570862138800483,1.851094942986652,1
5884,0.2470002395406977,0.2630168072002498,0.3734484502911095,-0.5082387084418284,0.11786734586397894,-0.922658145359632,0
5155,0.1075450954753754,-0.13736303741076733,0.015158450096441543,0.11663072340777482,0.9927589852667092,1.851094942986652,1
6303,0.38645538360602,0.1093826807797432,-0.06141159026774153,0.18101121032561315,-1.0069933333681027,0.46421839881351007,1
1470,-0.5897306248512361,-0.714654906384792,-0.8366471310115272,0.09907240879381946,0.2428518657786547,-0.922658145359632,0
5166,2.4782825445858543,3.205343107132375,2.1648984512644494,-0.16565295000120656,0.4928209056080062,-0.922658145359632,1
2148,-1.2870063451778475,-1.2128019223543132,-1.0267719859535362,0.6960551056683167,0.4928209056080062,0.46421839881351007,0
7814,1.6415516801939205,1.5293344552723038,1.720503273603643,0.271143892010586,2.3675887043281425,0.46421839881351007,1
4718,-0.17136519265526917,-0.3654864372472771,-0.21339589680193138,0.04234554619488514,-0.6320397736240756,-0.922658145359632,0
5332,0.38645538360602,0.574940639629763,0.4297924422572065,-0.767753860042525,-0.2570862138800483,3.2379714871597938,1
1876,0.6653656717366646,0.6261520151032652,0.6976431117575753,-0.2696521980992527,0.36783638569333044,-0.922658145359632,1
6648,0.8048208158019868,1.1010211331302855,0.6138494826797898,-0.7203156065241186,0.8677744653520334,-0.922658145359632,1
1214,-0.7291857689165584,-0.8450111348627976,-0.9123503407300779,0.271143892010586,-0.7570242935387513,0.46421839881351007,0
1129,-2.4026474977004257,-1.4967922772528253,-1.61592788143493,-2.0723058317987153,0.36783638569333044,-0.922658145359632,0
7813,-0.031910048589946886,-0.5098094044907833,-0.3835836468943986,1.0823380271753442,-0.2570862138800483,1.851094942986652,0
8322,-0.4502754807859138,-0.6634435309112898,-0.45668636467605267,0.3448888133892005,0.6178054255226819,1.851094942986652,0
4960,0.2470002395406977,0.15128289707624498,-0.014891678952143774,-0.2696521980992527,-0.6320397736240756,-0.922658145359632,1
7063,-0.4502754807859138,-0.48653150654828226,-0.5280554211664421,-0.3736514461972989,-1.8818849727708329,-0.922658145359632,0
1457,-0.8686409129818806,-0.66809911049979,-0.7176023890113633,-0.997646934785574,-0.8820088134534271,-0.922658145359632,0
8979,0.1075450954753754,0.5051069458022601,0.48035756325242174,-1.2160453557914708,0.11786734586397894,-0.922658145359632,0
3576,0.38645538360602,0.1093826807797432,0.205861192135539,0.18101121032561315,0.6178054255226819,-0.922658145359632,1
6639,-1.4264614892431697,-1.1895240244118122,-1.2319219054198383,-0.2696521980992527,-0.0071171740506968135,-0.922658145359632,0
4547,-0.31082033672059145,-0.2397857883577717,0.03249506300908677,-0.7203156065241186,-0.0071171740506968135,-0.922658145359632,0
755,-0.31082033672059145,-0.2397857883577717,-0.5222765501955604,-0.7203156065241186,1.4926970649254123,1.851094942986652,0
4017,1.9204619683245652,2.218360234370333,1.7014329993997341,-0.09330564697647901,0.4928209056080062,1.851094942986652,1
8118,-0.31082033672059145,-0.5191205636677836,-0.4760455824285065,0.18101121032561315,-1.2569623731974542,-0.922658145359632,0
2100,1.2231862479979538,1.3943226472057981,1.3252284991953318,-0.33403268501709044,1.3677125450107366,0.46421839881351007,1
4462,0.6653656717366646,0.1233494195452438,0.9082829586462144,0.8891965664218305,0.9927589852667092,1.851094942986652,1
1911,-0.31082033672059145,-0.3328973801277757,0.003600708154678061,-0.46279365885276647,0.7427899454373577,-0.922658145359632,0
1192,0.1075450954753754,-0.24444136794627191,0.28098651475700165,0.4583425385870686,-1.1319778532827784,0.46421839881351007,0
778,-0.031910048589946886,0.20714985213824738,0.16945430501898398,-1.020757878807362,-0.6320397736240756,-0.922658145359632,0
4411,2.0599171123898876,1.8086692305823158,2.120690088337204,0.6767409595929654,0.36783638569333044,0.46421839881351007,1
5842,0.2470002395406977,0.2630168072002498,0.17927838566948287,-0.5082387084418284,-0.13210169396537258,-0.922658145359632,1
2842,0.9442759598673092,0.7937528802892724,0.4586867971116152,0.03079007418399119,-0.7570242935387513,0.46421839881351007,1
4404,1.6415516801939205,1.6876241612813105,2.074170177021606,0.052250236489937096,1.617681584840088,0.46421839881351007,1
503,0.1075450954753754,-0.030284706875262763,-0.18421259839897852,-0.1795195164142793,-0.6320397736240756,-0.922658145359632,0
4807,0.2470002395406977,-0.07218492317176455,-0.29921213071952507,0.3097721841612886,-1.2569623731974542,-0.922658145359632,0
7003,0.9442759598673092,0.7937528802892724,0.7016883214371922,0.03079007418399119,0.36783638569333044,0.46421839881351007,1
5989,1.362641392063276,1.1941327249002895,0.7987733537480058,0.2284494638440196,0.36783638569333044,3.2379714871597938,1
3470,0.5259105276713423,0.4213065132092565,0.5208096600485939,-0.19012336131839436,2.617557744157494,0.46421839881351007,1
1411,0.9442759598673092,1.063776496422284,0.24920272441715208,-0.4048512206267125,2.117619664498791,-0.922658145359632,1
893,-0.031910048589946886,-0.10011840070276574,-0.09752953383575241,-0.35978487978422613,0.7427899454373577,-0.922658145359632,0
1235,-0.5897306248512361,-0.714654906384792,-0.4777792437197709,0.09907240879381946,0.8677744653520334,0.46421839881351007,0
8721,-0.7291857689165584,-0.6867214288537907,-0.8927021794290801,-0.4949839023116854,-0.0071171740506968135,-0.922658145359632,0
3199,0.1075450954753754,-0.24444136794627191,-0.044652864452184284,0.4583425385870686,2.117619664498791,1.851094942986652,1
2607,-0.8686409129818806,-0.5936098370837868,-0.7453409696715956,-1.2353595018668222,0.8677744653520334,-0.922658145359632,0
5432,-0.031910048589946886,-0.30496390259677447,-0.5361458405256765,0.25034404239097685,0.36783638569333044,0.46421839881351007,1
2949,-1.2870063451778475,-1.2128019223543132,-1.2220978247693393,0.6960551056683167,-0.0071171740506968135,0.46421839881351007,0
662,-0.17136519265526917,-0.3654864372472771,0.1628086034024701,0.04234554619488514,-0.6320397736240756,-0.922658145359632,0
1009,-0.31082033672059145,-0.6122321554377876,-0.4702667114576247,0.5907052179845815,2.617557744157494,-0.922658145359632,1
3586,0.8048208158019868,0.7099524476962689,0.808019547301416,-0.11943106195763077,0.9927589852667092,-0.922658145359632,1
7568,-1.7053717773738144,-1.3105690937128174,-1.406443808740467,-0.46279365885276647,-0.6320397736240756,-0.922658145359632,0
3399,0.9442759598673092,0.5237292641562609,0.8608962166849842,0.5753416926973705,2.617557744157494,0.46421839881351007,1
7869,0.1075450954753754,0.07679362366024181,-0.3104809291127444,-0.43865097625857735,-0.8820088134534271,0.46421839881351007,0
6990,0.1075450954753754,0.18387195419574637,0.26104940990745973,-0.6672963820035458,-0.13210169396537258,0.46421839881351007,0
6789,-1.0080960570472028,-0.6587879513227896,-1.0871611875992506,-1.428500962620336,-0.38207073379472406,0.46421839881351007,0
4452,0.9442759598673092,0.5237292641562609,0.8525168537772061,0.5753416926973705,0.6178054255226819,-0.922658145359632,0
1145,-0.17136519265526917,-0.3654864372472771,-0.6745498002782943,0.04234554619488514,-1.7569004528561571,-0.922658145359632,0
8843,-0.17136519265526917,-0.2677192658887729,0.07179138561108267,-0.2696521980992527,-0.0071171740506968135,-0.922658145359632,0
6376,-0.4502754807859138,-0.48653150654828226,-0.7037330986812471,-0.3736514461972989,0.4928209056080062,-0.922658145359632,0
5116,-1.5659166333084922,-1.277980036593316,-1.3370973570898859,-0.07651073734573895,-1.2569623731974542,-0.922658145359632,0
7752,-0.17136519265526917,-0.46325360860578124,-0.19519245324365403,0.4063429145380458,0.4928209056080062,0.46421839881351007,1
5461,-1.5659166333084922,-1.277980036593316,-1.260816260274247,-0.07651073734573895,0.2428518657786547,0.46421839881351007,0
2072,0.5259105276713423,0.4213065132092565,0.4907595310000089,-0.19012336131839436,0.2428518657786547,0.46421839881351007,1
7000,-0.31082033672059145,-0.3328973801277757,-0.3315738081564629,-0.46279365885276647,0.7427899454373577,1.851094942986652,0
6810,0.1075450954753754,0.18387195419574637,0.13478107919369353,-0.6672963820035458,0.11786734586397894,0.46421839881351007,0
5305,-0.5897306248512361,-0.6308544737917884,-0.8158431955163528,-0.2696521980992527,-0.13210169396537258,1.851094942986652,0
6579,0.1075450954753754,0.07679362366024181,0.055032659795525754,-0.43865097625857735,-0.8820088134534271,0.46421839881351007,0
4311,-1.0080960570472028,-0.8682890328052986,-0.9571365907544115,-0.6383768049923249,0.11786734586397894,-0.922658145359632,0
6574,0.6653656717366646,0.877553312882276,0.8692755795927627,-0.6752492656816316,1.617681584840088,0.46421839881351007,1
6733,0.2470002395406977,0.2630168072002498,0.005912256543030626,-0.5082387084418284,-1.38194689311213,0.46421839881351007,0
6220,1.0837311039326314,1.296555475847294,1.0495763538842733,-0.46279365885276647,0.36783638569333044,0.46421839881351007,1
3886,0.6653656717366646,-0.12805187823376693,0.5884224504079102,1.7583331398126427,1.3677125450107366,0.46421839881351007,1
1016,1.5020965361285983,1.7434911163433129,1.7109681365016882,-0.2696521980992527,0.2428518657786547,-0.922658145359632,1
5524,-0.031910048589946886,-0.6122321554377876,-0.38994040496236865,1.6231341172851836,-0.0071171740506968135,0.46421839881351007,0
1285,-2.2631923536351035,-1.440925322190823,-1.5647848733426268,-2.0079253448808774,-1.38194689311213,-0.922658145359632,0
7961,0.2470002395406977,-0.18391883329576933,0.16540909533936682,0.6663410347831609,0.2428518657786547,0.46421839881351007,1
1612,-0.17136519265526917,0.025582248186739622,0.0475201275333791,-0.9854117291269804,0.4928209056080062,-0.922658145359632,0
242,0.6653656717366646,0.1233494195452438,0.9628932893210471,0.8891965664218305,-0.38207073379472406,1.851094942986652,1
1884,0.5259105276713423,0.17921637460724618,0.16772064372771972,0.3612765736955594,0.7427899454373577,0.46421839881351007,0
6821,-0.17136519265526917,-0.7565551226812938,-0.43790503402068703,1.983664844025076,0.4928209056080062,0.46421839881351007,0
1110,1.5020965361285983,1.8971252427638194,1.129324773282441,-0.4459987492220264,-2.006869492685509,-0.922658145359632,1
7962,1.362641392063276,1.1941327249002895,1.6401769671083875,0.2284494638440196,1.3677125450107366,0.46421839881351007,1
1251,0.8048208158019868,0.8403086761742744,0.9051045796122297,-0.3408095783768633,-0.5070552537093999,-0.922658145359632,1
5493,-0.5897306248512361,-0.7984553389777955,-0.8938579536232563,0.5415419370655056,0.7427899454373577,-0.922658145359632,0
565,1.0837311039326314,0.5982185375722641,0.9542249828647242,0.7443404708566951,0.9927589852667092,1.851094942986652,1
3562,-0.31082033672059145,-0.3328973801277757,-0.5396131631082056,-0.46279365885276647,-1.38194689311213,0.46421839881351007,0
2023,1.6415516801939205,2.3207829853173374,1.543669821894662,-0.6482094611761396,1.8676506246694395,0.46421839881351007,1
8288,-1.0080960570472028,-0.8682890328052986,-0.9701390504388954,-0.6383768049923249,-0.0071171740506968135,-0.922658145359632,0
3353,-0.8686409129818806,-0.8915669307477996,-0.9764958085068652,0.0007458469556669184,0.11786734586397894,-0.922658145359632,0
7002,0.6653656717366646,1.254655259550792,0.6118268778399814,-1.15138495371312,-0.5070552537093999,-0.922658145359632,0
2985,0.38645538360602,0.34216166020475314,0.57426421652925,-0.3491810348801111,-0.8820088134534271,-0.922658145359632,1
3013,1.0837311039326314,1.1568880881922878,0.5554828858738844,-0.2696521980992527,2.117619664498791,0.46421839881351007,1
1153,3.175558264912466,3.810568453637401,3.4463630890574763,0.354343290489023,-0.2570862138800483,1.851094942986652,1
4692,-0.5897306248512361,-0.46325360860578124,-1.018681566594302,-0.849076580359794,-0.7570242935387513,-0.922658145359632,0
6685,-1.984282065504459,-1.4129918446598217,-1.5035288410512802,-0.7203156065241186,-2.6317920922588875,-0.922658145359632,0
6891,-0.031910048589946886,-0.30496390259677447,-0.08481601769981265,0.25034404239097685,-0.13210169396537258,-0.922658145359632,1
11,-1.4264614892431697,-1.0777901142878075,-0.9961439698078632,-1.080846333264011,0.11786734586397894,-0.922658145359632,0
5389,2.0599171123898876,1.8086692305823158,2.559017451478584,0.6767409595929654,-1.38194689311213,3.2379714871597938,1
912,0.2470002395406977,-0.07218492317176455,0.5190759987573297,0.3097721841612886,0.11786734586397894,0.46421839881351007,0
1487,-0.7291857689165584,-0.6867214288537907,-1.118656034390556,-0.4949839023116854,-0.38207073379472406,-0.922658145359632,0
1582,-0.5897306248512361,-0.37945317601277767,-0.5974018728170231,-1.080846333264011,-0.8820088134534271,-0.922658145359632,0
194,-0.4502754807859138,-0.8403555552742974,-0.40178709045267613,1.3827802994585883,-0.7570242935387513,1.851094942986652,0
6781,0.1075450954753754,0.18387195419574637,0.03509555494598349,-0.6672963820035458,0.8677744653520334,0.46421839881351007,0
3652,2.19937225645521,3.3170770172563797,2.0302507576429045,-0.6559351196062803,0.36783638569333044,0.46421839881351007,1
2453,1.0837311039326314,1.017220700537282,0.3647801438347869,-0.05618005726642155,0.6178054255226819,0.46421839881351007,1
1737,-0.5897306248512361,-0.7984553389777955,-0.4569753082245968,0.5415419370655056,-1.6319159329414814,0.46421839881351007,0
2159,3.0361031208471436,4.304059890018422,3.583033387518829,-0.22303184550357716,0.11786734586397894,0.46421839881351007,1
4855,0.6653656717366646,0.3747507173242545,0.8146652489179306,0.23734413637872115,-0.6320397736240756,-0.922658145359632,1
1699,-1.4264614892431697,-1.0777901142878075,-1.2804644215752448,-1.080846333264011,-1.5069314130268057,-0.922658145359632,0
797,-1.1475512011125253,-1.115034750995809,-0.9840083407690116,0.4063429145380458,0.36783638569333044,-0.922658145359632,0
3524,-0.4502754807859138,-0.39807549436677847,-0.44570650983137733,-0.6559351196062803,-0.5070552537093999,0.46421839881351007,0
4513,0.2470002395406977,0.2630168072002498,-0.25066961456411857,-0.5082387084418284,-0.5070552537093999,-0.922658145359632,0
4999,1.2231862479979538,1.3943226472057981,1.1192117490833986,-0.33403268501709044,0.2428518657786547,1.851094942986652,1
2603,0.1075450954753754,-0.030284706875262763,-0.13104698546686658,-0.1795195164142793,1.2427280250960608,0.46421839881351007,1
3585,0.5259105276713423,0.7844417211122721,0.43817180516498494,-0.8104482882090914,-0.5070552537093999,-0.922658145359632,0
1042,-0.31082033672059145,-0.5191205636677836,-0.2275541306805916,0.18101121032561315,0.2428518657786547,0.46421839881351007,0
4038,-1.2870063451778475,-1.1522793877038107,-0.989209324642805,0.06834535821939652,-1.6319159329414814,-0.922658145359632,0
5535,-0.31082033672059145,-0.6122321554377876,-0.2391118726223551,0.5907052179845815,1.2427280250960608,1.851094942986652,1
5893,1.0837311039326314,1.296555475847294,1.543669821894662,-0.46279365885276647,1.9926351445841153,0.46421839881351007,1
4255,2.0599171123898876,2.669951454454852,2.7193811209205525,-0.32373180711023664,-0.0071171740506968135,-0.922658145359632,1
4001,-0.17136519265526917,-0.2677192658887729,-0.5653291389286293,-0.2696521980992527,0.8677744653520334,1.851094942986652,0
1860,0.1075450954753754,-0.24444136794627191,0.19459239374231968,0.4583425385870686,-0.38207073379472406,0.46421839881351007,0
7476,0.6653656717366646,0.5004513662137599,1.2671508459379708,-0.031065687756677028,0.11786734586397894,0.46421839881351007,1
2015,0.1075450954753754,-0.030284706875262763,-0.5297890824577066,-0.1795195164142793,-1.7569004528561571,1.851094942986652,0
6999,-0.4502754807859138,-0.574987518729786,-0.4292367275643644,-0.044320493886820085,-0.7570242935387513,-0.922658145359632,0
4995,-0.8686409129818806,-0.5191205636677836,-0.6158942599238445,-1.4413770600039035,-1.1319778532827784,0.46421839881351007,0
890,-0.17136519265526917,-0.07218492317176455,-0.3286843726710221,-0.7766485325772265,-0.38207073379472406,0.46421839881351007,0
854,0.9442759598673092,1.063776496422284,0.7771025876071993,-0.4048512206267125,-0.2570862138800483,-0.922658145359632,0
5232,0.2470002395406977,0.2630168072002498,0.3318405793007607,-0.5082387084418284,0.2428518657786547,-0.922658145359632,0
4046,1.0837311039326314,0.877553312882276,1.413645225049823,0.18101121032561315,-0.13210169396537258,1.851094942986652,1
5054,-1.0080960570472028,-1.1476238081153105,-0.809775380996927,1.4686209486823718,0.8677744653520334,0.46421839881351007,0
2754,-0.031910048589946886,-0.10011840070276574,-0.11024304997169218,-0.35978487978422613,-1.1319778532827784,-0.922658145359632,0
1043,0.6653656717366646,0.6261520151032652,0.3855840793299613,-0.2696521980992527,-1.5069314130268057,-0.922658145359632,1
2702,1.0837311039326314,0.877553312882276,1.1362594184474994,0.18101121032561315,-1.38194689311213,1.851094942986652,1
6597,1.0837311039326314,0.877553312882276,1.5870113541762751,0.18101121032561315,1.3677125450107366,-0.922658145359632,1
6126,1.2231862479979538,1.1056767127187856,1.1729552491125985,0.08613470328879902,0.4928209056080062,0.46421839881351007,1
4528,0.2470002395406977,0.3747507173242545,-0.3754932275351643,-0.7203156065241186,0.11786734586397894,-0.922658145359632,1
4475,-0.5897306248512361,-0.5470540411987849,-0.26973988876802835,-0.5816499423933906,0.6178054255226819,-0.922658145359632,0
3165,-0.17136519265526917,-0.3654864372472771,-0.7716348325891076,0.04234554619488514,-0.13210169396537258,-0.922658145359632,0
8526,0.9442759598673092,0.9287646883557782,1.4139341685983668,-0.19849481782164213,0.9927589852667092,0.46421839881351007,1
3714,-1.4264614892431697,-1.2453909794738147,-1.0689577440409732,0.3097721841612886,1.2427280250960608,-0.922658145359632,0
2412,0.6653656717366646,0.1233494195452438,0.7678563940537884,0.8891965664218305,0.4928209056080062,0.46421839881351007,1
3130,1.2231862479979538,1.6829685816928104,2.0059794995652016,-0.681127484052391,-1.2569623731974542,-0.922658145359632,0
5403,-0.31082033672059145,-0.42600897189777964,-0.5800652599043779,-0.16565295000120656,-1.1319778532827784,0.46421839881351007,0
2851,-1.1475512011125253,-0.9846785225178035,-1.2590825989829824,-0.5400502431541724,0.36783638569333044,-0.922658145359632,0
5725,-1.0080960570472028,-0.7286216451502926,-1.0178147359486698,-1.2056454309816662,0.11786734586397894,-0.922658145359632,0
3868,1.362641392063276,1.9390254590603213,2.1302252254391587,-0.7203156065241186,-1.7569004528561571,-0.922658145359632,0
483,0.5259105276713423,0.4213065132092565,0.378071547067815,-0.19012336131839436,-1.0069933333681027,1.851094942986652,1
228,-0.031910048589946886,0.104727101191243,-0.12931332417560198,-0.8263540555652631,0.8677744653520334,-0.922658145359632,0
3955,1.362641392063276,1.0451541780682831,1.6216845800015656,0.48145348260885645,-0.5070552537093999,-0.922658145359632,1
3110,-0.4502754807859138,-0.574987518729786,-0.5829546953898187,-0.044320493886820085,0.2428518657786547,0.46421839881351007,0
4282,0.5259105276713423,0.6633966518112668,0.8588736118451757,-0.6254390994873045,-0.8820088134534271,-0.922658145359632,0
2014,-0.7291857689165584,-0.9241559878673009,-0.6667483244676039,0.7818957548921004,0.7427899454373577,0.46421839881351007,0
8927,-0.17136519265526917,-0.3654864372472771,-0.15878556612709868,0.04234554619488514,-0.13210169396537258,-0.922658145359632,0
3210,-0.17136519265526917,-0.2677192658887729,0.02324886945567618,-0.2696521980992527,1.117743505181385,-0.922658145359632,0
7301,-1.7053717773738144,-1.3105690937128174,-1.2966452602937137,-0.46279365885276647,1.117743505181385,-0.922658145359632,0
160,-1.1475512011125253,-1.2453909794738147,-1.2833538570606857,1.983664844025076,-0.6320397736240756,-0.922658145359632,0
265,-0.5897306248512361,-0.714654906384792,-0.44657334047700964,0.09907240879381946,-0.38207073379472406,-0.922658145359632,0
4823,0.5259105276713423,0.4213065132092565,0.3104587567084983,-0.19012336131839436,-1.1319778532827784,-0.922658145359632,0
7099,1.2231862479979538,1.5386456144493041,1.8268344994678674,-0.5154686026946338,-1.2569623731974542,-0.922658145359632,1
7715,0.8048208158019868,0.4492399907402577,0.4924931922912732,0.4063429145380458,-0.7570242935387513,1.851094942986652,1
7248,-0.5897306248512361,-0.714654906384792,-0.7482304051570364,0.09907240879381946,-0.38207073379472406,-0.922658145359632,0
7204,-0.7291857689165584,-0.6867214288537907,-0.4407944695061277,-0.4949839023116854,1.117743505181385,-0.922658145359632,0
8479,0.5259105276713423,1.0265318597142823,0.4907595310000089,-1.130009614183087,-0.13210169396537258,0.46421839881351007,0
5486,-0.031910048589946886,0.0023043502442386295,-0.26916200167094007,-0.6076497544179019,-0.38207073379472406,-0.922658145359632,0
7971,0.1075450954753754,-0.24444136794627191,-0.004778654753100398,0.4583425385870686,0.4928209056080062,1.851094942986652,0
6013,1.0837311039326314,1.017220700537282,0.9628932893210471,-0.05618005726642155,1.2427280250960608,0.46421839881351007,1
8128,0.2470002395406977,-0.07218492317176455,0.22782090182488937,0.3097721841612886,-0.7570242935387513,-0.922658145359632,1
6995,-0.17136519265526917,-0.5610207799642855,-0.33475218719044797,0.8365216225799632,-0.6320397736240756,-0.922658145359632,0
5697,-0.5897306248512361,-0.2956527434197741,-1.0394855020894762,-1.2836448670552005,-0.5070552537093999,0.46421839881351007,0
8498,-0.5897306248512361,-0.37945317601277767,-0.441372356603216,-1.080846333264011,1.7426661047547638,-0.922658145359632,0
2787,-0.5897306248512361,-0.9660562041638027,-0.8054412277687657,1.7583331398126427,-0.0071171740506968135,0.46421839881351007,1
3643,0.2470002395406977,0.4864846274482593,0.8311350311849437,-0.9100686205977462,-2.7567766121735633,-0.922658145359632,0
3599,1.5020965361285983,0.9753204842407802,1.8444600559290572,0.9232803536136269,-0.13210169396537258,1.851094942986652,1
4399,-1.5659166333084922,-1.0731345346993073,-1.1400378569828187,-1.6216424233738498,-0.38207073379472406,0.46421839881351007,0
1065,-0.4502754807859138,-0.2211634700037709,0.31190347445121874,-1.1146460888958758,-0.8820088134534271,0.46421839881351007,0
3776,-0.5897306248512361,-0.6308544737917884,-0.6338087599335779,-0.2696521980992527,0.2428518657786547,0.46421839881351007,0
2286,0.8048208158019868,0.4492399907402577,1.12354590231156,0.4063429145380458,0.2428518657786547,0.46421839881351007,1
6573,0.2470002395406977,-0.07218492317176455,-0.5141861308363261,0.3097721841612886,0.11786734586397894,-0.922658145359632,0
7495,-0.17136519265526917,-0.7565551226812938,-0.16485338064652488,1.983664844025076,0.6178054255226819,0.46421839881351007,0
4214,-0.31082033672059145,-0.2397857883577717,-0.41247800174880733,-0.7203156065241186,1.3677125450107366,-0.922658145359632,0
3455,-1.1475512011125253,-0.854322294039798,-1.2752634377014513,-1.1709790149489838,0.11786734586397894,-0.922658145359632,0
4451,0.2470002395406977,0.03954898695224022,0.4844027729320392,0.0007458469556669184,-0.2570862138800483,1.851094942986652,1
3133,-0.031910048589946886,-0.30496390259677447,0.15038403081507415,0.25034404239097685,0.36783638569333044,1.851094942986652,1
8582,-1.2870063451778475,-0.9101892491018003,-1.098141042443926,-1.396310719161417,-0.38207073379472406,-0.922658145359632,0
738,0.9442759598673092,0.5237292641562609,1.4223135315061455,0.5753416926973705,0.4928209056080062,-0.922658145359632,1
7989,-0.5897306248512361,-0.2956527434197741,-0.18652414678733142,-1.2836448670552005,-0.38207073379472406,0.46421839881351007,0
8137,1.9204619683245652,2.38596109955634,2.304747128759787,-0.2696521980992527,-0.38207073379472406,0.46421839881351007,1
8448,0.6653656717366646,0.7518526639927706,0.6118268778399814,-0.4831243389320839,-1.1319778532827784,0.46421839881351007,1
7268,-0.031910048589946886,-0.2025411516497701,-0.20559442099124092,-0.07651073734573895,0.4928209056080062,0.46421839881351007,0
8696,0.1075450954753754,0.39802861526675554,0.9123281683258319,-1.0523833811529668,-0.0071171740506968135,0.46421839881351007,0
639,-1.4264614892431697,-1.3571248895978194,-1.1729774215168447,2.1639302073950217,-1.6319159329414814,-0.922658145359632,0
2730,0.5259105276713423,0.3002614439082513,0.6860853698158118,0.06834535821939652,-0.2570862138800483,1.851094942986652,1
6472,1.0837311039326314,0.877553312882276,1.0322397409716284,0.18101121032561315,-0.2570862138800483,0.46421839881351007,1
5787,-0.17136519265526917,0.22111659090374797,-0.18305682420480224,-1.3370129022634079,0.6178054255226819,-0.922658145359632,0
1728,-0.17136519265526917,-0.46325360860578124,-0.4925153646955194,0.4063429145380458,-0.7570242935387513,1.851094942986652,0
2505,-1.0080960570472028,-1.0079564204603044,-1.0394855020894762,0.18101121032561315,1.117743505181385,0.46421839881351007,0
1669,1.781006824259243,2.1112819038348287,1.7444855881328027,-0.21087001439166128,-0.0071171740506968135,-0.922658145359632,1
915,1.6415516801939205,1.3710447492632971,1.9661052898661169,0.5130789849544614,-0.2570862138800483,3.2379714871597938,1
3182,-1.5659166333084922,-1.0731345346993073,-0.9779405262495857,-1.6216424233738498,-1.7569004528561571,-0.922658145359632,0
8464,-1.984282065504459,-1.5247257547838267,-1.6514679379058526,2.8849916608748067,-0.38207073379472406,0.46421839881351007,0
6056,-0.31082033672059145,-0.3328973801277757,-0.8285567116522927,-0.46279365885276647,-0.5070552537093999,0.46421839881351007,0
4076,-0.17136519265526917,0.025582248186739622,-0.19519245324365403,-0.9854117291269804,0.9927589852667092,-0.922658145359632,0
5988,0.6653656717366646,0.877553312882276,0.8380696763500014,-0.6752492656816316,0.11786734586397894,-0.922658145359632,1
7442,-0.5897306248512361,-0.7984553389777955,-0.7534313890308301,0.5415419370655056,-1.2569623731974542,-0.922658145359632,0
819,-0.31082033672059145,-0.42600897189777964,-0.8401144535940561,-0.16565295000120656,-0.2570862138800483,0.46421839881351007,1
8741,-0.17136519265526917,-0.5610207799642855,-0.38936251786528037,0.8365216225799632,-0.0071171740506968135,-0.922658145359632,1
2304,0.8048208158019868,0.97066490465228,0.9131949989714644,-0.5400502431541724,-0.8820088134534271,-0.922658145359632,1
6827,-1.7053717773738144,-1.3105690937128174,-1.3862177603423806,-0.46279365885276647,2.117619664498791,0.46421839881351007,0
1125,-0.5897306248512361,-1.0498566367568063,-0.6130048244384039,2.6274697132034555,1.617681584840088,-0.922658145359632,1
4009,0.8048208158019868,0.7099524476962689,0.8889237408937605,-0.11943106195763077,-1.6319159329414814,-0.922658145359632,1
1435,-0.031910048589946886,0.0023043502442386295,-0.6060701792733456,-0.6076497544179019,-1.5069314130268057,-0.922658145359632,0
2420,0.1075450954753754,-0.24444136794627191,-0.044652864452184284,0.4583425385870686,0.4928209056080062,1.851094942986652,1
2882,-1.1475512011125253,-1.0498566367568063,-0.7777026471085334,-0.11943106195763077,1.2427280250960608,0.46421839881351007,0
3011,1.781006824259243,2.1112819038348287,1.0567999425978754,-0.21087001439166128,-0.8820088134534271,-0.922658145359632,1
4971,0.6653656717366646,0.3747507173242545,0.25295899054822507,0.23734413637872115,-0.2570862138800483,1.851094942986652,1
8834,-0.8686409129818806,-0.7425883839157932,-0.9441341310699275,-0.7203156065241186,-0.8820088134534271,0.46421839881351007,0
3897,0.9442759598673092,0.3887174560897551,0.3078582647716016,0.9020726638053981,-0.0071171740506968135,0.46421839881351007,1
8336,-1.7053717773738144,-1.3105690937128174,-1.3891071958278216,-0.46279365885276647,-0.8820088134534271,-0.922658145359632,0
4561,0.5259105276713423,0.4213065132092565,0.4682219342135703,-0.19012336131839436,0.36783638569333044,-0.922658145359632,1
4349,-1.1475512011125253,-0.854322294039798,-0.9880535504486287,-1.1709790149489838,-1.0069933333681027,0.46421839881351007,0
2776,0.38645538360602,0.34216166020475314,0.819866232791724,-0.3491810348801111,2.617557744157494,0.46421839881351007,1
2966,-0.31082033672059145,-0.7053437472077916,-0.5916230018461412,1.0823380271753442,1.4926970649254123,-0.922658145359632,0
3780,-1.0080960570472028,-0.8682890328052986,-1.0828270343710893,-0.6383768049923249,-0.2570862138800483,-0.922658145359632,0
4633,-0.17136519265526917,0.22111659090374797,-0.07383616285513747,-1.3370129022634079,0.36783638569333044,0.46421839881351007,0
8341,0.38645538360602,0.574940639629763,0.40812167611639993,-0.767753860042525,0.4928209056080062,-0.922658145359632,1
2574,0.9442759598673092,0.7937528802892724,1.355278628243918,0.03079007418399119,-1.6319159329414814,0.46421839881351007,1
6283,-1.0080960570472028,-0.9381227266328015,-0.9137950584727984,-0.2696521980992527,1.117743505181385,-0.922658145359632,0
3192,-0.5897306248512361,-0.9660562041638027,-0.6338087599335779,1.7583331398126427,1.2427280250960608,-0.922658145359632,0
2260,0.1075450954753754,-0.030284706875262763,-0.3835836468943986,-0.1795195164142793,-0.2570862138800483,1.851094942986652,0
7424,-1.984282065504459,-1.4502364813678235,-1.4249361958472884,0.0007458469556669184,-0.5070552537093999,-0.922658145359632,0
8159,-0.8686409129818806,-1.040545477579806,-0.7453409696715956,1.0823380271753442,-0.38207073379472406,0.46421839881351007,0
3946,0.6653656717366646,0.5004513662137599,1.298356749180732,-0.031065687756677028,1.3677125450107366,0.46421839881351007,1
6159,-0.8686409129818806,-1.040545477579806,-0.8747876794193467,1.0823380271753442,0.11786734586397894,0.46421839881351007,0
8223,-0.17136519265526917,-0.16995209453026872,-0.7777026471085333,-0.5400502431541724,1.3677125450107366,-0.922658145359632,0
7209,0.6653656717366646,0.7518526639927706,0.7522534424324074,-0.4831243389320839,-0.38207073379472406,-0.922658145359632,1
3169,0.5259105276713423,0.05817130530624101,0.09259532110625708,0.6960551056683167,1.9926351445841153,1.851094942986652,1
7084,-1.0080960570472028,-1.2174575019428135,-1.1955150183032832,2.434328252449941,1.617681584840088,1.851094942986652,0
4546,1.2231862479979538,1.5386456144493041,0.5101187487524629,-0.5154686026946338,0.2428518657786547,-0.922658145359632,1
5671,0.38645538360602,0.4585511499172581,0.5598170391020454,-0.5700944703824966,-0.13210169396537258,0.46421839881351007,0
4432,0.5259105276713423,-0.06287376399476416,0.6485227085050805,1.0823380271753442,-1.0069933333681027,1.851094942986652,1
6246,0.6653656717366646,0.6261520151032652,-0.11371037255422135,-0.2696521980992527,1.7426661047547638,-0.922658145359632,1
8859,-0.031910048589946886,-0.6122321554377876,-0.1992376629232712,1.6231341172851836,-0.8820088134534271,0.46421839881351007,1
1187,1.0837311039326314,1.5758902511573059,1.7777140962153726,-0.7986918514675733,0.6178054255226819,0.46421839881351007,1
1601,1.9204619683245652,2.553561964742347,2.616806161187401,-0.4318910251322045,0.9927589852667092,-0.922658145359632,1
7456,0.2470002395406977,0.15128289707624498,0.4150563212814583,-0.2696521980992527,-1.0069933333681027,-0.922658145359632,1
1460,-0.7291857689165584,-0.8450111348627976,-0.819021574550338,0.271143892010586,0.36783638569333044,-0.922658145359632,0
7152,-1.0080960570472028,-0.5191205636677836,-1.0481538085457989,-1.7906412015331743,0.7427899454373577,0.46421839881351007,0
7409,-0.8686409129818806,-0.5936098370837868,-0.8516721955358196,-1.2353595018668222,1.117743505181385,-0.922658145359632,0
5059,0.1075450954753754,-0.030284706875262763,-0.0911727757677827,-0.1795195164142793,1.117743505181385,0.46421839881351007,1
6414,0.2470002395406977,-0.07218492317176455,0.05445477269843712,0.3097721841612886,0.8677744653520334,-0.922658145359632,1
4601,-0.4502754807859138,-0.6634435309112898,-0.4237468001420268,0.3448888133892005,1.117743505181385,1.851094942986652,1
8351,1.362641392063276,1.343111271732296,1.399775934719707,0.0007458469556669184,0.4928209056080062,1.851094942986652,1
7866,0.1075450954753754,0.18387195419574637,-0.3769379452778846,-0.6672963820035458,0.7427899454373577,0.46421839881351007,0
8366,1.0837311039326314,1.017220700537282,1.0322397409716284,-0.05618005726642155,-0.38207073379472406,0.46421839881351007,1
4444,-0.4502754807859138,-1.1057235918188086,-0.3413978888069618,4.236981886149404,-1.38194689311213,0.46421839881351007,0
6592,-1.4264614892431697,-1.2453909794738147,-1.3844840990511162,0.3097721841612886,0.11786734586397894,-0.922658145359632,0
4316,1.362641392063276,1.6410683653963085,1.335052579845831,-0.39256040039694323,1.4926970649254123,-0.922658145359632,1
346,-0.8686409129818806,-0.8170776573317964,-1.078203937594384,-0.39256040039694323,-0.6320397736240756,-0.922658145359632,0
8681,-1.5659166333084922,-1.3291914120668182,-1.3180270828859761,0.6316746187504784,-1.1319778532827784,-0.922658145359632,0
3084,0.8048208158019868,1.1010211331302855,0.1769668372811303,-0.7203156065241186,-1.2569623731974542,0.46421839881351007,0
7203,0.9442759598673092,0.7937528802892724,0.6597915068982996,0.03079007418399119,1.2427280250960608,0.46421839881351007,1
8004,1.362641392063276,1.9390254590603213,1.1316363216707943,-0.7203156065241186,-2.6317920922588875,0.46421839881351007,0
2239,-0.5897306248512361,-0.6308544737917884,-0.4829802275935647,-0.2696521980992527,-0.6320397736240756,0.46421839881351007,0
1754,0.8048208158019868,0.5795962192182633,0.5814878052428522,0.12799198580504031,0.11786734586397894,0.46421839881351007,1
8599,0.1075450954753754,-0.6727546900882901,-0.18421259839897852,2.5845493885915625,0.36783638569333044,-0.922658145359632,1
8829,0.2470002395406977,0.03954898695224022,0.6785728375536652,0.0007458469556669184,0.2428518657786547,1.851094942986652,0
3924,-0.4502754807859138,-0.7518995430927936,-0.7092230261035847,0.8119399821204246,1.4926970649254123,0.46421839881351007,1
8876,0.1075450954753754,-0.24444136794627191,-0.3968750501274265,0.4583425385870686,-0.38207073379472406,0.46421839881351007,1
4443,0.1075450954753754,-0.3515196984817765,-0.2772524210301744,0.8570063229629117,0.2428518657786547,1.851094942986652,1
5415,-2.1237372095697813,-1.3757472079518203,-1.473478712002695,-1.959639979692499,-0.0071171740506968135,-0.922658145359632,0
1229,-0.031910048589946886,-0.2025411516497701,-0.25009172746703023,-0.07651073734573895,0.6178054255226819,-0.922658145359632,0
339,1.0837311039326314,1.1568880881922878,1.3182938540302742,-0.2696521980992527,2.992511303901521,-0.922658145359632,1
3221,0.8048208158019868,1.1010211331302855,0.7675674505052439,-0.7203156065241186,-0.2570862138800483,-0.922658145359632,0
8989,-1.5659166333084922,-1.3291914120668182,-1.2798865344781567,0.6316746187504784,-0.8820088134534271,-0.922658145359632,0
4691,0.6653656717366646,0.7518526639927706,0.6040254020292909,-0.4831243389320839,-1.0069933333681027,-0.922658145359632,0
4762,-0.7291857689165584,-0.7658662818582942,-0.9762068649583212,-0.1467439958015622,0.8677744653520334,1.851094942986652,0
2650,-1.8448269214391366,-1.3431581508323187,-1.4997725749202069,-0.849076580359794,-0.5070552537093999,0.46421839881351007,0
1674,-2.1237372095697813,-1.4735143793103245,-1.5179760184784845,-0.5400502431541724,-0.5070552537093999,0.46421839881351007,0
6646,1.362641392063276,1.790046912228315,1.4182683218265282,-0.5635631166372087,0.2428518657786547,0.46421839881351007,1
4759,-0.8686409129818806,-0.9660562041638027,-0.985742002060276,0.48145348260885645,-0.5070552537093999,-0.922658145359632,0
7001,-0.4502754807859138,-0.9288115674558011,-1.005679106909818,2.096330696131292,-0.38207073379472406,0.46421839881351007,0
225,-0.031910048589946886,-0.40738665354377884,-0.12295656610763195,0.6316746187504784,0.7427899454373577,-0.922658145359632,0
7181,-0.31082033672059145,-0.3328973801277757,-0.6840849373802491,-0.46279365885276647,-0.2570862138800483,0.46421839881351007,0
4065,-0.4502754807859138,-0.6634435309112898,-1.038618671443844,0.3448888133892005,1.9926351445841153,0.46421839881351007,0
1825,-0.4502754807859138,-0.8403555552742974,-0.2974784694282608,1.3827802994585883,-1.2569623731974542,-0.922658145359632,0
4736,1.5020965361285983,1.8971252427638194,1.7681789591134178,-0.4459987492220264,1.7426661047547638,-0.922658145359632,1
2967,-1.5659166333084922,-1.2267686611198139,-1.2830649135121417,-0.6076497544179019,1.7426661047547638,0.46421839881351007,0
1109,2.8966479767818214,3.1680984704243733,3.136615605018214,0.5190087666442624,0.36783638569333044,1.851094942986652,1
247,0.9442759598673092,0.3887174560897551,0.7519644988838635,0.9020726638053981,-0.13210169396537258,1.851094942986652,1
6514,-0.5897306248512361,-0.714654906384792,-0.9718727117301598,0.09907240879381946,-1.38194689311213,-0.922658145359632,0
8467,-1.1475512011125253,-1.0498566367568063,-0.955691873011691,-0.11943106195763077,-1.0069933333681027,0.46421839881351007,0
775,-0.7291857689165584,-0.7658662818582942,-0.8141095342250884,-0.1467439958015622,0.36783638569333044,0.46421839881351007,0
6380,-0.17136519265526917,-0.46325360860578124,-0.2073280822825055,0.4063429145380458,-0.5070552537093999,-0.922658145359632,0
5100,-0.17136519265526917,-0.2677192658887729,-0.05563271929685979,-0.2696521980992527,-1.1319778532827784,0.46421839881351007,1
7219,-0.4502754807859138,-0.7518995430927936,-0.7256928083705978,0.8119399821204246,1.617681584840088,0.46421839881351007,1
4680,-1.5659166333084922,-1.2267686611198139,-1.3116703248180062,-0.6076497544179019,0.36783638569333044,-0.922658145359632,0
7133,-2.542102641765748,-1.5619703914918281,-1.6595583572650872,-1.6216424233738498,0.11786734586397894,-0.922658145359632,0
8993,0.1075450954753754,-0.24444136794627191,-0.0911727757677827,0.4583425385870686,0.36783638569333044,1.851094942986652,1
7993,-1.8448269214391366,-1.468858799721824,-1.367147486138471,1.7583331398126427,-0.38207073379472406,-0.922658145359632,0
2168,-0.7291857689165584,-0.6867214288537907,-0.5586834373121154,-0.4949839023116854,0.7427899454373577,0.46421839881351007,0
7556,0.2470002395406977,0.03954898695224022,-0.23680032423400252,0.0007458469556669184,0.9927589852667092,0.46421839881351007,1
3588,0.1075450954753754,0.29095028473125095,0.9455566764084019,-0.8705367426657405,1.2427280250960608,-0.922658145359632,0
5895,-1.5659166333084922,-1.1755572856463117,-1.3053135667500364,-1.020757878807362,1.117743505181385,-0.922658145359632,0
3795,-1.7053717773738144,-1.4502364813678235,-1.446895905536639,2.434328252449941,-0.38207073379472406,-0.922658145359632,0
4456,0.1075450954753754,-0.24444136794627191,0.16136388565974966,0.4583425385870686,0.36783638569333044,0.46421839881351007,0
1092,0.8048208158019868,0.3188837622622521,0.24978061151424005,0.7218073004354518,1.617681584840088,0.46421839881351007,1
8296,-1.5659166333084922,-1.1243459101728095,-1.3593460103277806,-1.35124437831893,-0.8820088134534271,-0.922658145359632,0
4201,0.9442759598673092,1.1987883044887897,1.2714849991661326,-0.5915546326884425,2.7425422640721697,0.46421839881351007,0
3308,0.5259105276713423,-0.06287376399476416,0.33299635349493734,1.0823380271753442,0.36783638569333044,0.46421839881351007,1
4964,-1.984282065504459,-1.3757472079518203,-1.5127750346046906,-1.2353595018668222,-0.6320397736240756,-0.922658145359632,0
6297,0.5259105276713423,0.3002614439082513,0.3930966115921076,0.06834535821939652,-1.2569623731974542,0.46421839881351007,1
2584,-0.5897306248512361,-0.5470540411987849,-0.8470490987591144,-0.5816499423933906,-0.8820088134534271,0.46421839881351007,0
6331,-0.31082033672059145,-0.2397857883577717,-0.4529300985449795,-0.7203156065241186,0.6178054255226819,-0.922658145359632,0
3115,-0.5897306248512361,-0.8822557715707992,-0.9510687762349858,1.0823380271753442,-0.5070552537093999,0.46421839881351007,1
7549,-1.7053717773738144,-1.4502364813678235,-1.4613430829638434,2.434328252449941,-0.2570862138800483,-0.922658145359632,0
6721,0.8048208158019868,0.8403086761742744,0.9455566764084019,-0.3408095783768633,-0.7570242935387513,-0.922658145359632,0
46,-0.17136519265526917,-0.2677192658887729,-0.43790503402068703,-0.2696521980992527,-0.5070552537093999,1.851094942986652,0
7178,0.9442759598673092,0.7937528802892724,1.0536215635638908,0.03079007418399119,-1.7569004528561571,-0.922658145359632,1
5729,-1.0080960570472028,-0.6587879513227896,-0.7014215502928944,-1.428500962620336,0.4928209056080062,-0.922658145359632,0
4371,0.38645538360602,0.22577217049224818,0.57426421652925,-0.1006534199399281,-0.13210169396537258,-0.922658145359632,0
1972,0.1075450954753754,0.29095028473125095,-0.28389812264668857,-0.8705367426657405,0.7427899454373577,-0.922658145359632,1
3521,0.1075450954753754,0.5051069458022601,-0.03800716283567041,-1.2160453557914708,-0.6320397736240756,-0.922658145359632,0
2625,0.2470002395406977,0.03954898695224022,0.4635988374368645,0.0007458469556669184,0.11786734586397894,-0.922658145359632,0
5147,0.5259105276713423,0.9054867904132772,0.5884224504079102,-0.9778375541954701,1.3677125450107366,-0.922658145359632,1
7118,0.9442759598673092,1.063776496422284,1.011724749024998,-0.4048512206267125,-1.8818849727708329,-0.922658145359632,1
3118,-0.4502754807859138,-0.8403555552742974,-0.4072770178750137,1.3827802994585883,-0.6320397736240756,-0.922658145359632,0
5849,-0.4502754807859138,-0.48653150654828226,-0.6378539696131952,-0.3736514461972989,-0.0071171740506968135,-0.922658145359632,0
7431,-2.1237372095697813,-1.4735143793103245,-1.6110158411096804,-0.5400502431541724,-1.1319778532827784,-0.922658145359632,0
1774,1.9204619683245652,1.883158503998319,1.670227096156972,0.3097721841612886,-0.38207073379472406,0.46421839881351007,1
4885,-0.4502754807859138,-0.48653150654828226,-0.08337129995709221,-0.3736514461972989,-0.6320397736240756,-0.922658145359632,0
2602,0.6653656717366646,0.3747507173242545,-0.10590889674353088,0.23734413637872115,0.11786734586397894,0.46421839881351007,1
1786,0.38645538360602,0.1093826807797432,0.31421502283957164,0.18101121032561315,1.2427280250960608,0.46421839881351007,1
5595,-0.5897306248512361,-0.714654906384792,-0.7638333567784171,0.09907240879381946,-0.7570242935387513,0.46421839881351007,0
76,0.8048208158019868,0.7099524476962689,0.5005836116505078,-0.11943106195763077,0.36783638569333044,-0.922658145359632,0
816,-0.5897306248512361,-0.7984553389777955,-0.6598136793025458,0.5415419370655056,0.7427899454373577,0.46421839881351007,0
5764,-1.984282065504459,-1.4502364813678235,-1.3509666474200022,0.0007458469556669184,0.4928209056080062,-0.922658145359632,0
3139,-0.31082033672059145,-0.7053437472077916,-0.42981461466145254,1.0823380271753442,0.11786734586397894,1.851094942986652,1
6697,1.0837311039326314,0.17921637460724618,0.9628932893210471,1.9143320119597111,0.9927589852667092,1.851094942986652,1
3259,-0.8686409129818806,-1.115034750995809,-1.0181036794972138,1.8549038701893994,0.11786734586397894,0.46421839881351007,0
2781,-0.5897306248512361,-0.8822557715707992,-0.7794363083997979,1.0823380271753442,0.4928209056080062,0.46421839881351007,0
896,1.781006824259243,1.9483366182373216,1.815276757526104,-0.023835793503871668,0.36783638569333044,0.46421839881351007,1
4373,1.0837311039326314,0.5982185375722641,1.3269621604865969,0.7443404708566951,-1.2569623731974542,-0.922658145359632,1
3563,-1.0080960570472028,-0.7984553389777955,-1.0091464294923471,-0.9456473107365512,2.2426041844134668,-0.922658145359632,0
7673,0.5259105276713423,0.5423515825102617,0.43065927290283895,-0.4198733342408747,-1.38194689311213,0.46421839881351007,1
4812,0.1075450954753754,0.07679362366024181,-0.21744110648154855,-0.43865097625857735,1.2427280250960608,-0.922658145359632,0
4585,0.38645538360602,-0.35617527807027666,0.48035756325242207,1.8197872409614886,-0.5070552537093999,1.851094942986652,1
5031,0.8048208158019868,0.7099524476962689,-0.009112807981261704,-0.11943106195763077,0.36783638569333044,-0.922658145359632,1
7988,-0.4502754807859138,-0.48653150654828226,-0.643343897035533,-0.3736514461972989,-0.2570862138800483,-0.922658145359632,0
6950,-0.031910048589946886,-0.2025411516497701,-0.046675469291993024,-0.07651073734573895,-0.6320397736240756,-0.922658145359632,0
668,-0.7291857689165584,-0.7658662818582942,-0.573419558287864,-0.1467439958015622,0.11786734586397894,-0.922658145359632,0
8854,-0.031910048589946886,-0.30496390259677447,-0.11024304997169218,0.25034404239097685,-0.13210169396537258,0.46421839881351007,0
4685,1.6415516801939205,2.479072691326344,1.5534939025451613,-0.7896484385894823,-1.1319778532827784,-0.922658145359632,1
6245,-1.0080960570472028,-1.0777901142878075,-0.7924387680842818,0.7443404708566951,0.36783638569333044,0.46421839881351007,1
4758,-1.2870063451778475,-1.0917568530533082,-1.098141042443926,-0.4198733342408747,0.4928209056080062,-0.922658145359632,0
4252,0.5259105276713423,0.6633966518112668,0.7762357569615668,-0.6254390994873045,-0.38207073379472406,-0.922658145359632,0
5748,0.5259105276713423,0.6633966518112668,0.6935979020779578,-0.6254390994873045,-0.2570862138800483,-0.922658145359632,0
5124,-0.8686409129818806,-0.8170776573317964,-0.9117724536329898,-0.39256040039694323,0.7427899454373577,0.46421839881351007,0
1971,-1.2870063451778475,-1.0312343184028054,-1.1657538328032422,-0.8104482882090914,0.4928209056080062,-0.922658145359632,0
3966,0.6653656717366646,0.3747507173242545,0.24515751473753492,0.23734413637872115,-0.7570242935387513,-0.922658145359632,0
5354,2.338827400520532,1.813324810170816,2.323817402963697,1.2246527877305655,-0.13210169396537258,1.851094942986652,1
2878,0.8048208158019868,0.7099524476962689,0.3225943857473501,-0.11943106195763077,0.6178054255226819,-0.922658145359632,0
4963,1.2231862479979538,1.6829685816928104,0.9490239989909307,-0.681127484052391,0.2428518657786547,-0.922658145359632,1
289,1.2231862479979538,1.6829685816928104,1.0475537490444644,-0.681127484052391,-1.38194689311213,0.46421839881351007,0
129,0.2470002395406977,0.3747507173242545,0.19314767599959892,-0.7203156065241186,-1.0069933333681027,-0.922658145359632,0
1527,0.1075450954753754,-0.13736303741076733,0.28098651475700165,0.11663072340777482,-0.2570862138800483,-0.922658145359632,0
8360,0.8048208158019868,0.4492399907402577,0.3954081599804602,0.4063429145380458,1.2427280250960608,0.46421839881351007,1
2195,-1.0080960570472028,-0.7984553389777955,-0.7620996954871526,-0.9456473107365512,-1.1319778532827784,-0.922658145359632,0
301,1.362641392063276,1.9390254590603213,1.5292226444674577,-0.7203156065241186,0.4928209056080062,-0.922658145359632,1
3426,0.38645538360602,0.1093826807797432,0.35033296640758255,0.18101121032561315,0.6178054255226819,-0.922658145359632,1
3251,1.5020965361285983,1.7434911163433129,1.8826006043368761,-0.2696521980992527,0.4928209056080062,-0.922658145359632,1
4227,1.781006824259243,1.6224460470423079,1.6736944187395013,0.4063429145380458,-0.5070552537093999,1.851094942986652,1
8856,1.9204619683245652,2.218360234370333,2.0446979350701087,-0.09330564697647901,-0.7570242935387513,0.46421839881351007,1
364,-0.31082033672059145,-0.42600897189777964,-0.2680062274767638,-0.16565295000120656,-2.1318540126001846,0.46421839881351007,0
6715,-0.17136519265526917,-0.6587879513227896,-0.3226165581515962,1.352736072230264,-0.2570862138800483,-0.922658145359632,0
2919,-1.1475512011125253,-0.854322294039798,-1.1094098408371456,-1.1709790149489838,0.6178054255226819,-0.922658145359632,0
908,-0.5897306248512361,-0.9660562041638027,-1.1227012440701731,1.7583331398126427,-0.2570862138800483,-0.922658145359632,0
2464,1.362641392063276,1.343111271732296,1.6216845800015656,0.0007458469556669184,-1.6319159329414814,0.46421839881351007,1
2752,-0.5897306248512361,-0.714654906384792,-0.9042599213708434,0.09907240879381946,0.36783638569333044,0.46421839881351007,0
7811,-0.17136519265526917,-0.854322294039798,-0.43183721950126114,2.7723258087685907,0.36783638569333044,3.2379714871597938,0
1405,0.6653656717366646,0.24905006843474917,0.07352504690234726,0.5415419370655056,-0.38207073379472406,-0.922658145359632,1
8880,-0.7291857689165584,-0.7658662818582942,-0.5586834373121154,-0.1467439958015622,-0.13210169396537258,1.851094942986652,0
1966,1.362641392063276,0.8961756312362767,0.7617885795343624,0.7642226800519096,1.117743505181385,0.46421839881351007,1
8508,-0.5897306248512361,-0.714654906384792,-0.8522500826329078,0.09907240879381946,0.11786734586397894,0.46421839881351007,1
8867,0.8048208158019868,0.8403086761742744,0.7190249343498377,-0.3408095783768633,-0.8820088134534271,-0.922658145359632,1
2491,-0.31082033672059145,-0.6122321554377876,-0.2969005823311725,0.5907052179845815,0.36783638569333044,0.46421839881351007,0
470,0.2470002395406977,0.03954898695224022,0.07525870819361152,0.0007458469556669184,-0.8820088134534271,0.46421839881351007,0
420,-1.4264614892431697,-1.4129918446598217,-1.29780103448789,3.7863184777245382,-0.0071171740506968135,0.46421839881351007,0
3430,-0.4502754807859138,-0.39807549436677847,-0.24257919520488425,-0.6559351196062803,0.7427899454373577,-0.922658145359632,0
8005,-0.4502754807859138,-0.8403555552742974,-0.6213841873461823,1.3827802994585883,0.7427899454373577,0.46421839881351007,0
8892,-0.5897306248512361,-0.46325360860578124,-0.11891135642801479,-0.849076580359794,-0.0071171740506968135,-0.922658145359632,0
3696,-1.7053717773738144,-1.3105690937128174,-1.4093332442259077,-0.46279365885276647,1.117743505181385,-0.922658145359632,0
5144,1.6415516801939205,1.6876241612813105,2.260827709381086,0.052250236489937096,0.11786734586397894,0.46421839881351007,1
263,0.38645538360602,0.1093826807797432,0.09028377271790418,0.18101121032561315,-0.5070552537093999,-0.922658145359632,1
1354,0.8048208158019868,0.7099524476962689,0.7109345149906035,-0.11943106195763077,2.4925732242428182,0.46421839881351007,1
7984,1.5020965361285983,1.1289546106612867,1.5011951202586813,0.6316746187504784,-0.7570242935387513,-0.922658145359632,1
6757,1.362641392063276,1.9390254590603213,1.5014840638072258,-0.7203156065241186,1.2427280250960608,-0.922658145359632,1
4243,-0.17136519265526917,-0.3654864372472771,-0.3650912597875771,0.04234554619488514,-0.38207073379472406,0.46421839881351007,0
7206,1.781006824259243,1.4595007614448008,2.492849378861988,0.655393745509682,-1.5069314130268057,-0.922658145359632,1
6373,-0.17136519265526917,-0.3654864372472771,0.029316683975101746,0.04234554619488514,-1.0069933333681027,0.46421839881351007,0
2395,1.0837311039326314,0.5982185375722641,0.8068637731072401,0.7443404708566951,1.117743505181385,1.851094942986652,1
1998,0.6653656717366646,0.7518526639927706,0.7990622972965497,-0.4831243389320839,1.8676506246694395,0.46421839881351007,1
894,-1.1475512011125253,-1.0498566367568063,-0.9718727117301598,-0.11943106195763077,1.3677125450107366,0.46421839881351007,0
1161,-0.17136519265526917,-0.5610207799642855,-0.401498146904132,0.8365216225799632,-3.1317301719175905,0.46421839881351007,0
5480,0.9442759598673092,1.3338001125552954,1.2379675475350176,-0.7612850072900155,-1.38194689311213,0.46421839881351007,0
8079,1.2231862479979538,1.5386456144493041,1.1729552491125985,-0.5154686026946338,-0.2570862138800483,-0.922658145359632,0
4678,0.1075450954753754,-0.3515196984817765,-0.29054382426320274,0.8570063229629117,-0.6320397736240756,-0.922658145359632,0
6500,-0.7291857689165584,-0.9241559878673009,-1.0105911472350675,0.7818957548921004,1.4926970649254123,0.46421839881351007,0
8724,1.781006824259243,2.763063046224856,2.057989338303137,-0.820463030618533,1.617681584840088,-0.922658145359632,1
5861,0.8048208158019868,0.5795962192182633,1.0911842248746213,0.12799198580504031,0.36783638569333044,1.851094942986652,1
7608,0.1075450954753754,0.29095028473125095,0.015158450096441543,-0.8705367426657405,-1.1319778532827784,1.851094942986652,0
5073,-0.7291857689165584,-0.9241559878673009,-0.5881556792636121,0.7818957548921004,-1.0069933333681027,-0.922658145359632,0
6223,0.38645538360602,0.574940639629763,-0.21310695325338724,-0.767753860042525,-1.1319778532827784,0.46421839881351007,0
4467,0.2470002395406977,0.15128289707624498,0.5398799342525034,-0.2696521980992527,0.7427899454373577,0.46421839881351007,0
6345,-0.8686409129818806,-1.115034750995809,-1.0412191633807408,1.8549038701893994,0.6178054255226819,0.46421839881351007,0
6326,1.781006824259243,1.7853913326398148,1.390529741166296,0.18101121032561315,-1.5069314130268057,1.851094942986652,1
5240,-0.031910048589946886,-0.10011840070276574,-0.517075566321767,-0.35978487978422613,0.6178054255226819,0.46421839881351007,1
5515,1.781006824259243,2.4371724750298425,1.9062939753174915,-0.5400502431541724,-0.5070552537093999,-0.922658145359632,1
1171,2.19937225645521,2.0786928467153274,2.107109741555632,0.5672941318326407,1.3677125450107366,1.851094942986652,1
5691,1.2231862479979538,1.1056767127187856,1.6297749993608,0.08613470328879902,-1.38194689311213,0.46421839881351007,1
8105,2.338827400520532,3.629000849685893,2.9999453065568606,-0.6892353714603345,-0.38207073379472406,-0.922658145359632,1
7596,-0.4502754807859138,-0.7518995430927936,-0.6213841873461823,0.8119399821204246,-0.5070552537093999,0.46421839881351007,0
4667,-1.8448269214391366,-1.4269585834253224,-1.4971720829833102,0.5415419370655056,1.617681584840088,-0.922658145359632,0
2931,-0.5897306248512361,-0.46325360860578124,-0.17092119516595047,-0.849076580359794,1.4926970649254123,-0.922658145359632,0
4060,0.8048208158019868,0.5795962192182633,0.3064135470288815,0.12799198580504031,2.7425422640721697,0.46421839881351007,1
6137,-2.542102641765748,-1.5992150281998296,-1.6225735830514438,1.0823380271753442,-2.506807572344212,-0.922658145359632,0
798,-0.31082033672059145,-0.5191205636677836,-0.4009202598070438,0.18101121032561315,-0.13210169396537258,-0.922658145359632,0
183,-0.31082033672059145,-0.5191205636677836,-0.19288090485530116,0.18101121032561315,0.2428518657786547,0.46421839881351007,1
515,-1.2870063451778475,-1.1522793877038107,-1.1244349053614378,0.06834535821939652,1.4926970649254123,0.46421839881351007,1
6588,-2.2631923536351035,-1.5247257547838267,-1.566518534633891,-0.2696521980992527,-1.8818849727708329,-0.922658145359632,0
7271,-1.1475512011125253,-1.2453909794738147,-1.1296358892352316,1.983664844025076,0.2428518657786547,0.46421839881351007,0
8119,0.38645538360602,0.1093826807797432,-0.30701360653021553,0.18101121032561315,1.117743505181385,0.46421839881351007,1
2946,1.0837311039326314,1.5758902511573059,1.3182938540302742,-0.7986918514675733,1.8676506246694395,-0.922658145359632,1
3666,-0.031910048589946886,-0.30496390259677447,-0.656924243817105,0.25034404239097685,1.3677125450107366,-0.922658145359632,1
1639,-0.31082033672059145,-0.7984553389777955,-0.7592102600017118,1.683222571741832,-0.0071171740506968135,0.46421839881351007,1
2251,0.38645538360602,-0.007006808932761768,0.6609472810924765,0.502913644914803,1.3677125450107366,-0.922658145359632,1
2423,-0.8686409129818806,-0.8915669307477996,-0.9441341310699275,0.0007458469556669184,0.4928209056080062,0.46421839881351007,0
986,-0.5897306248512361,-0.6308544737917884,-0.743029421283243,-0.2696521980992527,-1.5069314130268057,0.46421839881351007,0
4417,-1.0080960570472028,-1.0777901142878075,-0.9441341310699275,0.7443404708566951,1.117743505181385,0.46421839881351007,0
8437,0.38645538360602,0.691330129342268,0.6320529262380671,-0.9456473107365512,-0.7570242935387513,0.46421839881351007,0
3913,-0.31082033672059145,-0.3328973801277757,-0.32579493718558117,-0.46279365885276647,-1.38194689311213,-0.922658145359632,0
5876,-0.8686409129818806,-1.040545477579806,-0.7453409696715956,1.0823380271753442,1.117743505181385,0.46421839881351007,0
3578,-1.5659166333084922,-1.3804027875403204,-1.4451622442453744,1.6231341172851836,-0.8820088134534271,-0.922658145359632,0
1279,0.6653656717366646,0.6261520151032652,0.6586357327041236,-0.2696521980992527,0.36783638569333044,0.46421839881351007,1
2141,-0.17136519265526917,0.025582248186739622,-0.14664993708824722,-0.9854117291269804,-0.5070552537093999,-0.922658145359632,0
8504,0.2470002395406977,-0.18391883329576933,-0.3546892920399899,0.6663410347831609,-0.13210169396537258,-0.922658145359632,0
2862,-1.0080960570472028,-0.9381227266328015,-0.7620996954871526,-0.2696521980992527,1.2427280250960608,-0.922658145359632,0
1429,-0.17136519265526917,-0.5610207799642855,-0.5471256953703519,0.8365216225799632,-0.2570862138800483,0.46421839881351007,0
7279,0.1075450954753754,0.18387195419574637,0.015158450096441543,-0.6672963820035458,-1.38194689311213,-0.922658145359632,0
5496,0.1075450954753754,-0.030284706875262763,0.3673806357716836,-0.1795195164142793,0.7427899454373577,1.851094942986652,0
2027,1.2231862479979538,0.8170307782317734,1.782048249443534,0.6051650064901923,0.36783638569333044,1.851094942986652,1
658,0.5259105276713423,0.6633966518112668,0.12264545015484174,-0.6254390994873045,-0.7570242935387513,-0.922658145359632,1
1466,3.175558264912466,4.229570616602419,3.303336032528152,0.020059993031018235,0.7427899454373577,0.46421839881351007,1
5452,-0.31082033672059145,-0.42600897189777964,-0.36046816301087165,-0.16565295000120656,-0.0071171740506968135,1.851094942986652,1
2357,0.1075450954753754,0.07679362366024181,0.19459239374231968,-0.43865097625857735,-0.8820088134534271,-0.922658145359632,0
5828,0.2470002395406977,0.3747507173242545,0.06138941786349547,-0.7203156065241186,0.4928209056080062,0.46421839881351007,0
2198,1.5020965361285983,1.7434911163433129,1.7872492333173273,-0.2696521980992527,0.11786734586397894,-0.922658145359632,1
7091,1.5020965361285983,1.5898569899228063,1.5202653944625906,-0.07651073734573895,-0.13210169396537258,-0.922658145359632,1
7937,-0.4502754807859138,-0.48653150654828226,-0.7970618648609871,-0.3736514461972989,-1.0069933333681027,-0.922658145359632,0
7022,-1.984282065504459,-1.3385025712438186,-1.450363228119168,-1.6216424233738498,1.617681584840088,-0.922658145359632,0
4770,1.2231862479979538,1.3943226472057981,1.3521002492099325,-0.33403268501709044,0.4928209056080062,0.46421839881351007,1
876,1.9204619683245652,2.38596109955634,1.8158546446231922,-0.2696521980992527,-0.2570862138800483,-0.922658145359632,1
977,-1.4264614892431697,-1.0777901142878075,-1.1903140344294898,-1.080846333264011,-1.5069314130268057,-0.922658145359632,0
1626,0.1075450954753754,-0.5656763595527856,0.48035756325242174,1.893532162340102,0.4928209056080062,0.46421839881351007,1
7799,-0.8686409129818806,-0.9660562041638027,-0.8562952923125251,0.48145348260885645,0.8677744653520334,0.46421839881351007,0
5017,-1.0080960570472028,-1.0079564204603044,-0.6407434050986361,0.18101121032561315,1.2427280250960608,-0.922658145359632,0
3583,-0.8686409129818806,-0.8170776573317964,-0.6991100019045416,-0.39256040039694323,1.117743505181385,-0.922658145359632,0
281,0.1075450954753754,-0.13736303741076733,-0.20414970324852047,0.11663072340777482,1.117743505181385,0.46421839881351007,1
3826,-0.7291857689165584,-0.44928686984028066,-0.6765724051181028,-1.2611116966339573,-1.1319778532827784,-0.922658145359632,0
8371,0.2470002395406977,0.3747507173242545,-0.5141861308363261,-0.7203156065241186,1.4926970649254123,-0.922658145359632,0
4891,1.781006824259243,2.4371724750298425,2.4018321610706006,-0.5400502431541724,0.6178054255226819,1.851094942986652,1
4628,-0.17136519265526917,-0.2677192658887729,0.07179138561108267,-0.2696521980992527,-1.1319778532827784,-0.922658145359632,0
8704,-1.0080960570472028,-0.8682890328052986,-0.7881046148561205,-0.6383768049923249,0.6178054255226819,0.46421839881351007,0
83,-0.5897306248512361,-0.5470540411987849,-0.5401910502052938,-0.5816499423933906,0.6178054255226819,-0.922658145359632,0
54,0.38645538360602,-0.007006808932761768,-0.11920029997655894,0.502913644914803,-1.38194689311213,-0.922658145359632,0
7208,0.38645538360602,0.34216166020475314,0.25642631313075426,-0.3491810348801111,0.4928209056080062,0.46421839881351007,0
3433,0.8048208158019868,0.5795962192182633,0.6462111601167276,0.12799198580504031,-0.7570242935387513,0.46421839881351007,1
113,-0.31082033672059145,-0.42600897189777964,0.22897667601906596,-0.16565295000120656,-1.0069933333681027,0.46421839881351007,1
277,0.1075450954753754,-0.24444136794627191,-0.18421259839897852,0.4583425385870686,0.8677744653520334,0.46421839881351007,0
5138,0.5259105276713423,0.4213065132092565,0.5583723213593252,-0.19012336131839436,-0.0071171740506968135,-0.922658145359632,0
2043,-0.4502754807859138,-0.3096194821852747,-0.3633575984963125,-0.9005809698940648,1.117743505181385,-0.922658145359632,0
3164,-0.5897306248512361,-0.6308544737917884,-0.5713969534480552,-0.2696521980992527,-0.5070552537093999,-0.922658145359632,0
6167,-2.1237372095697813,-1.4735143793103245,-1.59685760723102,-0.5400502431541724,0.7427899454373577,-0.922658145359632,0
2669,0.5259105276713423,0.17921637460724618,-0.2755187597389101,0.3612765736955594,-0.0071171740506968135,1.851094942986652,0
589,0.8048208158019868,0.7099524476962689,0.7352057730683064,-0.11943106195763077,-0.8820088134534271,0.46421839881351007,0
7443,-1.8448269214391366,-1.510759016018326,-1.6245961878912525,3.7863184777245382,-0.5070552537093999,-0.922658145359632,0
1361,1.9204619683245652,1.7155576388123117,1.6494231606617984,0.5415419370655056,1.617681584840088,1.851094942986652,1
1250,-0.17136519265526917,-0.3654864372472771,0.08999482916936002,0.04234554619488514,-0.2570862138800483,1.851094942986652,0
1396,-0.031910048589946886,-0.30496390259677447,-0.13567008224357205,0.25034404239097685,-0.13210169396537258,0.46421839881351007,0
3223,-0.031910048589946886,0.0023043502442386295,-0.11659980803966223,-0.6076497544179019,-1.38194689311213,-0.922658145359632,0
3941,-1.4264614892431697,-1.0777901142878075,-1.1625754537692574,-1.080846333264011,0.7427899454373577,-0.922658145359632,0
7904,-0.7291857689165584,-0.528431722844784,-1.0204152278855665,-1.0422180411133084,0.8677744653520334,-0.922658145359632,1
4249,2.19937225645521,2.0786928467153274,2.1729888706236835,0.5672941318326407,1.2427280250960608,-0.922658145359632,1
4244,-0.7291857689165584,-0.7658662818582942,-0.9221744213805768,-0.1467439958015622,-0.7570242935387513,0.46421839881351007,0
6135,-1.4264614892431697,-1.0777901142878075,-1.2873990667403028,-1.080846333264011,0.2428518657786547,0.46421839881351007,0
7211,-0.8686409129818806,-0.8170776573317964,-1.207650647342135,-0.39256040039694323,-1.38194689311213,0.46421839881351007,0
2724,1.2231862479979538,0.9613537454752795,1.235655999146665,0.3312323464672351,-1.8818849727708329,0.46421839881351007,1
981,-0.031910048589946886,-0.2025411516497701,0.04867590172755571,-0.07651073734573895,-0.2570862138800483,0.46421839881351007,0
921,1.362641392063276,1.1941327249002895,1.1778672894378481,0.2284494638440196,0.8677744653520334,0.46421839881351007,1
4412,1.9204619683245652,2.050759369184326,1.2957562572438355,0.09907240879381946,-0.2570862138800483,-0.922658145359632,1
2806,-0.031910048589946886,-0.10011840070276574,-0.2564484855350003,-0.35978487978422613,0.11786734586397894,-0.922658145359632,0
1293,-0.17136519265526917,-0.07218492317176455,-0.45004066305953866,-0.7766485325772265,0.2428518657786547,1.851094942986652,0
3497,-0.17136519265526917,0.025582248186739622,-0.03136146121915654,-0.9854117291269804,-0.2570862138800483,-0.922658145359632,0
8281,-0.17136519265526917,-0.07218492317176455,-0.3226165581515962,-0.7766485325772265,0.2428518657786547,-0.922658145359632,0
3222,1.0837311039326314,1.296555475847294,0.8068637731072401,-0.46279365885276647,0.11786734586397894,-0.922658145359632,1
4664,-0.7291857689165584,-0.8450111348627976,-0.9712948246330716,0.271143892010586,-0.2570862138800483,-0.922658145359632,0
6108,-0.4502754807859138,-0.574987518729786,-0.4621762920983903,-0.044320493886820085,-0.0071171740506968135,-0.922658145359632,0
1067,-1.0080960570472028,-1.0777901142878075,-1.2301882441285736,0.7443404708566951,-0.6320397736240756,0.46421839881351007,0
2990,0.2470002395406977,-0.5191205636677836,0.21395161149477332,2.1639302073950217,1.117743505181385,1.851094942986652,1
8301,-0.4502754807859138,-0.8403555552742974,-0.8464712116620261,1.3827802994585883,1.4926970649254123,0.46421839881351007,0
411,-0.7291857689165584,-0.7658662818582942,-0.7453409696715958,-0.1467439958015622,-0.13210169396537258,0.46421839881351007,0
6277,0.9442759598673092,0.5237292641562609,0.919551757039434,0.5753416926973705,1.2427280250960608,0.46421839881351007,1
8390,-0.31082033672059145,-0.42600897189777964,-0.031072517670612386,-0.16565295000120656,-0.6320397736240756,1.851094942986652,1
7216,0.1075450954753754,-0.13736303741076733,-0.21744110648154855,0.11663072340777482,-1.0069933333681027,-0.922658145359632,0
7317,-0.31082033672059145,0.03954898695224022,-0.4240357436905708,-1.3212001510906057,0.36783638569333044,-0.922658145359632,0
5747,-1.1475512011125253,-1.0498566367568063,-1.0446864859632699,-0.11943106195763077,-0.2570862138800483,-0.922658145359632,0
4107,0.38645538360602,-0.007006808932761768,0.5453698616748414,0.502913644914803,0.2428518657786547,0.46421839881351007,1
8904,2.338827400520532,2.539595225976847,2.4252365885026714,0.2593874552690678,-0.6320397736240756,3.2379714871597938,1
879,-0.7291857689165584,-0.7658662818582942,-0.8828780987785809,-0.1467439958015622,1.4926970649254123,0.46421839881351007,0
6356,0.38645538360602,0.1093826807797432,-0.3575787275254308,0.18101121032561315,0.7427899454373577,1.851094942986652,1
1508,0.1075450954753754,-0.030284706875262763,-0.25066961456411857,-0.1795195164142793,-1.5069314130268057,0.46421839881351007,1
1084,-0.17136519265526917,-0.5610207799642855,-0.6806176147977201,0.8365216225799632,-1.1319778532827784,1.851094942986652,1
8664,-0.8686409129818806,-0.8170776573317964,-0.4956937437295044,-0.39256040039694323,0.36783638569333044,0.46421839881351007,0
2207,-0.5897306248512361,-0.5470540411987849,-0.8158431955163528,-0.5816499423933906,2.2426041844134668,0.46421839881351007,0
6590,1.2231862479979538,1.1056767127187856,1.146083499097998,0.08613470328879902,-0.8820088134534271,0.46421839881351007,1
3274,-1.2870063451778475,-0.9707117837523029,-1.1657538328032422,-1.130009614183087,-0.38207073379472406,-0.922658145359632,0
1686,-1.2870063451778475,-1.2128019223543132,-1.011746921429244,0.6960551056683167,-0.8820088134534271,1.851094942986652,0
2478,0.9442759598673092,1.603823728688307,1.472589708952817,-1.0583131628427678,-0.38207073379472406,-0.922658145359632,0
3476,1.0837311039326314,1.017220700537282,0.3214386115531738,-0.05618005726642155,-0.5070552537093999,-0.922658145359632,1
7565,0.1075450954753754,-0.24444136794627191,-0.17092119516595047,0.4583425385870686,-0.0071171740506968135,-0.922658145359632,0
6813,-0.5897306248512361,-0.5470540411987849,-0.32695071137975745,-0.5816499423933906,-1.7569004528561571,0.46421839881351007,0
7159,-0.5897306248512361,-0.2956527434197741,-0.5297890824577066,-1.2836448670552005,-0.7570242935387513,-0.922658145359632,0
5483,-0.8686409129818806,-0.66809911049979,-1.0828270343710893,-0.997646934785574,0.7427899454373577,-0.922658145359632,0
2477,0.1075450954753754,0.07679362366024181,-0.25066961456411857,-0.43865097625857735,0.4928209056080062,0.46421839881351007,0
6743,1.2231862479979538,1.1056767127187856,1.217741499136932,0.08613470328879902,-2.2568385325148603,-0.922658145359632,1
5249,0.38645538360602,-0.2397857883577717,0.35033296640758255,1.3076697313877774,-0.2570862138800483,-0.922658145359632,1
7028,-1.4264614892431697,-1.1336570693498098,-1.1833793892644315,-0.7203156065241186,0.36783638569333044,-0.922658145359632,0
7410,-1.4264614892431697,-1.1336570693498098,-1.1903140344294898,-0.7203156065241186,0.9927589852667092,-0.922658145359632,0
3582,-0.031910048589946886,-0.2025411516497701,-0.8094864374483829,-0.07651073734573895,-0.38207073379472406,0.46421839881351007,0
2853,-0.31082033672059145,0.03954898695224022,-0.20443864679706464,-1.3212001510906057,0.9927589852667092,-0.922658145359632,0
1263,1.2231862479979538,1.1056767127187856,1.8268344994678674,0.08613470328879902,1.9926351445841153,0.46421839881351007,1
201,0.2470002395406977,-0.6308544737917884,0.6438996117283747,2.8849916608748067,0.2428518657786547,1.851094942986652,1
2937,-0.7291857689165584,-1.0824456938763076,-1.0105911472350675,2.241186791696427,1.3677125450107366,0.46421839881351007,0
5902,-0.4502754807859138,-0.48653150654828226,-0.8629409939290391,-0.3736514461972989,-1.8818849727708329,0.46421839881351007,0
616,-0.7291857689165584,-0.8450111348627976,-0.6520122034918554,0.271143892010586,1.4926970649254123,-0.922658145359632,0
8982,-0.7291857689165584,-0.9241559878673009,-0.6471001631666061,0.7818957548921004,0.6178054255226819,0.46421839881351007,0
6447,1.6415516801939205,1.6876241612813105,1.4552530960401717,0.052250236489937096,-1.2569623731974542,0.46421839881351007,1
7578,-1.1475512011125253,-1.1802128652348118,-1.125590679555614,1.0823380271753442,-1.38194689311213,-0.922658145359632,0
7684,0.9442759598673092,0.9287646883557782,0.7938613134227562,-0.19849481782164213,0.6178054255226819,0.46421839881351007,1
864,1.362641392063276,1.1941327249002895,1.5014840638072258,0.2284494638440196,0.7427899454373577,0.46421839881351007,1
3537,0.8048208158019868,0.8403086761742744,1.0669129667969184,-0.3408095783768633,0.36783638569333044,0.46421839881351007,1
8481,0.6653656717366646,0.5004513662137599,0.8536726279713823,-0.031065687756677028,0.11786734586397894,-0.922658145359632,1
5792,0.38645538360602,0.4585511499172581,0.09750736143150636,-0.5700944703824966,0.4928209056080062,1.851094942986652,1
5,0.9442759598673092,0.5237292641562609,0.4838248858349509,0.5753416926973705,0.8677744653520334,-0.922658145359632,1
8781,-1.4264614892431697,-1.2453909794738147,-1.3844840990511162,0.3097721841612886,-2.006869492685509,0.46421839881351007,0
3332,1.362641392063276,1.6410683653963085,0.9559586441559891,-0.39256040039694323,-0.5070552537093999,-0.922658145359632,1
592,0.38645538360602,0.1093826807797432,0.5453698616748414,0.18101121032561315,-0.5070552537093999,0.46421839881351007,0
8293,-0.031910048589946886,-0.2025411516497701,0.31565974058229207,-0.07651073734573895,-0.13210169396537258,0.46421839881351007,1
1687,-0.4502754807859138,-0.48653150654828226,-0.6762834615695589,-0.3736514461972989,0.4928209056080062,0.46421839881351007,0
7703,1.362641392063276,0.8961756312362767,1.0114358054764536,0.7642226800519096,-0.5070552537093999,0.46421839881351007,1
4406,1.0837311039326314,0.877553312882276,1.3269621604865969,0.18101121032561315,-0.8820088134534271,0.46421839881351007,1
5569,1.5020965361285983,1.8971252427638194,1.7109681365016882,-0.4459987492220264,0.36783638569333044,0.46421839881351007,1
4083,-0.17136519265526917,-0.16995209453026872,-0.6381429131617394,-0.5400502431541724,-0.13210169396537258,1.851094942986652,0
3440,0.38645538360602,0.34216166020475314,0.819866232791724,-0.3491810348801111,0.7427899454373577,0.46421839881351007,0
4397,-1.2870063451778475,-0.9707117837523029,-0.7262706954676857,-1.130009614183087,-0.5070552537093999,-0.922658145359632,0
7655,0.9442759598673092,0.7937528802892724,0.5424804261894004,0.03079007418399119,1.8676506246694395,1.851094942986652,1
3320,-0.8686409129818806,-0.8915669307477996,-0.9256417439631061,0.0007458469556669184,1.4926970649254123,0.46421839881351007,0
1074,-1.0080960570472028,-0.8682890328052986,-0.8487827600503788,-0.6383768049923249,0.6178054255226819,-0.922658145359632,0
984,0.1075450954753754,0.07679362366024181,0.048386958179011556,-0.43865097625857735,1.8676506246694395,-0.922658145359632,1
8265,1.6415516801939205,1.2127550432542904,1.1998269991271986,0.7818957548921004,-0.6320397736240756,0.46421839881351007,1
4167,-0.17136519265526917,-0.3654864372472771,-0.4136337759429836,0.04234554619488514,-1.1319778532827784,-0.922658145359632,0
2840,1.5020965361285983,1.5898569899228063,1.6918978622977787,-0.07651073734573895,1.7426661047547638,1.851094942986652,1
7286,-0.7291857689165584,-0.7658662818582942,-0.5979797599141113,-0.1467439958015622,-0.38207073379472406,-0.922658145359632,0
2199,-1.1475512011125253,-1.0498566367568063,-0.9233301955747533,-0.11943106195763077,1.617681584840088,-0.922658145359632,0
2387,-0.17136519265526917,-0.16995209453026872,-0.9111945665359015,-0.5400502431541724,-0.0071171740506968135,0.46421839881351007,0
8701,-0.4502754807859138,-0.48653150654828226,-0.11082093706878049,-0.3736514461972989,1.4926970649254123,-0.922658145359632,0
1383,0.6653656717366646,0.3747507173242545,0.9550918135103567,0.23734413637872115,-0.6320397736240756,-0.922658145359632,0
7485,-0.8686409129818806,-0.9660562041638027,-1.1059425182546163,0.48145348260885645,-1.38194689311213,0.46421839881351007,0
8610,-2.1237372095697813,-1.4735143793103245,-1.572586349153317,-0.5400502431541724,-0.0071171740506968135,-0.922658145359632,0
8762,-0.17136519265526917,-0.16995209453026872,0.38731774062122554,-0.5400502431541724,0.2428518657786547,0.46421839881351007,0
2371,-1.1475512011125253,-0.854322294039798,-1.0163700182059492,-1.1709790149489838,-0.0071171740506968135,0.46421839881351007,0
1363,-0.4502754807859138,-0.39807549436677847,-0.4072770178750137,-0.6559351196062803,-1.8818849727708329,-0.922658145359632,0
5745,-1.2870063451778475,-1.273324457004816,-1.3460546070947528,1.5330014356002095,-0.7570242935387513,-0.922658145359632,0
402,-0.8686409129818806,-0.9660562041638027,-1.0597115504875623,0.48145348260885645,-0.38207073379472406,-0.922658145359632,0
2259,-0.8686409129818806,-0.8915669307477996,-1.078203937594384,0.0007458469556669184,-0.38207073379472406,-0.922658145359632,0
3867,0.9442759598673092,1.063776496422284,1.3050024507972464,-0.4048512206267125,-0.38207073379472406,-0.922658145359632,0
4630,-0.7291857689165584,-0.6867214288537907,-0.7502530099968451,-0.4949839023116854,0.11786734586397894,-0.922658145359632,0
8112,-2.1237372095697813,-1.4083362650713216,-1.4977499700803985,-1.6216424233738498,-0.5070552537093999,-0.922658145359632,0
3413,0.5259105276713423,0.5423515825102617,-0.17034330806886216,-0.4198733342408747,0.36783638569333044,0.46421839881351007,1
4423,0.8048208158019868,0.7099524476962689,1.568518967069454,-0.11943106195763077,-0.6320397736240756,-0.922658145359632,0
2123,-1.1475512011125253,-1.1802128652348118,-1.048731695642887,1.0823380271753442,0.36783638569333044,0.46421839881351007,0
3560,1.6415516801939205,2.3207829853173374,2.1822350641770947,-0.6482094611761396,0.11786734586397894,0.46421839881351007,1
7270,-1.7053717773738144,-1.2640132978278154,-1.2793086473810684,-0.9456473107365512,0.36783638569333044,-0.922658145359632,0
5355,-0.5897306248512361,-0.714654906384792,-0.8106422116425593,0.09907240879381946,1.117743505181385,0.46421839881351007,0
4713,-1.0080960570472028,-0.7984553389777955,-0.8877901391038305,-0.9456473107365512,1.9926351445841153,-0.922658145359632,0
8758,0.6653656717366646,0.24905006843474917,0.8302682005393109,0.5415419370655056,0.7427899454373577,-0.922658145359632,1
5007,-1.8448269214391366,-1.301257934535817,-1.4373607684346843,-1.2836448670552005,1.3677125450107366,-0.922658145359632,0
3226,0.8048208158019868,0.7099524476962689,0.12842432112572347,-0.11943106195763077,-1.2569623731974542,-0.922658145359632,1
2694,-2.1237372095697813,-1.5386924935493271,-1.4916821555609725,1.983664844025076,-0.8820088134534271,-0.922658145359632,0
2164,-0.4502754807859138,-0.39807549436677847,-0.044941808000728764,-0.6559351196062803,0.2428518657786547,0.46421839881351007,0
6895,-2.542102641765748,-1.5433480731378273,-1.6248851314397967,-2.1624385134836883,-0.2570862138800483,-0.922658145359632,0
6260,-1.5659166333084922,-1.1755572856463117,-1.108254066642969,-1.020757878807362,-1.2569623731974542,-0.922658145359632,0
5739,-0.17136519265526917,-0.3654864372472771,-0.3226165581515962,0.04234554619488514,0.8677744653520334,-0.922658145359632,1
7603,-0.7291857689165584,-0.528431722844784,-0.7109566873948491,-1.0422180411133084,1.2427280250960608,-0.922658145359632,0
2976,2.19937225645521,1.7248687979893123,1.788693951060048,1.0823380271753442,-0.38207073379472406,1.851094942986652,1
2934,-0.31082033672059145,-0.5191205636677836,-0.34891042106910813,0.18101121032561315,1.2427280250960608,-0.922658145359632,0
8808,1.2231862479979538,0.5283848437447611,1.181912499117465,1.2626033905452911,0.36783638569333044,0.46421839881351007,1
8483,0.8048208158019868,0.4492399907402577,0.8808333215345268,0.4063429145380458,-0.0071171740506968135,0.46421839881351007,1
4816,0.1075450954753754,-0.3515196984817765,-0.3038352274962305,0.8570063229629117,0.8677744653520334,1.851094942986652,1
2397,1.2231862479979538,0.9613537454752795,1.2983567491807326,0.3312323464672351,1.3677125450107366,0.46421839881351007,1
1647,-0.17136519265526917,-0.5610207799642855,-0.4075659614235579,0.8365216225799632,0.11786734586397894,0.46421839881351007,1
1410,1.362641392063276,1.4920898185643021,1.464499289593582,-0.205271711181415,-0.2570862138800483,-0.922658145359632,1
7916,-0.31082033672059145,-0.3328973801277757,-0.42981461466145254,-0.46279365885276647,1.9926351445841153,0.46421839881351007,0
6612,-1.7053717773738144,-1.1709017060578115,-1.357323405487972,-1.6216424233738498,-2.381823052429536,-0.922658145359632,0
1516,-0.17136519265526917,-0.16995209453026872,0.17494423244132157,-0.5400502431541724,1.2427280250960608,-0.922658145359632,0
6173,-0.31082033672059145,-0.2397857883577717,-0.7072004212637761,-0.7203156065241186,0.2428518657786547,0.46421839881351007,0
4267,0.1075450954753754,0.18387195419574637,0.08826116787809576,-0.6672963820035458,0.11786734586397894,0.46421839881351007,0
1677,-0.031910048589946886,-0.6122321554377876,0.10588672433928481,1.6231341172851836,-1.6319159329414814,0.46421839881351007,0
5005,-1.7053717773738144,-1.3571248895978194,-1.4353381635948754,0.18101121032561315,-0.13210169396537258,0.46421839881351007,0
4018,-1.2870063451778475,-1.394369526305821,-1.0906285101817796,4.462313590361837,-0.7570242935387513,0.46421839881351007,0
7675,1.0837311039326314,0.73788592522727,1.2749523217486611,0.446107332928475,-2.381823052429536,0.46421839881351007,1
3311,0.1075450954753754,-0.030284706875262763,-0.05794426768521268,-0.1795195164142793,1.2427280250960608,-0.922658145359632,1
2354,-2.1237372095697813,-1.5061034364298258,-1.6110158411096804,0.4063429145380458,-0.7570242935387513,0.46421839881351007,0
4020,-1.4264614892431697,-1.0777901142878075,-1.1070982924487927,-1.080846333264011,-0.13210169396537258,0.46421839881351007,0
5207,-0.7291857689165584,-0.6867214288537907,-0.7060446470695998,-0.4949839023116854,-1.38194689311213,0.46421839881351007,0
4138,-0.7291857689165584,-0.6867214288537907,-0.9369105423563253,-0.4949839023116854,-0.6320397736240756,0.46421839881351007,0
3815,-0.7291857689165584,-0.6075765758492874,-0.5881556792636121,-0.7896484385894823,-1.0069933333681027,-0.922658145359632,0
6217,0.1075450954753754,-0.13736303741076733,0.25440370829094583,0.11663072340777482,0.36783638569333044,1.851094942986652,0
6824,-1.7053717773738144,-1.3105690937128174,-1.4151121151967894,-0.46279365885276647,-1.1319778532827784,-0.922658145359632,0
7249,-0.31082033672059145,-0.5191205636677836,-0.9152397762155188,0.18101121032561315,0.11786734586397894,0.46421839881351007,0
8442,-1.984282065504459,-1.3385025712438186,-1.5220212281581016,-1.6216424233738498,-1.1319778532827784,-0.922658145359632,0
1259,2.0599171123898876,2.669951454454852,2.452108338517272,-0.32373180711023664,0.36783638569333044,0.46421839881351007,1
1789,0.2470002395406977,0.03954898695224022,-0.23680032423400252,0.0007458469556669184,0.4928209056080062,-0.922658145359632,0
4128,-0.031910048589946886,-0.2025411516497701,0.19488133729086382,-0.07651073734573895,0.6178054255226819,0.46421839881351007,1
8444,-1.0080960570472028,-0.8682890328052986,-1.1478393327935088,-0.6383768049923249,-0.5070552537093999,-0.922658145359632,0
3114,-0.4502754807859138,-0.39807549436677847,-0.8849007036183897,-0.6559351196062803,0.2428518657786547,0.46421839881351007,0
5911,1.5020965361285983,1.7434911163433129,1.6728275880938692,-0.2696521980992527,-0.38207073379472406,1.851094942986652,1
3407,0.5259105276713423,-0.06287376399476416,0.6635477730293728,1.0823380271753442,1.4926970649254123,1.851094942986652,1
1203,-1.5659166333084922,-1.1243459101728095,-1.4960163087891338,-1.35124437831893,0.8677744653520334,-0.922658145359632,0
6663,-1.4264614892431697,-1.301257934535817,-1.127902227943967,1.0823380271753442,-0.0071171740506968135,0.46421839881351007,0
4103,1.781006824259243,1.7853913326398148,2.2804758706820842,0.18101121032561315,0.6178054255226819,0.46421839881351007,1
3242,0.9442759598673092,1.3338001125552954,1.2128294588116824,-0.7612850072900155,-1.0069933333681027,1.851094942986652,1
2402,0.5259105276713423,0.3002614439082513,-0.32810648557393407,0.06834535821939652,-1.5069314130268057,0.46421839881351007,1
5942,0.2470002395406977,0.3747507173242545,0.2832980631453542,-0.7203156065241186,1.9926351445841153,-0.922658145359632,1
3122,1.6415516801939205,2.004203573299324,1.8875126446621258,-0.32843438180684414,0.2428518657786547,0.46421839881351007,1
3803,-0.031910048589946886,0.0023043502442386295,0.4046543535338708,-0.6076497544179019,0.7427899454373577,0.46421839881351007,0
5107,-0.5897306248512361,-0.46325360860578124,-0.7742353245260043,-0.849076580359794,-0.5070552537093999,-0.922658145359632,0
1138,0.9442759598673092,0.7937528802892724,0.8944136683160987,0.03079007418399119,0.9927589852667092,0.46421839881351007,1
1931,1.0837311039326314,1.017220700537282,1.1622643378164672,-0.05618005726642155,0.7427899454373577,-0.922658145359632,0
1936,-1.1475512011125253,-0.9846785225178035,-1.3480772119345612,-0.5400502431541724,0.11786734586397894,-0.922658145359632,0
8600,-0.8686409129818806,-0.9660562041638027,-0.5234323243897366,0.48145348260885645,-0.0071171740506968135,0.46421839881351007,0
1810,1.9204619683245652,2.38596109955634,2.502384515963943,-0.2696521980992527,-1.5069314130268057,-0.922658145359632,1
8778,2.0599171123898876,2.669951454454852,2.3451992255559597,-0.32373180711023664,2.3675887043281425,0.46421839881351007,1
5592,-1.8448269214391366,-1.3850583671288206,-1.4997725749202069,-0.2696521980992527,-0.2570862138800483,-0.922658145359632,0
4322,-0.4502754807859138,-0.39807549436677847,-0.27002883231657254,-0.6559351196062803,0.7427899454373577,-0.922658145359632,0
2656,2.0599171123898876,1.8086692305823158,2.3451992255559597,0.6767409595929654,2.8675267839868455,-0.922658145359632,1
6276,-0.17136519265526917,-0.16995209453026872,-0.21339589680193138,-0.5400502431541724,-1.8818849727708329,0.46421839881351007,0
972,-0.7291857689165584,-0.6867214288537907,-0.6913085260938513,-0.4949839023116854,-1.1319778532827784,-0.922658145359632,0
1000,-0.17136519265526917,-0.3654864372472771,-0.3226165581515962,0.04234554619488514,0.9927589852667092,0.46421839881351007,0
8361,-0.7291857689165584,-0.528431722844784,-0.8632299374775831,-1.0422180411133084,-1.8818849727708329,-0.922658145359632,0
927,-0.31082033672059145,-0.6122321554377876,-1.111721389225498,0.5907052179845815,0.11786734586397894,1.851094942986652,0
3255,-1.1475512011125253,-0.9195004082788008,-0.9840083407690116,-0.884193209587706,-0.0071171740506968135,-0.922658145359632,0
5983,-1.1475512011125253,-1.115034750995809,-1.1862688247498723,0.4063429145380458,0.2428518657786547,-0.922658145359632,0
4998,-2.2631923536351035,-1.5526592323148278,-1.6375986475757365,1.0823380271753442,-2.1318540126001846,0.46421839881351007,0
4626,-0.4502754807859138,-0.6634435309112898,-0.19865977582618288,0.3448888133892005,0.2428518657786547,-0.922658145359632,0
6341,0.9442759598673092,0.5237292641562609,0.7938613134227562,0.5753416926973705,-1.7569004528561571,3.2379714871597938,1
1061,0.8048208158019868,0.5795962192182633,0.9779183538453394,0.12799198580504031,-0.0071171740506968135,-0.922658145359632,0
8041,1.0837311039326314,1.5758902511573059,1.0755812732532415,-0.7986918514675733,1.8676506246694395,0.46421839881351007,1
5102,-0.031910048589946886,-0.30496390259677447,0.17581106308695402,0.25034404239097685,2.4925732242428182,-0.922658145359632,0
7475,0.38645538360602,0.22577217049224818,-0.15531824354456983,-0.1006534199399281,0.4928209056080062,-0.922658145359632,1
3225,1.2231862479979538,1.2499996799622919,1.1192117490833986,-0.1344531755717929,-1.0069933333681027,0.46421839881351007,1
6427,-0.17136519265526917,-0.6587879513227896,-0.0010223886220273978,1.352736072230264,0.36783638569333044,-0.922658145359632,1
6680,0.9442759598673092,1.3338001125552954,1.2379675475350176,-0.7612850072900155,3.2424803437308727,0.46421839881351007,1
3103,0.5259105276713423,0.6633966518112668,0.9264864022044921,-0.6254390994873045,0.6178054255226819,-0.922658145359632,0
1294,1.0837311039326314,0.877553312882276,0.5988244181554975,0.18101121032561315,-1.8818849727708329,0.46421839881351007,1
1645,2.19937225645521,2.432516895441342,2.052210467332255,0.14182308785388553,-0.0071171740506968135,0.46421839881351007,1
5023,0.2470002395406977,0.15128289707624498,0.3734484502911095,-0.2696521980992527,-1.2569623731974542,-0.922658145359632,0
8313,-0.5897306248512361,-0.8822557715707992,-0.9250638568660179,1.0823380271753442,0.2428518657786547,0.46421839881351007,0
5868,-0.5897306248512361,-0.46325360860578124,-0.9614707439825727,-0.849076580359794,1.117743505181385,-0.922658145359632,0
7719,-0.17136519265526917,-0.07218492317176455,-0.33475218719044797,-0.7766485325772265,0.6178054255226819,-0.922658145359632,0
3587,0.8048208158019868,0.4492399907402577,0.9374662570491673,0.4063429145380458,-0.5070552537093999,0.46421839881351007,1
6440,-0.7291857689165584,-0.7658662818582942,-0.7944613729240906,-0.1467439958015622,1.7426661047547638,0.46421839881351007,0
165,2.6177376886511765,3.7081457026903966,2.6679491692797055,-0.3662229284760099,0.11786734586397894,-0.922658145359632,1
1491,-2.2631923536351035,-1.580592709845829,-1.6757391959835561,3.7863184777245382,-0.13210169396537258,-0.922658145359632,0
7165,0.1075450954753754,0.07679362366024181,-0.3702922436613707,-0.43865097625857735,-0.0071171740506968135,-0.922658145359632,0
7802,0.1075450954753754,0.07679362366024181,-0.25066961456411857,-0.43865097625857735,-1.8818849727708329,0.46421839881351007,0
6079,0.8048208158019868,0.7099524476962689,0.3711369019027566,-0.11943106195763077,-0.13210169396537258,0.46421839881351007,1
4025,0.5259105276713423,0.5423515825102617,0.4832469987378626,-0.4198733342408747,-0.13210169396537258,0.46421839881351007,1
2948,0.2470002395406977,-0.18391883329576933,-0.14664993708824722,0.6663410347831609,-0.5070552537093999,0.46421839881351007,0
2121,0.38645538360602,0.34216166020475314,0.24920272441715208,-0.3491810348801111,-1.0069933333681027,0.46421839881351007,0
1773,-1.8448269214391366,-1.4269585834253224,-1.473767655551239,0.5415419370655056,-0.5070552537093999,-0.922658145359632,0
7929,0.6653656717366646,0.6261520151032652,1.0955183781027833,-0.2696521980992527,0.9927589852667092,0.46421839881351007,1
1636,-1.2870063451778475,-1.0917568530533082,-1.0906285101817796,-0.4198733342408747,-0.13210169396537258,-0.922658145359632,0
1959,0.5259105276713423,0.5423515825102617,0.002444933960501778,-0.4198733342408747,0.2428518657786547,-0.922658145359632,1
2890,0.1075450954753754,-0.030284706875262763,-0.21744110648154855,-0.1795195164142793,-0.38207073379472406,0.46421839881351007,0
8847,0.9442759598673092,1.3338001125552954,1.011724749024998,-0.7612850072900155,1.617681584840088,0.46421839881351007,1
1066,1.362641392063276,1.6410683653963085,1.5662074186811008,-0.39256040039694323,1.117743505181385,-0.922658145359632,1
1553,-1.2870063451778475,-1.0917568530533082,-0.5910451147490532,-0.4198733342408747,1.617681584840088,-0.922658145359632,0
1391,-0.031910048589946886,-0.30496390259677447,-0.5297890824577067,0.25034404239097685,0.36783638569333044,-0.922658145359632,0
1320,0.1075450954753754,-0.3515196984817765,0.08826116787809576,0.8570063229629117,1.3677125450107366,1.851094942986652,0
3144,-0.7291857689165584,-0.8450111348627976,-0.3769379452778847,0.271143892010586,1.7426661047547638,-0.922658145359632,0
8466,0.1075450954753754,-0.24444136794627191,0.12148967596066577,0.4583425385870686,0.36783638569333044,-0.922658145359632,0
904,-0.31082033672059145,-0.42600897189777964,-0.29112171136029075,-0.16565295000120656,0.4928209056080062,-0.922658145359632,0
7657,1.0837311039326314,0.877553312882276,0.41678998257272254,0.18101121032561315,0.2428518657786547,-0.922658145359632,1
4745,0.5259105276713423,0.3002614439082513,0.7762357569615668,0.06834535821939652,-0.13210169396537258,-0.922658145359632,1
457,1.5020965361285983,2.2043934956048328,1.3963086121371777,-0.7563686791981075,-0.0071171740506968135,0.46421839881351007,1
1486,-0.8686409129818806,-0.5191205636677836,-0.7314716793414794,-1.4413770600039035,-0.2570862138800483,0.46421839881351007,0
8,-0.7291857689165584,-0.528431722844784,-0.8484938165018346,-1.0422180411133084,1.3677125450107366,-0.922658145359632,0
2723,1.2231862479979538,0.9613537454752795,1.3700147492196655,0.3312323464672351,-0.13210169396537258,1.851094942986652,1
1796,1.2231862479979538,0.6727078109882673,0.4205462487037959,0.9133392490160197,-0.7570242935387513,0.46421839881351007,1
872,-0.4502754807859138,-0.48653150654828226,-0.5884446228121565,-0.3736514461972989,-1.0069933333681027,0.46421839881351007,1
2678,-1.0080960570472028,-1.0777901142878075,-1.1911808650751219,0.7443404708566951,-0.0071171740506968135,1.851094942986652,0
5312,1.0837311039326314,1.296555475847294,1.5783430477199525,-0.46279365885276647,-0.2570862138800483,0.46421839881351007,1
4849,0.38645538360602,0.34216166020475314,0.5453698616748414,-0.3491810348801111,-0.5070552537093999,0.46421839881351007,0
5991,-0.31082033672059145,-0.3328973801277757,-0.03685138864149413,-0.46279365885276647,-0.7570242935387513,0.46421839881351007,0
489,-0.7291857689165584,-0.528431722844784,-0.8091974938998387,-1.0422180411133084,-0.8820088134534271,-0.922658145359632,0
7524,-1.1475512011125253,-1.1802128652348118,-1.4047101474492023,1.0823380271753442,1.4926970649254123,-0.922658145359632,0
7276,-0.17136519265526917,-0.46325360860578124,-0.5471256953703519,0.4063429145380458,-0.6320397736240756,0.46421839881351007,1
8210,-0.17136519265526917,-0.7565551226812938,-0.16485338064652488,1.983664844025076,-0.38207073379472406,0.46421839881351007,1
2767,0.1075450954753754,0.18387195419574637,-0.10446417900081044,-0.6672963820035458,-1.5069314130268057,-0.922658145359632,0
7738,-0.031910048589946886,-0.10011840070276574,-0.5552161147295862,-0.35978487978422613,-1.1319778532827784,-0.922658145359632,0
1557,0.9442759598673092,0.5237292641562609,1.1793120071805685,0.5753416926973705,-0.13210169396537258,1.851094942986652,1
5408,-0.5897306248512361,-1.0498566367568063,-0.6806176147977201,2.6274697132034555,-0.6320397736240756,0.46421839881351007,0
6494,-0.5897306248512361,-0.8822557715707992,-0.9094609052446371,1.0823380271753442,-0.2570862138800483,0.46421839881351007,0
4463,2.338827400520532,2.1764600180738314,1.8279902736620441,0.6960551056683167,0.2428518657786547,1.851094942986652,1
4714,-1.2870063451778475,-1.0917568530533082,-0.95915919559422,-0.4198733342408747,0.6178054255226819,1.851094942986652,0
124,0.38645538360602,-0.007006808932761768,0.22030836956274336,0.502913644914803,-1.38194689311213,1.851094942986652,1
2638,0.8048208158019868,1.1010211331302855,0.7675674505052439,-0.7203156065241186,-1.7569004528561571,-0.922658145359632,0
5106,-2.4026474977004257,-1.5200701751953263,-1.5581391717261126,-1.6216424233738498,1.2427280250960608,0.46421839881351007,0
8474,-0.031910048589946886,-0.5098094044907833,-0.345443098486579,1.0823380271753442,1.617681584840088,0.46421839881351007,1
4473,0.5259105276713423,0.05817130530624101,0.37055901480566866,0.6960551056683167,-0.2570862138800483,0.46421839881351007,1
2011,0.1075450954753754,-0.24444136794627191,-0.2706067194136605,0.4583425385870686,-0.8820088134534271,1.851094942986652,1
7369,0.2470002395406977,0.03954898695224022,0.35957915996099343,0.0007458469556669184,0.6178054255226819,0.46421839881351007,0
6545,-0.31082033672059145,-0.2397857883577717,-0.5916230018461412,-0.7203156065241186,0.7427899454373577,-0.922658145359632,0
6353,-0.7291857689165584,-0.44928686984028066,-0.7060446470695998,-1.2611116966339573,-0.5070552537093999,-0.922658145359632,0
5856,-1.4264614892431697,-1.0777901142878075,-1.3116703248180062,-1.080846333264011,-0.38207073379472406,-0.922658145359632,0
2458,0.2470002395406977,-0.07218492317176455,0.6647035472235495,0.3097721841612886,0.6178054255226819,-0.922658145359632,1
353,0.6653656717366646,1.0032539617717813,1.1267242813455447,-0.849076580359794,0.11786734586397894,-0.922658145359632,1
5763,1.9204619683245652,1.5479567736263047,1.6598251284093852,0.7977085060649025,0.36783638569333044,3.2379714871597938,1
3817,-1.0080960570472028,-0.6587879513227896,-1.2215199376722512,-1.428500962620336,1.117743505181385,0.46421839881351007,0
4174,-0.31082033672059145,-0.6122321554377876,-0.6609694534967222,0.5907052179845815,-1.5069314130268057,1.851094942986652,1
3713,-0.7291857689165584,-0.6867214288537907,-1.0351513488613149,-0.4949839023116854,-0.2570862138800483,-0.922658145359632,0
969,1.362641392063276,1.9390254590603213,1.31656019273901,-0.7203156065241186,-0.2570862138800483,-0.922658145359632,1
8837,-1.7053717773738144,-1.3105690937128174,-1.38332832485694,-0.46279365885276647,-0.6320397736240756,-0.922658145359632,0
8228,1.362641392063276,1.343111271732296,1.1778672894378481,0.0007458469556669184,0.2428518657786547,1.851094942986652,1
6408,-1.1475512011125253,-1.115034750995809,-1.2793086473810684,0.4063429145380458,0.2428518657786547,-0.922658145359632,0
8339,-1.8448269214391366,-1.3850583671288206,-1.4555642119929617,-0.2696521980992527,-0.8820088134534271,-0.922658145359632,0
2930,0.38645538360602,-0.2397857883577717,-0.1697654209717742,1.3076697313877774,-0.13210169396537258,0.46421839881351007,1
4271,1.2231862479979538,1.3943226472057981,1.0565109990493313,-0.33403268501709044,0.36783638569333044,-0.922658145359632,1
6364,1.6415516801939205,2.479072691326344,1.838392241409631,-0.7896484385894823,-1.1319778532827784,0.46421839881351007,1
4059,1.5020965361285983,1.7434911163433129,1.7491086849095083,-0.2696521980992527,-0.7570242935387513,-0.922658145359632,1
5826,2.19937225645521,2.0786928467153274,2.4914046611192675,0.5672941318326407,-0.2570862138800483,0.46421839881351007,1
5519,0.2470002395406977,0.03954898695224022,0.20008232116465727,0.0007458469556669184,-0.13210169396537258,0.46421839881351007,0
1013,-0.4502754807859138,-0.8403555552742974,-0.6378539696131952,1.3827802994585883,0.4928209056080062,0.46421839881351007,0
8081,0.9442759598673092,1.3338001125552954,0.5089629745582867,-0.7612850072900155,-0.5070552537093999,0.46421839881351007,1
4092,-0.31082033672059145,-0.42600897189777964,-0.2391118726223551,-0.16565295000120656,1.617681584840088,0.46421839881351007,0
4799,-0.4502754807859138,-0.6634435309112898,-0.9946992520651428,0.3448888133892005,-0.6320397736240756,1.851094942986652,0
6163,0.8048208158019868,1.231377361608291,0.9617375151268712,-0.884193209587706,-0.0071171740506968135,0.46421839881351007,1
560,-0.7291857689165584,-0.6867214288537907,-0.8877901391038305,-0.4949839023116854,0.9927589852667092,-0.922658145359632,0
1961,-0.7291857689165584,-1.0824456938763076,-0.8141095342250884,2.241186791696427,0.36783638569333044,1.851094942986652,1
1158,1.6415516801939205,3.112231515362371,2.329596273934579,-1.2611116966339573,-0.8820088134534271,0.46421839881351007,1
4941,0.5259105276713423,-0.06287376399476416,0.295433692184206,1.0823380271753442,-1.7569004528561571,0.46421839881351007,1
1631,0.2470002395406977,0.15128289707624498,0.19314767599959892,-0.2696521980992527,-0.38207073379472406,0.46421839881351007,1
1654,-0.8686409129818806,-0.8915669307477996,-0.8794107761960521,0.0007458469556669184,-1.7569004528561571,-0.922658145359632,0
7726,1.9204619683245652,2.050759369184326,2.096707773808044,0.09907240879381946,0.9927589852667092,1.851094942986652,1
3121,-0.8686409129818806,-0.7425883839157932,-0.8840338729727574,-0.7203156065241186,-0.6320397736240756,-0.922658145359632,0
2161,1.781006824259243,1.7853913326398148,1.6231292977442862,0.18101121032561315,0.7427899454373577,0.46421839881351007,1
6234,-0.7291857689165584,-0.8450111348627976,-1.138304195691554,0.271143892010586,1.8676506246694395,-0.922658145359632,0
5014,1.0837311039326314,1.296555475847294,1.1622643378164672,-0.46279365885276647,-1.38194689311213,1.851094942986652,1
3748,1.5020965361285983,1.8971252427638194,1.2628166927098095,-0.4459987492220264,0.4928209056080062,1.851094942986652,1
8008,0.38645538360602,0.4585511499172581,-0.22033054196698942,-0.5700944703824966,0.7427899454373577,-0.922658145359632,0
5070,-0.7291857689165584,-0.37014201683577724,-0.8927021794290801,-1.452643645214525,1.3677125450107366,-0.922658145359632,0
1228,-0.031910048589946886,-0.2025411516497701,-0.26916200167094007,-0.07651073734573895,1.7426661047547638,-0.922658145359632,0
717,-0.17136519265526917,-0.854322294039798,-0.4621762920983903,2.7723258087685907,-0.5070552537093999,0.46421839881351007,0
1252,1.0837311039326314,1.1568880881922878,1.0755812732532415,-0.2696521980992527,0.2428518657786547,0.46421839881351007,1
2595,0.38645538360602,-0.007006808932761768,0.6103821600972609,0.502913644914803,-1.1319778532827784,-0.922658145359632,0
1496,1.0837311039326314,1.1568880881922878,1.2489474023796934,-0.2696521980992527,0.2428518657786547,-0.922658145359632,1
1882,-1.2870063451778475,-1.273324457004816,-1.0943847763128527,1.5330014356002095,-1.38194689311213,0.46421839881351007,0
7747,2.0599171123898876,2.669951454454852,2.0458537092642852,-0.32373180711023664,-0.13210169396537258,0.46421839881351007,1
4125,-0.31082033672059145,-0.14667419658776773,-0.1582076790300107,-0.9456473107365512,-1.2569623731974542,0.46421839881351007,0
2284,0.1075450954753754,-0.3515196984817765,-0.33041803396228664,0.8570063229629117,-0.2570862138800483,1.851094942986652,0
2981,-0.4502754807859138,-0.48653150654828226,-0.5225654937441044,-0.3736514461972989,0.9927589852667092,0.46421839881351007,1
4139,1.5020965361285983,1.5898569899228063,1.2723518298117649,-0.07651073734573895,0.11786734586397894,-0.922658145359632,1
4264,-1.5659166333084922,-1.277980036593316,-1.248102744138307,-0.07651073734573895,-1.5069314130268057,-0.922658145359632,0
5632,-0.5897306248512361,-0.2956527434197741,-0.586999905069436,-1.2836448670552005,-1.6319159329414814,0.46421839881351007,0
1311,2.19937225645521,3.4939890416193875,2.4365053868958912,-0.7824760766516862,0.2428518657786547,0.46421839881351007,1
613,-1.8448269214391366,-1.3850583671288206,-1.4815691313619295,-0.2696521980992527,2.4925732242428182,0.46421839881351007,0
3685,-0.5897306248512361,-0.46325360860578124,-0.441372356603216,-0.849076580359794,-1.8818849727708329,0.46421839881351007,0
835,-0.5897306248512361,-0.9660562041638027,-0.7794363083997979,1.7583331398126427,-0.2570862138800483,0.46421839881351007,0
126,0.5259105276713423,-0.18391883329576933,0.19025824051415838,1.5330014356002095,1.617681584840088,0.46421839881351007,1
2476,2.19937225645521,2.6094289198043494,1.722814821991996,-0.044320493886820085,-0.7570242935387513,-0.922658145359632,1
2899,0.8048208158019868,0.4492399907402577,0.8403812247383546,0.4063429145380458,0.36783638569333044,1.851094942986652,1
4732,-1.8448269214391366,-1.3431581508323187,-1.6167947120805621,-0.849076580359794,0.7427899454373577,0.46421839881351007,0
3089,-0.8686409129818806,-1.115034750995809,-1.138304195691554,1.8549038701893994,-0.0071171740506968135,0.46421839881351007,0
1080,-0.31082033672059145,-0.7053437472077916,-0.6320750986423135,1.0823380271753442,-1.6319159329414814,0.46421839881351007,1
310,0.1075450954753754,-0.13736303741076733,0.021804151712955744,0.11663072340777482,0.8677744653520334,1.851094942986652,0
1144,-0.5897306248512361,-0.714654906384792,-0.706622534166688,0.09907240879381946,-0.38207073379472406,0.46421839881351007,0
7978,-0.31082033672059145,0.13266057872224418,-0.13509219514648374,-1.4793276628186292,-0.38207073379472406,0.46421839881351007,0
6099,0.9442759598673092,0.3887174560897551,1.1038977410105617,0.9020726638053981,0.8677744653520334,1.851094942986652,1
8136,1.362641392063276,1.343111271732296,1.7788698704095494,0.0007458469556669184,3.2424803437308727,3.2379714871597938,1
3617,-0.4502754807859138,-0.6634435309112898,-0.33041803396228664,0.3448888133892005,-0.38207073379472406,-0.922658145359632,0
8691,0.38645538360602,-0.007006808932761768,0.18419042599473248,0.502913644914803,-0.6320397736240756,0.46421839881351007,1
5315,-0.5897306248512361,-0.37945317601277767,-0.8834559858756692,-1.080846333264011,-0.0071171740506968135,-0.922658145359632,0
5381,-0.31082033672059145,-0.5191205636677836,-0.7476525180599484,0.18101121032561315,2.7425422640721697,-0.922658145359632,0
7501,-0.7291857689165584,-1.0033008408718043,-0.8681419778028328,1.4203355834939935,0.7427899454373577,1.851094942986652,1
1891,0.2470002395406977,0.3747507173242545,0.4427949019416904,-0.7203156065241186,0.7427899454373577,-0.922658145359632,1
5438,0.8048208158019868,1.231377361608291,0.2740518695919436,-0.884193209587706,-1.1319778532827784,0.46421839881351007,0
7137,-0.5897306248512361,-0.714654906384792,-0.8730540181280821,0.09907240879381946,0.36783638569333044,1.851094942986652,0
5316,1.0837311039326314,1.296555475847294,1.4049769185935004,-0.46279365885276647,2.7425422640721697,1.851094942986652,1
2451,0.2470002395406977,0.03954898695224022,0.026716192038205026,0.0007458469556669184,-0.13210169396537258,0.46421839881351007,0
4748,-0.7291857689165584,-0.528431722844784,-0.6372760825161069,-1.0422180411133084,-0.2570862138800483,-0.922658145359632,0
2307,-0.5897306248512361,-0.9660562041638027,-0.4881812114673581,1.7583331398126427,-0.8820088134534271,1.851094942986652,1
830,0.5259105276713423,0.4213065132092565,0.7386730956508355,-0.19012336131839436,0.4928209056080062,-0.922658145359632,1
4739,-0.8686409129818806,-0.7425883839157932,-0.726848582564774,-0.7203156065241186,-1.1319778532827784,-0.922658145359632,0
28,-0.8686409129818806,-0.8170776573317964,-1.1475503892449648,-0.39256040039694323,0.36783638569333044,-0.922658145359632,0
8533,-0.8686409129818806,-0.9660562041638027,-1.0828270343710893,0.48145348260885645,0.36783638569333044,0.46421839881351007,0
4429,-1.1475512011125253,-1.0498566367568063,-0.8909685181378154,-0.11943106195763077,-1.6319159329414814,-0.922658145359632,0
8935,-1.0080960570472028,-1.1476238081153105,-0.7057557035210557,1.4686209486823718,-0.13210169396537258,-0.922658145359632,0
3619,-0.031910048589946886,-0.8170776573317964,-0.345443098486579,3.1103233650872397,2.2426041844134668,0.46421839881351007,1
1302,1.362641392063276,0.5982185375722641,1.0299281925832755,1.4428687539152367,-0.2570862138800483,0.46421839881351007,1
7771,1.2231862479979538,1.3943226472057981,1.3879292492293995,-0.33403268501709044,-1.6319159329414814,1.851094942986652,1
5016,-1.2870063451778475,-1.394369526305821,-1.3310295425704601,4.462313590361837,1.117743505181385,0.46421839881351007,0
3352,1.5020965361285983,1.7434911163433129,1.9684168382544702,-0.2696521980992527,-0.13210169396537258,0.46421839881351007,1
4449,-0.031910048589946886,-0.10011840070276574,-0.3263728242826695,-0.35978487978422613,-1.6319159329414814,0.46421839881351007,0
3584,1.0837311039326314,0.4585511499172581,1.0842495797095633,1.0823380271753442,-2.006869492685509,1.851094942986652,1
641,0.1075450954753754,0.07679362366024181,-0.03136146121915654,-0.43865097625857735,-1.8818849727708329,0.46421839881351007,0
5470,0.8048208158019868,0.4492399907402577,0.5005836116505078,0.4063429145380458,0.8677744653520334,1.851094942986652,1
3180,-1.1475512011125253,-0.9846785225178035,-1.101319421477911,-0.5400502431541724,0.11786734586397894,0.46421839881351007,0
4629,-0.4502754807859138,-0.48653150654828226,-0.5115856388994292,-0.3736514461972989,-0.2570862138800483,0.46421839881351007,0
2480,0.38645538360602,0.4585511499172581,0.04694224043629112,-0.5700944703824966,-0.0071171740506968135,-0.922658145359632,1
1638,1.5020965361285983,1.2825887370817932,1.8539951930310112,0.3707642243992408,0.2428518657786547,-0.922658145359632,1
3243,0.38645538360602,0.4585511499172581,0.4153452648300021,-0.5700944703824966,0.36783638569333044,0.46421839881351007,1
5275,-1.5659166333084922,-1.4316141630138226,-1.3593460103277806,3.1103233650872397,0.4928209056080062,0.46421839881351007,0
5175,-0.31082033672059145,-0.14667419658776773,0.04405280495085025,-0.9456473107365512,0.4928209056080062,-0.922658145359632,0
924,-0.5897306248512361,-0.5470540411987849,-0.9146618891184307,-0.5816499423933906,2.2426041844134668,-0.922658145359632,0
7502,-0.17136519265526917,-0.46325360860578124,-0.4075659614235579,0.4063429145380458,-0.2570862138800483,1.851094942986652,0
7924,-0.31082033672059145,-0.2397857883577717,-0.07152461446678458,-0.7203156065241186,1.3677125450107366,0.46421839881351007,1
2969,0.9442759598673092,0.7937528802892724,0.33299635349493734,0.03079007418399119,-0.38207073379472406,-0.922658145359632,1
1073,-1.4264614892431697,-1.301257934535817,-1.3706148087210002,1.0823380271753442,0.2428518657786547,0.46421839881351007,0
4387,-0.4502754807859138,-0.48653150654828226,-0.9013704858854026,-0.3736514461972989,-0.38207073379472406,0.46421839881351007,1
4899,1.6415516801939205,1.5293344552723038,1.5927902251471568,0.271143892010586,-2.881761132088239,3.2379714871597938,1
838,-0.031910048589946886,-0.714654906384792,-0.20559442099124092,2.28410711630832,0.2428518657786547,-0.922658145359632,1
3733,-0.31082033672059145,-0.6122321554377876,-0.5800652599043779,0.5907052179845815,1.4926970649254123,-0.922658145359632,0
4328,0.1075450954753754,0.29095028473125095,-0.28389812264668857,-0.8705367426657405,0.4928209056080062,-0.922658145359632,1
5881,0.8048208158019868,1.231377361608291,1.4714339347586403,-0.884193209587706,1.2427280250960608,-0.922658145359632,1
45,-0.31082033672059145,-0.42600897189777964,-0.574286388933496,-0.16565295000120656,-1.8818849727708329,0.46421839881351007,0
2529,-1.8448269214391366,-1.468858799721824,-1.4555642119929617,1.7583331398126427,1.2427280250960608,-0.922658145359632,0
2766,-0.7291857689165584,-0.9241559878673009,-0.6667483244676039,0.7818957548921004,0.2428518657786547,-0.922658145359632,1
6642,-0.5897306248512361,-0.714654906384792,-0.7014215502928944,0.09907240879381946,-1.38194689311213,-0.922658145359632,0
2715,-0.31082033672059145,-0.42600897189777964,-0.1697654209717742,-0.16565295000120656,0.7427899454373577,-0.922658145359632,0
1122,0.38645538360602,0.1093826807797432,0.5959349826700562,0.18101121032561315,1.617681584840088,0.46421839881351007,1
3305,-0.4502754807859138,-0.6634435309112898,-0.5609949857004681,0.3448888133892005,-0.7570242935387513,-0.922658145359632,0
3577,-1.7053717773738144,-1.3571248895978194,-1.470011389420166,0.18101121032561315,0.11786734586397894,-0.922658145359632,0
7139,-0.31082033672059145,-0.6122321554377876,-1.088605905341971,0.5907052179845815,-0.0071171740506968135,0.46421839881351007,0
6939,0.9442759598673092,1.4688119206218013,1.4139341685983668,-0.9162562188827555,1.9926351445841153,-0.922658145359632,1
1694,-0.8686409129818806,-0.8915669307477996,-1.03197296982733,0.0007458469556669184,-1.7569004528561571,0.46421839881351007,0
4379,0.9442759598673092,0.3887174560897551,0.7687232246994204,0.9020726638053981,-1.1319778532827784,0.46421839881351007,1
6337,-1.1475512011125253,-1.115034750995809,-1.2914442764199203,0.4063429145380458,-2.2568385325148603,1.851094942986652,0
1567,0.2470002395406977,0.3747507173242545,0.35957915996099343,-0.7203156065241186,-0.2570862138800483,-0.922658145359632,1
371,-1.1475512011125253,-0.9846785225178035,-0.8828780987785811,-0.5400502431541724,0.6178054255226819,0.46421839881351007,0
8864,-1.5659166333084922,-1.2267686611198139,-1.1908919215265779,-0.6076497544179019,-1.5069314130268057,0.46421839881351007,0
2537,-0.17136519265526917,-0.3654864372472771,-0.34082000170987353,0.04234554619488514,0.9927589852667092,0.46421839881351007,1
8176,0.9442759598673092,0.5237292641562609,1.1457945555494549,0.5753416926973705,1.4926970649254123,-0.922658145359632,1
1610,0.1075450954753754,-0.030284706875262763,0.07496976464506737,-0.1795195164142793,-0.38207073379472406,0.46421839881351007,1
7550,-0.17136519265526917,-0.07218492317176455,-0.45610847757896456,-0.7766485325772265,-0.0071171740506968135,-0.922658145359632,0
8194,-0.5897306248512361,-0.37945317601277767,-0.6650146631763395,-1.080846333264011,0.4928209056080062,-0.922658145359632,0
8981,-0.7291857689165584,-0.7658662818582942,-0.7453409696715958,-0.1467439958015622,-0.5070552537093999,-0.922658145359632,0
495,0.2470002395406977,0.2630168072002498,-0.014891678952143774,-0.5082387084418284,-0.6320397736240756,0.46421839881351007,0
703,-0.7291857689165584,-0.9241559878673009,-0.41132222755463105,0.7818957548921004,1.617681584840088,-0.922658145359632,0
6868,0.1075450954753754,-0.13736303741076733,0.38731774062122587,0.11663072340777482,0.4928209056080062,-0.922658145359632,0
6316,0.2470002395406977,0.4864846274482593,0.03365083720326338,-0.9100686205977462,-0.7570242935387513,-0.922658145359632,1
509,0.38645538360602,0.691330129342268,-0.039740824126935,-0.9456473107365512,0.7427899454373577,0.46421839881351007,0
3518,1.362641392063276,1.6410683653963085,1.2333444507583124,-0.39256040039694323,-1.0069933333681027,0.46421839881351007,1
2655,-0.8686409129818806,-1.040545477579806,-0.6944869051278364,1.0823380271753442,-0.2570862138800483,-0.922658145359632,0
1526,-0.7291857689165584,-0.7658662818582942,-0.9762068649583212,-0.1467439958015622,-0.6320397736240756,0.46421839881351007,0
6035,2.338827400520532,2.539595225976847,2.0871726367060894,0.2593874552690678,-0.0071171740506968135,1.851094942986652,1
7422,-0.4502754807859138,-0.574987518729786,-0.23708926778254633,-0.044320493886820085,-0.5070552537093999,-0.922658145359632,0
3213,0.1075450954753754,0.07679362366024181,-0.02471575960264267,-0.43865097625857735,-1.38194689311213,-0.922658145359632,1
6101,-0.7291857689165584,-0.8450111348627976,-0.16080817096690775,0.271143892010586,-0.38207073379472406,-0.922658145359632,1
4958,0.1075450954753754,-0.3515196984817765,0.3341521276891136,0.8570063229629117,1.4926970649254123,1.851094942986652,1
5340,0.6653656717366646,0.5004513662137599,0.822466724728621,-0.031065687756677028,-0.0071171740506968135,0.46421839881351007,1
5556,-0.7291857689165584,-0.6867214288537907,-0.8288456552008369,-0.4949839023116854,1.9926351445841153,0.46421839881351007,0
7135,0.38645538360602,0.4585511499172581,0.40089808740279775,-0.5700944703824966,0.4928209056080062,0.46421839881351007,0
1337,-0.4502754807859138,-0.48653150654828226,-0.6762834615695589,-0.3736514461972989,-0.2570862138800483,-0.922658145359632,0
974,-0.4502754807859138,-0.6634435309112898,-0.9178402681524157,0.3448888133892005,1.117743505181385,0.46421839881351007,0
2325,2.6177376886511765,3.5172669395618885,2.8456494516343187,-0.2195784860520452,0.11786734586397894,1.851094942986652,1
7547,-0.17136519265526917,-0.07218492317176455,-0.6745498002782943,-0.7766485325772265,-0.5070552537093999,-0.922658145359632,0
992,-1.7053717773738144,-1.2174575019428135,-1.2388565505848963,-1.3212001510906057,-0.2570862138800483,-0.922658145359632,0
6372,0.9442759598673092,1.1987883044887897,1.3301405395205814,-0.5915546326884425,-0.5070552537093999,0.46421839881351007,1
3031,-1.0080960570472028,-0.9381227266328015,-0.9744732036670567,-0.2696521980992527,0.4928209056080062,-0.922658145359632,0
7366,-0.5897306248512361,-0.46325360860578124,-0.11371037255422135,-0.849076580359794,-0.38207073379472406,-0.922658145359632,0
6665,0.8048208158019868,1.1010211331302855,0.6381207407574934,-0.7203156065241186,0.2428518657786547,1.851094942986652,1
7333,-2.1237372095697813,-1.4083362650713216,-1.5341568571969535,-1.6216424233738498,0.4928209056080062,-0.922658145359632,0
1967,-1.5659166333084922,-1.2267686611198139,-1.1972486795945478,-0.6076497544179019,-1.1319778532827784,-0.922658145359632,0
2726,-0.5897306248512361,-0.37945317601277767,-0.5974018728170231,-1.080846333264011,0.4928209056080062,-0.922658145359632,0
2519,0.5259105276713423,0.5423515825102617,0.03249506300908677,-0.4198733342408747,0.9927589852667092,-0.922658145359632,0
7068,0.5259105276713423,0.4213065132092565,0.16020811146557307,-0.19012336131839436,0.4928209056080062,0.46421839881351007,0
4783,0.9442759598673092,0.6587410722227667,1.4306928944139243,0.28704965936675764,-0.8820088134534271,-0.922658145359632,1
7766,-2.2631923536351035,-1.5247257547838267,-1.6462669540320591,-0.2696521980992527,-1.38194689311213,0.46421839881351007,0
5645,-0.31082033672059145,-0.14667419658776773,-0.2391118726223551,-0.9456473107365512,1.3677125450107366,-0.922658145359632,0
7226,0.1075450954753754,0.29095028473125095,0.31421502283957164,-0.8705367426657405,-0.7570242935387513,1.851094942986652,0
6801,0.5259105276713423,0.7844417211122721,0.4832469987378626,-0.8104482882090914,0.4928209056080062,0.46421839881351007,1
3456,-0.31082033672059145,-0.2397857883577717,-0.19865977582618288,-0.7203156065241186,-0.6320397736240756,-0.922658145359632,0
572,-1.7053717773738144,-1.3571248895978194,-1.4122226797113486,0.18101121032561315,-0.6320397736240756,-0.922658145359632,0
8922,-1.0080960570472028,-1.0777901142878075,-0.6190726389578296,0.7443404708566951,0.4928209056080062,-0.922658145359632,0
3538,-0.31082033672059145,-0.42600897189777964,-0.8516721955358196,-0.16565295000120656,-0.38207073379472406,-0.922658145359632,0
8106,-0.5897306248512361,-0.6308544737917884,-0.5453920340790873,-0.2696521980992527,-1.7569004528561571,-0.922658145359632,0
7299,-0.4502754807859138,-0.48653150654828226,-0.46766621952072784,-0.3736514461972989,0.2428518657786547,-0.922658145359632,0
3027,0.38645538360602,0.22577217049224818,-0.06141159026774153,-0.1006534199399281,-0.2570862138800483,1.851094942986652,0
397,-0.4502754807859138,-0.13270745782226714,0.09779630498005051,-1.303527076250415,0.7427899454373577,-0.922658145359632,0
1933,0.5259105276713423,0.7844417211122721,0.7461856279129818,-0.8104482882090914,1.2427280250960608,-0.922658145359632,1
396,-0.031910048589946886,0.0023043502442386295,-0.2373782113310905,-0.6076497544179019,-0.2570862138800483,-0.922658145359632,0
5886,0.6653656717366646,0.6261520151032652,0.9082829586462144,-0.2696521980992527,-0.8820088134534271,-0.922658145359632,0
2022,1.5020965361285983,1.2825887370817932,1.8063195075212368,0.3707642243992408,1.617681584840088,0.46421839881351007,1
598,1.9204619683245652,1.5479567736263047,2.2735412255170266,0.7977085060649025,1.8676506246694395,1.851094942986652,1
8940,-0.5897306248512361,-0.6308544737917884,-0.2749408726418218,-0.2696521980992527,0.2428518657786547,0.46421839881351007,0
3671,1.6415516801939205,1.2127550432542904,1.6910310316521466,0.7818957548921004,-0.6320397736240756,0.46421839881351007,1
1307,0.38645538360602,0.574940639629763,1.0076795393453806,-0.767753860042525,0.4928209056080062,-0.922658145359632,0
1777,-0.4502754807859138,-0.39807549436677847,-0.30845832427293596,-0.6559351196062803,-2.7567766121735633,0.46421839881351007,0
7415,-0.031910048589946886,-0.40738665354377884,0.016892111387706132,0.6316746187504784,0.8677744653520334,0.46421839881351007,1
7607,0.1075450954753754,0.07679362366024181,-0.23073250971457662,-0.43865097625857735,-0.0071171740506968135,-0.922658145359632,1
4754,-1.0080960570472028,-1.2174575019428135,-0.8531169132785401,2.434328252449941,1.3677125450107366,1.851094942986652,0
7525,-0.4502754807859138,-0.6634435309112898,-0.5390352760111174,0.3448888133892005,2.117619664498791,-0.922658145359632,0
4775,0.8048208158019868,1.1010211331302855,1.390529741166296,-0.7203156065241186,0.2428518657786547,-0.922658145359632,1
7831,0.6653656717366646,1.1289546106612867,0.45579736162617435,-1.0071014118853965,-0.0071171740506968135,0.46421839881351007,1
7777,0.6653656717366646,1.0032539617717813,0.6274298294613619,-0.849076580359794,0.2428518657786547,-0.922658145359632,0
2631,2.19937225645521,2.6094289198043494,2.4914046611192675,-0.044320493886820085,0.4928209056080062,-0.922658145359632,1
2898,-0.17136519265526917,-0.16995209453026872,-0.2740740419961897,-0.5400502431541724,0.11786734586397894,0.46421839881351007,1
825,-0.17136519265526917,-0.07218492317176455,-0.5531935098897777,-0.7766485325772265,-1.2569623731974542,-0.922658145359632,0
506,3.175558264912466,4.229570616602419,3.0952966775764095,0.020059993031018235,-1.1319778532827784,0.46421839881351007,1
8372,-1.0080960570472028,-0.7984553389777955,-1.3645469942015742,-0.9456473107365512,-0.7570242935387513,-0.922658145359632,0
196,0.38645538360602,-0.12339629864526673,-0.285342840389409,0.8743395309792525,0.2428518657786547,-0.922658145359632,1
8807,-0.8686409129818806,-0.8170776573317964,-1.1891582602353135,-0.39256040039694323,-0.0071171740506968135,-0.922658145359632,0
4946,0.38645538360602,-0.2397857883577717,0.31421502283957164,1.3076697313877774,-0.6320397736240756,0.46421839881351007,0
8142,-0.5897306248512361,-0.5470540411987849,-0.9562697601087792,-0.5816499423933906,-0.8820088134534271,0.46421839881351007,0
752,1.781006824259243,2.1112819038348287,1.795050709128018,-0.21087001439166128,0.9927589852667092,0.46421839881351007,1
2435,1.0837311039326314,1.4362228635022998,1.7430408703900822,-0.6383768049923249,-1.0069933333681027,0.46421839881351007,0
7591,-0.5897306248512361,-0.6308544737917884,-0.14491627579698263,-0.2696521980992527,-0.0071171740506968135,0.46421839881351007,0
358,0.6653656717366646,0.877553312882276,0.2997678454123673,-0.6752492656816316,-0.5070552537093999,-0.922658145359632,1
2212,0.5259105276713423,0.6633966518112668,0.6635477730293728,-0.6254390994873045,0.11786734586397894,0.46421839881351007,1
8697,-0.031910048589946886,0.20714985213824738,-0.6060701792733456,-1.020757878807362,-0.8820088134534271,-0.922658145359632,0
3047,0.2470002395406977,0.3747507173242545,0.5814878052428522,-0.7203156065241186,-1.2569623731974542,0.46421839881351007,0
4930,0.5259105276713423,0.17921637460724618,1.069224515185271,0.3612765736955594,0.2428518657786547,0.46421839881351007,1
2894,-0.031910048589946886,0.104727101191243,0.06138941786349547,-0.8263540555652631,-0.5070552537093999,-0.922658145359632,0
1119,1.362641392063276,1.1941327249002895,1.8990703866038892,0.2284494638440196,-0.7570242935387513,-0.922658145359632,1
6057,-0.31082033672059145,-0.3328973801277757,-0.2969005823311725,-0.46279365885276647,0.11786734586397894,-0.922658145359632,0
646,1.2231862479979538,1.2499996799622919,1.6476894993705336,-0.1344531755717929,-0.6320397736240756,0.46421839881351007,1
2988,1.362641392063276,0.7471970844042705,1.5662074186811008,1.0823380271753442,-1.2569623731974542,1.851094942986652,1
8391,0.38645538360602,-0.35617527807027666,-0.1697654209717742,1.8197872409614886,-1.2569623731974542,1.851094942986652,0
1360,1.781006824259243,1.9483366182373216,1.420868813763425,-0.023835793503871668,1.7426661047547638,0.46421839881351007,1
5495,-0.7291857689165584,-0.6075765758492874,-0.5930677195888617,-0.7896484385894823,-0.38207073379472406,-0.922658145359632,0
6040,0.1075450954753754,0.29095028473125095,-0.09781847738429657,-0.8705367426657405,-1.8818849727708329,-0.922658145359632,0
5779,-2.4026474977004257,-1.4967922772528253,-1.6506011072602205,-2.0723058317987153,1.117743505181385,-0.922658145359632,0
1869,-1.1475512011125253,-0.7891441798007952,-1.1539071473129345,-1.413643927177758,-2.1318540126001846,-0.922658145359632,0
1900,-1.0080960570472028,-0.5889542574952866,-0.9744732036670567,-1.6216424233738498,0.6178054255226819,-0.922658145359632,0
549,0.2470002395406977,-0.18391883329576933,0.12380122434901802,0.6663410347831609,-0.6320397736240756,1.851094942986652,1
4284,1.2231862479979538,1.6829685816928104,1.5312452493072666,-0.681127484052391,0.9927589852667092,-0.922658145359632,1
2083,0.2470002395406977,0.15128289707624498,0.43586025677663204,-0.2696521980992527,-1.1319778532827784,-0.922658145359632,0
4574,1.362641392063276,1.790046912228315,1.399775934719707,-0.5635631166372087,-0.5070552537093999,0.46421839881351007,1
3670,0.9442759598673092,0.7937528802892724,0.9363104828549913,0.03079007418399119,-1.1319778532827784,-0.922658145359632,0
1653,0.8048208158019868,0.4492399907402577,-0.1871020338844194,0.4063429145380458,-1.1319778532827784,0.46421839881351007,1
8347,0.8048208158019868,0.8403086761742744,1.0992746442338561,-0.3408095783768633,0.11786734586397894,-0.922658145359632,0
8260,1.6415516801939205,1.3710447492632971,1.2685955636806912,0.5130789849544614,1.117743505181385,1.851094942986652,1
79,-1.1475512011125253,-1.115034750995809,-1.0730029537205903,0.4063429145380458,-1.6319159329414814,-0.922658145359632,0
3288,0.2470002395406977,0.3747507173242545,0.2070169663297156,-0.7203156065241186,-2.381823052429536,0.46421839881351007,0
5846,0.38645538360602,0.4585511499172581,0.6826180472332827,-0.5700944703824966,1.617681584840088,-0.922658145359632,1
5412,1.0837311039326314,1.4362228635022998,1.1796009507291125,-0.6383768049923249,0.4928209056080062,0.46421839881351007,1
1561,1.781006824259243,1.6224460470423079,1.805163733327061,0.4063429145380458,-0.7570242935387513,0.46421839881351007,1
8928,-0.5897306248512361,-0.9660562041638027,-0.8314461471377336,1.7583331398126427,-0.0071171740506968135,-0.922658145359632,0
468,-1.0080960570472028,-1.2174575019428135,-1.022148889176831,2.434328252449941,0.7427899454373577,0.46421839881351007,0
3760,0.9442759598673092,0.7937528802892724,1.3301405395205814,0.03079007418399119,0.9927589852667092,0.46421839881351007,1
8715,1.2231862479979538,1.3943226472057981,1.450629999263466,-0.33403268501709044,-1.0069933333681027,0.46421839881351007,1
6967,-0.31082033672059145,-0.5191205636677836,-0.285342840389409,0.18101121032561315,0.7427899454373577,-0.922658145359632,0
6502,-0.5897306248512361,-0.6308544737917884,-0.6338087599335779,-0.2696521980992527,1.2427280250960608,-0.922658145359632,0
7564,-0.5897306248512361,-0.46325360860578124,-1.2007160021770766,-0.849076580359794,1.617681584840088,0.46421839881351007,0
8875,1.781006824259243,2.274227189432336,1.9568590963127066,-0.38231805020546933,2.117619664498791,0.46421839881351007,1
6210,1.362641392063276,1.4920898185643021,1.039174386136686,-0.205271711181415,0.7427899454373577,0.46421839881351007,1
5628,2.338827400520532,2.358027622025339,2.132247830278967,0.467797015686891,1.3677125450107366,-0.922658145359632,1
8842,-1.8448269214391366,-1.3431581508323187,-1.4373607684346843,-0.849076580359794,-1.2569623731974542,-0.922658145359632,0
7075,1.6415516801939205,1.6876241612813105,1.9366330479146205,0.052250236489937096,1.117743505181385,1.851094942986652,1
3891,-1.1475512011125253,-1.2453909794738147,-1.1781784053906381,1.983664844025076,-1.8818849727708329,-0.922658145359632,0
7160,0.2470002395406977,0.2630168072002498,-0.5419247114965582,-0.5082387084418284,-1.1319778532827784,0.46421839881351007,0
1240,0.9442759598673092,0.6587410722227667,0.5508597890971793,0.28704965936675764,-0.6320397736240756,0.46421839881351007,1
5612,-0.7291857689165584,-0.6075765758492874,-0.6421881228413565,-0.7896484385894823,-0.0071171740506968135,1.851094942986652,0
8752,-0.17136519265526917,-0.3654864372472771,-0.5653291389286293,0.04234554619488514,-0.13210169396537258,0.46421839881351007,0
4509,0.5259105276713423,0.9054867904132772,-0.04263025961237587,-0.9778375541954701,1.8676506246694395,0.46421839881351007,1
7741,-0.17136519265526917,-0.46325360860578124,-0.13451430804939576,0.4063429145380458,-0.8820088134534271,-0.922658145359632,0
3174,-1.984282065504459,-1.4502364813678235,-1.4364939377890518,0.0007458469556669184,-2.381823052429536,1.851094942986652,0
8297,-0.031910048589946886,0.20714985213824738,-0.3581566146225191,-1.020757878807362,-1.2569623731974542,-0.922658145359632,0
6767,-0.4502754807859138,-0.3096194821852747,0.03191717591199879,-0.9005809698940648,-0.7570242935387513,-0.922658145359632,0
4632,-0.7291857689165584,-0.9241559878673009,-0.7748132116230925,0.7818957548921004,-0.5070552537093999,-0.922658145359632,0
7494,-0.7291857689165584,-0.9241559878673009,-1.1726884779683004,0.7818957548921004,0.7427899454373577,-0.922658145359632,0
8653,1.0837311039326314,0.877553312882276,1.0495763538842733,0.18101121032561315,0.11786734586397894,1.851094942986652,1
1957,-0.17136519265526917,-0.7565551226812938,-0.6563463567200167,1.983664844025076,1.117743505181385,1.851094942986652,0
5336,-0.31082033672059145,-0.42600897189777964,-0.4009202598070438,-0.16565295000120656,-0.2570862138800483,0.46421839881351007,0
5292,1.6415516801939205,2.3207829853173374,2.074170177021606,-0.6482094611761396,-1.6319159329414814,-0.922658145359632,1
693,-1.8448269214391366,-1.2593577182393152,-1.3515445345170902,-1.6216424233738498,-0.38207073379472406,-0.922658145359632,0
8388,0.9442759598673092,0.9287646883557782,0.09837419207713849,-0.19849481782164213,1.8676506246694395,1.851094942986652,1
5176,0.9442759598673092,1.3338001125552954,1.589900789661716,-0.7612850072900155,0.8677744653520334,0.46421839881351007,1
3283,0.6653656717366646,0.24905006843474917,0.05012061947027614,0.5415419370655056,0.2428518657786547,0.46421839881351007,1
5446,2.19937225645521,2.6094289198043494,2.4914046611192675,-0.044320493886820085,0.8677744653520334,-0.922658145359632,1
3715,0.5259105276713423,0.3002614439082513,-0.3205939533117874,0.06834535821939652,0.6178054255226819,-0.922658145359632,1
6084,1.6415516801939205,2.1624932793083307,1.7597995962056399,-0.4949839023116854,0.4928209056080062,0.46421839881351007,1
1310,0.9442759598673092,1.063776496422284,0.8776549425005414,-0.4048512206267125,-1.0069933333681027,-0.922658145359632,1
2299,1.6415516801939205,1.8459138672903173,1.710679192953145,-0.1467439958015622,0.6178054255226819,0.46421839881351007,1
8770,0.6653656717366646,0.5004513662137599,0.7054445875682658,-0.031065687756677028,1.117743505181385,1.851094942986652,1
4723,0.2470002395406977,-0.2956527434197741,-0.16745387258342162,1.0823380271753442,-1.38194689311213,0.46421839881351007,1
617,-1.4264614892431697,-1.1336570693498098,-1.1487061634391411,-0.7203156065241186,0.8677744653520334,-0.922658145359632,0
8424,0.6653656717366646,0.5004513662137599,0.11253242595579901,-0.031065687756677028,-0.8820088134534271,1.851094942986652,1
7801,0.38645538360602,0.34216166020475314,0.7331831682284983,-0.3491810348801111,0.2428518657786547,1.851094942986652,1
5250,1.2231862479979538,1.1056767127187856,0.5549049987767963,0.08613470328879902,0.2428518657786547,-0.922658145359632,1
3952,-1.1475512011125253,-1.1802128652348118,-1.1336810989148485,1.0823380271753442,-1.5069314130268057,-0.922658145359632,0
7382,-0.4502754807859138,-0.3096194821852747,-0.5609949857004681,-0.9005809698940648,-0.8820088134534271,-0.922658145359632,0
8070,-0.031910048589946886,-0.30496390259677447,-0.44715122757409775,0.25034404239097685,-1.0069933333681027,-0.922658145359632,0
8148,1.2231862479979538,0.9613537454752795,1.5222879993024,0.3312323464672351,0.11786734586397894,1.851094942986652,1
799,1.2231862479979538,0.8170307782317734,1.8984924995068009,0.6051650064901923,1.117743505181385,0.46421839881351007,1
2760,-0.031910048589946886,0.20714985213824738,-0.05938898542793279,-1.020757878807362,1.2427280250960608,0.46421839881351007,0
4074,-0.8686409129818806,-0.8170776573317964,-0.939511034293222,-0.39256040039694323,-0.38207073379472406,-0.922658145359632,0
8375,0.38645538360602,-0.12339629864526673,0.40812167611639993,0.8743395309792525,1.7426661047547638,0.46421839881351007,1
8235,-0.7291857689165584,-0.6867214288537907,-0.8681419778028328,-0.4949839023116854,0.4928209056080062,0.46421839881351007,0
6981,-1.5659166333084922,-1.2267686611198139,-1.1559297521527434,-0.6076497544179019,2.117619664498791,0.46421839881351007,0
5379,2.0599171123898876,2.1531821201313304,2.4948719837017967,0.22198061109151,0.7427899454373577,0.46421839881351007,1
6244,0.8048208158019868,0.4492399907402577,0.6381207407574934,0.4063429145380458,-0.38207073379472406,-0.922658145359632,1
4577,-1.2870063451778475,-1.0917568530533082,-1.1206786392303647,-0.4198733342408747,-0.6320397736240756,-0.922658145359632,0
1247,0.1075450954753754,-0.24444136794627191,0.048386958179011556,0.4583425385870686,0.8677744653520334,-0.922658145359632,1
4363,1.781006824259243,2.1112819038348287,1.5927902251471568,-0.21087001439166128,0.8677744653520334,0.46421839881351007,1
4883,0.9442759598673092,0.7937528802892724,1.0033453861172192,0.03079007418399119,-0.38207073379472406,-0.922658145359632,1
3896,0.38645538360602,-0.007006808932761768,0.23475554698994772,0.502913644914803,0.8677744653520334,-0.922658145359632,1
3260,-1.5659166333084922,-1.1755572856463117,-1.3561676312937958,-1.020757878807362,-0.38207073379472406,0.46421839881351007,0
4170,0.38645538360602,0.1093826807797432,-0.018070057986128468,0.18101121032561315,-0.38207073379472406,-0.922658145359632,0
4434,-0.17136519265526917,-0.5610207799642855,-0.39543033238470626,0.8365216225799632,0.2428518657786547,0.46421839881351007,1
7717,-0.4502754807859138,-0.574987518729786,-0.6817733889918964,-0.044320493886820085,0.7427899454373577,0.46421839881351007,0
4870,-2.1237372095697813,-1.4735143793103245,-1.5644959297940826,-0.5400502431541724,-1.0069933333681027,-0.922658145359632,0
8735,-0.031910048589946886,-0.714654906384792,-0.31365930814672943,2.28410711630832,-0.6320397736240756,0.46421839881351007,0
3635,0.8048208158019868,0.5795962192182633,0.8889237408937605,0.12799198580504031,0.11786734586397894,0.46421839881351007,1
7101,0.1075450954753754,0.18387195419574637,0.08826116787809576,-0.6672963820035458,0.36783638569333044,-0.922658145359632,0
7453,1.2231862479979538,1.2499996799622919,1.3162712491904656,-0.1344531755717929,0.8677744653520334,-0.922658145359632,1
4216,-0.5897306248512361,-0.8822557715707992,-0.5974018728170231,1.0823380271753442,-0.5070552537093999,1.851094942986652,0
6103,0.9442759598673092,1.603823728688307,1.405554805690588,-1.0583131628427678,0.7427899454373577,-0.922658145359632,0
1894,-0.31082033672059145,-0.7053437472077916,-0.6783060664093674,1.0823380271753442,0.6178054255226819,1.851094942986652,0
870,0.2470002395406977,-0.18391883329576933,0.40812167611639993,0.6663410347831609,1.117743505181385,0.46421839881351007,1
3410,-0.31082033672059145,-0.7053437472077916,-0.42981461466145254,1.0823380271753442,1.3677125450107366,0.46421839881351007,0
276,1.6415516801939205,1.5293344552723038,1.7990959188076354,0.271143892010586,-0.6320397736240756,-0.922658145359632,1
2065,-0.5897306248512361,-0.714654906384792,-1.101897308574999,0.09907240879381946,1.117743505181385,0.46421839881351007,0
5678,-0.8686409129818806,-0.8170776573317964,-0.6482559373607825,-0.39256040039694323,-0.38207073379472406,-0.922658145359632,0
4156,-1.5659166333084922,-1.3291914120668182,-1.2894216715801117,0.6316746187504784,-1.7569004528561571,0.46421839881351007,0
3390,-1.2870063451778475,-0.9707117837523029,-1.0943847763128527,-1.130009614183087,1.4926970649254123,-0.922658145359632,0
1216,-0.7291857689165584,-0.528431722844784,-0.6127158808898595,-1.0422180411133084,0.11786734586397894,-0.922658145359632,0
7951,-0.31082033672059145,-0.42600897189777964,-0.3373526791273447,-0.16565295000120656,-0.2570862138800483,-0.922658145359632,0
4703,-0.031910048589946886,0.0023043502442386295,0.18852457922289378,-0.6076497544179019,-0.38207073379472406,0.46421839881351007,0
7396,-0.4502754807859138,-0.7518995430927936,-0.72020288094826,0.8119399821204246,-0.13210169396537258,0.46421839881351007,1
7031,-0.031910048589946886,-0.5098094044907833,-0.02760519508808321,1.0823380271753442,-1.38194689311213,-0.922658145359632,0
75,0.6653656717366646,0.877553312882276,1.0487095232386412,-0.6752492656816316,-1.6319159329414814,-0.922658145359632,0
6869,-1.0080960570472028,-1.0079564204603044,-0.9614707439825727,0.18101121032561315,1.2427280250960608,-0.922658145359632,0
7762,0.2470002395406977,0.15128289707624498,0.06138941786349547,-0.2696521980992527,0.9927589852667092,-0.922658145359632,1
947,-0.031910048589946886,-0.10011840070276574,-0.1801673887193614,-0.35978487978422613,-1.5069314130268057,0.46421839881351007,0
2822,1.6415516801939205,1.0544653372452835,2.201883225478093,1.0823380271753442,0.2428518657786547,1.851094942986652,1
326,-0.17136519265526917,-0.16995209453026872,-0.2680062274767638,-0.5400502431541724,0.36783638569333044,1.851094942986652,1
7403,0.2470002395406977,-0.18391883329576933,0.38731774062122587,0.6663410347831609,0.2428518657786547,0.46421839881351007,0
6617,-0.31082033672059145,-0.6122321554377876,-0.2969005823311725,0.5907052179845815,-0.7570242935387513,0.46421839881351007,1
1828,-0.4502754807859138,-0.7518995430927936,-0.45119643725371505,0.8119399821204246,1.117743505181385,1.851094942986652,0
5743,-0.031910048589946886,-0.10011840070276574,-0.11659980803966223,-0.35978487978422613,1.617681584840088,-0.922658145359632,1
3994,-1.0080960570472028,-0.9381227266328015,-1.1695100989343155,-0.2696521980992527,0.7427899454373577,-0.922658145359632,0
3105,-1.7053717773738144,-1.2174575019428135,-1.4324487281094347,-1.3212001510906057,-1.2569623731974542,0.46421839881351007,0
3683,0.38645538360602,0.4585511499172581,0.6753944585196805,-0.5700944703824966,-0.13210169396537258,-0.922658145359632,0
2973,0.38645538360602,0.22577217049224818,0.5020283293932283,-0.1006534199399281,-1.0069933333681027,1.851094942986652,1
600,1.6415516801939205,2.004203573299324,2.2313554674295895,-0.32843438180684414,-2.381823052429536,-0.922658145359632,1
8027,-0.4502754807859138,-0.3096194821852747,-0.4127669452973513,-0.9005809698940648,-0.13210169396537258,-0.922658145359632,0
3726,0.5259105276713423,0.6633966518112668,0.40812167611639993,-0.6254390994873045,0.11786734586397894,-0.922658145359632,1
8383,-0.4502754807859138,-0.574987518729786,-0.14376050160280635,-0.044320493886820085,0.9927589852667092,0.46421839881351007,0
5538,1.0837311039326314,1.5758902511573059,0.9975665151463372,-0.7986918514675733,-0.5070552537093999,-0.922658145359632,1
8011,1.2231862479979538,0.8170307782317734,1.0833827490639316,0.6051650064901923,-0.7570242935387513,-0.922658145359632,1
4878,-0.17136519265526917,-0.16995209453026872,-0.019225832180304752,-0.5400502431541724,-0.7570242935387513,0.46421839881351007,0
6407,0.5259105276713423,0.3002614439082513,-0.1853683725931548,0.06834535821939652,0.7427899454373577,-0.922658145359632,0
2060,-0.5897306248512361,-0.7984553389777955,-0.46737727597218387,0.5415419370655056,-0.8820088134534271,1.851094942986652,0
2827,0.8048208158019868,1.1010211331302855,0.24978061151424005,-0.7203156065241186,-0.7570242935387513,0.46421839881351007,1
5529,1.6415516801939205,1.2127550432542904,1.0622898700202132,0.7818957548921004,-0.7570242935387513,-0.922658145359632,1
7259,-1.7053717773738144,-1.3571248895978194,-1.3342079216044451,0.18101121032561315,-0.2570862138800483,0.46421839881351007,0
3662,-1.5659166333084922,-1.277980036593316,-1.181356784424623,-0.07651073734573895,-0.8820088134534271,-0.922658145359632,0
1355,-0.5897306248512361,-0.8822557715707992,-1.0654904214584442,1.0823380271753442,-2.7567766121735633,-0.922658145359632,0
3606,-1.4264614892431697,-0.9101892491018003,-1.1244349053614378,-1.8296409195699415,-1.0069933333681027,-0.922658145359632,0
1243,0.5259105276713423,0.9054867904132772,0.7161354988643969,-0.9778375541954701,0.36783638569333044,0.46421839881351007,0
3372,-0.7291857689165584,-0.6075765758492874,-0.789549332598841,-0.7896484385894823,-0.0071171740506968135,0.46421839881351007,0
3049,1.0837311039326314,0.877553312882276,1.0322397409716284,0.18101121032561315,-0.13210169396537258,0.46421839881351007,1
1459,0.2470002395406977,-0.07218492317176455,-0.13278064675813117,0.3097721841612886,-0.5070552537093999,1.851094942986652,0
7169,-1.7053717773738144,-1.4036806854828214,-1.1810678408760789,1.0823380271753442,-0.13210169396537258,0.46421839881351007,0
6605,-0.7291857689165584,-0.8450111348627976,-0.760077090647344,0.271143892010586,-0.7570242935387513,1.851094942986652,0
6972,0.2470002395406977,0.03954898695224022,-0.02182632411720147,0.0007458469556669184,-0.13210169396537258,0.46421839881351007,0
4010,0.1075450954753754,0.6121852763377647,-0.4234578565934827,-1.3641204757024976,2.3675887043281425,-0.922658145359632,1
1291,0.38645538360602,0.4585511499172581,0.3720037325483891,-0.5700944703824966,-0.0071171740506968135,-0.922658145359632,1
6752,0.2470002395406977,0.3747507173242545,-0.10504206609789841,-0.7203156065241186,1.117743505181385,-0.922658145359632,0
8594,-1.1475512011125253,-1.115034750995809,-1.0163700182059492,0.4063429145380458,0.36783638569333044,-0.922658145359632,0
827,0.2470002395406977,0.3747507173242545,0.23475554698994772,-0.7203156065241186,-0.8820088134534271,-0.922658145359632,0
3189,1.0837311039326314,1.5758902511573059,1.3269621604865969,-0.7986918514675733,0.7427899454373577,-0.922658145359632,0
4952,0.1075450954753754,0.39802861526675554,0.24111230505791742,-1.0523833811529668,-0.2570862138800483,-0.922658145359632,0
7461,0.8048208158019868,0.5795962192182633,1.1478171603892628,0.12799198580504031,-0.13210169396537258,0.46421839881351007,1
4121,-0.8686409129818806,-0.8915669307477996,-0.8100643245454712,0.0007458469556669184,-1.0069933333681027,-0.922658145359632,0
5474,-1.0080960570472028,-0.9381227266328015,-0.9007925987883144,-0.2696521980992527,-1.5069314130268057,-0.922658145359632,0
1711,0.1075450954753754,-0.24444136794627191,0.12813537757717966,0.4583425385870686,0.11786734586397894,1.851094942986652,1
5133,-0.4502754807859138,-0.7518995430927936,-0.5225654937441044,0.8119399821204246,0.4928209056080062,0.46421839881351007,0
6702,1.2231862479979538,1.2499996799622919,1.0296392490347313,-0.1344531755717929,0.7427899454373577,0.46421839881351007,0
7642,0.1075450954753754,0.07679362366024181,-0.3104809291127444,-0.43865097625857735,-0.38207073379472406,0.46421839881351007,0
2879,0.2470002395406977,0.03954898695224022,0.19314767599959892,0.0007458469556669184,0.4928209056080062,-0.922658145359632,1
2362,0.38645538360602,0.1093826807797432,-0.24200130810779594,0.18101121032561315,1.3677125450107366,-0.922658145359632,1
146,1.362641392063276,1.1941327249002895,0.9097276763889351,0.2284494638440196,1.2427280250960608,0.46421839881351007,1
84,-0.8686409129818806,-1.040545477579806,-1.0134805827205084,1.0823380271753442,-1.8818849727708329,-0.922658145359632,0
7530,-0.7291857689165584,-0.6867214288537907,-1.1432162360168034,-0.4949839023116854,0.2428518657786547,-0.922658145359632,0
8032,-1.5659166333084922,-1.1243459101728095,-1.0065459375554504,-1.35124437831893,0.8677744653520334,-0.922658145359632,0
5589,-1.2870063451778475,-1.0917568530533082,-1.3648359377501182,-0.4198733342408747,-0.13210169396537258,0.46421839881351007,0
3884,-0.4502754807859138,-0.574987518729786,-0.33590796138462425,-0.044320493886820085,-1.1319778532827784,0.46421839881351007,1
8340,0.2470002395406977,-0.2956527434197741,-0.20906174357376975,1.0823380271753442,-0.38207073379472406,0.46421839881351007,0
807,1.0837311039326314,1.1568880881922878,1.1969375636417576,-0.2696521980992527,-1.6319159329414814,-0.922658145359632,0
4124,1.0837311039326314,1.7155576388123117,0.8935468376704663,-0.9456473107365512,-0.5070552537093999,-0.922658145359632,1
5709,-0.8686409129818806,-0.66809911049979,-0.749964066448301,-0.997646934785574,0.11786734586397894,1.851094942986652,0
813,-1.0080960570472028,-0.7984553389777955,-0.7274264696618622,-0.9456473107365512,1.117743505181385,-0.922658145359632,0
2585,-1.8448269214391366,-1.4269585834253224,-1.4711671636143422,0.5415419370655056,1.7426661047547638,-0.922658145359632,0
1351,-1.984282065504459,-1.3385025712438186,-1.5243327765464543,-1.6216424233738498,0.2428518657786547,-0.922658145359632,0
5834,0.5259105276713423,0.17921637460724618,0.7536981601751281,0.3612765736955594,-0.6320397736240756,0.46421839881351007,1
1371,-1.8448269214391366,-1.301257934535817,-1.5543829055950396,-1.2836448670552005,0.6178054255226819,-0.922658145359632,0
2092,0.5259105276713423,0.5423515825102617,1.2194751604281964,-0.4198733342408747,0.4928209056080062,0.46421839881351007,1
1987,0.8048208158019868,0.8403086761742744,0.3064135470288815,-0.3408095783768633,0.2428518657786547,0.46421839881351007,1
4978,-1.5659166333084922,-1.3291914120668182,-1.3688811474297355,0.6316746187504784,1.117743505181385,0.46421839881351007,0
2653,0.8048208158019868,1.231377361608291,0.1769668372811303,-0.884193209587706,-0.0071171740506968135,-0.922658145359632,1
1546,1.362641392063276,1.0451541780682831,1.2980678056321882,0.48145348260885645,1.3677125450107366,1.851094942986652,1
1096,-0.4502754807859138,-0.6634435309112898,-0.3029683968505984,0.3448888133892005,-0.7570242935387513,-0.922658145359632,0
1621,-1.984282065504459,-1.301257934535817,-1.5451367120416286,-1.9220846956570936,-0.8820088134534271,-0.922658145359632,0
4840,0.1075450954753754,0.07679362366024181,0.1480724824267216,-0.43865097625857735,1.3677125450107366,-0.922658145359632,0
5192,1.0837311039326314,1.296555475847294,1.3616353863118873,-0.46279365885276647,0.36783638569333044,-0.922658145359632,1
670,1.9204619683245652,2.7211628299283546,2.252737290021851,-0.5816499423933906,-0.5070552537093999,-0.922658145359632,1
3739,-0.4502754807859138,-0.7518995430927936,-0.9397999778417662,0.8119399821204246,1.8676506246694395,0.46421839881351007,1
8719,-0.5897306248512361,-0.5470540411987849,-0.44657334047700964,-0.5816499423933906,-1.38194689311213,-0.922658145359632,0
1515,0.2470002395406977,-0.18391883329576933,0.040585482368321074,0.6663410347831609,0.4928209056080062,1.851094942986652,1
6719,0.1075450954753754,-0.24444136794627191,0.2942779179900297,0.4583425385870686,-0.13210169396537258,0.46421839881351007,1
4695,1.5020965361285983,1.5898569899228063,2.1591195802935674,-0.07651073734573895,-0.2570862138800483,0.46421839881351007,1
7104,0.2470002395406977,-0.07218492317176455,-0.04956490477743422,0.3097721841612886,0.2428518657786547,0.46421839881351007,0
2783,0.38645538360602,-0.007006808932761768,-0.05418800155413935,0.502913644914803,-0.0071171740506968135,1.851094942986652,1
4653,0.8048208158019868,0.8403086761742744,1.0183704506415117,-0.3408095783768633,0.7427899454373577,-0.922658145359632,1
5283,-0.7291857689165584,-0.9241559878673009,-0.7797252519483421,0.7818957548921004,-0.7570242935387513,-0.922658145359632,0
6654,-0.4502754807859138,-0.7518995430927936,-0.7751021551716366,0.8119399821204246,0.11786734586397894,0.46421839881351007,0
520,0.9442759598673092,0.3887174560897551,1.4139341685983668,0.9020726638053981,0.6178054255226819,0.46421839881351007,1
7265,-1.0080960570472028,-0.7984553389777955,-1.1521734860216701,-0.9456473107365512,-1.1319778532827784,-0.922658145359632,0
8728,-1.5659166333084922,-1.1755572856463117,-1.0001891794874804,-1.020757878807362,0.2428518657786547,-0.922658145359632,0
1050,0.38645538360602,0.34216166020475314,-0.3214607839574199,-0.3491810348801111,-0.7570242935387513,0.46421839881351007,0
2521,-0.031910048589946886,-0.2025411516497701,-0.0784592596318426,-0.07651073734573895,0.11786734586397894,0.46421839881351007,1
5619,-0.4502754807859138,-0.6634435309112898,-0.5006057840547539,0.3448888133892005,0.8677744653520334,-0.922658145359632,1
960,1.2231862479979538,1.1056767127187856,1.8984924995068009,0.08613470328879902,1.117743505181385,0.46421839881351007,1
6186,-1.1475512011125253,-1.115034750995809,-1.1619975666721694,0.4063429145380458,-0.0071171740506968135,-0.922658145359632,0
2929,1.5020965361285983,2.2043934956048328,2.178189854497478,-0.7563686791981075,-1.2569623731974542,0.46421839881351007,0
574,-1.2870063451778475,-1.0917568530533082,-1.2033164941139736,-0.4198733342408747,0.6178054255226819,-0.922658145359632,0
8379,2.0599171123898876,2.1531821201313304,2.377271959444353,0.22198061109151,1.2427280250960608,-0.922658145359632,1
3160,-0.4502754807859138,-0.574987518729786,-1.0495985262885192,-0.044320493886820085,-1.2569623731974542,-0.922658145359632,0
4915,-0.4502754807859138,-0.39807549436677847,-0.7092230261035847,-0.6559351196062803,-0.2570862138800483,0.46421839881351007,0
8240,0.8048208158019868,0.8403086761742744,0.9455566764084019,-0.3408095783768633,0.9927589852667092,0.46421839881351007,1
932,-0.8686409129818806,-1.115034750995809,-0.962626518176749,1.8549038701893994,0.9927589852667092,0.46421839881351007,0
647,0.6653656717366646,0.7518526639927706,0.44799588581548383,-0.4831243389320839,-0.2570862138800483,-0.922658145359632,1
877,-1.0080960570472028,-0.7984553389777955,-1.1001636472837346,-0.9456473107365512,0.7427899454373577,-0.922658145359632,0
3337,0.2470002395406977,-0.2956527434197741,0.14460515984419242,1.0823380271753442,0.11786734586397894,1.851094942986652,1
756,0.5259105276713423,0.4213065132092565,0.33299635349493734,-0.19012336131839436,0.4928209056080062,-0.922658145359632,1
4366,0.2470002395406977,0.03954898695224022,0.2624941276501798,0.0007458469556669184,0.36783638569333044,1.851094942986652,0
3968,0.9442759598673092,0.7937528802892724,1.0536215635638908,0.03079007418399119,-1.0069933333681027,-0.922658145359632,1
3759,-0.7291857689165584,-0.37014201683577724,-0.41132222755463105,-1.452643645214525,-0.6320397736240756,-0.922658145359632,0
7676,1.781006824259243,2.274227189432336,1.2691734507777794,-0.38231805020546933,-2.006869492685509,-0.922658145359632,1
8641,1.0837311039326314,1.4362228635022998,1.2229424830107254,-0.6383768049923249,-0.6320397736240756,0.46421839881351007,1
4616,0.8048208158019868,0.3188837622622521,0.5976686439613211,0.7218073004354518,1.117743505181385,1.851094942986652,1
4454,1.362641392063276,1.4920898185643021,1.5939459993413336,-0.205271711181415,-0.2570862138800483,1.851094942986652,1
1205,0.2470002395406977,0.15128289707624498,0.24862483732006377,-0.2696521980992527,-0.13210169396537258,0.46421839881351007,1
6621,1.6415516801939205,2.1624932793083307,1.6124383864481553,-0.4949839023116854,-0.8820088134534271,-0.922658145359632,1
6304,-0.4502754807859138,-0.3096194821852747,-0.5390352760111174,-0.9005809698940648,0.11786734586397894,-0.922658145359632,0
4589,-1.1475512011125253,-1.3105690937128174,-1.0608673246817388,3.245522387614699,1.117743505181385,0.46421839881351007,0
5298,-0.8686409129818806,-0.8170776573317964,-1.0181036794972138,-0.39256040039694323,0.11786734586397894,-0.922658145359632,0
5629,-0.5897306248512361,-0.714654906384792,-0.6858185986715136,0.09907240879381946,0.8677744653520334,-0.922658145359632,0
3680,1.2231862479979538,1.1056767127187856,1.2804422491709984,0.08613470328879902,-0.13210169396537258,0.46421839881351007,1
8022,0.8048208158019868,0.3188837622622521,0.19314767599959926,0.7218073004354518,0.11786734586397894,0.46421839881351007,1
7141,-0.17136519265526917,-0.3654864372472771,-0.4257694049818354,0.04234554619488514,-1.0069933333681027,3.2379714871597938,0
926,-1.0080960570472028,-0.8682890328052986,-1.0828270343710893,-0.6383768049923249,1.2427280250960608,-0.922658145359632,0
2984,0.9442759598673092,0.3887174560897551,0.6681708698060783,0.9020726638053981,-0.8820088134534271,-0.922658145359632,1
2287,0.1075450954753754,-0.45859802901728103,-0.6361203083219308,1.3281544317707252,-0.5070552537093999,1.851094942986652,1
8648,1.362641392063276,1.343111271732296,1.409022128273118,0.0007458469556669184,-2.2568385325148603,-0.922658145359632,1
293,-0.17136519265526917,-0.46325360860578124,-0.3226165581515962,0.4063429145380458,1.4926970649254123,-0.922658145359632,0
4027,-1.0080960570472028,-0.8682890328052986,-0.935465824613605,-0.6383768049923249,0.7427899454373577,-0.922658145359632,0
116,-1.2870063451778475,-0.9707117837523029,-1.1131661069682184,-1.130009614183087,0.2428518657786547,-0.922658145359632,0
5903,-0.8686409129818806,-0.5936098370837868,-0.7453409696715956,-1.2353595018668222,0.7427899454373577,-0.922658145359632,0
989,-1.7053717773738144,-1.3571248895978194,-1.3948860667987033,0.18101121032561315,0.8677744653520334,-0.922658145359632,0
7222,-1.5659166333084922,-1.3804027875403204,-1.1750000263566531,1.6231341172851836,-1.6319159329414814,-0.922658145359632,0
3864,1.0837311039326314,0.877553312882276,1.37030369276821,0.18101121032561315,0.9927589852667092,-0.922658145359632,1
193,0.5259105276713423,0.17921637460724618,0.6184725794564953,0.3612765736955594,-0.6320397736240756,0.46421839881351007,1
4064,-0.8686409129818806,-0.7425883839157932,-1.2030275505654295,-0.7203156065241186,-0.13210169396537258,0.46421839881351007,0
3224,-0.5897306248512361,-0.7984553389777955,-0.935465824613605,0.5415419370655056,0.4928209056080062,-0.922658145359632,0
8998,0.2470002395406977,0.03954898695224022,0.4427949019416904,0.0007458469556669184,-0.8820088134534271,0.46421839881351007,0
3229,-0.17136519265526917,-0.2677192658887729,-0.44397284854011276,-0.2696521980992527,1.2427280250960608,1.851094942986652,1
2103,1.781006824259243,1.9483366182373216,1.7647116365308888,-0.023835793503871668,1.2427280250960608,1.851094942986652,1
3961,0.1075450954753754,-0.030284706875262763,0.43383765193682367,-0.1795195164142793,0.7427899454373577,-0.922658145359632,1
5459,-0.5897306248512361,-0.5470540411987849,-0.29054382426320274,-0.5816499423933906,0.2428518657786547,-0.922658145359632,0
7925,0.6653656717366646,0.5004513662137599,0.7210475391896461,-0.031065687756677028,-0.38207073379472406,0.46421839881351007,0
858,1.0837311039326314,1.296555475847294,1.231610789467048,-0.46279365885276647,0.11786734586397894,-0.922658145359632,0
235,-0.4502754807859138,-0.3096194821852747,-0.4072770178750137,-0.9005809698940648,1.9926351445841153,-0.922658145359632,0
199,-1.1475512011125253,-0.854322294039798,-1.1498619376333177,-1.1709790149489838,0.2428518657786547,-0.922658145359632,0
8417,-0.031910048589946886,0.0023043502442386295,-0.5806431470014661,-0.6076497544179019,-0.6320397736240756,-0.922658145359632,0
6622,-1.0080960570472028,-0.8682890328052986,-0.9311316713854436,-0.6383768049923249,0.11786734586397894,-0.922658145359632,0
10,-1.0080960570472028,-0.9381227266328015,-0.9311316713854436,-0.2696521980992527,-1.6319159329414814,0.46421839881351007,0
328,0.2470002395406977,0.15128289707624498,0.005912256543030626,-0.2696521980992527,-0.13210169396537258,0.46421839881351007,0
5904,-1.1475512011125253,-1.3757472079518203,-0.935465824613605,5.138308702999136,-1.0069933333681027,0.46421839881351007,0
751,-0.7291857689165584,-1.0033008408718043,-1.1432162360168034,1.4203355834939935,0.11786734586397894,-0.922658145359632,0
262,-2.1237372095697813,-1.5712815506688285,-1.5584281152746566,5.138308702999136,0.11786734586397894,-0.922658145359632,0
821,-1.4264614892431697,-1.1895240244118122,-1.3740821313035292,-0.2696521980992527,-0.6320397736240756,-0.922658145359632,0
4638,0.6653656717366646,0.6261520151032652,1.0643124748600215,-0.2696521980992527,-1.38194689311213,-0.922658145359632,1
4606,0.38645538360602,0.4585511499172581,-0.1264238886901611,-0.5700944703824966,-0.2570862138800483,0.46421839881351007,1
5125,0.2470002395406977,-0.07218492317176455,0.03365083720326338,0.3097721841612886,-0.6320397736240756,0.46421839881351007,1
8669,1.2231862479979538,1.5386456144493041,1.334185749200199,-0.5154686026946338,-0.5070552537093999,0.46421839881351007,1
8251,-1.2870063451778475,-1.394369526305821,-1.1807788973275348,4.462313590361837,-0.13210169396537258,0.46421839881351007,0
5934,-0.4502754807859138,-0.3096194821852747,-0.7696122277492988,-0.9005809698940648,-0.0071171740506968135,0.46421839881351007,0
8378,0.38645538360602,0.22577217049224818,0.2708734905579586,-0.1006534199399281,-0.38207073379472406,-0.922658145359632,0
1827,1.0837311039326314,1.1568880881922878,0.9888982086900153,-0.2696521980992527,-0.6320397736240756,0.46421839881351007,1
6805,1.5020965361285983,1.5898569899228063,1.8921357414388316,-0.07651073734573895,0.4928209056080062,-0.922658145359632,1
3356,0.1075450954753754,-0.030284706875262763,-0.1177555822338385,-0.1795195164142793,-0.2570862138800483,-0.922658145359632,0
2170,1.6415516801939205,1.5293344552723038,2.201883225478093,0.271143892010586,0.6178054255226819,1.851094942986652,1
8166,-0.4502754807859138,-0.3096194821852747,-0.07239144511241703,-0.9005809698940648,-0.8820088134534271,0.46421839881351007,0
5310,0.2470002395406977,0.3747507173242545,0.47746812776698083,-0.7203156065241186,-2.006869492685509,1.851094942986652,0
5979,0.6653656717366646,0.7518526639927706,0.6196283536506718,-0.4831243389320839,-0.13210169396537258,-0.922658145359632,1
1659,0.8048208158019868,0.7099524476962689,0.8161099666606507,-0.11943106195763077,-0.13210169396537258,-0.922658145359632,1
1857,0.6653656717366646,-0.002351229344261569,0.11253242595579901,1.2903365233714366,0.4928209056080062,-0.922658145359632,1
3919,-0.8686409129818806,-0.8170776573317964,-1.1290580021381433,-0.39256040039694323,1.117743505181385,1.851094942986652,0
4256,1.0837311039326314,1.017220700537282,1.2922889346613065,-0.05618005726642155,0.9927589852667092,0.46421839881351007,0
7810,-2.4026474977004257,-1.5433480731378273,-1.636153929833016,-0.9456473107365512,0.8677744653520334,-0.922658145359632,0
7354,-0.8686409129818806,-0.8170776573317964,-1.115188711808027,-0.39256040039694323,0.2428518657786547,0.46421839881351007,0
2701,-1.1475512011125253,-0.9195004082788008,-1.0527769053225042,-0.884193209587706,-0.2570862138800483,-0.922658145359632,0
204,-0.7291857689165584,-0.6867214288537907,-0.9909429859340697,-0.4949839023116854,-1.38194689311213,-0.922658145359632,0
2697,0.2470002395406977,0.3747507173242545,0.24862483732006377,-0.7203156065241186,0.4928209056080062,0.46421839881351007,1
4908,-2.1237372095697813,-1.5061034364298258,-1.5159534136386759,0.4063429145380458,-2.1318540126001846,-0.922658145359632,0
1892,1.362641392063276,1.0451541780682831,1.473745483146993,0.48145348260885645,-0.13210169396537258,0.46421839881351007,1
4967,0.1075450954753754,0.18387195419574637,0.1480724824267216,-0.6672963820035458,0.36783638569333044,0.46421839881351007,0
524,0.8048208158019868,0.8403086761742744,1.2772638701370138,-0.3408095783768633,-0.8820088134534271,-0.922658145359632,1
5002,0.1075450954753754,-0.030284706875262763,0.23446660344140355,-0.1795195164142793,0.2428518657786547,-0.922658145359632,1
3153,-0.4502754807859138,-0.48653150654828226,-0.44021658240903955,-0.3736514461972989,1.3677125450107366,0.46421839881351007,1
5164,-0.7291857689165584,-0.7658662818582942,-0.7109566873948491,-0.1467439958015622,-0.7570242935387513,1.851094942986652,0
5009,-0.4502754807859138,-0.8403555552742974,-0.7311827357929354,1.3827802994585883,-0.13210169396537258,-0.922658145359632,0
153,0.9442759598673092,1.3338001125552954,-0.060833703170653224,-0.7612850072900155,-1.2569623731974542,0.46421839881351007,1
1075,-1.7053717773738144,-1.4967922772528253,-1.5220212281581016,4.68764529457427,0.9927589852667092,0.46421839881351007,0
6317,-0.17136519265526917,-0.2677192658887729,-0.09810742093284039,-0.2696521980992527,-0.5070552537093999,0.46421839881351007,0
7616,-1.8448269214391366,-1.4269585834253224,-1.4347602764977871,0.5415419370655056,-2.381823052429536,-0.922658145359632,0
1413,-0.031910048589946886,-0.40738665354377884,0.18216782115492375,0.6316746187504784,0.9927589852667092,0.46421839881351007,0
1535,-0.4502754807859138,-0.8403555552742974,-0.9727395423757921,1.3827802994585883,-1.2569623731974542,0.46421839881351007,0
887,1.362641392063276,1.6410683653963085,1.2056058700980803,-0.39256040039694323,0.36783638569333044,0.46421839881351007,1
6508,0.1075450954753754,-0.030284706875262763,0.31421502283957164,-0.1795195164142793,0.2428518657786547,0.46421839881351007,0
1649,-0.17136519265526917,-0.46325360860578124,-0.11631086449111808,0.4063429145380458,-0.7570242935387513,0.46421839881351007,0
2791,0.6653656717366646,0.7518526639927706,1.0721139506707118,-0.4831243389320839,-0.2570862138800483,-0.922658145359632,0
8573,1.0837311039326314,1.5758902511573059,1.2402790959233707,-0.7986918514675733,-0.13210169396537258,-0.922658145359632,1
7562,-0.17136519265526917,-0.3654864372472771,-0.3165487436321706,0.04234554619488514,0.36783638569333044,-0.922658145359632,0
3981,-0.031910048589946886,0.20714985213824738,0.17581106308695402,-1.020757878807362,0.11786734586397894,0.46421839881351007,1
4146,-0.7291857689165584,-0.37014201683577724,-0.7404289293463462,-1.452643645214525,-0.38207073379472406,-0.922658145359632,0
3291,1.362641392063276,1.6410683653963085,0.73404999887413,-0.39256040039694323,0.7427899454373577,-0.922658145359632,1
348,1.362641392063276,1.1941327249002895,1.7049003219822625,0.2284494638440196,0.11786734586397894,-0.922658145359632,1
5457,-0.4502754807859138,-0.574987518729786,-0.6488338244578705,-0.044320493886820085,-0.13210169396537258,-0.922658145359632,0
4070,1.2231862479979538,1.2499996799622919,1.6387322493656664,-0.1344531755717929,-0.6320397736240756,-0.922658145359632,1
8848,-0.5897306248512361,-0.6308544737917884,-0.7170245019142751,-0.2696521980992527,0.9927589852667092,0.46421839881351007,0
105,-0.031910048589946886,-0.10011840070276574,-0.008534920884173727,-0.35978487978422613,-0.13210169396537258,0.46421839881351007,0
27,1.5020965361285983,1.2825887370817932,1.3963086121371777,0.3707642243992408,1.7426661047547638,0.46421839881351007,1
2906,0.6653656717366646,1.0032539617717813,0.8926800070248341,-0.849076580359794,0.6178054255226819,1.851094942986652,1
3363,0.8048208158019868,1.1010211331302855,0.09606264368878592,-0.7203156065241186,-1.7569004528561571,0.46421839881351007,0
1628,-0.7291857689165584,-0.6075765758492874,-0.42114630820512994,-0.7896484385894823,0.8677744653520334,-0.922658145359632,0
1592,-0.5897306248512361,-0.46325360860578124,-0.8314461471377336,-0.849076580359794,-0.2570862138800483,1.851094942986652,1
8674,1.9204619683245652,1.7155576388123117,2.1175117093032196,0.5415419370655056,0.36783638569333044,1.851094942986652,1
4552,-0.031910048589946886,0.104727101191243,-0.7522756148366537,-0.8263540555652631,0.36783638569333044,-0.922658145359632,0
6263,0.6653656717366646,0.877553312882276,0.8458711521606919,-0.6752492656816316,1.2427280250960608,0.46421839881351007,1
7429,-0.31082033672059145,-0.7053437472077916,-0.12931332417560198,1.0823380271753442,0.36783638569333044,1.851094942986652,1
4705,0.1075450954753754,-0.030284706875262763,0.28098651475700165,-0.1795195164142793,0.36783638569333044,1.851094942986652,1
2173,-0.5897306248512361,-0.5470540411987849,-0.8678530342542884,-0.5816499423933906,-0.38207073379472406,-0.922658145359632,0
2066,-0.31082033672059145,-0.2397857883577717,-0.38936251786528037,-0.7203156065241186,0.9927589852667092,-0.922658145359632,0
8718,-0.31082033672059145,-0.5191205636677836,-0.5916230018461412,0.18101121032561315,-0.8820088134534271,-0.922658145359632,0
2501,-0.8686409129818806,-0.7425883839157932,-0.985742002060276,-0.7203156065241186,1.8676506246694395,-0.922658145359632,0
3303,0.8048208158019868,0.7099524476962689,0.743296192427541,-0.11943106195763077,-0.38207073379472406,0.46421839881351007,0
5104,0.5259105276713423,0.05817130530624101,0.34802141801922964,0.6960551056683167,0.6178054255226819,0.46421839881351007,1
7247,1.362641392063276,0.8961756312362767,1.31656019273901,0.7642226800519096,-1.1319778532827784,0.46421839881351007,1
5156,0.2470002395406977,0.15128289707624498,0.3803830954561679,-0.2696521980992527,-0.13210169396537258,1.851094942986652,0
3611,0.5259105276713423,0.4213065132092565,0.8137984182722982,-0.19012336131839436,-0.2570862138800483,-0.922658145359632,0
4211,1.6415516801939205,2.004203573299324,1.543669821894662,-0.32843438180684414,1.117743505181385,0.46421839881351007,1
2156,0.5259105276713423,0.4213065132092565,0.2353334340870357,-0.19012336131839436,-0.13210169396537258,-0.922658145359632,1
4557,-1.7053717773738144,-1.4967922772528253,-1.3342079216044451,4.68764529457427,1.2427280250960608,-0.922658145359632,0
8175,-1.8448269214391366,-1.301257934535817,-1.4685666716774455,-1.2836448670552005,-0.2570862138800483,-0.922658145359632,0
8134,0.6653656717366646,0.3747507173242545,0.05012061947027614,0.23734413637872115,0.4928209056080062,0.46421839881351007,1
8634,-1.4264614892431697,-1.2453909794738147,-1.3775494538860582,0.3097721841612886,-0.7570242935387513,0.46421839881351007,0
433,0.38645538360602,-0.007006808932761768,-0.17698900968537637,0.502913644914803,0.8677744653520334,1.851094942986652,1
6411,0.1075450954753754,-0.5656763595527856,-0.19085830001549273,1.893532162340102,-0.5070552537093999,0.46421839881351007,1
1068,1.0837311039326314,0.5982185375722641,1.4483184508751135,0.7443404708566951,0.8677744653520334,1.851094942986652,1
417,0.5259105276713423,0.17921637460724618,0.4156342083785463,0.3612765736955594,1.3677125450107366,0.46421839881351007,1
645,1.0837311039326314,1.017220700537282,1.0842495797095633,-0.05618005726642155,-0.0071171740506968135,-0.922658145359632,0
3794,0.1075450954753754,-0.45859802901728103,-0.15762979193292273,1.3281544317707252,-0.6320397736240756,0.46421839881351007,1
5335,-0.5897306248512361,-0.37945317601277767,-0.6390097438073716,-1.080846333264011,-0.0071171740506968135,-0.922658145359632,0
2334,-0.4502754807859138,-0.574987518729786,-0.40178709045267613,-0.044320493886820085,0.7427899454373577,-0.922658145359632,0
8500,-0.7291857689165584,-0.6075765758492874,-0.7453409696715958,-0.7896484385894823,-0.13210169396537258,-0.922658145359632,0
1064,0.8048208158019868,1.231377361608291,1.0021896119230433,-0.884193209587706,0.4928209056080062,-0.922658145359632,1
5646,1.781006824259243,1.6224460470423079,2.1894586528906967,0.4063429145380458,-2.006869492685509,0.46421839881351007,1
8000,-1.1475512011125253,-1.0498566367568063,-1.1539071473129345,-0.11943106195763077,-0.2570862138800483,-0.922658145359632,0
8652,0.1075450954753754,0.29095028473125095,0.1480724824267216,-0.8705367426657405,2.617557744157494,-0.922658145359632,0
1269,0.1075450954753754,0.07679362366024181,-0.20414970324852047,-0.43865097625857735,-0.7570242935387513,-0.922658145359632,0
5547,1.0837311039326314,1.1568880881922878,1.3529670798555646,-0.2696521980992527,-0.5070552537093999,-0.922658145359632,1
4050,-0.031910048589946886,-0.30496390259677447,-0.26280524360297036,0.25034404239097685,-1.5069314130268057,1.851094942986652,0
652,-0.031910048589946886,0.0023043502442386295,0.12495699854319463,-0.6076497544179019,-0.8820088134534271,-0.922658145359632,0
2979,0.9442759598673092,1.603823728688307,1.6569356929239438,-1.0583131628427678,0.7427899454373577,-0.922658145359632,1
7290,1.2231862479979538,1.5386456144493041,1.450629999263466,-0.5154686026946338,-0.5070552537093999,-0.922658145359632,1
1312,-0.031910048589946886,-0.5098094044907833,-0.17381063065139132,1.0823380271753442,-0.6320397736240756,-0.922658145359632,1
3727,0.6653656717366646,0.24905006843474917,0.33877522446581904,0.5415419370655056,0.6178054255226819,0.46421839881351007,1
2876,0.9442759598673092,1.3338001125552954,1.2966230878894678,-0.7612850072900155,1.2427280250960608,0.46421839881351007,1
1625,-0.7291857689165584,-0.6075765758492874,-0.6765724051181028,-0.7896484385894823,2.117619664498791,-0.922658145359632,0
5967,-0.8686409129818806,-0.7425883839157932,-0.41247800174880733,-0.7203156065241186,1.4926970649254123,-0.922658145359632,0
452,-0.031910048589946886,0.4119953540322561,0.20759485342680326,-1.35124437831893,-1.0069933333681027,-0.922658145359632,0
7174,-0.17136519265526917,-0.46325360860578124,-0.05563271929685979,0.4063429145380458,0.7427899454373577,0.46421839881351007,0
2046,1.2231862479979538,1.3943226472057981,1.1192117490833986,-0.33403268501709044,0.9927589852667092,0.46421839881351007,1
3527,-0.031910048589946886,-0.2025411516497701,0.17581106308695402,-0.07651073734573895,0.2428518657786547,1.851094942986652,0
29,-0.8686409129818806,-0.8915669307477996,-0.8378029052057034,0.0007458469556669184,1.617681584840088,0.46421839881351007,1
6166,0.1075450954753754,-0.13736303741076733,-0.26396101779714665,0.11663072340777482,0.6178054255226819,0.46421839881351007,1
1940,1.2231862479979538,0.9613537454752795,0.8415369989325305,0.3312323464672351,-1.38194689311213,-0.922658145359632,1
8109,-0.4502754807859138,-0.39807549436677847,-0.16023028386981944,-0.6559351196062803,1.3677125450107366,-0.922658145359632,0
1922,1.0837311039326314,1.1568880881922878,1.4049769185935004,-0.2696521980992527,-0.5070552537093999,0.46421839881351007,1
6559,0.8048208158019868,0.8403086761742744,1.5523381283509847,-0.3408095783768633,-0.8820088134534271,0.46421839881351007,0
1785,-0.8686409129818806,-0.5936098370837868,-0.7360947761181849,-1.2353595018668222,-0.13210169396537258,-0.922658145359632,0
5006,-0.17136519265526917,0.1233494195452438,-0.3590234452681512,-1.1709790149489838,-0.2570862138800483,-0.922658145359632,0
2194,1.9204619683245652,2.218360234370333,2.034295967322522,-0.09330564697647901,-0.2570862138800483,0.46421839881351007,1
8149,-0.031910048589946886,0.0023043502442386295,-0.008534920884173727,-0.6076497544179019,-0.38207073379472406,-0.922658145359632,0
6439,-1.7053717773738144,-1.4502364813678235,-1.4093332442259077,2.434328252449941,0.2428518657786547,-0.922658145359632,0
5202,0.38645538360602,-0.007006808932761768,0.6826180472332827,0.502913644914803,-0.38207073379472406,-0.922658145359632,1
3326,1.9204619683245652,2.050759369184326,2.304747128759787,0.09907240879381946,0.9927589852667092,-0.922658145359632,1
2547,0.38645538360602,0.1093826807797432,-0.11197671126295676,0.18101121032561315,0.2428518657786547,-0.922658145359632,1
6071,0.8048208158019868,0.8403086761742744,0.5572165471651489,-0.3408095783768633,1.3677125450107366,1.851094942986652,1
3050,-0.31082033672059145,-0.6122321554377876,-0.4355934856323343,0.5907052179845815,-0.0071171740506968135,0.46421839881351007,0
3324,-0.31082033672059145,-0.42600897189777964,-0.4702667114576247,-0.16565295000120656,0.7427899454373577,0.46421839881351007,0
2641,-0.4502754807859138,-0.7518995430927936,-0.7256928083705978,0.8119399821204246,-1.38194689311213,0.46421839881351007,0
8395,0.38645538360602,0.34216166020475314,0.653723692378874,-0.3491810348801111,0.2428518657786547,-0.922658145359632,1
2110,-0.5897306248512361,-0.5470540411987849,-0.7222254857880687,-0.5816499423933906,-0.38207073379472406,-0.922658145359632,0
6811,-0.031910048589946886,0.0023043502442386295,-0.16745387258342162,-0.6076497544179019,-0.38207073379472406,-0.922658145359632,0
2001,1.781006824259243,1.6224460470423079,1.9871981689098357,0.4063429145380458,1.2427280250960608,-0.922658145359632,1
1029,-0.8686409129818806,-0.7425883839157932,-1.03197296982733,-0.7203156065241186,-0.13210169396537258,-0.922658145359632,0
7859,-0.031910048589946886,0.20714985213824738,0.37922732126199127,-1.020757878807362,-1.1319778532827784,-0.922658145359632,0
8074,1.9204619683245652,2.218360234370333,2.2943451610122003,-0.09330564697647901,0.4928209056080062,1.851094942986652,1
309,0.8048208158019868,0.97066490465228,0.4115889986989288,-0.5400502431541724,0.6178054255226819,0.46421839881351007,1
6998,2.0599171123898876,2.325438564905838,2.473490161109534,0.024258720438703252,-0.8820088134534271,0.46421839881351007,1
5777,-0.8686409129818806,-1.1895240244118122,-0.985742002060276,2.8849916608748067,-0.13210169396537258,0.46421839881351007,0
6318,0.1075450954753754,-0.24444136794627191,-0.09781847738429657,0.4583425385870686,0.8677744653520334,0.46421839881351007,0
2310,-1.0080960570472028,-0.9381227266328015,-0.9874756633515406,-0.2696521980992527,0.8677744653520334,0.46421839881351007,0
5430,0.1075450954753754,0.18387195419574637,-0.3437094371953144,-0.6672963820035458,-0.0071171740506968135,-0.922658145359632,1
3774,-0.7291857689165584,-0.8450111348627976,-0.6372760825161069,0.271143892010586,-1.0069933333681027,1.851094942986652,0
4058,0.6653656717366646,0.3747507173242545,1.0643124748600215,0.23734413637872115,0.6178054255226819,-0.922658145359632,1
3702,1.5020965361285983,1.4362228635022998,1.3390977895254486,0.13594486948312615,0.11786734586397894,-0.922658145359632,1
4159,1.6415516801939205,2.3207829853173374,1.838392241409631,-0.6482094611761396,1.617681584840088,-0.922658145359632,1
6261,0.2470002395406977,-0.2956527434197741,-0.6251404534772553,1.0823380271753442,1.617681584840088,0.46421839881351007,1
8862,0.6653656717366646,0.24905006843474917,0.44799588581548383,0.5415419370655056,0.4928209056080062,-0.922658145359632,1
227,-0.7291857689165584,-0.9241559878673009,-0.6765724051181028,0.7818957548921004,0.9927589852667092,0.46421839881351007,0
5850,0.6653656717366646,0.5004513662137599,0.5104076923010067,-0.031065687756677028,0.2428518657786547,-0.922658145359632,1
527,0.9442759598673092,0.7937528802892724,1.137415192641676,0.03079007418399119,-1.0069933333681027,-0.922658145359632,1
5115,-0.4502754807859138,-0.13270745782226714,-0.06141159026774153,-1.303527076250415,0.7427899454373577,0.46421839881351007,0
7463,0.2470002395406977,0.15128289707624498,0.3526445147959351,-0.2696521980992527,-0.38207073379472406,0.46421839881351007,0
8779,0.6653656717366646,0.3747507173242545,0.7288490150003366,0.23734413637872115,-0.38207073379472406,0.46421839881351007,1
1712,0.5259105276713423,0.5423515825102617,0.6710603052915192,-0.4198733342408747,-3.0067456520029148,0.46421839881351007,1
885,-1.5659166333084922,-1.1243459101728095,-1.5182649620270283,-1.35124437831893,-0.38207073379472406,-0.922658145359632,0
5093,0.9442759598673092,0.7937528802892724,0.7687232246994204,0.03079007418399119,-0.0071171740506968135,0.46421839881351007,1
2932,-1.0080960570472028,-0.7286216451502926,-0.9007925987883144,-1.2056454309816662,-0.7570242935387513,-0.922658145359632,0
5494,0.5259105276713423,0.7844417211122721,0.5433472568350329,-0.8104482882090914,-1.1319778532827784,0.46421839881351007,0
4383,1.2231862479979538,0.9613537454752795,1.128168999088265,0.3312323464672351,-0.13210169396537258,-0.922658145359632,1
1369,1.5020965361285983,1.5898569899228063,1.6251519025840948,-0.07651073734573895,0.7427899454373577,0.46421839881351007,1
2709,1.5020965361285983,1.5898569899228063,1.5870113541762751,-0.07651073734573895,-0.2570862138800483,-0.922658145359632,1
8200,1.6415516801939205,2.3207829853173374,1.465077176690671,-0.6482094611761396,-0.2570862138800483,0.46421839881351007,0
6296,0.38645538360602,0.34216166020475314,0.8270898215053262,-0.3491810348801111,-0.0071171740506968135,-0.922658145359632,0
427,-0.17136519265526917,-0.3654864372472771,-0.4075659614235579,0.04234554619488514,-0.8820088134534271,-0.922658145359632,0
3721,-0.4502754807859138,-0.574987518729786,-0.3139482516952736,-0.044320493886820085,-0.13210169396537258,0.46421839881351007,0
3297,-0.4502754807859138,-0.574987518729786,-0.3139482516952736,-0.044320493886820085,0.6178054255226819,-0.922658145359632,0
8158,0.38645538360602,0.1093826807797432,0.4948047406796261,0.18101121032561315,0.11786734586397894,-0.922658145359632,1
3059,-0.17136519265526917,-0.2677192658887729,0.43586025677663237,-0.2696521980992527,-0.7570242935387513,0.46421839881351007,0
7844,0.5259105276713423,0.3002614439082513,0.1752331759898657,0.06834535821939652,-0.8820088134534271,-0.922658145359632,1
5347,0.2470002395406977,-0.07218492317176455,-0.14664993708824722,0.3097721841612886,-1.5069314130268057,0.46421839881351007,0
2424,0.1075450954753754,-0.030284706875262763,0.4537747567863659,-0.1795195164142793,-2.2568385325148603,0.46421839881351007,0
3351,0.38645538360602,-0.12339629864526673,-0.032517235413332825,0.8743395309792525,-1.8818849727708329,0.46421839881351007,1
3043,1.2231862479979538,0.9613537454752795,1.8984924995068009,0.3312323464672351,2.3675887043281425,-0.922658145359632,1
2544,-0.4502754807859138,-0.48653150654828226,-0.7311827357929354,-0.3736514461972989,-1.38194689311213,0.46421839881351007,0
5757,-1.2870063451778475,-0.9101892491018003,-0.9516466633320737,-1.396310719161417,0.7427899454373577,0.46421839881351007,0
7559,-1.0080960570472028,-0.8682890328052986,-0.9788073568952179,-0.6383768049923249,0.6178054255226819,-0.922658145359632,0
6732,-0.8686409129818806,-0.8170776573317964,-0.7453409696715956,-0.39256040039694323,-0.0071171740506968135,0.46421839881351007,0
6457,0.5259105276713423,0.4213065132092565,0.8137984182722982,-0.19012336131839436,-0.0071171740506968135,1.851094942986652,1
1206,-1.2870063451778475,-1.1522793877038107,-1.3197607441772408,0.06834535821939652,-0.5070552537093999,-0.922658145359632,0
7548,1.0837311039326314,1.1568880881922878,1.1189228055348541,-0.2696521980992527,-0.6320397736240756,-0.922658145359632,1
6610,-0.8686409129818806,-0.8915669307477996,-1.0227267762739192,0.0007458469556669184,-0.13210169396537258,-0.922658145359632,0
3614,0.38645538360602,0.34216166020475314,0.57426421652925,-0.3491810348801111,1.117743505181385,-0.922658145359632,1
6699,1.9204619683245652,1.5479567736263047,1.8886684188563017,0.7977085060649025,-1.2569623731974542,0.46421839881351007,1
1973,0.2470002395406977,0.2630168072002498,0.14460515984419242,-0.5082387084418284,-0.13210169396537258,-0.922658145359632,0
5191,-0.4502754807859138,-0.48653150654828226,-0.13278064675813117,-0.3736514461972989,-1.1319778532827784,0.46421839881351007,0
7857,0.38645538360602,0.4585511499172581,0.34310937769398037,-0.5700944703824966,0.4928209056080062,-0.922658145359632,1
4793,-1.5659166333084922,-1.277980036593316,-1.181356784424623,-0.07651073734573895,0.4928209056080062,0.46421839881351007,0
4356,-0.31082033672059145,-0.6122321554377876,-0.285342840389409,0.5907052179845815,-1.38194689311213,-0.922658145359632,0
58,-0.31082033672059145,-0.14667419658776773,-0.2680062274767638,-0.9456473107365512,0.8677744653520334,0.46421839881351007,0
5254,-0.031910048589946886,-0.2025411516497701,-0.11659980803966223,-0.07651073734573895,-1.1319778532827784,-0.922658145359632,0
4888,-0.031910048589946886,0.20714985213824738,-0.09752953383575241,-1.020757878807362,0.4928209056080062,-0.922658145359632,1
5585,0.1075450954753754,-0.3515196984817765,-0.4168121549769686,0.8570063229629117,0.6178054255226819,0.46421839881351007,1
6555,-0.17136519265526917,-0.07218492317176455,-0.2073280822825055,-0.7766485325772265,-1.38194689311213,-0.922658145359632,1
3030,0.2470002395406977,0.03954898695224022,0.3041019986405286,0.0007458469556669184,0.11786734586397894,-0.922658145359632,1
8919,-1.984282065504459,-1.3757472079518203,-1.4919710991095168,-1.2353595018668222,0.2428518657786547,-0.922658145359632,0
5096,0.8048208158019868,0.97066490465228,0.031339288814910486,-0.5400502431541724,-0.2570862138800483,-0.922658145359632,0
3097,0.38645538360602,0.34216166020475314,0.7115124020876914,-0.3491810348801111,-1.6319159329414814,-0.922658145359632,0
5067,0.8048208158019868,0.7099524476962689,0.42776983741739805,-0.11943106195763077,1.3677125450107366,1.851094942986652,1
3220,-0.31082033672059145,-0.7053437472077916,-0.49916106631203344,1.0823380271753442,-0.7570242935387513,1.851094942986652,0
3506,0.2470002395406977,0.03954898695224022,0.8380696763500017,0.0007458469556669184,-0.7570242935387513,-0.922658145359632,1
1033,2.19937225645521,2.7863409441673572,2.2937672739151127,-0.2155725890882688,-0.38207073379472406,1.851094942986652,1
4886,-0.8686409129818806,-0.8915669307477996,-1.055088453710857,0.0007458469556669184,-1.0069933333681027,-0.922658145359632,0
8818,-0.031910048589946886,0.20714985213824738,0.2711624341065024,-1.020757878807362,-0.0071171740506968135,-0.922658145359632,0
3613,-0.31082033672059145,-0.42600897189777964,-0.42981461466145254,-0.16565295000120656,-0.5070552537093999,0.46421839881351007,0
8740,-1.5659166333084922,-1.3291914120668182,-1.2290324699343975,0.6316746187504784,1.7426661047547638,-0.922658145359632,0
4907,0.5259105276713423,1.3896670676172977,0.6935979020779578,-1.5134832053518819,-1.6319159329414814,-0.922658145359632,0
3486,-0.8686409129818806,-1.115034750995809,-1.3093587764296535,1.8549038701893994,-0.7570242935387513,-0.922658145359632,0
7843,0.9442759598673092,0.5237292641562609,0.7519644988838635,0.5753416926973705,0.8677744653520334,1.851094942986652,1
8513,-2.1237372095697813,-1.5061034364298258,-1.5038177845998244,0.4063429145380458,-0.0071171740506968135,-0.922658145359632,0
5443,1.781006824259243,2.274227189432336,1.380416716967253,-0.38231805020546933,-1.7569004528561571,0.46421839881351007,1
6023,-1.5659166333084922,-1.2267686611198139,-1.2417459860703373,-0.6076497544179019,-0.2570862138800483,0.46421839881351007,0
6707,-2.542102641765748,-1.6364596649078313,-1.7497087444108421,-4.325622873923043,1.4926970649254123,-0.922658145359632,0
8597,-1.1475512011125253,-1.2453909794738147,-0.935465824613605,1.983664844025076,0.8677744653520334,0.46421839881351007,0
6320,-1.2870063451778475,-1.0312343184028054,-1.1995602279829005,-0.8104482882090914,-0.0071171740506968135,-0.922658145359632,0
5041,0.2470002395406977,-0.07218492317176455,0.06138941786349547,0.3097721841612886,-0.2570862138800483,0.46421839881351007,1
4453,0.8048208158019868,0.97066490465228,0.7756578698644785,-0.5400502431541724,0.7427899454373577,-0.922658145359632,1
4541,-0.031910048589946886,0.20714985213824738,-0.26916200167094007,-1.020757878807362,-0.0071171740506968135,-0.922658145359632,0
1037,2.0599171123898876,2.1531821201313304,1.7251263703803488,0.22198061109151,0.11786734586397894,0.46421839881351007,1
3710,1.2231862479979538,1.3943226472057981,1.7014329993997341,-0.33403268501709044,0.6178054255226819,1.851094942986652,1
256,0.1075450954753754,0.07679362366024181,0.20123809535883355,-0.43865097625857735,-0.38207073379472406,0.46421839881351007,0
3273,-1.0080960570472028,-1.0079564204603044,-0.9181292117009597,0.18101121032561315,0.11786734586397894,1.851094942986652,0
5537,0.38645538360602,0.1093826807797432,0.003600708154678061,0.18101121032561315,-1.0069933333681027,-0.922658145359632,1
2053,-0.17136519265526917,-0.16995209453026872,-0.5167866227732228,-0.5400502431541724,-0.7570242935387513,1.851094942986652,0
631,0.5259105276713423,-0.06287376399476416,0.5959349826700565,1.0823380271753442,0.36783638569333044,3.2379714871597938,1
1679,1.2231862479979538,0.6727078109882673,1.1729552491125985,0.9133392490160197,-0.7570242935387513,0.46421839881351007,1
2030,-0.17136519265526917,-0.16995209453026872,-0.47431192113724185,-0.5400502431541724,-0.8820088134534271,0.46421839881351007,0
2042,-0.5897306248512361,-0.5470540411987849,-0.9718727117301598,-0.5816499423933906,-1.5069314130268057,0.46421839881351007,0
4555,0.6653656717366646,0.24905006843474917,0.6040254020292909,0.5415419370655056,-1.38194689311213,0.46421839881351007,1
3503,-0.31082033672059145,-0.6122321554377876,-0.8805665503902284,0.5907052179845815,0.6178054255226819,0.46421839881351007,0
6254,-0.4502754807859138,-0.7518995430927936,-0.753142445482286,0.8119399821204246,-0.8820088134534271,-0.922658145359632,0
2738,-0.7291857689165584,-1.0033008408718043,-0.7502530099968451,1.4203355834939935,-0.13210169396537258,-0.922658145359632,0
8094,-0.17136519265526917,-0.3654864372472771,-0.23159934036020874,0.04234554619488514,-0.13210169396537258,0.46421839881351007,0
7423,-0.17136519265526917,-0.46325360860578124,-0.5046509937343711,0.4063429145380458,0.11786734586397894,-0.922658145359632,0
8253,1.781006824259243,1.7853913326398148,1.805163733327061,0.18101121032561315,1.9926351445841153,1.851094942986652,1
2662,-1.8448269214391366,-1.4269585834253224,-1.5127750346046906,0.5415419370655056,0.11786734586397894,-0.922658145359632,0
804,0.8048208158019868,0.8403086761742744,0.6138494826797898,-0.3408095783768633,-0.6320397736240756,1.851094942986652,1
5969,0.5259105276713423,0.7844417211122721,0.6259851117186416,-0.8104482882090914,-0.7570242935387513,0.46421839881351007,1
6734,0.38645538360602,-0.007006808932761768,0.2780970792715608,0.502913644914803,-1.1319778532827784,0.46421839881351007,1
553,1.362641392063276,1.1941327249002895,1.6864079348754415,0.2284494638440196,0.36783638569333044,1.851094942986652,1
5362,-1.0080960570472028,-1.0079564204603044,-0.9528024375262502,0.18101121032561315,1.9926351445841153,-0.922658145359632,0
7786,0.1075450954753754,0.18387195419574637,-0.15098409031640853,-0.6672963820035458,0.36783638569333044,-0.922658145359632,0
6230,0.2470002395406977,0.03954898695224022,0.311036643805587,0.0007458469556669184,-0.2570862138800483,0.46421839881351007,0
3417,0.38645538360602,-0.35617527807027666,0.23475554698994772,1.8197872409614886,-0.7570242935387513,0.46421839881351007,1
7192,-0.031910048589946886,-0.30496390259677447,-0.5234323243897366,0.25034404239097685,-2.1318540126001846,0.46421839881351007,0
3204,-1.8448269214391366,-1.468858799721824,-1.5543829055950396,1.7583331398126427,-1.0069933333681027,-0.922658145359632,0
2324,-0.17136519265526917,-0.3654864372472771,-0.38329470334585447,0.04234554619488514,-0.38207073379472406,-0.922658145359632,0
6713,0.2470002395406977,0.03954898695224022,-0.07730348543766631,0.0007458469556669184,0.8677744653520334,0.46421839881351007,1
2557,-0.31082033672059145,-0.2397857883577717,-0.30845832427293596,-0.7203156065241186,1.4926970649254123,-0.922658145359632,1
2244,-1.1475512011125253,-1.115034750995809,-1.3359415828957097,0.4063429145380458,-0.2570862138800483,0.46421839881351007,0
1815,0.6653656717366646,1.0032539617717813,0.666437208514814,-0.849076580359794,-1.5069314130268057,-0.922658145359632,0
184,-1.0080960570472028,-0.6587879513227896,-0.9831415101233792,-1.428500962620336,-0.2570862138800483,-0.922658145359632,0
5371,-1.984282065504459,-1.4502364813678235,-1.427247744235641,0.0007458469556669184,-1.1319778532827784,-0.922658145359632,0
6489,-0.4502754807859138,-0.7518995430927936,-0.7366726632152729,0.8119399821204246,-0.38207073379472406,0.46421839881351007,0
3798,-1.984282065504459,-1.3757472079518203,-1.5197096797697491,-1.2353595018668222,1.617681584840088,0.46421839881351007,0
6145,0.6653656717366646,0.24905006843474917,0.7054445875682658,0.5415419370655056,1.2427280250960608,0.46421839881351007,1
6894,0.2470002395406977,-0.18391883329576933,-0.3061467758845834,0.6663410347831609,-2.506807572344212,1.851094942986652,0
2221,-0.31082033672059145,-0.3328973801277757,-0.42981461466145254,-0.46279365885276647,-0.5070552537093999,0.46421839881351007,0
2417,0.6653656717366646,0.3747507173242545,0.7366504908110271,0.23734413637872115,0.4928209056080062,0.46421839881351007,1
4437,-0.5897306248512361,-0.37945317601277767,-0.30614677588458306,-1.080846333264011,1.7426661047547638,-0.922658145359632,0
283,-0.031910048589946886,0.20714985213824738,-0.428080953370188,-1.020757878807362,-1.38194689311213,-0.922658145359632,0
1955,1.0837311039326314,1.4362228635022998,0.9802299022336923,-0.6383768049923249,0.2428518657786547,-0.922658145359632,0
3068,0.1075450954753754,0.07679362366024181,-0.28389812264668857,-0.43865097625857735,0.2428518657786547,0.46421839881351007,1
5188,0.9442759598673092,1.3338001125552954,1.1709326442727899,-0.7612850072900155,1.2427280250960608,0.46421839881351007,1
6287,-1.0080960570472028,-0.6587879513227896,-0.8271119939095722,-1.428500962620336,-0.2570862138800483,-0.922658145359632,0
2140,-0.4502754807859138,-0.574987518729786,-0.9178402681524157,-0.044320493886820085,1.9926351445841153,0.46421839881351007,0
5531,-0.031910048589946886,-0.30496390259677447,-0.021248437020113493,0.25034404239097685,0.8677744653520334,0.46421839881351007,0
4797,-1.2870063451778475,-1.2128019223543132,-1.1619975666721691,0.6960551056683167,-0.2570862138800483,0.46421839881351007,0
2700,-0.17136519265526917,-0.6587879513227896,0.06572357109165677,1.352736072230264,-1.0069933333681027,1.851094942986652,0
845,0.5259105276713423,0.4213065132092565,0.8889237408937608,-0.19012336131839436,-0.38207073379472406,-0.922658145359632,0
496,0.5259105276713423,0.4213065132092565,0.8363360150587371,-0.19012336131839436,0.4928209056080062,1.851094942986652,1
840,0.2470002395406977,0.15128289707624498,0.6022917407380263,-0.2696521980992527,-0.5070552537093999,0.46421839881351007,0
7234,-0.7291857689165584,-0.6867214288537907,-0.4702667114576247,-0.4949839023116854,0.11786734586397894,-0.922658145359632,0
4604,-0.7291857689165584,-0.528431722844784,-1.0400633891865645,-1.0422180411133084,0.36783638569333044,-0.922658145359632,0
4859,-1.5659166333084922,-1.1243459101728095,-1.3402757361238709,-1.35124437831893,0.11786734586397894,-0.922658145359632,0
8368,-0.7291857689165584,-0.6867214288537907,-0.7944613729240906,-0.4949839023116854,-0.6320397736240756,0.46421839881351007,0
4145,-0.5897306248512361,-0.46325360860578124,-0.5401910502052938,-0.849076580359794,1.8676506246694395,0.46421839881351007,0
7225,0.5259105276713423,1.0265318597142823,1.0166367893502475,-1.130009614183087,2.3675887043281425,-0.922658145359632,0
1763,-1.8448269214391366,-1.3850583671288206,-1.4581647039298584,-0.2696521980992527,0.9927589852667092,0.46421839881351007,0
1093,-1.7053717773738144,-1.2174575019428135,-1.2590825989829824,-1.3212001510906057,0.11786734586397894,-0.922658145359632,0
2393,1.781006824259243,1.9483366182373216,2.4422842578667727,-0.023835793503871668,-0.6320397736240756,-0.922658145359632,1
3536,0.1075450954753754,-0.030284706875262763,-0.6693488164045008,-0.1795195164142793,1.7426661047547638,-0.922658145359632,0
8667,-0.8686409129818806,-1.040545477579806,-0.5511709050499691,1.0823380271753442,-2.1318540126001846,-0.922658145359632,0
1111,-0.4502754807859138,-0.39807549436677847,-0.4731561469430656,-0.6559351196062803,-0.2570862138800483,-0.922658145359632,0
5908,-0.31082033672059145,-0.8915669307477996,-0.2275541306805916,2.434328252449941,-1.6319159329414814,1.851094942986652,0
2391,0.8048208158019868,0.7099524476962689,0.5733973858836175,-0.11943106195763077,-1.38194689311213,0.46421839881351007,1
5561,-0.031910048589946886,0.20714985213824738,0.12495699854319463,-1.020757878807362,0.36783638569333044,-0.922658145359632,0
4950,1.9204619683245652,1.7155576388123117,1.6494231606617984,0.5415419370655056,0.8677744653520334,1.851094942986652,1
1421,0.9442759598673092,1.063776496422284,0.8525168537772061,-0.4048512206267125,-0.2570862138800483,-0.922658145359632,1
5663,-0.31082033672059145,-0.7053437472077916,0.026716192038205026,1.0823380271753442,0.6178054255226819,-0.922658145359632,0
5888,0.2470002395406977,0.3747507173242545,0.4150563212814583,-0.7203156065241186,-0.13210169396537258,1.851094942986652,0
6519,1.0837311039326314,1.017220700537282,1.2229424830107254,-0.05618005726642155,-0.2570862138800483,-0.922658145359632,1
2293,2.338827400520532,2.9027304338798623,2.2336670158179426,-0.10741337106630093,-2.2568385325148603,-0.922658145359632,1
6905,-0.031910048589946886,-0.10011840070276574,0.3283732567182322,-0.35978487978422613,-0.0071171740506968135,-0.922658145359632,0
1715,-0.5897306248512361,-0.714654906384792,-0.706622534166688,0.09907240879381946,1.4926970649254123,-0.922658145359632,0
2241,-0.17136519265526917,-0.6587879513227896,-0.8929911229776242,1.352736072230264,-1.7569004528561571,0.46421839881351007,0
6422,-0.17136519265526917,-0.6587879513227896,-0.5774647679674811,1.352736072230264,-2.1318540126001846,0.46421839881351007,0
1461,1.9204619683245652,2.38596109955634,1.9614821930894124,-0.2696521980992527,-0.5070552537093999,-0.922658145359632,1
4321,0.9442759598673092,0.7937528802892724,1.11227710391834,0.03079007418399119,-0.7570242935387513,3.2379714871597938,1
7351,-0.31082033672059145,-0.2397857883577717,-0.7129792922346578,-0.7203156065241186,0.8677744653520334,0.46421839881351007,0
1710,-0.5897306248512361,-0.714654906384792,-0.8106422116425593,0.09907240879381946,0.8677744653520334,-0.922658145359632,0
4219,0.1075450954753754,0.29095028473125095,0.1746552888927774,-0.8705367426657405,2.2426041844134668,-0.922658145359632,0
6031,-1.4264614892431697,-1.4129918446598217,-1.5474482604299815,3.7863184777245382,-0.38207073379472406,0.46421839881351007,0
6314,2.0599171123898876,2.325438564905838,2.024471886672023,0.024258720438703252,-1.2569623731974542,1.851094942986652,1
1218,-0.8686409129818806,-0.9660562041638027,-0.773079550331828,0.48145348260885645,-1.2569623731974542,0.46421839881351007,0
7588,1.362641392063276,1.1941327249002895,1.381283547612885,0.2284494638440196,-1.2569623731974542,1.851094942986652,1
7514,0.1075450954753754,0.39802861526675554,0.553460281034076,-1.0523833811529668,-0.13210169396537258,-0.922658145359632,0
8084,-1.4264614892431697,-1.301257934535817,-1.1799120666819027,1.0823380271753442,0.36783638569333044,-0.922658145359632,0
7953,-1.0080960570472028,-1.0079564204603044,-0.9094609052446371,0.18101121032561315,0.36783638569333044,1.851094942986652,0
7731,-0.17136519265526917,-0.2677192658887729,-0.2680062274767638,-0.2696521980992527,-0.2570862138800483,-0.922658145359632,0
5972,0.5259105276713423,0.4213065132092565,1.1593749023310262,-0.19012336131839436,-0.2570862138800483,-0.922658145359632,1
4920,2.0599171123898876,2.325438564905838,1.607526346122905,0.024258720438703252,0.36783638569333044,0.46421839881351007,1
8246,0.8048208158019868,0.7099524476962689,0.9536470957676365,-0.11943106195763077,0.36783638569333044,-0.922658145359632,1
464,1.362641392063276,1.1941327249002895,0.8080195473014163,0.2284494638440196,-0.8820088134534271,-0.922658145359632,1
3855,-0.7291857689165584,-0.8450111348627976,-1.0204152278855665,0.271143892010586,0.36783638569333044,0.46421839881351007,0
3849,0.2470002395406977,0.2630168072002498,0.06832406302855383,-0.5082387084418284,-1.2569623731974542,-0.922658145359632,0
6328,0.8048208158019868,0.4492399907402577,1.1154554829523249,0.4063429145380458,0.7427899454373577,1.851094942986652,1
7100,-0.7291857689165584,-0.6867214288537907,-0.7109566873948491,-0.4949839023116854,0.11786734586397894,-0.922658145359632,0
7012,0.5259105276713423,0.4213065132092565,0.21279583730059703,-0.19012336131839436,-0.38207073379472406,0.46421839881351007,0
6239,-0.5897306248512361,-0.7984553389777955,-0.706622534166688,0.5415419370655056,-1.38194689311213,0.46421839881351007,0
3212,-0.17136519265526917,-0.16995209453026872,-0.6199394696034619,-0.5400502431541724,-0.0071171740506968135,-0.922658145359632,0
5397,0.5259105276713423,0.17921637460724618,0.5358347245728863,0.3612765736955594,1.617681584840088,0.46421839881351007,1
3816,0.6653656717366646,0.7518526639927706,0.8380696763500014,-0.4831243389320839,-0.13210169396537258,-0.922658145359632,0
558,-1.4264614892431697,-1.0219231592258051,-1.301268357070419,-1.3758260187784688,0.4928209056080062,-0.922658145359632,0
360,-2.2631923536351035,-1.468858799721824,-1.5873224701290654,-1.6216424233738498,-1.5069314130268057,-0.922658145359632,0
8988,0.8048208158019868,0.5795962192182633,0.3630464825435223,0.12799198580504031,0.2428518657786547,1.851094942986652,1
934,1.5020965361285983,2.5116617484458454,1.6346870396860496,-1.020757878807362,-0.0071171740506968135,-0.922658145359632,0
728,-0.4502754807859138,-0.48653150654828226,-0.2755187597389101,-0.3736514461972989,-1.0069933333681027,1.851094942986652,0
7148,1.0837311039326314,0.5982185375722641,1.656357805826856,0.7443404708566951,-2.506807572344212,3.2379714871597938,1
3540,-1.1475512011125253,-1.1802128652348118,-1.0932290021186764,1.0823380271753442,-0.2570862138800483,-0.922658145359632,0
3053,-0.8686409129818806,-0.66809911049979,-0.773079550331828,-0.997646934785574,0.9927589852667092,-0.922658145359632,0
5201,0.6653656717366646,0.877553312882276,0.4948047406796261,-0.6752492656816316,0.2428518657786547,-0.922658145359632,0
8707,0.9442759598673092,0.3887174560897551,0.39165189384938687,0.9020726638053981,-0.13210169396537258,1.851094942986652,1
2018,-1.984282065504459,-1.3757472079518203,-1.1914698086236661,-1.2353595018668222,-1.38194689311213,-0.922658145359632,0
6695,0.38645538360602,0.574940639629763,-0.3503551388118286,-0.767753860042525,0.7427899454373577,-0.922658145359632,0
2913,1.781006824259243,2.4371724750298425,2.4018321610706006,-0.5400502431541724,-1.2569623731974542,1.851094942986652,1
2907,0.5259105276713423,0.4213065132092565,-0.1177555822338385,-0.19012336131839436,0.9927589852667092,-0.922658145359632,1
6259,0.1075450954753754,-0.45859802901728103,-0.1244012838503527,1.3281544317707252,1.117743505181385,1.851094942986652,1
2761,-1.0080960570472028,-0.8682890328052986,-1.2518590102693803,-0.6383768049923249,-0.7570242935387513,-0.922658145359632,0
8298,0.1075450954753754,-0.24444136794627191,-0.7557429374191827,0.4583425385870686,0.7427899454373577,1.851094942986652,0
628,-1.2870063451778475,-1.0917568530533082,-1.1619975666721691,-0.4198733342408747,0.9927589852667092,0.46421839881351007,0
7646,0.1075450954753754,0.18387195419574637,-0.03136146121915654,-0.6672963820035458,0.4928209056080062,-0.922658145359632,0
949,0.9442759598673092,0.6587410722227667,0.7603438617916424,0.28704965936675764,0.7427899454373577,0.46421839881351007,1
803,0.1075450954753754,-0.24444136794627191,0.061678361412039626,0.4583425385870686,0.2428518657786547,0.46421839881351007,1
4470,0.6653656717366646,0.6261520151032652,0.7288490150003366,-0.2696521980992527,-0.0071171740506968135,3.2379714871597938,1
8214,0.9442759598673092,0.7937528802892724,1.254726273350575,0.03079007418399119,1.617681584840088,-0.922658145359632,1
3389,0.38645538360602,-0.12339629864526673,0.14084889371311943,0.8743395309792525,-0.5070552537093999,1.851094942986652,1
3967,-1.7053717773738144,-1.3105690937128174,-1.446895905536639,-0.46279365885276647,0.11786734586397894,-0.922658145359632,0
868,0.5259105276713423,0.3002614439082513,0.37055901480566866,0.06834535821939652,0.7427899454373577,0.46421839881351007,1
7697,0.1075450954753754,0.18387195419574637,-0.4433949614430246,-0.6672963820035458,0.8677744653520334,0.46421839881351007,0
2315,-0.31082033672059145,-0.5191205636677836,-0.4009202598070438,0.18101121032561315,0.7427899454373577,0.46421839881351007,1
6061,2.0599171123898876,1.9809256753568232,1.938944596302973,0.43853315799696463,0.8677744653520334,1.851094942986652,1
5284,-1.2870063451778475,-1.1522793877038107,-1.2671730183422167,0.06834535821939652,1.4926970649254123,0.46421839881351007,0
6628,-0.031910048589946886,0.20714985213824738,-0.2882322758748499,-1.020757878807362,-0.0071171740506968135,-0.922658145359632,0
7807,-1.4264614892431697,-1.301257934535817,-1.2007160021770766,1.0823380271753442,0.4928209056080062,0.46421839881351007,0
5659,0.6653656717366646,1.1289546106612867,0.9160844344569049,-1.0071014118853965,-0.8820088134534271,-0.922658145359632,0
5648,1.0837311039326314,1.017220700537282,0.6161610310681427,-0.05618005726642155,0.11786734586397894,1.851094942986652,1
4096,-0.7291857689165584,-0.6867214288537907,-0.8632299374775831,-0.4949839023116854,1.2427280250960608,0.46421839881351007,0
1953,1.0837311039326314,1.017220700537282,1.5783430477199525,-0.05618005726642155,3.117495823816197,-0.922658145359632,1
1152,-0.17136519265526917,-0.2677192658887729,-0.013158017660879186,-0.2696521980992527,0.4928209056080062,-0.922658145359632,0
4196,-0.031910048589946886,-0.5098094044907833,-0.3645133726904888,1.0823380271753442,-1.2569623731974542,0.46421839881351007,0
5236,-0.31082033672059145,-0.42600897189777964,-0.3662470339817534,-0.16565295000120656,-1.38194689311213,-0.922658145359632,0
4700,1.0837311039326314,1.296555475847294,0.9888982086900153,-0.46279365885276647,0.9927589852667092,3.2379714871597938,1
8743,-0.031910048589946886,0.104727101191243,-0.0021781628162036806,-0.8263540555652631,0.2428518657786547,1.851094942986652,0
1906,-0.031910048589946886,-0.10011840070276574,0.04867590172755571,-0.35978487978422613,-0.8820088134534271,-0.922658145359632,0
4206,-0.8686409129818806,-1.2640132978278154,-1.0227267762739192,4.327114567834378,1.7426661047547638,-0.922658145359632,0
4942,-0.17136519265526917,-0.7565551226812938,-0.007090203141452964,1.983664844025076,-1.6319159329414814,0.46421839881351007,0
6363,-0.5897306248512361,-0.6308544737917884,-0.9614707439825727,-0.2696521980992527,-1.2569623731974542,-0.922658145359632,0
5309,0.38645538360602,0.1093826807797432,0.21308478084914118,0.18101121032561315,-1.1319778532827784,0.46421839881351007,0
7428,-1.2870063451778475,-1.0312343184028054,-1.1469725021478767,-0.8104482882090914,-0.7570242935387513,0.46421839881351007,0
7517,0.38645538360602,-0.12339629864526673,0.35033296640758255,0.8743395309792525,0.8677744653520334,0.46421839881351007,1
2510,-0.31082033672059145,-0.42600897189777964,-0.42981461466145254,-0.16565295000120656,-1.38194689311213,-0.922658145359632,0
552,0.6653656717366646,-0.002351229344261569,0.7678563940537884,1.2903365233714366,1.2427280250960608,1.851094942986652,1
6338,1.2231862479979538,0.9613537454752795,1.1729552491125985,0.3312323464672351,1.617681584840088,1.851094942986652,1
1566,-0.17136519265526917,-0.07218492317176455,0.15067297436361832,-0.7766485325772265,1.117743505181385,-0.922658145359632,0
4769,1.6415516801939205,1.5293344552723038,1.7499755155551406,0.271143892010586,-0.8820088134534271,0.46421839881351007,1
5043,-1.0080960570472028,-0.5191205636677836,-1.1521734860216701,-1.7906412015331743,0.11786734586397894,-0.922658145359632,0
6799,-1.0080960570472028,-0.8682890328052986,-0.65374586478312,-0.6383768049923249,-1.6319159329414814,-0.922658145359632,0
8861,-0.8686409129818806,-1.040545477579806,-0.962626518176749,1.0823380271753442,-0.6320397736240756,-0.922658145359632,0
1230,1.5020965361285983,1.8971252427638194,1.6251519025840948,-0.4459987492220264,-0.6320397736240756,-0.922658145359632,1
6914,1.6415516801939205,1.5293344552723038,1.5338457412441628,0.271143892010586,-1.6319159329414814,-0.922658145359632,1
6989,-0.17136519265526917,-0.46325360860578124,-0.24373496939906053,0.4063429145380458,-1.6319159329414814,0.46421839881351007,0
3219,0.6653656717366646,0.5004513662137599,0.6820401601361944,-0.031065687756677028,1.117743505181385,0.46421839881351007,1
2581,-0.17136519265526917,0.025582248186739622,-0.2740740419961897,-0.9854117291269804,-0.13210169396537258,-0.922658145359632,0
8815,-1.0080960570472028,-0.8682890328052986,-1.2171857844440899,-0.6383768049923249,2.117619664498791,-0.922658145359632,0
4824,-1.7053717773738144,-1.3571248895978194,-1.1955150183032832,0.18101121032561315,-0.0071171740506968135,0.46421839881351007,0
4721,-1.2870063451778475,-1.0312343184028054,-1.2521479538179243,-0.8104482882090914,0.11786734586397894,-0.922658145359632,0
1583,1.0837311039326314,1.017220700537282,0.5034730471359486,-0.05618005726642155,2.117619664498791,-0.922658145359632,1
2546,0.9442759598673092,0.7937528802892724,1.1038977410105617,0.03079007418399119,0.11786734586397894,0.46421839881351007,1
7343,-0.031910048589946886,-0.10011840070276574,-0.6187836954092855,-0.35978487978422613,0.36783638569333044,-0.922658145359632,0
3360,2.6177376886511765,4.089903228947413,2.7034892257506273,-0.6301829248391452,-0.13210169396537258,-0.922658145359632,1
4603,0.5259105276713423,0.3002614439082513,0.4231467406406923,0.06834535821939652,-1.38194689311213,-0.922658145359632,1
482,-2.1237372095697813,-1.5061034364298258,-1.5422472765561877,0.4063429145380458,-1.7569004528561571,-0.922658145359632,0
4822,-1.0080960570472028,-1.0079564204603044,-0.8964584455601532,0.18101121032561315,-0.2570862138800483,0.46421839881351007,0
6602,-1.1475512011125253,-0.854322294039798,-0.6967984535161891,-1.1709790149489838,0.7427899454373577,-0.922658145359632,0
5304,-0.8686409129818806,-0.8170776573317964,-0.9256417439631061,-0.39256040039694323,1.2427280250960608,-0.922658145359632,0
5042,-0.4502754807859138,-0.48653150654828226,-0.6213841873461823,-0.3736514461972989,0.2428518657786547,-0.922658145359632,0
318,1.362641392063276,1.1941327249002895,1.2888216120787772,0.2284494638440196,-0.6320397736240756,0.46421839881351007,1
6839,-2.1237372095697813,-1.5386924935493271,-1.4674108974832694,1.983664844025076,-0.8820088134534271,-0.922658145359632,0
6201,0.9442759598673092,0.6587410722227667,0.8860343054083202,0.28704965936675764,-0.0071171740506968135,0.46421839881351007,0
2084,0.2470002395406977,0.4864846274482593,0.26942877281523814,-0.9100686205977462,0.6178054255226819,-0.922658145359632,1
1675,-0.7291857689165584,-0.6867214288537907,-0.6765724051181028,-0.4949839023116854,0.8677744653520334,0.46421839881351007,0
5578,-1.2870063451778475,-1.273324457004816,-1.1507287682789498,1.5330014356002095,1.2427280250960608,-0.922658145359632,0
8827,0.1075450954753754,0.07679362366024181,-0.3237723323457728,-0.43865097625857735,1.117743505181385,0.46421839881351007,1
7172,0.38645538360602,0.807719619054773,0.38645090997559345,-1.1065985280311461,0.6178054255226819,0.46421839881351007,1
6095,-0.5897306248512361,-0.5470540411987849,-0.6910195825453074,-0.5816499423933906,0.11786734586397894,-0.922658145359632,0
3244,0.9442759598673092,0.7937528802892724,1.7574880478172865,0.03079007418399119,1.2427280250960608,0.46421839881351007,0
253,1.9204619683245652,2.8887636951143616,2.2111294190315034,-0.7203156065241186,-0.5070552537093999,0.46421839881351007,1
2036,0.38645538360602,0.691330129342268,0.9282200634957567,-0.9456473107365512,-0.13210169396537258,0.46421839881351007,1
1837,-1.4264614892431697,-1.0219231592258051,-1.2388565505848963,-1.3758260187784688,1.4926970649254123,0.46421839881351007,0
1944,-0.5897306248512361,-0.7984553389777955,-0.5557940018266744,0.5415419370655056,-0.7570242935387513,0.46421839881351007,0
5794,-0.5897306248512361,-0.7984553389777955,-0.6390097438073716,0.5415419370655056,-0.5070552537093999,0.46421839881351007,0
1584,0.5259105276713423,0.05817130530624101,0.5283221923107403,0.6960551056683167,-1.6319159329414814,0.46421839881351007,1
6270,0.6653656717366646,0.7518526639927706,0.4870032648689356,-0.4831243389320839,0.6178054255226819,-0.922658145359632,1
7321,0.2470002395406977,-0.18391883329576933,-0.23680032423400252,0.6663410347831609,-0.13210169396537258,0.46421839881351007,1
2039,-0.17136519265526917,-0.07218492317176455,0.24169019215500573,-0.7766485325772265,0.4928209056080062,-0.922658145359632,0
4180,1.2231862479979538,1.8272915489363166,1.6387322493656664,-0.8329814586303346,-0.2570862138800483,-0.922658145359632,0
3370,0.9442759598673092,1.7388355367548127,1.045242200656112,-1.189005551285979,-0.13210169396537258,0.46421839881351007,0
2711,-1.1475512011125253,-1.0498566367568063,-1.0972742117982937,-0.11943106195763077,-0.2570862138800483,-0.922658145359632,0
6336,-0.17136519265526917,-0.2677192658887729,-0.6199394696034619,-0.2696521980992527,-1.1319778532827784,-0.922658145359632,0
5915,0.38645538360602,0.4585511499172581,0.6320529262380671,-0.5700944703824966,-1.38194689311213,-0.922658145359632,1
7840,-1.8448269214391366,-1.468858799721824,-1.3515445345170902,1.7583331398126427,0.9927589852667092,-0.922658145359632,0
2794,0.9442759598673092,0.9287646883557782,0.5424804261894004,-0.19849481782164213,-0.5070552537093999,-0.922658145359632,1
7113,0.2470002395406977,0.03954898695224022,0.20008232116465727,0.0007458469556669184,-1.2569623731974542,-0.922658145359632,0
5982,-0.8686409129818806,-0.7425883839157932,-0.7129792922346578,-0.7203156065241186,0.4928209056080062,-0.922658145359632,0
4222,-1.0080960570472028,-0.9381227266328015,-1.1781784053906381,-0.2696521980992527,0.11786734586397894,-0.922658145359632,0
5339,-1.8448269214391366,-1.510759016018326,-1.4503632281191683,3.7863184777245382,1.2427280250960608,-0.922658145359632,0
8299,1.362641392063276,1.790046912228315,0.8172657408548273,-0.5635631166372087,0.6178054255226819,0.46421839881351007,0
370,0.38645538360602,-0.35617527807027666,0.083060184004302,1.8197872409614886,0.11786734586397894,0.46421839881351007,0
8478,0.38645538360602,0.1093826807797432,0.328662200266776,0.18101121032561315,0.36783638569333044,-0.922658145359632,1
332,-1.8448269214391366,-1.4269585834253224,-1.4373607684346843,0.5415419370655056,-1.2569623731974542,-0.922658145359632,0
4352,1.362641392063276,1.790046912228315,1.6401769671083875,-0.5635631166372087,0.4928209056080062,0.46421839881351007,0
8426,-0.5897306248512361,-0.46325360860578124,-0.5453920340790873,-0.849076580359794,0.8677744653520334,-0.922658145359632,0
1027,0.5259105276713423,0.3002614439082513,0.2578710308734747,0.06834535821939652,1.2427280250960608,0.46421839881351007,1
5539,1.2231862479979538,1.8272915489363166,1.961193249540868,-0.8329814586303346,-2.006869492685509,-0.922658145359632,1
6735,0.5259105276713423,1.0265318597142823,0.5283221923107403,-1.130009614183087,-1.8818849727708329,-0.922658145359632,0
7221,0.8048208158019868,0.7099524476962689,0.41967941805816344,-0.11943106195763077,-1.7569004528561571,-0.922658145359632,1
2740,-1.1475512011125253,-1.115034750995809,-1.1741331957110208,0.4063429145380458,0.11786734586397894,0.46421839881351007,0
5450,2.6177376886511765,2.753751887047856,3.0588897904598547,0.4945161900994323,1.3677125450107366,1.851094942986652,1
7664,1.9204619683245652,2.050759369184326,2.502384515963943,0.09907240879381946,1.4926970649254123,1.851094942986652,1
1542,0.5259105276713423,0.9054867904132772,0.7536981601751281,-0.9778375541954701,-1.2569623731974542,-0.922658145359632,0
3184,1.0837311039326314,1.1568880881922878,0.6508342568934331,-0.2696521980992527,1.7426661047547638,-0.922658145359632,1
6160,-0.17136519265526917,-0.16995209453026872,-0.5410578808509261,-0.5400502431541724,-0.38207073379472406,-0.922658145359632,1
7917,-0.17136519265526917,-0.46325360860578124,-0.03136146121915654,0.4063429145380458,-1.1319778532827784,0.46421839881351007,1
1980,-1.5659166333084922,-1.277980036593316,-1.1972486795945478,-0.07651073734573895,-0.6320397736240756,-0.922658145359632,0
8204,0.1075450954753754,-0.24444136794627191,-0.21744110648154855,0.4583425385870686,-0.13210169396537258,0.46421839881351007,0
3735,-0.8686409129818806,-0.5191205636677836,-0.6806176147977201,-1.4413770600039035,-0.2570862138800483,-0.922658145359632,0
8047,1.0837311039326314,0.5982185375722641,0.9542249828647242,0.7443404708566951,-1.38194689311213,0.46421839881351007,1
1052,0.38645538360602,-0.007006808932761768,-0.09030594512215023,0.502913644914803,0.6178054255226819,0.46421839881351007,1
973,0.1075450954753754,0.18387195419574637,0.34079782930562746,-0.6672963820035458,-0.8820088134534271,0.46421839881351007,0
8710,-1.0080960570472028,-1.0777901142878075,-0.9614707439825727,0.7443404708566951,0.11786734586397894,0.46421839881351007,0
6505,1.0837311039326314,0.5982185375722641,0.47746812776698083,0.7443404708566951,-0.0071171740506968135,0.46421839881351007,1
7712,-0.5897306248512361,-0.5470540411987849,-0.5557940018266744,-0.5816499423933906,-2.1318540126001846,-0.922658145359632,0
1209,-2.2631923536351035,-1.440925322190823,-1.582121486255272,-2.0079253448808774,-0.2570862138800483,-0.922658145359632,0
1765,0.1075450954753754,-0.030284706875262763,0.5401688778010475,-0.1795195164142793,-0.13210169396537258,0.46421839881351007,0
2418,-0.4502754807859138,-0.39807549436677847,-0.5664849131228058,-0.6559351196062803,-0.0071171740506968135,-0.922658145359632,1
1759,-1.1475512011125253,-0.9195004082788008,-0.9314206149339875,-0.884193209587706,-0.38207073379472406,-0.922658145359632,0
1799,-0.8686409129818806,-0.8170776573317964,-0.9210186471864006,-0.39256040039694323,-1.8818849727708329,0.46421839881351007,0
8259,-0.31082033672059145,-0.7984553389777955,-0.6031807437879048,1.683222571741832,0.36783638569333044,-0.922658145359632,0
5684,-0.8686409129818806,-0.9660562041638027,-1.0273498730506245,0.48145348260885645,-0.2570862138800483,-0.922658145359632,0
7482,0.5259105276713423,1.2686219983162927,0.9940991925638084,-1.396310719161417,-0.2570862138800483,-0.922658145359632,0
3625,-0.17136519265526917,0.22111659090374797,0.05358794205280532,-1.3370129022634079,1.4926970649254123,-0.922658145359632,0
823,-0.4502754807859138,-0.39807549436677847,-0.49511585663241614,-0.6559351196062803,0.11786734586397894,0.46421839881351007,0
4115,1.362641392063276,1.790046912228315,1.7511312897493165,-0.5635631166372087,0.9927589852667092,-0.922658145359632,1
2533,0.2470002395406977,0.03954898695224022,-0.38242787270022216,0.0007458469556669184,-1.0069933333681027,0.46421839881351007,1
3475,-1.4264614892431697,-1.2453909794738147,-1.4122226797113486,0.3097721841612886,-1.0069933333681027,-0.922658145359632,0
6262,1.2231862479979538,1.8272915489363166,1.5222879993024,-0.8329814586303346,-0.5070552537093999,1.851094942986652,1
5964,-0.8686409129818806,-1.115034750995809,-0.6251404534772554,1.8549038701893994,-0.38207073379472406,1.851094942986652,0
8451,-0.7291857689165584,-0.9241559878673009,-0.9712948246330716,0.7818957548921004,-2.1318540126001846,0.46421839881351007,0
385,0.1075450954753754,-0.030284706875262763,-0.20414970324852047,-0.1795195164142793,-0.38207073379472406,1.851094942986652,0
1767,-0.8686409129818806,-0.7425883839157932,-0.5789094857102015,-0.7203156065241186,-0.0071171740506968135,0.46421839881351007,0
3894,0.2470002395406977,0.15128289707624498,0.13767051467913471,-0.2696521980992527,0.9927589852667092,-0.922658145359632,0
8060,0.1075450954753754,0.07679362366024181,0.22117520020837583,-0.43865097625857735,-1.6319159329414814,0.46421839881351007,0
2254,-0.31082033672059145,-0.6122321554377876,-0.5107188082537969,0.5907052179845815,-0.2570862138800483,0.46421839881351007,1
2773,0.6653656717366646,0.7518526639927706,0.3777826035192708,-0.4831243389320839,0.7427899454373577,-0.922658145359632,0
4861,0.1075450954753754,-0.45859802901728103,-0.10446417900081044,1.3281544317707252,-0.38207073379472406,0.46421839881351007,1
5265,0.8048208158019868,-0.07218492317176455,0.8727429021752922,1.983664844025076,-0.0071171740506968135,1.851094942986652,1
6608,0.1075450954753754,0.18387195419574637,0.04174125656249736,-0.6672963820035458,0.6178054255226819,0.46421839881351007,1
2489,0.2470002395406977,0.03954898695224022,0.08219335335866987,0.0007458469556669184,-0.6320397736240756,1.851094942986652,0
7990,0.9442759598673092,0.6587410722227667,0.8441374908694276,0.28704965936675764,0.6178054255226819,3.2379714871597938,1
5993,0.5259105276713423,0.17921637460724618,0.1076203856305494,0.3612765736955594,-1.0069933333681027,-0.922658145359632,0
2926,1.362641392063276,1.4920898185643021,1.335052579845831,-0.205271711181415,-0.5070552537093999,-0.922658145359632,1
850,1.781006824259243,1.296555475847294,1.6939204671375874,0.9321168910337223,0.7427899454373577,-0.922658145359632,1
7372,-1.1475512011125253,-0.9195004082788008,-1.230766131225662,-0.884193209587706,2.4925732242428182,-0.922658145359632,0
5172,1.5020965361285983,1.8971252427638194,1.6728275880938692,-0.4459987492220264,-0.0071171740506968135,-0.922658145359632,1
4494,-0.31082033672059145,-0.7053437472077916,-0.5974018728170231,1.0823380271753442,-0.0071171740506968135,0.46421839881351007,0
3252,-1.4264614892431697,-1.1895240244118122,-1.138304195691554,-0.2696521980992527,1.617681584840088,-0.922658145359632,0
7791,1.5020965361285983,1.8971252427638194,2.0446979350701087,-0.4459987492220264,-0.13210169396537258,-0.922658145359632,1
233,0.38645538360602,-0.12339629864526673,-0.23477771939419376,0.8743395309792525,-0.38207073379472406,-0.922658145359632,0
5083,1.362641392063276,1.343111271732296,1.2240982572049022,0.0007458469556669184,0.8677744653520334,-0.922658145359632,1
4237,-0.5897306248512361,-0.6308544737917884,-0.7742353245260043,-0.2696521980992527,-0.7570242935387513,0.46421839881351007,0
5798,-1.0080960570472028,-1.0079564204603044,-1.0741587279147666,0.18101121032561315,-0.6320397736240756,-0.922658145359632,0
5500,0.38645538360602,-0.12339629864526673,0.3647801438347869,0.8743395309792525,-0.8820088134534271,0.46421839881351007,1
1664,-0.17136519265526917,-0.2677192658887729,-0.38936251786528037,-0.2696521980992527,-0.5070552537093999,-0.922658145359632,0
3058,0.5259105276713423,0.17921637460724618,0.5884224504079102,0.3612765736955594,-0.8820088134534271,1.851094942986652,1
6022,1.9204619683245652,1.7155576388123117,2.6272081289349885,0.5415419370655056,-1.5069314130268057,-0.922658145359632,1
4079,0.1075450954753754,-0.13736303741076733,0.11484397434415158,0.11663072340777482,-1.1319778532827784,-0.922658145359632,0
8320,0.5259105276713423,0.4213065132092565,-0.03511772735022954,-0.19012336131839436,-0.2570862138800483,0.46421839881351007,1
663,0.9442759598673092,1.3338001125552954,1.254726273350575,-0.7612850072900155,-0.38207073379472406,0.46421839881351007,1
6258,-1.4264614892431697,-1.0777901142878075,-1.290866389322832,-1.080846333264011,-0.13210169396537258,-0.922658145359632,0
903,0.1075450954753754,0.18387195419574637,0.6265629988157299,-0.6672963820035458,0.11786734586397894,0.46421839881351007,0
3472,-0.031910048589946886,-0.2025411516497701,-0.2755187597389101,-0.07651073734573895,0.7427899454373577,0.46421839881351007,0
1983,-0.31082033672059145,-0.3328973801277757,-0.45870896951586126,-0.46279365885276647,-0.6320397736240756,0.46421839881351007,0
5187,-0.8686409129818806,-0.7425883839157932,-0.9533803246233383,-0.7203156065241186,0.7427899454373577,-0.922658145359632,0
578,0.6653656717366646,1.254655259550792,0.7600549182430979,-1.15138495371312,0.6178054255226819,-0.922658145359632,1
5947,-0.31082033672059145,-0.7984553389777955,-0.7072004212637761,1.683222571741832,-0.0071171740506968135,-0.922658145359632,0
189,0.5259105276713423,0.5423515825102617,1.2044500959039044,-0.4198733342408747,-0.7570242935387513,0.46421839881351007,1
2916,-0.031910048589946886,-0.2025411516497701,0.3410867728541716,-0.07651073734573895,-0.13210169396537258,-0.922658145359632,0
8955,-0.8686409129818806,-0.66809911049979,-0.6297635502539608,-0.997646934785574,0.2428518657786547,0.46421839881351007,0
8364,0.1075450954753754,-0.030284706875262763,0.061678361412039626,-0.1795195164142793,0.4928209056080062,-0.922658145359632,0
505,-0.8686409129818806,-0.9660562041638027,-0.9441341310699275,0.48145348260885645,2.4925732242428182,-0.922658145359632,0
1760,1.6415516801939205,1.3710447492632971,1.131058434573706,0.5130789849544614,1.117743505181385,0.46421839881351007,1
44,0.2470002395406977,0.7099524476962689,0.44972954710674873,-1.2353595018668222,-0.13210169396537258,-0.922658145359632,0
7534,0.8048208158019868,0.18852753378424658,0.9293758376899326,1.0823380271753442,0.7427899454373577,0.46421839881351007,1
3725,-0.31082033672059145,-0.3328973801277757,-0.3662470339817534,-0.46279365885276647,0.4928209056080062,-0.922658145359632,0
2383,0.8048208158019868,0.8403086761742744,1.1559075797484972,-0.3408095783768633,0.4928209056080062,-0.922658145359632,0
1032,-0.7291857689165584,-1.161590546880811,-0.8337576955260861,3.335655069299673,0.2428518657786547,-0.922658145359632,0
7472,-1.7053717773738144,-1.3105690937128174,-1.3168713086917998,-0.46279365885276647,-0.38207073379472406,-0.922658145359632,0
3552,0.38645538360602,-0.12339629864526673,0.5453698616748414,0.8743395309792525,-0.38207073379472406,-0.922658145359632,0
3400,0.8048208158019868,0.8403086761742744,0.727115353709072,-0.3408095783768633,-0.38207073379472406,-0.922658145359632,1
1913,1.362641392063276,1.790046912228315,1.31656019273901,-0.5635631166372087,0.6178054255226819,-0.922658145359632,1
8227,0.5259105276713423,0.6633966518112668,0.6935979020779578,-0.6254390994873045,-0.38207073379472406,0.46421839881351007,0
8035,-0.31082033672059145,-0.3328973801277757,-0.4702667114576247,-0.46279365885276647,-1.7569004528561571,-0.922658145359632,0
4024,-0.8686409129818806,-1.040545477579806,-1.2122737441188403,1.0823380271753442,-0.7570242935387513,-0.922658145359632,0
3876,-1.4264614892431697,-1.301257934535817,-1.3498108732258256,1.0823380271753442,0.11786734586397894,-0.922658145359632,0
6350,2.19937225645521,2.6094289198043494,2.2608277093810862,-0.044320493886820085,0.36783638569333044,0.46421839881351007,1
2567,0.6653656717366646,0.3747507173242545,0.7366504908110271,0.23734413637872115,1.117743505181385,-0.922658145359632,1
5778,-0.31082033672059145,-0.14667419658776773,-0.4355934856323343,-0.9456473107365512,2.117619664498791,-0.922658145359632,0
3100,0.9442759598673092,0.6587410722227667,0.6849295956216352,0.28704965936675764,0.6178054255226819,-0.922658145359632,0
7909,-1.0080960570472028,-1.2872911957703164,-1.091495340827412,3.7863184777245382,-0.38207073379472406,-0.922658145359632,0
4768,1.0837311039326314,0.4585511499172581,1.0149031280589829,1.0823380271753442,-1.6319159329414814,0.46421839881351007,1
6586,0.6653656717366646,-0.12805187823376693,0.03451766784889551,1.7583331398126427,0.7427899454373577,1.851094942986652,1
3368,-1.2870063451778475,-1.2128019223543132,-1.3761047361433376,0.6960551056683167,1.617681584840088,-0.922658145359632,0
4420,-0.5897306248512361,-0.6308544737917884,-0.6702156470501329,-0.2696521980992527,0.7427899454373577,-0.922658145359632,0
7976,-1.0080960570472028,-1.0079564204603044,-1.2518590102693803,0.18101121032561315,1.7426661047547638,0.46421839881351007,0
2873,-1.5659166333084922,-1.4828255384873248,-1.2957784296480814,5.588972111424001,-2.881761132088239,1.851094942986652,0
5084,-1.1475512011125253,-0.9195004082788008,-1.1862688247498723,-0.884193209587706,1.2427280250960608,-0.922658145359632,0
3553,0.8048208158019868,0.97066490465228,0.8727429021752922,-0.5400502431541724,-0.38207073379472406,1.851094942986652,0
2077,-0.31082033672059145,-0.5191205636677836,0.003600708154678061,0.18101121032561315,0.6178054255226819,0.46421839881351007,1
2356,-1.0080960570472028,-1.0777901142878075,-1.0654904214584442,0.7443404708566951,0.2428518657786547,0.46421839881351007,0
8939,-0.4502754807859138,-0.39807549436677847,-0.753142445482286,-0.6559351196062803,0.2428518657786547,0.46421839881351007,1
1170,-1.0080960570472028,-1.0079564204603044,-0.9744732036670567,0.18101121032561315,-0.0071171740506968135,0.46421839881351007,0
5847,-1.4264614892431697,-1.301257934535817,-1.3948860667987033,1.0823380271753442,-0.38207073379472406,-0.922658145359632,0
6311,1.9204619683245652,3.0563645603003686,1.2853542894962486,-0.849076580359794,-0.0071171740506968135,1.851094942986652,1
104,-0.7291857689165584,-0.7658662818582942,-0.8337576955260861,-0.1467439958015622,0.11786734586397894,1.851094942986652,0
8332,-0.17136519265526917,-0.16995209453026872,-0.28620967103504147,-0.5400502431541724,-0.6320397736240756,-0.922658145359632,0
3804,-0.31082033672059145,-0.5191205636677836,-0.6667483244676039,0.18101121032561315,2.3675887043281425,0.46421839881351007,0
8255,0.5259105276713423,0.7844417211122721,0.13767051467913438,-0.8104482882090914,0.11786734586397894,-0.922658145359632,0
434,2.19937225645521,2.6094289198043494,2.6670823386340725,-0.044320493886820085,1.3677125450107366,0.46421839881351007,1
4821,-1.4264614892431697,-1.1336570693498098,-1.2249872602547802,-0.7203156065241186,-1.38194689311213,0.46421839881351007,0
16,-0.31082033672059145,-0.14667419658776773,-0.6320750986423135,-0.9456473107365512,1.2427280250960608,0.46421839881351007,0
7622,0.5259105276713423,0.5423515825102617,0.2353334340870357,-0.4198733342408747,-0.6320397736240756,0.46421839881351007,1
623,-0.31082033672059145,-0.3328973801277757,-0.21599638873882812,-0.46279365885276647,0.11786734586397894,-0.922658145359632,0
4334,0.1075450954753754,-0.030284706875262763,-0.31712663072925856,-0.1795195164142793,0.11786734586397894,-0.922658145359632,1
6922,1.0837311039326314,1.296555475847294,1.188269257185435,-0.46279365885276647,-0.13210169396537258,-0.922658145359632,0
655,-1.0080960570472028,-1.1476238081153105,-1.121834413424541,1.4686209486823718,-0.8820088134534271,-0.922658145359632,0
967,-0.8686409129818806,-1.1895240244118122,-0.9811189052835707,2.8849916608748067,-0.38207073379472406,0.46421839881351007,0
2411,-1.0080960570472028,-1.0777901142878075,-0.710089856749217,0.7443404708566951,-0.8820088134534271,0.46421839881351007,0
696,-1.984282065504459,-1.5247257547838267,-1.4364939377890518,2.8849916608748067,-2.006869492685509,0.46421839881351007,0
2590,-0.31082033672059145,-0.42600897189777964,-0.7476525180599484,-0.16565295000120656,0.4928209056080062,0.46421839881351007,0
1744,-1.1475512011125253,-1.1802128652348118,-0.89905893749705,1.0823380271753442,-0.6320397736240756,0.46421839881351007,0
1387,-0.17136519265526917,-0.16995209453026872,0.07179138561108267,-0.5400502431541724,-0.13210169396537258,0.46421839881351007,1
2696,-0.031910048589946886,-0.30496390259677447,0.29023270831041253,0.25034404239097685,-0.7570242935387513,-0.922658145359632,0
2841,-0.5897306248512361,-0.46325360860578124,-0.5349900663315004,-0.849076580359794,0.8677744653520334,-0.922658145359632,0
5781,-1.1475512011125253,-1.2453909794738147,-0.9476014536524565,1.983664844025076,1.4926970649254123,-0.922658145359632,0
1113,0.6653656717366646,1.0032539617717813,0.4948047406796261,-0.849076580359794,1.8676506246694395,-0.922658145359632,1
7708,2.19937225645521,3.3170770172563797,1.8106536607493982,-0.6559351196062803,0.7427899454373577,-0.922658145359632,1
2667,-0.7291857689165584,-0.7658662818582942,-0.8779660584533316,-0.1467439958015622,-0.5070552537093999,0.46421839881351007,0
5575,-0.17136519265526917,-0.16995209453026872,-0.22553152584078318,-0.5400502431541724,-1.5069314130268057,-0.922658145359632,0
2802,-0.031910048589946886,0.0023043502442386295,0.37922732126199127,-0.6076497544179019,0.9927589852667092,0.46421839881351007,0
8312,-0.31082033672059145,-0.5191205636677836,-0.7072004212637761,0.18101121032561315,-0.7570242935387513,0.46421839881351007,0
3831,-1.8448269214391366,-1.2174575019428135,-1.4997725749202069,-1.892040468428769,-0.7570242935387513,-0.922658145359632,0
580,0.1075450954753754,-0.45859802901728103,0.3208607244560859,1.3281544317707252,0.7427899454373577,0.46421839881351007,1
4066,-1.8448269214391366,-1.301257934535817,-1.4347602764977871,-1.2836448670552005,-1.38194689311213,-0.922658145359632,0
4415,-1.7053717773738144,-1.4967922772528253,-1.38332832485694,4.68764529457427,1.8676506246694395,0.46421839881351007,0
1509,-0.031910048589946886,-0.30496390259677447,-0.26280524360297036,0.25034404239097685,-0.6320397736240756,0.46421839881351007,1
1714,-2.4026474977004257,-1.5200701751953263,-1.626040905633973,-1.6216424233738498,0.4928209056080062,-0.922658145359632,0
536,-0.7291857689165584,-0.528431722844784,-0.5292111953606184,-1.0422180411133084,-0.6320397736240756,-0.922658145359632,0
8828,-1.1475512011125253,-1.115034750995809,-1.125590679555614,0.4063429145380458,-0.13210169396537258,0.46421839881351007,0
7376,-1.7053717773738144,-1.2640132978278154,-1.0192594536913901,-0.9456473107365512,-2.381823052429536,-0.922658145359632,0
1867,-1.7053717773738144,-1.3571248895978194,-1.3428762280607676,0.18101121032561315,-1.6319159329414814,-0.922658145359632,0
2122,-0.5897306248512361,-0.7984553389777955,-0.7586323729046237,0.5415419370655056,-0.13210169396537258,0.46421839881351007,0
1082,-1.2870063451778475,-1.3338469916553184,-1.131947437623584,2.7047262975048607,0.8677744653520334,0.46421839881351007,0
2034,-0.4502754807859138,-0.3096194821852747,-0.044941808000728764,-0.9005809698940648,-1.5069314130268057,0.46421839881351007,0
6563,0.38645538360602,0.1093826807797432,0.06861300657709765,0.18101121032561315,2.117619664498791,0.46421839881351007,1
88,-0.7291857689165584,-0.9241559878673009,-1.1235680747158057,0.7818957548921004,-1.38194689311213,-0.922658145359632,0
3993,-1.5659166333084922,-1.2267686611198139,-1.1622865102207132,-0.6076497544179019,-1.2569623731974542,-0.922658145359632,0
4101,0.8048208158019868,0.5795962192182633,0.7028440956313687,0.12799198580504031,-0.8820088134534271,-0.922658145359632,1
5170,0.6653656717366646,0.24905006843474917,0.7912608214858592,0.5415419370655056,-0.5070552537093999,0.46421839881351007,1
940,1.781006824259243,1.4595007614448008,2.1793456286916535,0.655393745509682,0.4928209056080062,1.851094942986652,1
6753,0.1075450954753754,0.29095028473125095,0.22117520020837583,-0.8705367426657405,-0.2570862138800483,-0.922658145359632,0
3910,-0.31082033672059145,-0.7053437472077916,-0.6898638083511309,1.0823380271753442,-0.13210169396537258,0.46421839881351007,1
3452,0.2470002395406977,0.2630168072002498,-0.23680032423400252,-0.5082387084418284,-0.7570242935387513,-0.922658145359632,0
5673,0.6653656717366646,0.5004513662137599,0.9706947651317376,-0.031065687756677028,-0.7570242935387513,0.46421839881351007,1
6994,-0.5897306248512361,-1.1336570693498098,-0.8522500826329078,3.7863184777245382,0.7427899454373577,0.46421839881351007,0
4254,-1.1475512011125253,-1.0498566367568063,-1.081093373079825,-0.11943106195763077,-1.0069933333681027,0.46421839881351007,0
6526,1.9204619683245652,2.050759369184326,2.408766806235658,0.09907240879381946,0.4928209056080062,-0.922658145359632,1
8236,-0.031910048589946886,-0.2025411516497701,-0.5552161147295862,-0.07651073734573895,0.11786734586397894,0.46421839881351007,1
8237,0.8048208158019868,1.1010211331302855,1.0264608700007463,-0.7203156065241186,-1.5069314130268057,0.46421839881351007,1
64,-0.031910048589946886,-0.2025411516497701,-0.04031871122402331,-0.07651073734573895,-0.5070552537093999,-0.922658145359632,0
6240,-1.7053717773738144,-1.1243459101728095,-1.3024241312645954,-1.867458827969231,1.617681584840088,-0.922658145359632,0
7613,0.8048208158019868,1.3617335900862966,0.24978061151424005,-1.0338205862979377,-0.2570862138800483,-0.922658145359632,0
6366,-0.5897306248512361,-0.714654906384792,-0.8106422116425593,0.09907240879381946,-0.7570242935387513,-0.922658145359632,0
3489,0.8048208158019868,0.97066490465228,0.4682219342135703,-0.5400502431541724,0.2428518657786547,0.46421839881351007,1
5774,0.8048208158019868,0.5795962192182633,0.2740518695919436,0.12799198580504031,-0.13210169396537258,0.46421839881351007,1
5015,0.2470002395406977,0.2630168072002498,0.24169019215500606,-0.5082387084418284,1.117743505181385,0.46421839881351007,1
8229,0.2470002395406977,0.3747507173242545,-0.13971529192318885,-0.7203156065241186,-0.7570242935387513,-0.922658145359632,0
2798,1.781006824259243,1.4595007614448008,1.9669721205117496,0.655393745509682,-0.6320397736240756,0.46421839881351007,1
955,0.8048208158019868,0.7099524476962689,1.2125405152631379,-0.11943106195763077,-0.38207073379472406,0.46421839881351007,1
1336,0.1075450954753754,0.29095028473125095,0.08161546626158157,-0.8705367426657405,1.617681584840088,0.46421839881351007,1
1038,-0.5897306248512361,-0.7984553389777955,-0.6390097438073716,0.5415419370655056,-0.0071171740506968135,0.46421839881351007,0
3749,-1.0080960570472028,-0.8682890328052986,-1.0134805827205084,-0.6383768049923249,0.2428518657786547,1.851094942986652,0
3074,0.38645538360602,0.1093826807797432,-0.4009202598070438,0.18101121032561315,-2.1318540126001846,0.46421839881351007,1
418,-0.5897306248512361,-0.5470540411987849,-0.8054412277687657,-0.5816499423933906,-0.2570862138800483,0.46421839881351007,0
4981,-1.1475512011125253,-1.0498566367568063,-1.2550373893033653,-0.11943106195763077,-1.0069933333681027,0.46421839881351007,0
2236,-0.4502754807859138,-0.2211634700037709,0.03740710333433605,-1.1146460888958758,-0.2570862138800483,0.46421839881351007,0
8797,1.6415516801939205,1.5293344552723038,1.4945494186421673,0.271143892010586,-0.5070552537093999,-0.922658145359632,1
3600,2.0599171123898876,1.464156341033301,2.2917446690753036,1.2325591633169657,-0.5070552537093999,0.46421839881351007,1
1909,0.2470002395406977,0.4864846274482593,0.9351547086608151,-0.9100686205977462,1.8676506246694395,0.46421839881351007,0
5686,0.8048208158019868,1.231377361608291,0.6381207407574934,-0.884193209587706,-0.0071171740506968135,0.46421839881351007,1
7319,-0.5897306248512361,-0.6308544737917884,-0.4101664533604546,-0.2696521980992527,0.8677744653520334,-0.922658145359632,0
2636,1.781006824259243,2.4371724750298425,1.6635813945404583,-0.5400502431541724,-0.8820088134534271,0.46421839881351007,1
2823,-0.5897306248512361,-0.8822557715707992,-0.6494117115549587,1.0823380271753442,-1.38194689311213,0.46421839881351007,1
6847,-0.031910048589946886,-0.40738665354377884,-0.09117277576778236,0.6316746187504784,1.7426661047547638,0.46421839881351007,1
1219,-0.031910048589946886,-0.2025411516497701,-0.3327295823506392,-0.07651073734573895,-1.0069933333681027,0.46421839881351007,1
8643,0.5259105276713423,1.0265318597142823,0.7987733537480058,-1.130009614183087,-1.38194689311213,-0.922658145359632,0
2443,-0.17136519265526917,-0.2677192658887729,-0.2498027839184861,-0.2696521980992527,0.9927589852667092,-0.922658145359632,1
3286,-0.031910048589946886,0.0023043502442386295,-0.32001606621469947,-0.6076497544179019,-1.0069933333681027,-0.922658145359632,0
3799,-1.0080960570472028,-0.8682890328052986,-0.9918098165797019,-0.6383768049923249,0.11786734586397894,-0.922658145359632,0
4875,-1.7053717773738144,-1.3105690937128174,-1.426669857138553,-0.46279365885276647,-0.38207073379472406,0.46421839881351007,0
6742,-0.031910048589946886,-0.5098094044907833,-0.6759945180210148,1.0823380271753442,-0.2570862138800483,-0.922658145359632,1
6012,1.5020965361285983,1.2825887370817932,1.5870113541762751,0.3707642243992408,-0.0071171740506968135,0.46421839881351007,1
5109,-1.5659166333084922,-1.3291914120668182,-1.3593460103277806,0.6316746187504784,-0.8820088134534271,0.46421839881351007,0
6973,0.8048208158019868,-0.07218492317176455,0.3711369019027566,1.983664844025076,0.2428518657786547,0.46421839881351007,1
8763,0.5259105276713423,0.5423515825102617,0.2578710308734747,-0.4198733342408747,1.7426661047547638,-0.922658145359632,0
862,-0.031910048589946886,0.104727101191243,0.1567407888830442,-0.8263540555652631,-0.38207073379472406,-0.922658145359632,0
8749,-0.031910048589946886,-0.40738665354377884,0.22030836956274336,0.6316746187504784,-0.2570862138800483,-0.922658145359632,0
757,0.9442759598673092,0.7937528802892724,1.2966230878894678,0.03079007418399119,-1.0069933333681027,0.46421839881351007,1
3437,-0.031910048589946886,-0.10011840070276574,0.3410867728541716,-0.35978487978422613,-1.38194689311213,0.46421839881351007,0
1060,-0.4502754807859138,-0.574987518729786,-0.6707935341472212,-0.044320493886820085,-1.6319159329414814,0.46421839881351007,0
7023,0.9442759598673092,0.25370564802324935,0.7603438617916424,1.2754794879288587,2.2426041844134668,1.851094942986652,1
1051,0.8048208158019868,0.7099524476962689,0.8565620634568228,-0.11943106195763077,-0.2570862138800483,0.46421839881351007,1
296,-1.5659166333084922,-1.3804027875403204,-1.3243838409539461,1.6231341172851836,0.9927589852667092,-0.922658145359632,0
5296,-1.7053717773738144,-1.4036806854828214,-1.4382275990803164,1.0823380271753442,0.2428518657786547,-0.922658145359632,0
4677,0.38645538360602,0.574940639629763,0.31421502283957164,-0.767753860042525,-1.0069933333681027,0.46421839881351007,0
2909,-0.31082033672059145,-0.5191205636677836,-0.2275541306805916,0.18101121032561315,0.2428518657786547,0.46421839881351007,0
6535,-1.0080960570472028,-0.9381227266328015,-1.2041833247596059,-0.2696521980992527,-1.1319778532827784,-0.922658145359632,0
8126,-0.031910048589946886,-0.2025411516497701,-0.22466469519515073,-0.07651073734573895,-0.2570862138800483,0.46421839881351007,0
1927,1.5020965361285983,1.1289546106612867,2.082838483477929,0.6316746187504784,-0.38207073379472406,0.46421839881351007,1
3230,0.5259105276713423,0.3002614439082513,0.7536981601751281,0.06834535821939652,0.4928209056080062,-0.922658145359632,1
5784,-0.4502754807859138,-0.13270745782226714,-0.30845832427293596,-1.303527076250415,1.7426661047547638,-0.922658145359632,0
7107,0.9442759598673092,0.6587410722227667,1.405554805690588,0.28704965936675764,-0.8820088134534271,0.46421839881351007,1
6096,-1.0080960570472028,-1.2872911957703164,-1.2301882441285736,3.7863184777245382,0.36783638569333044,1.851094942986652,0
5827,0.9442759598673092,0.6587410722227667,0.9782072973938839,0.28704965936675764,-0.13210169396537258,3.2379714871597938,1
1099,0.2470002395406977,0.15128289707624498,-0.25066961456411857,-0.2696521980992527,0.36783638569333044,0.46421839881351007,1
8231,-1.8448269214391366,-1.3431581508323187,-1.2215199376722512,-0.849076580359794,-0.8820088134534271,-0.922658145359632,0
2473,-1.4264614892431697,-1.1895240244118122,-1.3706148087210002,-0.2696521980992527,-1.2569623731974542,-0.922658145359632,0
4459,-1.5659166333084922,-1.1755572856463117,-1.2322108489683823,-1.020757878807362,1.117743505181385,0.46421839881351007,0
6736,-1.0080960570472028,-1.1476238081153105,-0.9831415101233792,1.4686209486823718,0.11786734586397894,0.46421839881351007,0
5751,-0.31082033672059145,-0.5191205636677836,-0.4702667114576247,0.18101121032561315,-0.38207073379472406,0.46421839881351007,0
5918,0.8048208158019868,0.8403086761742744,0.9293758376899326,-0.3408095783768633,-0.8820088134534271,0.46421839881351007,1
6541,0.9442759598673092,0.1186938399567436,1.472589708952817,1.70633351576362,-0.0071171740506968135,3.2379714871597938,1
4307,-1.1475512011125253,-1.0498566367568063,-1.1903140344294898,-0.11943106195763077,-0.5070552537093999,0.46421839881351007,0
7820,-0.4502754807859138,-0.7518995430927936,-0.9068604133077401,0.8119399821204246,0.7427899454373577,0.46421839881351007,0
1249,0.2470002395406977,0.3747507173242545,0.22088625665983166,-0.7203156065241186,-0.7570242935387513,-0.922658145359632,1
7339,0.2470002395406977,0.15128289707624498,-0.18132316291353767,-0.2696521980992527,-0.6320397736240756,-0.922658145359632,1
7757,0.9442759598673092,0.25370564802324935,0.6681708698060783,1.2754794879288587,-0.7570242935387513,1.851094942986652,1
1131,-0.31082033672059145,0.13266057872224418,-0.10041896932119328,-1.4793276628186292,-0.6320397736240756,-0.922658145359632,0
5384,1.0837311039326314,0.5982185375722641,0.4948047406796261,0.7443404708566951,1.8676506246694395,-0.922658145359632,1
2340,1.0837311039326314,1.296555475847294,0.8588736118451757,-0.46279365885276647,-0.13210169396537258,0.46421839881351007,1
1589,0.1075450954753754,-0.3515196984817765,-0.0778813725347543,0.8570063229629117,0.2428518657786547,0.46421839881351007,0
4448,-0.031910048589946886,-0.40738665354377884,0.20123809535883388,0.6316746187504784,-0.0071171740506968135,1.851094942986652,1
5830,-0.7291857689165584,-0.6867214288537907,-0.8534058568270843,-0.4949839023116854,-0.5070552537093999,0.46421839881351007,0
5306,-0.17136519265526917,-0.07218492317176455,-0.3104809291127444,-0.7766485325772265,-0.7570242935387513,0.46421839881351007,0
1141,0.1075450954753754,0.5051069458022601,-0.18421259839897852,-1.2160453557914708,0.7427899454373577,-0.922658145359632,1
6666,0.5259105276713423,0.6633966518112668,0.7612106924372745,-0.6254390994873045,-0.8820088134534271,0.46421839881351007,0
4720,-1.0080960570472028,-1.1476238081153105,-1.091495340827412,1.4686209486823718,-2.2568385325148603,-0.922658145359632,0
7433,-0.31082033672059145,-0.2397857883577717,-0.1871020338844194,-0.7203156065241186,-1.5069314130268057,0.46421839881351007,0
3927,1.0837311039326314,1.7155576388123117,1.1622643378164672,-0.9456473107365512,0.6178054255226819,-0.922658145359632,1
1221,-0.31082033672059145,0.13266057872224418,-0.30845832427293596,-1.4793276628186292,0.36783638569333044,-0.922658145359632,0
7943,-0.031910048589946886,0.20714985213824738,0.11860024047522458,-1.020757878807362,0.2428518657786547,0.46421839881351007,0
561,-0.7291857689165584,-0.6867214288537907,-0.5242991550353692,-0.4949839023116854,1.3677125450107366,0.46421839881351007,0
7734,1.2231862479979538,1.2499996799622919,0.32201649865026183,-0.1344531755717929,-1.1319778532827784,0.46421839881351007,1
2086,1.0837311039326314,1.4362228635022998,1.1449277249038219,-0.6383768049923249,0.8677744653520334,0.46421839881351007,1
197,-1.2870063451778475,-1.273324457004816,-1.297223147390802,1.5330014356002095,-1.7569004528561571,0.46421839881351007,0
3069,0.1075450954753754,-0.24444136794627191,-0.2772524210301744,0.4583425385870686,-0.5070552537093999,1.851094942986652,1
5364,-1.1475512011125253,-1.115034750995809,-1.0608673246817388,0.4063429145380458,-1.2569623731974542,-0.922658145359632,0
5140,-1.0080960570472028,-1.0777901142878075,-1.0134805827205084,0.7443404708566951,0.36783638569333044,-0.922658145359632,0
6756,0.2470002395406977,0.2630168072002498,-0.27147355005929297,-0.5082387084418284,1.2427280250960608,-0.922658145359632,0
7484,-0.7291857689165584,-0.6075765758492874,-0.7453409696715958,-0.7896484385894823,1.617681584840088,-0.922658145359632,0
414,-0.17136519265526917,0.1233494195452438,0.029316683975101746,-1.1709790149489838,1.3677125450107366,-0.922658145359632,0
7258,-0.31082033672059145,-0.7053437472077916,-0.4009202598070438,1.0823380271753442,-0.2570862138800483,-0.922658145359632,0
1238,0.1075450954753754,0.29095028473125095,-0.2772524210301744,-0.8705367426657405,-2.006869492685509,-0.922658145359632,0
7500,1.0837311039326314,1.1568880881922878,0.6248293375244652,-0.2696521980992527,0.36783638569333044,-0.922658145359632,1
3315,0.2470002395406977,-0.18391883329576933,0.3041019986405286,0.6663410347831609,-0.6320397736240756,1.851094942986652,0
5898,-0.031910048589946886,-0.30496390259677447,-0.12295656610763195,0.25034404239097685,-1.38194689311213,0.46421839881351007,1
6446,1.5020965361285983,1.8971252427638194,1.2914221040156741,-0.4459987492220264,-1.8818849727708329,-0.922658145359632,1
7972,1.0837311039326314,1.4362228635022998,0.9715615957773698,-0.6383768049923249,-0.8820088134534271,-0.922658145359632,1
1587,-0.8686409129818806,-1.040545477579806,-0.939511034293222,1.0823380271753442,-0.5070552537093999,1.851094942986652,0
6307,0.5259105276713423,0.5423515825102617,0.47573446647571627,-0.4198733342408747,-0.38207073379472406,1.851094942986652,1
914,-0.17136519265526917,-0.16995209453026872,0.10213045820821182,-0.5400502431541724,-0.7570242935387513,-0.922658145359632,0
4531,-1.2870063451778475,-1.0917568530533082,-1.1995602279829005,-0.4198733342408747,-1.7569004528561571,-0.922658145359632,0
203,1.2231862479979538,1.5386456144493041,1.7462192494240676,-0.5154686026946338,0.36783638569333044,0.46421839881351007,1
4566,0.5259105276713423,0.3002614439082513,0.5583723213593252,0.06834535821939652,-0.38207073379472406,-0.922658145359632,1
5610,-1.7053717773738144,-1.3571248895978194,-1.4295592926239937,0.18101121032561315,0.2428518657786547,-0.922658145359632,0
7014,0.6653656717366646,-0.002351229344261569,0.15934128081994092,1.2903365233714366,-0.8820088134534271,-0.922658145359632,0
3971,-0.31082033672059145,-0.5191205636677836,-0.38936251786528037,0.18101121032561315,-0.5070552537093999,-0.922658145359632,0
7710,0.9442759598673092,1.7388355367548127,1.380416716967253,-1.189005551285979,0.36783638569333044,-0.922658145359632,1
5773,0.9442759598673092,0.9287646883557782,0.5005836116505078,-0.19849481782164213,-0.0071171740506968135,1.851094942986652,1
2082,-0.4502754807859138,-0.39807549436677847,-0.7366726632152729,-0.6559351196062803,0.11786734586397894,-0.922658145359632,0
1258,-0.4502754807859138,-0.574987518729786,-0.15474035644748152,-0.044320493886820085,1.617681584840088,-0.922658145359632,1
5440,0.8048208158019868,0.5795962192182633,0.9051045796122297,0.12799198580504031,0.4928209056080062,3.2379714871597938,1
1917,-0.8686409129818806,-0.9660562041638027,-1.230766131225662,0.48145348260885645,-1.6319159329414814,1.851094942986652,0
6790,-1.5659166333084922,-1.3804027875403204,-1.3974865587356,1.6231341172851836,-1.38194689311213,0.46421839881351007,0
8169,-1.4264614892431697,-1.0777901142878075,-1.3082030022354771,-1.080846333264011,0.36783638569333044,0.46421839881351007,0
5733,1.9204619683245652,2.050759369184326,2.2215313867790907,0.09907240879381946,0.6178054255226819,0.46421839881351007,1
632,-0.7291857689165584,-0.6075765758492874,-0.7748132116230925,-0.7896484385894823,1.2427280250960608,-0.922658145359632,0
8110,1.0837311039326314,1.4362228635022998,1.1535960313601445,-0.6383768049923249,-0.2570862138800483,0.46421839881351007,1
4364,-0.5897306248512361,-0.714654906384792,-0.28014185651561524,0.09907240879381946,-1.5069314130268057,-0.922658145359632,0
1914,0.38645538360602,0.22577217049224818,0.06138941786349547,-0.1006534199399281,0.7427899454373577,-0.922658145359632,1
2000,1.6415516801939205,2.004203573299324,2.1331146609246,-0.32843438180684414,0.11786734586397894,-0.922658145359632,1
692,-0.7291857689165584,-1.0824456938763076,-0.9221744213805768,2.241186791696427,-0.38207073379472406,0.46421839881351007,0
4600,0.9442759598673092,1.1987883044887897,1.137415192641676,-0.5915546326884425,-1.0069933333681027,0.46421839881351007,0
8170,-1.2870063451778475,-1.1522793877038107,-0.8953026713659767,0.06834535821939652,0.11786734586397894,-0.922658145359632,0
1186,2.0599171123898876,1.9809256753568232,1.9817082414874978,0.43853315799696463,-0.38207073379472406,1.851094942986652,1
1575,0.38645538360602,-0.007006808932761768,-0.4370382033750547,0.502913644914803,-1.6319159329414814,0.46421839881351007,0
4466,-0.031910048589946886,0.20714985213824738,0.18216782115492375,-1.020757878807362,-1.1319778532827784,-0.922658145359632,0
4287,-0.7291857689165584,-0.44928686984028066,-0.7011326067443502,-1.2611116966339573,0.11786734586397894,0.46421839881351007,0
4690,2.4782825445858543,2.646673556512351,2.50007296757559,0.37695182268425004,0.11786734586397894,0.46421839881351007,1
299,0.1075450954753754,-0.13736303741076733,-0.18421259839897852,0.11663072340777482,-0.6320397736240756,-0.922658145359632,0
5990,0.1075450954753754,-0.030284706875262763,-0.1244012838503527,-0.1795195164142793,-0.8820088134534271,-0.922658145359632,0
2384,0.1075450954753754,0.18387195419574637,0.4737118616359075,-0.6672963820035458,-1.0069933333681027,-0.922658145359632,0
5618,-0.7291857689165584,-0.6867214288537907,-0.7797252519483421,-0.4949839023116854,-0.6320397736240756,-0.922658145359632,0
958,0.1075450954753754,-0.13736303741076733,0.10819827272763738,0.11663072340777482,1.9926351445841153,0.46421839881351007,1
3477,-0.5897306248512361,-0.6308544737917884,-0.4933821953411517,-0.2696521980992527,-0.38207073379472406,0.46421839881351007,0
3736,-1.4264614892431697,-1.301257934535817,-1.228454582837309,1.0823380271753442,0.6178054255226819,0.46421839881351007,0
8097,-0.17136519265526917,-0.46325360860578124,-0.09203960641341483,0.4063429145380458,-0.0071171740506968135,0.46421839881351007,0
7630,0.8048208158019868,0.8403086761742744,0.9293758376899326,-0.3408095783768633,-2.006869492685509,0.46421839881351007,0
3316,0.38645538360602,0.22577217049224818,0.2925442566987651,-0.1006534199399281,0.2428518657786547,-0.922658145359632,0
7700,0.6653656717366646,1.3803559084402974,1.3061582249914225,-1.2836448670552005,0.8677744653520334,0.46421839881351007,0
7582,-0.4502754807859138,-0.574987518729786,-0.6268741147685198,-0.044320493886820085,-0.6320397736240756,0.46421839881351007,0
4134,-1.7053717773738144,-1.1709017060578115,-1.2388565505848963,-1.6216424233738498,0.11786734586397894,0.46421839881351007,0
8539,1.362641392063276,1.4920898185643021,2.037763289905051,-0.205271711181415,-0.6320397736240756,0.46421839881351007,1
963,-1.4264614892431697,-1.0777901142878075,-1.1764447440993735,-1.080846333264011,-0.13210169396537258,0.46421839881351007,0
6141,-0.17136519265526917,-0.46325360860578124,-0.34082000170987353,0.4063429145380458,-0.0071171740506968135,0.46421839881351007,1
7895,0.5259105276713423,0.4213065132092565,-0.17034330806886216,-0.19012336131839436,0.2428518657786547,-0.922658145359632,1
4684,-0.031910048589946886,0.0023043502442386295,-0.33908634041860924,-0.6076497544179019,-0.2570862138800483,0.46421839881351007,0
5654,0.8048208158019868,0.18852753378424658,1.163997999107732,1.0823380271753442,-0.6320397736240756,1.851094942986652,1
7371,0.2470002395406977,0.2630168072002498,0.6577689020584915,-0.5082387084418284,0.7427899454373577,0.46421839881351007,0
2481,-0.4502754807859138,-0.3096194821852747,-0.5280554211664421,-0.9005809698940648,0.36783638569333044,-0.922658145359632,0
8153,-0.031910048589946886,-0.2025411516497701,-0.8285567116522927,-0.07651073734573895,1.3677125450107366,0.46421839881351007,0
5590,-0.31082033672059145,-0.7053437472077916,-0.2969005823311725,1.0823380271753442,-0.38207073379472406,0.46421839881351007,0
2297,0.38645538360602,0.22577217049224818,0.16251965985392594,-0.1006534199399281,0.11786734586397894,-0.922658145359632,1
2852,-1.0080960570472028,-0.8682890328052986,-1.390551913570542,-0.6383768049923249,-1.2569623731974542,-0.922658145359632,0
1803,0.38645538360602,-0.007006808932761768,-0.025293646699730644,0.502913644914803,2.117619664498791,1.851094942986652,1
7720,2.0599171123898876,2.1531821201313304,2.1527628222255974,0.22198061109151,-0.0071171740506968135,-0.922658145359632,1
8490,-2.4026474977004257,-1.6131817669653303,-1.6766060266291882,9.194279378822925,-0.8820088134534271,0.46421839881351007,0
5476,-0.17136519265526917,-0.16995209453026872,-0.21946371132135695,-0.5400502431541724,-0.5070552537093999,-0.922658145359632,0
7528,0.5259105276713423,0.17921637460724618,0.19777077277630437,0.3612765736955594,-0.38207073379472406,-0.922658145359632,1
5235,0.6653656717366646,0.24905006843474917,0.5182091681116971,0.5415419370655056,-0.2570862138800483,1.851094942986652,1
3729,-1.8448269214391366,-1.5526592323148278,-1.4555642119929617,7.842289153548329,-0.8820088134534271,0.46421839881351007,0
2471,-1.5659166333084922,-1.277980036593316,-1.3148487038519912,-0.07651073734573895,-0.2570862138800483,-0.922658145359632,0
7838,0.2470002395406977,-0.18391883329576933,0.019781546873146674,0.6663410347831609,0.7427899454373577,0.46421839881351007,0
5428,0.5259105276713423,0.7844417211122721,0.03249506300908677,-0.8104482882090914,-0.13210169396537258,-0.922658145359632,1
8997,-1.0080960570472028,-1.0079564204603044,-0.965804897210734,0.18101121032561315,0.9927589852667092,-0.922658145359632,0
191,0.1075450954753754,0.07679362366024181,-0.01142435636961427,-0.43865097625857735,-1.2569623731974542,0.46421839881351007,0
6175,1.781006824259243,1.6224460470423079,1.7849376849289749,0.4063429145380458,0.6178054255226819,0.46421839881351007,1
3147,-0.4502754807859138,-0.574987518729786,-0.7476525180599484,-0.044320493886820085,0.2428518657786547,-0.922658145359632,0
3731,-0.31082033672059145,-0.3328973801277757,-0.7476525180599484,-0.46279365885276647,1.2427280250960608,0.46421839881351007,0
3158,-0.7291857689165584,-0.44928686984028066,-0.6667483244676039,-1.2611116966339573,-0.8820088134534271,0.46421839881351007,0
8090,-1.5659166333084922,-1.277980036593316,-1.4991946878231188,-0.07651073734573895,-0.5070552537093999,0.46421839881351007,0
2758,-0.8686409129818806,-0.8915669307477996,-0.9949881956136869,0.0007458469556669184,0.11786734586397894,-0.922658145359632,0
1846,-0.5897306248512361,-0.5470540411987849,-0.5974018728170231,-0.5816499423933906,1.117743505181385,0.46421839881351007,0
1521,0.5259105276713423,0.4213065132092565,0.5733973858836179,-0.19012336131839436,0.36783638569333044,1.851094942986652,1
8868,-1.0080960570472028,-1.0079564204603044,-1.0091464294923471,0.18101121032561315,0.7427899454373577,-0.922658145359632,0
1306,-1.984282065504459,-1.487481118075825,-1.5312674217115125,1.0823380271753442,-1.38194689311213,-0.922658145359632,0
6512,-1.4264614892431697,-1.1895240244118122,-1.120967582778909,-0.2696521980992527,0.36783638569333044,0.46421839881351007,0
6403,-0.4502754807859138,-0.7518995430927936,-0.6817733889918964,0.8119399821204246,-0.7570242935387513,0.46421839881351007,0
8450,0.2470002395406977,0.3747507173242545,0.324905934135703,-0.7203156065241186,0.11786734586397894,-0.922658145359632,0
2136,0.8048208158019868,0.8403086761742744,0.3225943857473501,-0.3408095783768633,-1.5069314130268057,-0.922658145359632,1
4239,-1.2870063451778475,-1.0917568530533082,-1.2145852925071932,-0.4198733342408747,1.117743505181385,0.46421839881351007,0
3490,0.9442759598673092,0.9287646883557782,1.2212088217194612,-0.19849481782164213,0.9927589852667092,-0.922658145359632,1
127,-1.5659166333084922,-1.3291914120668182,-1.3784162845316905,0.6316746187504784,-0.38207073379472406,-0.922658145359632,0
8399,-0.031910048589946886,-0.6122321554377876,-0.35179985655454904,1.6231341172851836,-1.1319778532827784,0.46421839881351007,0
4474,-1.4264614892431697,-1.2453909794738147,-1.2423238731674255,0.3097721841612886,-1.1319778532827784,0.46421839881351007,0
993,-0.5897306248512361,-0.7984553389777955,-0.7170245019142751,0.5415419370655056,0.11786734586397894,0.46421839881351007,0
2348,0.8048208158019868,0.4492399907402577,0.8484716440975882,0.4063429145380458,-1.2569623731974542,-0.922658145359632,1
6766,0.6653656717366646,0.5004513662137599,0.7600549182430979,-0.031065687756677028,-0.2570862138800483,1.851094942986652,1
5699,1.362641392063276,1.790046912228315,1.1593749023310262,-0.5635631166372087,1.117743505181385,0.46421839881351007,1
8602,-1.7053717773738144,-1.4036806854828214,-1.2359671150994556,1.0823380271753442,-0.7570242935387513,0.46421839881351007,0
1952,-0.17136519265526917,-0.3654864372472771,-0.8262451632639399,0.04234554619488514,-0.2570862138800483,-0.922658145359632,0
910,0.6653656717366646,0.24905006843474917,0.3855840793299613,0.5415419370655056,1.9926351445841153,1.851094942986652,1
7150,1.6415516801939205,1.2127550432542904,1.8678644833611273,0.7818957548921004,-0.8820088134534271,0.46421839881351007,1
6729,-2.2631923536351035,-1.5247257547838267,-1.5717195185076844,-0.2696521980992527,1.2427280250960608,0.46421839881351007,0
7070,0.9442759598673092,1.1987883044887897,1.254726273350575,-0.5915546326884425,-1.6319159329414814,-0.922658145359632,1
939,0.8048208158019868,0.7099524476962689,1.12354590231156,-0.11943106195763077,0.7427899454373577,0.46421839881351007,1
4643,2.4782825445858543,2.646673556512351,2.985498129129656,0.37695182268425004,-1.0069933333681027,1.851094942986652,1
1753,-1.2870063451778475,-1.0312343184028054,-0.8915464052349037,-0.8104482882090914,0.6178054255226819,-0.922658145359632,0
6771,0.2470002395406977,0.15128289707624498,-0.2437349693990602,-0.2696521980992527,-1.0069933333681027,1.851094942986652,0
377,-0.031910048589946886,0.0023043502442386295,0.20759485342680326,-0.6076497544179019,1.4926970649254123,-0.922658145359632,0
6474,0.6653656717366646,0.24905006843474917,1.1033198539134732,0.5415419370655056,-0.5070552537093999,0.46421839881351007,1
3793,0.8048208158019868,1.1010211331302855,1.5927902251471568,-0.7203156065241186,-0.6320397736240756,0.46421839881351007,1
5806,1.6415516801939205,1.6876241612813105,1.543669821894662,0.052250236489937096,-0.0071171740506968135,0.46421839881351007,1
3066,0.6653656717366646,0.5004513662137599,0.32317227284443845,-0.031065687756677028,-0.13210169396537258,-0.922658145359632,0
3310,-0.5897306248512361,-0.8822557715707992,-0.8158431955163528,1.0823380271753442,0.9927589852667092,-0.922658145359632,0
1709,-1.2870063451778475,-1.0917568530533082,-0.8802776068416843,-0.4198733342408747,-1.2569623731974542,-0.922658145359632,0
2172,0.1075450954753754,0.39802861526675554,0.7262485230634399,-1.0523833811529668,-1.5069314130268057,-0.922658145359632,0
7115,-1.0080960570472028,-1.1476238081153105,-1.290866389322832,1.4686209486823718,-0.6320397736240756,-0.922658145359632,0
2333,-1.1475512011125253,-0.9195004082788008,-1.3076251151383889,-0.884193209587706,-1.0069933333681027,-0.922658145359632,0
6509,-0.17136519265526917,-0.5610207799642855,-0.5896003970063327,0.8365216225799632,-0.7570242935387513,0.46421839881351007,0
6456,-0.17136519265526917,-0.07218492317176455,-0.08597179189398893,-0.7766485325772265,0.4928209056080062,0.46421839881351007,0
5238,-1.5659166333084922,-1.277980036593316,-1.108254066642969,-0.07651073734573895,-0.6320397736240756,0.46421839881351007,0
8129,0.8048208158019868,0.97066490465228,0.7837482892237131,-0.5400502431541724,-1.5069314130268057,0.46421839881351007,1
7449,0.9442759598673092,1.3338001125552954,1.0620009264716692,-0.7612850072900155,0.2428518657786547,0.46421839881351007,0
2332,-0.5897306248512361,-0.6308544737917884,-0.4829802275935647,-0.2696521980992527,0.4928209056080062,0.46421839881351007,0
3672,-2.2631923536351035,-1.580592709845829,-1.552649244303775,3.7863184777245382,-0.5070552537093999,0.46421839881351007,0
4235,1.5020965361285983,2.050759369184326,2.2449358142111615,-0.6076497544179019,-0.8820088134534271,-0.922658145359632,1
4655,1.0837311039326314,1.4362228635022998,0.9628932893210471,-0.6383768049923249,0.8677744653520334,-0.922658145359632,1
4760,-1.2870063451778475,-1.273324457004816,-1.2371228892936317,1.5330014356002095,-0.2570862138800483,1.851094942986652,0
6404,-0.7291857689165584,-0.8450111348627976,-0.3671138646273855,0.271143892010586,-1.2569623731974542,0.46421839881351007,0
7021,-0.031910048589946886,-0.40738665354377884,-0.12931332417560198,0.6316746187504784,-1.1319778532827784,0.46421839881351007,1
7768,1.2231862479979538,1.2499996799622919,1.2535704991563992,-0.1344531755717929,-0.13210169396537258,-0.922658145359632,1
8712,0.5259105276713423,0.17921637460724618,0.7612106924372745,0.3612765736955594,-0.6320397736240756,-0.922658145359632,0
7789,0.6653656717366646,0.3747507173242545,1.0643124748600215,0.23734413637872115,-0.2570862138800483,-0.922658145359632,1
7087,0.9442759598673092,1.1987883044887897,1.4223135315061455,-0.5915546326884425,-0.0071171740506968135,0.46421839881351007,1
1419,-1.5659166333084922,-1.1755572856463117,-1.3275622199879311,-1.020757878807362,0.7427899454373577,-0.922658145359632,0
5344,0.6653656717366646,0.24905006843474917,0.011113240416824391,0.5415419370655056,0.6178054255226819,0.46421839881351007,1
1536,-1.984282065504459,-1.4502364813678235,-1.5751868410902137,0.0007458469556669184,-0.7570242935387513,-0.922658145359632,0
686,0.5259105276713423,0.6633966518112668,1.3096255475739516,-0.6254390994873045,-2.381823052429536,0.46421839881351007,0
4806,1.5020965361285983,-0.10011840070276574,1.4344491605449974,4.597512612889296,-0.6320397736240756,1.851094942986652,1
1040,-1.7053717773738144,-1.1243459101728095,-1.2850875183519503,-1.867458827969231,-1.1319778532827784,0.46421839881351007,0
3750,-1.2870063451778475,-1.273324457004816,-1.417423663585142,1.5330014356002095,-0.13210169396537258,0.46421839881351007,0
1164,0.8048208158019868,0.18852753378424658,0.7918387085829478,1.0823380271753442,-1.0069933333681027,1.851094942986652,0
8326,-0.17136519265526917,-0.46325360860578124,-0.11024304997169218,0.4063429145380458,-0.0071171740506968135,-0.922658145359632,0
1332,0.2470002395406977,0.4864846274482593,-0.4240357436905708,-0.9100686205977462,0.4928209056080062,-0.922658145359632,0
1581,0.1075450954753754,-0.13736303741076733,-0.4101664533604546,0.11663072340777482,0.4928209056080062,0.46421839881351007,1
6549,1.0837311039326314,1.296555475847294,1.639021192914211,-0.46279365885276647,-0.6320397736240756,-0.922658145359632,1
2782,-0.031910048589946886,0.104727101191243,0.08045969206740529,-0.8263540555652631,0.9927589852667092,-0.922658145359632,0
1191,1.781006824259243,2.274227189432336,2.1085544592983525,-0.38231805020546933,1.2427280250960608,0.46421839881351007,1
3647,-1.4264614892431697,-0.9660562041638027,-1.0308171956331535,-1.6216424233738498,-0.13210169396537258,-0.922658145359632,0
1368,0.2470002395406977,0.15128289707624498,0.6161610310681427,-0.2696521980992527,2.2426041844134668,0.46421839881351007,1
3119,-0.7291857689165584,-0.6075765758492874,-0.6716603647928535,-0.7896484385894823,-1.38194689311213,-0.922658145359632,0
6037,1.2231862479979538,1.6829685816928104,1.5222879993024,-0.681127484052391,-2.7567766121735633,-0.922658145359632,1
5386,0.1075450954753754,0.18387195419574637,0.16136388565974966,-0.6672963820035458,1.117743505181385,0.46421839881351007,1
4860,-0.7291857689165584,-0.7658662818582942,-0.656924243817105,-0.1467439958015622,0.9927589852667092,0.46421839881351007,0
8877,1.5020965361285983,1.2825887370817932,1.558405942870411,0.3707642243992408,-0.38207073379472406,-0.922658145359632,1
7155,-1.0080960570472028,-1.0079564204603044,-1.0048122762641858,0.18101121032561315,-0.38207073379472406,-0.922658145359632,0
4500,0.5259105276713423,0.3002614439082513,0.02498253074694044,0.06834535821939652,-0.0071171740506968135,1.851094942986652,1
1315,-0.7291857689165584,-0.7658662818582942,-0.9221744213805768,-0.1467439958015622,0.6178054255226819,0.46421839881351007,0
4911,0.5259105276713423,0.4213065132092565,0.21279583730059703,-0.19012336131839436,-0.6320397736240756,-0.922658145359632,1
3289,0.2470002395406977,0.2630168072002498,-0.22986567906894415,-0.5082387084418284,0.7427899454373577,-0.922658145359632,1
2613,-0.5897306248512361,-0.2956527434197741,-1.0498874698370633,-1.2836448670552005,-0.0071171740506968135,-0.922658145359632,0
4365,0.5259105276713423,0.5423515825102617,0.7086229666022505,-0.4198733342408747,0.7427899454373577,-0.922658145359632,0
2554,0.9442759598673092,1.1987883044887897,0.44192807129605827,-0.5915546326884425,0.11786734586397894,-0.922658145359632,1
5914,1.6415516801939205,1.3710447492632971,1.7597995962056399,0.5130789849544614,-0.0071171740506968135,-0.922658145359632,1
7652,1.362641392063276,2.5349396463883465,1.6494231606617977,-1.2353595018668222,-0.2570862138800483,-0.922658145359632,1
7202,0.2470002395406977,0.3747507173242545,0.311036643805587,-0.7203156065241186,1.3677125450107366,-0.922658145359632,0
8007,0.8048208158019868,0.5795962192182633,0.3630464825435223,0.12799198580504031,1.2427280250960608,0.46421839881351007,1
1297,-0.7291857689165584,-1.0033008408718043,-1.1530403166673024,1.4203355834939935,-0.2570862138800483,-0.922658145359632,0
6580,-0.5897306248512361,-1.0498566367568063,-0.6494117115549587,2.6274697132034555,-0.7570242935387513,0.46421839881351007,0
4084,0.1075450954753754,0.7192636068732692,0.23446660344140355,-1.4987342210761592,2.2426041844134668,-0.922658145359632,0
376,1.5020965361285983,1.5898569899228063,1.529800531564546,-0.07651073734573895,1.3677125450107366,0.46421839881351007,1
2746,-1.2870063451778475,-1.2128019223543132,-1.2521479538179243,0.6960551056683167,0.4928209056080062,-0.922658145359632,0
7055,-0.7291857689165584,-0.7658662818582942,-1.0351513488613149,-0.1467439958015622,0.4928209056080062,1.851094942986652,0
4590,-0.17136519265526917,-0.07218492317176455,-0.4136337759429836,-0.7766485325772265,-0.0071171740506968135,0.46421839881351007,0
4179,-0.7291857689165584,-0.9241559878673009,-1.148128276342053,0.7818957548921004,0.11786734586397894,1.851094942986652,0
3073,-1.0080960570472028,-1.1476238081153105,-1.2821980828665094,1.4686209486823718,0.4928209056080062,0.46421839881351007,0
6761,0.2470002395406977,-0.2956527434197741,-0.08423813060272467,1.0823380271753442,0.11786734586397894,1.851094942986652,1
3325,0.38645538360602,0.1093826807797432,0.23475554698994772,0.18101121032561315,0.7427899454373577,0.46421839881351007,1
7599,0.5259105276713423,0.05817130530624101,0.6184725794564953,0.6960551056683167,-1.1319778532827784,1.851094942986652,0
1756,1.5020965361285983,1.7434911163433129,1.129324773282441,-0.2696521980992527,0.8677744653520334,-0.922658145359632,1
4510,-1.2870063451778475,-0.9707117837523029,-0.8690088084484648,-1.130009614183087,-0.13210169396537258,-0.922658145359632,0
5075,0.8048208158019868,0.97066490465228,1.1963596765446693,-0.5400502431541724,1.617681584840088,-0.922658145359632,1
4550,2.7571928327164987,4.229570616602419,3.081427387246294,-0.5400502431541724,0.11786734586397894,-0.922658145359632,1
3679,1.9204619683245652,2.7211628299283546,2.0655018705652837,-0.5816499423933906,-0.38207073379472406,1.851094942986652,1
7892,-1.2870063451778475,-0.9101892491018003,-0.89905893749705,-1.396310719161417,-1.7569004528561571,-0.922658145359632,0
3641,1.0837311039326314,1.7155576388123117,1.1015861926222088,-0.9456473107365512,0.6178054255226819,-0.922658145359632,1
6759,0.2470002395406977,-0.18391883329576933,0.11686657918396032,0.6663410347831609,-0.7570242935387513,1.851094942986652,0
22,1.2231862479979538,1.3943226472057981,1.450629999263466,-0.33403268501709044,0.4928209056080062,0.46421839881351007,1
786,-2.1237372095697813,-1.4735143793103245,-1.536179462036762,-0.5400502431541724,0.36783638569333044,-0.922658145359632,0
8649,0.38645538360602,0.1093826807797432,0.1480724824267216,0.18101121032561315,0.11786734586397894,-0.922658145359632,0
4955,0.8048208158019868,0.3188837622622521,1.0345512893599809,0.7218073004354518,-1.6319159329414814,-0.922658145359632,1
1432,-0.8686409129818806,-0.8170776573317964,-0.7083561954579524,-0.39256040039694323,-0.2570862138800483,-0.922658145359632,0
8056,0.1075450954753754,0.07679362366024181,0.5069403697184776,-0.43865097625857735,-1.1319778532827784,0.46421839881351007,0
5666,0.6653656717366646,0.24905006843474917,0.42459145838341306,0.5415419370655056,-1.0069933333681027,0.46421839881351007,0
8786,0.6653656717366646,0.6261520151032652,0.5806209745972201,-0.2696521980992527,1.2427280250960608,-0.922658145359632,1
508,-0.8686409129818806,-0.7425883839157932,-0.9580034214000437,-0.7203156065241186,0.4928209056080062,-0.922658145359632,0
7887,-0.31082033672059145,-0.42600897189777964,-0.16398655000089243,-0.16565295000120656,-0.6320397736240756,0.46421839881351007,0
2643,0.1075450954753754,0.29095028473125095,0.3208607244560859,-0.8705367426657405,0.7427899454373577,0.46421839881351007,0
1253,-0.7291857689165584,-0.6867214288537907,-0.31308142104964143,-0.4949839023116854,1.3677125450107366,-0.922658145359632,0
7980,-1.7053717773738144,-1.3571248895978194,-1.5017951797600155,0.18101121032561315,-0.7570242935387513,0.46421839881351007,0
7094,-1.0080960570472028,-0.8682890328052986,-0.8964584455601532,-0.6383768049923249,-1.0069933333681027,0.46421839881351007,0
5206,-0.5897306248512361,-0.714654906384792,-0.7690343406522109,0.09907240879381946,-0.7570242935387513,1.851094942986652,0
4648,-0.4502754807859138,-0.8403555552742974,-0.8464712116620261,1.3827802994585883,-0.7570242935387513,0.46421839881351007,1
6705,-1.1475512011125253,-0.9195004082788008,-0.7979286955066196,-0.884193209587706,-0.5070552537093999,-0.922658145359632,0
65,-0.8686409129818806,-1.040545477579806,-1.0134805827205084,1.0823380271753442,-0.0071171740506968135,0.46421839881351007,1
5472,0.9442759598673092,0.7937528802892724,1.2044500959039037,0.03079007418399119,2.117619664498791,0.46421839881351007,1
6818,0.8048208158019868,0.05817130530624101,0.9779183538453394,1.4983350195675278,1.117743505181385,0.46421839881351007,1
8465,0.5259105276713423,-0.06287376399476416,0.3930966115921076,1.0823380271753442,1.9926351445841153,1.851094942986652,1
6793,-0.5897306248512361,-0.5470540411987849,-0.4361713727294224,-0.5816499423933906,-0.2570862138800483,-0.922658145359632,0
8792,1.2231862479979538,1.1056767127187856,1.163997999107732,0.08613470328879902,1.4926970649254123,3.2379714871597938,1
8023,0.9442759598673092,0.7937528802892724,0.4838248858349509,0.03079007418399119,-0.7570242935387513,0.46421839881351007,1
6879,-0.8686409129818806,-0.8915669307477996,-0.4309703888556288,0.0007458469556669184,0.4928209056080062,0.46421839881351007,0
3330,-1.0080960570472028,-0.7286216451502926,-0.965804897210734,-1.2056454309816662,-0.6320397736240756,0.46421839881351007,0
2202,-0.17136519265526917,-0.3654864372472771,0.06572357109165677,0.04234554619488514,0.7427899454373577,1.851094942986652,1
7610,-0.4502754807859138,-0.2211634700037709,-0.6268741147685198,-1.1146460888958758,-0.5070552537093999,-0.922658145359632,0
723,0.5259105276713423,0.4213065132092565,0.38558407932996097,-0.19012336131839436,0.2428518657786547,-0.922658145359632,1
2995,-1.1475512011125253,-1.0498566367568063,-1.2348113409052792,-0.11943106195763077,-1.5069314130268057,0.46421839881351007,0
57,0.5259105276713423,0.7844417211122721,0.31797128897064497,-0.8104482882090914,0.4928209056080062,0.46421839881351007,1
4584,1.0837311039326314,1.1568880881922878,0.676839176262401,-0.2696521980992527,0.7427899454373577,-0.922658145359632,1
6603,-0.4502754807859138,-0.3096194821852747,-0.6268741147685198,-0.9005809698940648,1.3677125450107366,0.46421839881351007,1
4492,-0.7291857689165584,-0.528431722844784,-0.20501653389415292,-1.0422180411133084,0.36783638569333044,-0.922658145359632,0
5567,0.8048208158019868,1.231377361608291,0.6785728375536655,-0.884193209587706,0.2428518657786547,-0.922658145359632,1
8799,0.1075450954753754,-0.24444136794627191,0.20788379697534742,0.4583425385870686,-1.0069933333681027,0.46421839881351007,1
4623,1.0837311039326314,1.5758902511573059,1.4049769185935004,-0.7986918514675733,-0.2570862138800483,-0.922658145359632,0
4077,-0.031910048589946886,-0.2025411516497701,-0.4662215017780076,-0.07651073734573895,0.2428518657786547,-0.922658145359632,0
6768,-1.4264614892431697,-1.0219231592258051,-1.1556408086041994,-1.3758260187784688,-1.1319778532827784,-0.922658145359632,0
4789,-0.17136519265526917,-0.2677192658887729,-0.3226165581515962,-0.2696521980992527,1.617681584840088,-0.922658145359632,0
2013,-0.5897306248512361,-0.8822557715707992,-0.7794363083997979,1.0823380271753442,-0.0071171740506968135,-0.922658145359632,0
2858,-1.0080960570472028,-1.0777901142878075,-1.0524879617739602,0.7443404708566951,0.2428518657786547,0.46421839881351007,0
6539,0.8048208158019868,0.4492399907402577,0.8242003860198853,0.4063429145380458,0.8677744653520334,-0.922658145359632,0
2096,0.38645538360602,0.4585511499172581,0.15529607114032376,-0.5700944703824966,0.36783638569333044,-0.922658145359632,0
8254,-1.1475512011125253,-0.9846785225178035,-0.9678275020505426,-0.5400502431541724,-1.38194689311213,-0.922658145359632,0
2498,0.1075450954753754,-0.030284706875262763,0.42719195032030977,-0.1795195164142793,-1.5069314130268057,1.851094942986652,0
2282,0.6653656717366646,0.7518526639927706,0.5728194987865296,-0.4831243389320839,-0.13210169396537258,0.46421839881351007,1
4627,1.2231862479979538,1.6829685816928104,1.513330749297533,-0.681127484052391,-0.0071171740506968135,0.46421839881351007,1
4556,0.1075450954753754,-0.030284706875262763,0.061678361412039626,-0.1795195164142793,0.36783638569333044,0.46421839881351007,1
7706,-1.2870063451778475,-1.1522793877038107,-0.8502274777930993,0.06834535821939652,0.6178054255226819,0.46421839881351007,0
4867,-0.8686409129818806,-0.7425883839157932,-0.7407178728948903,-0.7203156065241186,1.2427280250960608,-0.922658145359632,1
147,-0.17136519265526917,-0.6587879513227896,-0.717024501914275,1.352736072230264,-0.6320397736240756,3.2379714871597938,1
3874,-2.1237372095697813,-1.5061034364298258,-1.5220212281581016,0.4063429145380458,-1.7569004528561571,0.46421839881351007,0
4014,-0.17136519265526917,-0.3654864372472771,-0.7109566873948493,0.04234554619488514,0.4928209056080062,1.851094942986652,0
5429,-0.7291857689165584,-0.6075765758492874,-1.0793597117885603,-0.7896484385894823,0.36783638569333044,-0.922658145359632,0
3202,-0.031910048589946886,-0.10011840070276574,0.08045969206740529,-0.35978487978422613,-2.2568385325148603,-0.922658145359632,0
2507,2.4782825445858543,2.646673556512351,2.8814784516537855,0.37695182268425004,1.3677125450107366,0.46421839881351007,1
1416,-0.7291857689165584,-0.6075765758492874,-0.46044263080712583,-0.7896484385894823,-0.6320397736240756,-0.922658145359632,0
5664,1.9204619683245652,2.38596109955634,2.5231884514591174,-0.2696521980992527,-0.2570862138800483,1.851094942986652,1
7577,0.6653656717366646,0.24905006843474917,0.9082829586462144,0.5415419370655056,-0.5070552537093999,3.2379714871597938,1
4954,-0.7291857689165584,-1.0824456938763076,-1.1333921553663044,2.241186791696427,-0.38207073379472406,0.46421839881351007,0
6858,-1.2870063451778475,-0.9101892491018003,-0.9253528004145618,-1.396310719161417,-0.2570862138800483,-0.922658145359632,0
3575,1.0837311039326314,1.296555475847294,1.0322397409716284,-0.46279365885276647,1.117743505181385,-0.922658145359632,0
1287,1.2231862479979538,0.9613537454752795,1.513330749297533,0.3312323464672351,-0.2570862138800483,1.851094942986652,1
2689,0.38645538360602,0.34216166020475314,1.0437974829133916,-0.3491810348801111,-0.7570242935387513,1.851094942986652,0
4439,1.9204619683245652,1.883158503998319,2.0446979350701087,0.3097721841612886,1.3677125450107366,0.46421839881351007,1
2530,-0.8686409129818806,-0.9660562041638027,-0.5974018728170231,0.48145348260885645,-0.6320397736240756,0.46421839881351007,0
2269,-0.4502754807859138,-0.3096194821852747,-0.6488338244578705,-0.9005809698940648,-2.1318540126001846,0.46421839881351007,0
6235,-0.31082033672059145,-0.5191205636677836,-0.4009202598070438,0.18101121032561315,1.617681584840088,0.46421839881351007,0
538,-0.5897306248512361,-0.6308544737917884,-0.8834559858756692,-0.2696521980992527,0.6178054255226819,0.46421839881351007,0
5378,-0.7291857689165584,-0.8450111348627976,-0.5832436389383628,0.271143892010586,0.6178054255226819,0.46421839881351007,0
1890,-0.5897306248512361,-0.37945317601277767,-0.6286077760597845,-1.080846333264011,-0.6320397736240756,-0.922658145359632,0
5801,-0.17136519265526917,-0.3654864372472771,-0.3590234452681512,0.04234554619488514,0.7427899454373577,1.851094942986652,0
6455,-0.31082033672059145,-0.7053437472077916,-0.5049399372829152,1.0823380271753442,0.7427899454373577,0.46421839881351007,0
4530,-0.17136519265526917,-0.07218492317176455,-0.3590234452681512,-0.7766485325772265,-0.2570862138800483,-0.922658145359632,0
7553,-1.0080960570472028,-1.0079564204603044,-0.9831415101233792,0.18101121032561315,0.6178054255226819,-0.922658145359632,0
708,-0.4502754807859138,-0.39807549436677847,-0.643343897035533,-0.6559351196062803,-0.0071171740506968135,-0.922658145359632,0
8065,2.6177376886511765,3.3263881764333805,2.5850223708475517,-0.061653701903161016,-0.38207073379472406,1.851094942986652,1
4833,0.6653656717366646,0.3747507173242545,0.05012061947027614,0.23734413637872115,-0.7570242935387513,0.46421839881351007,0
920,-1.2870063451778475,-1.0917568530533082,-1.0380407843467558,-0.4198733342408747,-1.38194689311213,0.46421839881351007,0
824,1.9204619683245652,1.883158503998319,1.8054526768756054,0.3097721841612886,-0.6320397736240756,3.2379714871597938,1
8203,-0.5897306248512361,-0.7984553389777955,-0.39976448561286737,0.5415419370655056,1.2427280250960608,-0.922658145359632,0
8185,-0.4502754807859138,-0.8403555552742974,-0.7421625906376106,1.3827802994585883,0.4928209056080062,-0.922658145359632,0
4579,0.9442759598673092,0.7937528802892724,1.6317976042006086,0.03079007418399119,0.8677744653520334,0.46421839881351007,1
4325,0.9442759598673092,1.7388355367548127,1.2212088217194612,-1.189005551285979,0.6178054255226819,-0.922658145359632,0
3673,0.9442759598673092,0.7937528802892724,0.9363104828549913,0.03079007418399119,1.4926970649254123,-0.922658145359632,1
575,1.781006824259243,1.7853913326398148,1.825389781725147,0.18101121032561315,-0.13210169396537258,3.2379714871597938,1
6370,-1.0080960570472028,-0.8682890328052986,-0.8747876794193467,-0.6383768049923249,0.4928209056080062,-0.922658145359632,0
5263,-1.2870063451778475,-1.273324457004816,-1.2671730183422167,1.5330014356002095,0.2428518657786547,0.46421839881351007,0
2078,0.1075450954753754,0.18387195419574637,-0.3437094371953144,-0.6672963820035458,0.6178054255226819,0.46421839881351007,0
1232,0.2470002395406977,0.03954898695224022,-0.3754932275351643,0.0007458469556669184,0.8677744653520334,-0.922658145359632,0
8584,0.5259105276713423,0.5423515825102617,-0.21541850164174015,-0.4198733342408747,0.36783638569333044,-0.922658145359632,1
224,-2.4026474977004257,-1.4967922772528253,-1.6043701394931664,-2.0723058317987153,1.2427280250960608,-0.922658145359632,0
7309,-1.1475512011125253,-0.9195004082788008,-1.1619975666721694,-0.884193209587706,0.4928209056080062,-0.922658145359632,0
8123,-0.17136519265526917,-0.46325360860578124,-0.39543033238470626,0.4063429145380458,-0.5070552537093999,-0.922658145359632,0
3883,0.2470002395406977,-0.07218492317176455,0.22088625665983166,0.3097721841612886,0.6178054255226819,-0.922658145359632,1
7881,-1.0080960570472028,-0.8682890328052986,-1.0524879617739602,-0.6383768049923249,1.2427280250960608,-0.922658145359632,0
7583,0.6653656717366646,0.5004513662137599,1.134525757156235,-0.031065687756677028,1.9926351445841153,0.46421839881351007,1
3249,1.0837311039326314,1.296555475847294,1.7430408703900822,-0.46279365885276647,1.4926970649254123,-0.922658145359632,1
428,-0.17136519265526917,-0.2677192658887729,-0.5592613244092036,-0.2696521980992527,-0.6320397736240756,-0.922658145359632,0
3698,-1.1475512011125253,-1.0498566367568063,-1.048731695642887,-0.11943106195763077,0.11786734586397894,-0.922658145359632,0
3859,-0.5897306248512361,-0.6308544737917884,-0.8002402438949722,-0.2696521980992527,0.11786734586397894,-0.922658145359632,0
6873,-1.0080960570472028,-1.1476238081153105,-1.0698245746866053,1.4686209486823718,0.4928209056080062,0.46421839881351007,1
3983,-0.031910048589946886,-0.30496390259677447,-0.5997134212053756,0.25034404239097685,1.2427280250960608,-0.922658145359632,1
7765,0.2470002395406977,0.15128289707624498,0.10993193401890197,-0.2696521980992527,-1.1319778532827784,-0.922658145359632,0
4497,-1.2870063451778475,-1.0917568530533082,-1.1244349053614378,-0.4198733342408747,0.11786734586397894,0.46421839881351007,0
6224,0.9442759598673092,0.6587410722227667,1.0955183781027833,0.28704965936675764,0.7427899454373577,1.851094942986652,1
1274,0.1075450954753754,-0.13736303741076733,-0.5231433808411927,0.11663072340777482,1.617681584840088,0.46421839881351007,1
171,1.5020965361285983,1.5898569899228063,1.9970222495603343,-0.07651073734573895,-1.2569623731974542,0.46421839881351007,1
251,-0.17136519265526917,-0.7565551226812938,-0.7959060906668108,1.983664844025076,1.617681584840088,-0.922658145359632,1
467,-1.4264614892431697,-0.9660562041638027,-1.276997098992716,-1.6216424233738498,-0.0071171740506968135,-0.922658145359632,0
3651,-1.0080960570472028,-0.9381227266328015,-1.078492881142928,-0.2696521980992527,0.2428518657786547,1.851094942986652,0
2338,-0.17136519265526917,-0.16995209453026872,0.20528330503845071,-0.5400502431541724,0.11786734586397894,-0.922658145359632,0
278,1.0837311039326314,0.877553312882276,1.4743233702440812,0.18101121032561315,0.7427899454373577,0.46421839881351007,1
2632,-0.31082033672059145,-0.14667419658776773,-0.37780477592351686,-0.9456473107365512,0.11786734586397894,-0.922658145359632,0
2142,0.8048208158019868,0.3188837622622521,0.24978061151424005,0.7218073004354518,-0.38207073379472406,-0.922658145359632,1
774,0.1075450954753754,0.18387195419574637,-0.3835836468943986,-0.6672963820035458,-0.8820088134534271,-0.922658145359632,0
5753,1.362641392063276,1.790046912228315,1.2425906443117232,-0.5635631166372087,0.4928209056080062,0.46421839881351007,0
7952,-0.8686409129818806,-0.8170776573317964,-0.8701645826426412,-0.39256040039694323,0.2428518657786547,-0.922658145359632,0
1541,0.38645538360602,-0.12339629864526673,0.19141401470833466,0.8743395309792525,-0.5070552537093999,0.46421839881351007,1
7688,0.1075450954753754,0.18387195419574637,-0.1244012838503527,-0.6672963820035458,0.6178054255226819,-0.922658145359632,0
1353,-0.8686409129818806,-0.5191205636677836,-0.8794107761960521,-1.4413770600039035,-0.5070552537093999,0.46421839881351007,0
3646,2.19937225645521,2.0786928467153274,2.7549211773914752,0.5672941318326407,-0.38207073379472406,0.46421839881351007,1
3055,1.2231862479979538,0.9613537454752795,1.2983567491807326,0.3312323464672351,-0.0071171740506968135,0.46421839881351007,1
7280,-0.7291857689165584,-0.6867214288537907,-0.3327295823506392,-0.4949839023116854,-0.2570862138800483,0.46421839881351007,0
1241,-0.5897306248512361,-0.7984553389777955,-0.6078038405646101,0.5415419370655056,-0.6320397736240756,-0.922658145359632,1
4280,-1.0080960570472028,-1.2174575019428135,-0.9528024375262502,2.434328252449941,0.36783638569333044,1.851094942986652,0
8810,0.38645538360602,0.34216166020475314,-0.039740824126935,-0.3491810348801111,-1.1319778532827784,-0.922658145359632,0
3150,1.5020965361285983,1.1289546106612867,1.4535194347489069,0.6316746187504784,1.2427280250960608,1.851094942986652,1
8092,-0.8686409129818806,-0.8915669307477996,-1.0458422601574462,0.0007458469556669184,2.2426041844134668,-0.922658145359632,0
898,-1.7053717773738144,-1.4967922772528253,-1.270640340924746,4.68764529457427,0.2428518657786547,-0.922658145359632,0
1449,-0.7291857689165584,-0.6867214288537907,-0.6372760825161069,-0.4949839023116854,-0.5070552537093999,-0.922658145359632,0
7329,-0.8686409129818806,-0.8915669307477996,-0.9441341310699275,0.0007458469556669184,0.9927589852667092,-0.922658145359632,0
6436,1.781006824259243,1.4595007614448008,2.3209279674782564,0.655393745509682,0.9927589852667092,0.46421839881351007,1
3555,-1.984282065504459,-1.3757472079518203,-1.5243327765464543,-1.2353595018668222,0.11786734586397894,-0.922658145359632,0
471,1.362641392063276,1.4920898185643021,1.2425906443117232,-0.205271711181415,1.617681584840088,-0.922658145359632,1
4777,0.1075450954753754,-0.13736303741076733,-0.3769379452778846,0.11663072340777482,-0.5070552537093999,0.46421839881351007,0
4119,-0.17136519265526917,0.22111659090374797,-0.09203960641341483,-1.3370129022634079,-0.5070552537093999,-0.922658145359632,0
2326,0.1075450954753754,-0.030284706875262763,-0.33706373557880054,-0.1795195164142793,0.4928209056080062,0.46421839881351007,1
4569,0.1075450954753754,0.18387195419574637,0.11484397434415158,-0.6672963820035458,0.9927589852667092,-0.922658145359632,1
8950,-1.0080960570472028,-0.6587879513227896,-0.9744732036670567,-1.428500962620336,1.4926970649254123,-0.922658145359632,0
7854,1.0837311039326314,0.877553312882276,1.4829916767004039,0.18101121032561315,1.9926351445841153,-0.922658145359632,1
6170,0.2470002395406977,0.3747507173242545,0.17927838566948287,-0.7203156065241186,-1.2569623731974542,-0.922658145359632,0
7008,0.5259105276713423,0.7844417211122721,0.6410101762429342,-0.8104482882090914,0.8677744653520334,-0.922658145359632,1
8790,0.2470002395406977,0.2630168072002498,-0.15358458225330557,-0.5082387084418284,0.6178054255226819,-0.922658145359632,0
4578,1.6415516801939205,1.8459138672903173,1.484725337991668,-0.1467439958015622,-2.1318540126001846,0.46421839881351007,1
2301,0.38645538360602,0.1093826807797432,0.15529607114032376,0.18101121032561315,0.6178054255226819,0.46421839881351007,0
3741,-1.1475512011125253,-0.9846785225178035,-0.4864475501760935,-0.5400502431541724,1.3677125450107366,0.46421839881351007,0
5883,-0.031910048589946886,0.20714985213824738,0.2457354018346229,-1.020757878807362,-0.0071171740506968135,-0.922658145359632,0
4384,1.6415516801939205,2.637362397335351,1.7499755155551406,-0.9206104547129474,-0.0071171740506968135,-0.922658145359632,1
5060,-1.0080960570472028,-0.8682890328052986,-0.65374586478312,-0.6383768049923249,0.8677744653520334,0.46421839881351007,0
2728,0.8048208158019868,0.8403086761742744,1.325806386292421,-0.3408095783768633,0.9927589852667092,-0.922658145359632,0
8279,1.5020965361285983,1.2825887370817932,1.5774762170743204,0.3707642243992408,-0.6320397736240756,3.2379714871597938,1
892,-1.1475512011125253,-0.854322294039798,-1.0325508569244182,-1.1709790149489838,-0.38207073379472406,-0.922658145359632,0
7016,-1.1475512011125253,-0.854322294039798,-1.0730029537205903,-1.1709790149489838,1.2427280250960608,-0.922658145359632,0
461,-0.7291857689165584,-0.6075765758492874,-0.819021574550338,-0.7896484385894823,-0.8820088134534271,-0.922658145359632,0
2686,0.5259105276713423,0.6633966518112668,0.8513610795830294,-0.6254390994873045,1.4926970649254123,-0.922658145359632,1
1425,0.1075450954753754,0.29095028473125095,-0.1642754935494366,-0.8705367426657405,0.7427899454373577,0.46421839881351007,0
2327,-0.31082033672059145,-0.3328973801277757,-0.441372356603216,-0.46279365885276647,0.11786734586397894,-0.922658145359632,0
8216,0.6653656717366646,0.6261520151032652,0.7600549182430979,-0.2696521980992527,-2.2568385325148603,-0.922658145359632,0
3281,-0.17136519265526917,-0.2677192658887729,0.11426608724706327,-0.2696521980992527,0.8677744653520334,-0.922658145359632,0
8099,0.6653656717366646,0.6261520151032652,0.7288490150003366,-0.2696521980992527,-0.7570242935387513,-0.922658145359632,1
8659,0.38645538360602,0.34216166020475314,0.451463208398013,-0.3491810348801111,0.6178054255226819,-0.922658145359632,1
6820,-0.5897306248512361,-0.37945317601277767,-0.7170245019142751,-1.080846333264011,1.617681584840088,0.46421839881351007,0
3388,0.9442759598673092,0.7937528802892724,0.9111723941316553,0.03079007418399119,-1.38194689311213,-0.922658145359632,1
4724,0.8048208158019868,0.8403086761742744,0.9779183538453394,-0.3408095783768633,0.8677744653520334,1.851094942986652,1
7896,-0.4502754807859138,-0.39807549436677847,-0.8464712116620261,-0.6559351196062803,-1.6319159329414814,-0.922658145359632,0
5182,0.8048208158019868,0.97066490465228,0.6623919988351966,-0.5400502431541724,0.7427899454373577,0.46421839881351007,1
419,-0.5897306248512361,-0.7984553389777955,-0.2957448081369962,0.5415419370655056,0.6178054255226819,-0.922658145359632,0
656,0.38645538360602,-0.007006808932761768,0.23475554698994772,0.502913644914803,0.6178054255226819,1.851094942986652,0
3422,0.9442759598673092,1.1987883044887897,1.0703802893794474,-0.5915546326884425,-1.5069314130268057,0.46421839881351007,1
6169,0.1075450954753754,0.18387195419574637,0.048386958179011556,-0.6672963820035458,-0.13210169396537258,0.46421839881351007,0
6495,0.8048208158019868,0.7099524476962689,0.8808333215345268,-0.11943106195763077,-0.0071171740506968135,1.851094942986652,1
1565,-0.4502754807859138,-0.2211634700037709,-0.5500151308557927,-1.1146460888958758,-1.0069933333681027,-0.922658145359632,0
521,-1.0080960570472028,-0.7984553389777955,-1.078492881142928,-0.9456473107365512,0.2428518657786547,-0.922658145359632,0
8263,-1.2870063451778475,-1.2128019223543132,-0.985453058511732,0.6960551056683167,-0.0071171740506968135,-0.922658145359632,0
6659,-0.17136519265526917,-0.46325360860578124,-0.8929911229776242,0.4063429145380458,-0.5070552537093999,0.46421839881351007,0
6453,1.0837311039326314,1.5758902511573059,1.188269257185435,-0.7986918514675733,0.4928209056080062,0.46421839881351007,1
2010,-0.31082033672059145,-0.2397857883577717,-0.6089596147587866,-0.7203156065241186,0.36783638569333044,0.46421839881351007,1
6920,-0.5897306248512361,-0.714654906384792,-0.4153674372342482,0.09907240879381946,-0.2570862138800483,-0.922658145359632,0
2845,-0.031910048589946886,-0.40738665354377884,-0.13567008224357205,0.6316746187504784,0.2428518657786547,0.46421839881351007,0
185,-0.17136519265526917,-0.6587879513227896,-0.401498146904132,1.352736072230264,0.4928209056080062,0.46421839881351007,0
796,1.781006824259243,2.1112819038348287,1.7545986123318458,-0.21087001439166128,-0.0071171740506968135,-0.922658145359632,1
6661,1.362641392063276,1.343111271732296,1.31656019273901,0.0007458469556669184,-0.13210169396537258,0.46421839881351007,1
8100,-0.031910048589946886,0.0023043502442386295,0.302946224446352,-0.6076497544179019,-0.38207073379472406,0.46421839881351007,0
7401,1.9204619683245652,2.218360234370333,2.419168773983246,-0.09330564697647901,-0.13210169396537258,0.46421839881351007,1
7509,-0.7291857689165584,-1.0033008408718043,-0.6127158808898595,1.4203355834939935,0.6178054255226819,-0.922658145359632,0
7284,-0.7291857689165584,-0.528431722844784,-0.8927021794290801,-1.0422180411133084,0.7427899454373577,-0.922658145359632,0
61,-1.1475512011125253,-1.115034750995809,-0.9152397762155188,0.4063429145380458,0.36783638569333044,0.46421839881351007,0
2933,0.38645538360602,0.22577217049224818,0.57426421652925,-0.1006534199399281,0.6178054255226819,0.46421839881351007,1
1735,-1.2870063451778475,-1.1522793877038107,-1.131947437623584,0.06834535821939652,-0.2570862138800483,-0.922658145359632,0
6595,0.6653656717366646,0.7518526639927706,0.26856194216960605,-0.4831243389320839,0.6178054255226819,0.46421839881351007,1
7522,0.5259105276713423,0.5423515825102617,0.4982720632621549,-0.4198733342408747,0.7427899454373577,-0.922658145359632,1
2903,-0.5897306248512361,-0.7984553389777955,-0.5401910502052938,0.5415419370655056,1.4926970649254123,0.46421839881351007,0
60,0.9442759598673092,1.1987883044887897,0.9446898457627695,-0.5915546326884425,0.7427899454373577,0.46421839881351007,1
4313,-1.8448269214391366,-1.4269585834253224,-1.3775494538860582,0.5415419370655056,-1.6319159329414814,-0.922658145359632,0
6123,-1.0080960570472028,-0.7286216451502926,-0.9961439698078632,-1.2056454309816662,-0.38207073379472406,-0.922658145359632,0
445,0.6653656717366646,0.6261520151032652,0.9472903376996662,-0.2696521980992527,0.8677744653520334,0.46421839881351007,0
7049,0.8048208158019868,0.97066490465228,0.8403812247383546,-0.5400502431541724,2.992511303901521,-0.922658145359632,1
7326,0.5259105276713423,0.6633966518112668,0.3630464825435223,-0.6254390994873045,1.117743505181385,1.851094942986652,0
2888,0.38645538360602,0.1093826807797432,0.6826180472332827,0.18101121032561315,-0.5070552537093999,0.46421839881351007,0
4069,0.9442759598673092,0.3887174560897551,1.3050024507972464,0.9020726638053981,-1.38194689311213,-0.922658145359632,1
3267,-1.4264614892431697,-1.1336570693498098,-1.3498108732258256,-0.7203156065241186,-0.8820088134534271,-0.922658145359632,0
3601,-0.8686409129818806,-0.8915669307477996,-0.8008181309920602,0.0007458469556669184,0.11786734586397894,-0.922658145359632,0
6412,-0.031910048589946886,-0.2025411516497701,-0.44715122757409775,-0.07651073734573895,-0.7570242935387513,0.46421839881351007,0
3014,0.1075450954753754,0.18387195419574637,0.3540892325386559,-0.6672963820035458,-0.2570862138800483,-0.922658145359632,0
7730,0.8048208158019868,0.97066490465228,0.21741893407730248,-0.5400502431541724,0.11786734586397894,-0.922658145359632,1
7435,-0.5897306248512361,-0.714654906384792,-0.586999905069436,0.09907240879381946,0.11786734586397894,0.46421839881351007,0
1300,0.38645538360602,0.22577217049224818,0.039718651722688944,-0.1006534199399281,-0.38207073379472406,0.46421839881351007,0
3956,1.2231862479979538,1.1056767127187856,1.0744254990590647,0.08613470328879902,0.36783638569333044,0.46421839881351007,1
8411,-0.31082033672059145,-1.0777901142878075,-0.6898638083511309,4.68764529457427,1.4926970649254123,1.851094942986652,1
8104,-1.1475512011125253,-1.2453909794738147,-1.3602128409734129,1.983664844025076,-0.5070552537093999,0.46421839881351007,0
7960,-1.4264614892431697,-0.9101892491018003,-1.2007160021770766,-1.8296409195699415,-0.5070552537093999,-0.922658145359632,0
2029,0.38645538360602,0.34216166020475314,0.8126426440781215,-0.3491810348801111,0.2428518657786547,-0.922658145359632,0
5205,-1.2870063451778475,-1.2128019223543132,-1.2671730183422167,0.6960551056683167,-0.38207073379472406,-0.922658145359632,0
7714,0.9442759598673092,0.7937528802892724,1.0955183781027833,0.03079007418399119,-0.2570862138800483,-0.922658145359632,1
7740,0.9442759598673092,0.6587410722227667,1.0620009264716692,0.28704965936675764,-1.8818849727708329,0.46421839881351007,1
4738,-0.4502754807859138,-0.39807549436677847,-0.25904897747189704,-0.6559351196062803,1.117743505181385,-0.922658145359632,0
6955,0.5259105276713423,1.3896670676172977,0.8137984182722982,-1.5134832053518819,2.4925732242428182,1.851094942986652,1
8212,0.5259105276713423,0.4213065132092565,0.6410101762429342,-0.19012336131839436,0.11786734586397894,-0.922658145359632,1
1819,-0.4502754807859138,-0.574987518729786,-0.5445252034334551,-0.044320493886820085,0.11786734586397894,0.46421839881351007,0
514,1.362641392063276,1.1941327249002895,1.2888216120787772,0.2284494638440196,0.7427899454373577,-0.922658145359632,1
8033,0.38645538360602,0.691330129342268,0.0541658291498933,-0.9456473107365512,-0.13210169396537258,0.46421839881351007,0
7080,1.781006824259243,1.6224460470423079,1.6635813945404583,0.4063429145380458,0.4928209056080062,-0.922658145359632,1
6321,0.5259105276713423,0.3002614439082513,0.5809099181457639,0.06834535821939652,0.9927589852667092,0.46421839881351007,1
2208,1.0837311039326314,0.877553312882276,1.413645225049823,0.18101121032561315,0.4928209056080062,0.46421839881351007,1
8061,1.0837311039326314,1.7155576388123117,1.0669129667969184,-0.9456473107365512,-0.5070552537093999,-0.922658145359632,1
8053,1.0837311039326314,1.1568880881922878,1.1102544990785315,-0.2696521980992527,-1.8818849727708329,0.46421839881351007,1
7944,0.5259105276713423,0.7844417211122721,0.295433692184206,-0.8104482882090914,1.117743505181385,0.46421839881351007,1
4944,0.1075450954753754,0.29095028473125095,0.3540892325386559,-0.8705367426657405,0.9927589852667092,-0.922658145359632,0
342,-1.1475512011125253,-0.9195004082788008,-0.7615218083900646,-0.884193209587706,-0.38207073379472406,-0.922658145359632,0
2339,-0.17136519265526917,-0.07218492317176455,-0.2619384129573379,-0.7766485325772265,-0.7570242935387513,-0.922658145359632,0
8871,1.362641392063276,1.343111271732296,1.464499289593582,0.0007458469556669184,0.11786734586397894,1.851094942986652,1
3822,-0.31082033672059145,-0.5191205636677836,-0.46448784048674296,0.18101121032561315,-1.1319778532827784,-0.922658145359632,0
7783,-1.8448269214391366,-1.301257934535817,-1.4867701152357229,-1.2836448670552005,-1.1319778532827784,-0.922658145359632,0
8487,0.9442759598673092,1.063776496422284,1.1876913700883474,-0.4048512206267125,-0.6320397736240756,-0.922658145359632,0
6464,-1.2870063451778475,-1.3338469916553184,-1.1958039618518275,2.7047262975048607,-0.0071171740506968135,-0.922658145359632,0
4792,0.1075450954753754,-0.45859802901728103,0.12813537757717966,1.3281544317707252,-0.0071171740506968135,-0.922658145359632,0
7362,0.5259105276713423,0.17921637460724618,0.4907595310000089,0.3612765736955594,0.2428518657786547,0.46421839881351007,1
2262,0.6653656717366646,0.3747507173242545,0.32317227284443845,0.23734413637872115,0.8677744653520334,-0.922658145359632,1
7097,-0.7291857689165584,-0.6867214288537907,-0.32781754202538993,-0.4949839023116854,-2.006869492685509,-0.922658145359632,0
5237,0.8048208158019868,0.18852753378424658,0.007068030737206909,1.0823380271753442,1.4926970649254123,1.851094942986652,1
291,1.0837311039326314,1.1568880881922878,1.1709326442727899,-0.2696521980992527,-0.5070552537093999,-0.922658145359632,1
7015,0.8048208158019868,0.4492399907402577,0.8889237408937605,0.4063429145380458,0.9927589852667092,-0.922658145359632,1
5499,0.8048208158019868,0.7099524476962689,0.7513866117867756,-0.11943106195763077,0.4928209056080062,0.46421839881351007,1
3827,0.1075450954753754,-0.3515196984817765,-0.25731531618063275,0.8570063229629117,-0.6320397736240756,0.46421839881351007,0
2572,0.8048208158019868,0.7099524476962689,0.2740518695919436,-0.11943106195763077,0.6178054255226819,1.851094942986652,1
4395,0.8048208158019868,0.97066490465228,0.9455566764084019,-0.5400502431541724,-1.1319778532827784,0.46421839881351007,0
8289,1.0837311039326314,0.877553312882276,1.1102544990785315,0.18101121032561315,0.7427899454373577,1.851094942986652,1
7649,1.781006824259243,1.7853913326398148,1.83550280592419,0.18101121032561315,-0.5070552537093999,-0.922658145359632,1
3185,0.6653656717366646,0.6261520151032652,0.12033390176648917,-0.2696521980992527,1.8676506246694395,-0.922658145359632,1
6431,-1.8448269214391366,-1.468858799721824,-1.3489440425801935,1.7583331398126427,-0.0071171740506968135,-0.922658145359632,0
5256,2.7571928327164987,3.4474332457343855,3.372682484178733,0.04234554619488514,-1.0069933333681027,0.46421839881351007,1
2886,1.5020965361285983,1.5898569899228063,1.4630545718508623,-0.07651073734573895,-0.7570242935387513,-0.922658145359632,1
4850,0.38645538360602,0.924109108767278,0.7115124020876914,-1.2529178164807775,0.8677744653520334,-0.922658145359632,1
4369,-0.7291857689165584,-0.8450111348627976,-0.9319985020310757,0.271143892010586,-0.2570862138800483,1.851094942986652,0
8656,-1.5659166333084922,-1.277980036593316,-1.254459502206277,-0.07651073734573895,0.7427899454373577,-0.922658145359632,0
8586,0.2470002395406977,0.15128289707624498,0.7964618053596533,-0.2696521980992527,-0.6320397736240756,-0.922658145359632,1
1358,2.0599171123898876,2.669951454454852,2.5803992740708463,-0.32373180711023664,-0.13210169396537258,-0.922658145359632,1
6181,-0.5897306248512361,-0.6308544737917884,-0.743029421283243,-0.2696521980992527,0.4928209056080062,-0.922658145359632,0
2661,0.38645538360602,-0.007006808932761768,0.07583659529069983,0.502913644914803,-0.7570242935387513,1.851094942986652,1
7552,-0.17136519265526917,-0.2677192658887729,-0.4925153646955194,-0.2696521980992527,-0.8820088134534271,-0.922658145359632,0
2534,-0.7291857689165584,-0.37014201683577724,-0.8288456552008369,-1.452643645214525,-0.13210169396537258,-0.922658145359632,0
7042,2.0599171123898876,3.1867207887783744,2.3024355803714345,-0.7525058499830375,0.11786734586397894,-0.922658145359632,1
3307,-0.7291857689165584,-0.528431722844784,-0.7797252519483421,-1.0422180411133084,-0.5070552537093999,-0.922658145359632,0
3810,-0.031910048589946886,-0.30496390259677447,-0.0784592596318426,0.25034404239097685,-1.0069933333681027,-0.922658145359632,0
5121,0.9442759598673092,1.1987883044887897,0.6262740552671857,-0.5915546326884425,-2.006869492685509,0.46421839881351007,0
5810,-0.17136519265526917,-0.2677192658887729,-0.43790503402068703,-0.2696521980992527,0.36783638569333044,0.46421839881351007,0
8491,0.9442759598673092,0.7937528802892724,0.5005836116505078,0.03079007418399119,-1.6319159329414814,-0.922658145359632,1
1424,-1.0080960570472028,-0.7286216451502926,-0.46304312274402254,-1.2056454309816662,-0.7570242935387513,-0.922658145359632,0
4063,-1.4264614892431697,-1.301257934535817,-1.290866389322832,1.0823380271753442,-0.5070552537093999,0.46421839881351007,0
4987,-1.0080960570472028,-0.8682890328052986,-0.497716348569313,-0.6383768049923249,-0.8820088134534271,-0.922658145359632,0
6965,0.5259105276713423,0.17921637460724618,-0.2454686306903248,0.3612765736955594,-1.6319159329414814,-0.922658145359632,0
8975,0.2470002395406977,0.5982185375722641,-0.04956490477743422,-1.080846333264011,0.6178054255226819,-0.922658145359632,0
2295,-0.31082033672059145,-0.2397857883577717,-0.5338342921373239,-0.7203156065241186,-2.006869492685509,-0.922658145359632,0
8082,0.38645538360602,0.1093826807797432,0.22753195827634554,0.18101121032561315,1.617681584840088,1.851094942986652,1
6226,1.362641392063276,1.4920898185643021,1.8343470317300135,-0.205271711181415,0.8677744653520334,0.46421839881351007,1
5425,-0.4502754807859138,-0.39807549436677847,-0.45119643725371505,-0.6559351196062803,-0.0071171740506968135,0.46421839881351007,0
3787,0.2470002395406977,-0.07218492317176455,-0.5280554211664421,0.3097721841612886,-0.5070552537093999,-0.922658145359632,1
5690,-0.17136519265526917,-0.2677192658887729,-0.03136146121915654,-0.2696521980992527,0.8677744653520334,-0.922658145359632,0
7460,-0.4502754807859138,-0.48653150654828226,-0.16023028386981944,-0.3736514461972989,0.11786734586397894,0.46421839881351007,0
8325,-1.7053717773738144,-1.3571248895978194,-1.5017951797600155,0.18101121032561315,-0.7570242935387513,-0.922658145359632,0
3070,-1.1475512011125253,-1.3105690937128174,-1.0932290021186764,3.245522387614699,-0.8820088134534271,1.851094942986652,0
2745,-0.031910048589946886,-0.10011840070276574,-0.09752953383575241,-0.35978487978422613,-0.2570862138800483,-0.922658145359632,0
5731,-0.17136519265526917,-0.5610207799642855,-0.14664993708824722,0.8365216225799632,0.6178054255226819,0.46421839881351007,1
314,1.0837311039326314,1.5758902511573059,1.1969375636417576,-0.7986918514675733,0.8677744653520334,-0.922658145359632,1
3682,2.19937225645521,2.7863409441673572,2.8756995806829035,-0.2155725890882688,0.6178054255226819,-0.922658145359632,1
7477,0.2470002395406977,-0.2956527434197741,-0.23680032423400252,1.0823380271753442,-0.5070552537093999,0.46421839881351007,1
1021,-1.0080960570472028,-0.8682890328052986,-0.5280554211664421,-0.6383768049923249,-0.6320397736240756,-0.922658145359632,0
614,-0.7291857689165584,-0.6867214288537907,-0.8927021794290801,-0.4949839023116854,0.2428518657786547,-0.922658145359632,0
8624,1.9204619683245652,2.38596109955634,2.2111294190315034,-0.2696521980992527,1.4926970649254123,0.46421839881351007,1
3645,-0.5897306248512361,-0.6308544737917884,-0.3529556307487253,-0.2696521980992527,-1.0069933333681027,0.46421839881351007,1
26,-0.8686409129818806,-1.115034750995809,-0.9117724536329898,1.8549038701893994,-1.6319159329414814,0.46421839881351007,0
2682,1.362641392063276,1.6410683653963085,0.9929434183696321,-0.39256040039694323,0.9927589852667092,0.46421839881351007,1
7491,0.2470002395406977,0.03954898695224022,0.09606264368878592,0.0007458469556669184,0.6178054255226819,-0.922658145359632,0
3313,0.38645538360602,-0.12339629864526673,0.44423961968441084,0.8743395309792525,0.11786734586397894,0.46421839881351007,1
106,-0.31082033672059145,-0.7984553389777955,-0.8458933245649379,1.683222571741832,0.36783638569333044,-0.922658145359632,0
5451,0.2470002395406977,0.15128289707624498,0.2624941276501798,-0.2696521980992527,-0.5070552537093999,0.46421839881351007,1
8193,-0.5897306248512361,-0.714654906384792,-0.6286077760597845,0.09907240879381946,-1.8818849727708329,-0.922658145359632,1
4140,1.0837311039326314,0.877553312882276,0.3474435309221417,0.18101121032561315,-1.38194689311213,0.46421839881351007,1
5281,0.5259105276713423,-0.18391883329576933,0.9715615957773698,1.5330014356002095,0.11786734586397894,1.851094942986652,1
2217,-0.31082033672059145,-0.3328973801277757,-0.7707680019434753,-0.46279365885276647,-1.2569623731974542,0.46421839881351007,0
3544,-0.031910048589946886,0.20714985213824738,-0.32001606621469947,-1.020757878807362,-0.5070552537093999,0.46421839881351007,0
7787,-0.7291857689165584,-0.7658662818582942,-0.45061855015662694,-0.1467439958015622,0.7427899454373577,-0.922658145359632,0
8838,-0.17136519265526917,-0.7565551226812938,0.25989363571328344,1.983664844025076,-0.38207073379472406,0.46421839881351007,0
5399,0.8048208158019868,0.7099524476962689,0.8808333215345268,-0.11943106195763077,0.7427899454373577,-0.922658145359632,1
588,-0.8686409129818806,-0.7425883839157932,-0.9996112923903921,-0.7203156065241186,-0.8820088134534271,0.46421839881351007,0
3806,0.2470002395406977,0.2630168072002498,0.15847445017430847,-0.5082387084418284,-0.13210169396537258,-0.922658145359632,0
2500,0.8048208158019868,0.7099524476962689,0.28214228895117793,-0.11943106195763077,1.2427280250960608,-0.922658145359632,1
404,-1.5659166333084922,-1.3804027875403204,-1.3243838409539461,1.6231341172851836,0.7427899454373577,0.46421839881351007,0
4972,0.2470002395406977,-0.2956527434197741,0.012846901708088979,1.0823380271753442,0.36783638569333044,0.46421839881351007,1
1420,-0.4502754807859138,-0.39807549436677847,-0.4127669452973513,-0.6559351196062803,0.9927589852667092,-0.922658145359632,0
1842,-1.0080960570472028,-1.1476238081153105,-0.8921242923319919,1.4686209486823718,0.7427899454373577,0.46421839881351007,0
7597,0.9442759598673092,1.063776496422284,0.9111723941316553,-0.4048512206267125,-1.38194689311213,1.851094942986652,1
6204,-0.31082033672059145,-0.3328973801277757,-0.7072004212637761,-0.46279365885276647,-0.6320397736240756,0.46421839881351007,0
300,-0.4502754807859138,-0.48653150654828226,-0.21512955809319598,-0.3736514461972989,2.7425422640721697,0.46421839881351007,1
1325,-0.031910048589946886,0.4119953540322561,0.36015704705808177,-1.35124437831893,-0.38207073379472406,-0.922658145359632,0
6091,-1.8448269214391366,-1.301257934535817,-1.5413804459105556,-1.2836448670552005,0.6178054255226819,-0.922658145359632,0
3157,1.781006824259243,2.274227189432336,2.078215386701223,-0.38231805020546933,0.11786734586397894,0.46421839881351007,1
7082,0.1075450954753754,0.29095028473125095,0.08826116787809576,-0.8705367426657405,0.7427899454373577,-0.922658145359632,1
7629,-0.031910048589946886,-0.10011840070276574,-0.16109711451545156,-0.35978487978422613,-0.13210169396537258,-0.922658145359632,0
1629,-0.4502754807859138,-0.9288115674558011,-0.6323640421908575,2.096330696131292,-1.38194689311213,0.46421839881351007,1
2497,-1.0080960570472028,-1.0777901142878075,-1.0524879617739602,0.7443404708566951,0.4928209056080062,-0.922658145359632,0
5555,0.1075450954753754,0.18387195419574637,-0.10446417900081044,-0.6672963820035458,0.2428518657786547,-0.922658145359632,0
1652,-0.17136519265526917,-0.2677192658887729,-0.18305682420480224,-0.2696521980992527,-0.5070552537093999,-0.922658145359632,0
7794,-0.8686409129818806,-0.5936098370837868,-0.948757227846633,-1.2353595018668222,1.4926970649254123,-0.922658145359632,0
1101,-0.5897306248512361,-0.46325360860578124,-0.6234067921859908,-0.849076580359794,0.36783638569333044,-0.922658145359632,0
6808,0.5259105276713423,0.3002614439082513,0.9865866603016624,0.06834535821939652,-0.5070552537093999,-0.922658145359632,0
2067,-1.1475512011125253,-0.9195004082788008,-0.9071493568562844,-0.884193209587706,1.3677125450107366,1.851094942986652,0
2056,-0.7291857689165584,-1.0033008408718043,-1.0351513488613149,1.4203355834939935,0.6178054255226819,0.46421839881351007,0
4539,1.0837311039326314,1.296555475847294,1.1969375636417576,-0.46279365885276647,0.8677744653520334,0.46421839881351007,1
5126,-1.0080960570472028,-1.2174575019428135,-1.1521734860216701,2.434328252449941,1.7426661047547638,1.851094942986652,0
8765,0.1075450954753754,-0.13736303741076733,0.13478107919369353,0.11663072340777482,0.4928209056080062,-0.922658145359632,1
2512,1.0837311039326314,1.1568880881922878,1.5350015154383394,-0.2696521980992527,-0.13210169396537258,1.851094942986652,1
5742,-1.8448269214391366,-1.3850583671288206,-1.426958800687097,-0.2696521980992527,-1.2569623731974542,-0.922658145359632,0
7619,0.2470002395406977,0.15128289707624498,0.311036643805587,-0.2696521980992527,-2.2568385325148603,0.46421839881351007,1
3920,-0.31082033672059145,-0.9846785225178035,-0.6840849373802491,3.4000355562175106,-1.2569623731974542,1.851094942986652,1
463,-0.031910048589946886,-0.40738665354377884,0.13131375661116468,0.6316746187504784,-0.5070552537093999,0.46421839881351007,0
8014,-0.5897306248512361,-0.2118523108267705,-0.38936251786528037,-1.4625847498121325,0.36783638569333044,0.46421839881351007,0
8335,-1.1475512011125253,-0.9846785225178035,-0.8586068407008779,-0.5400502431541724,0.2428518657786547,-0.922658145359632,0
4053,0.5259105276713423,0.7844417211122721,0.5433472568350329,-0.8104482882090914,1.3677125450107366,-0.922658145359632,0
6566,-0.4502754807859138,-0.3096194821852747,-0.5225654937441044,-0.9005809698940648,1.7426661047547638,0.46421839881351007,0
1634,0.1075450954753754,0.39802861526675554,-0.10446417900081044,-1.0523833811529668,0.11786734586397894,-0.922658145359632,1
3026,1.5020965361285983,2.050759369184326,1.4821248460547718,-0.6076497544179019,-1.0069933333681027,0.46421839881351007,1
3309,-1.984282065504459,-1.5619703914918281,-1.549759808818334,6.490298928273732,-0.5070552537093999,-0.922658145359632,0
1665,-0.031910048589946886,-0.2025411516497701,-0.4535079856420678,-0.07651073734573895,-0.5070552537093999,0.46421839881351007,0
6546,-0.4502754807859138,-0.48653150654828226,-0.8080417197056626,-0.3736514461972989,-0.13210169396537258,0.46421839881351007,1
3860,1.362641392063276,1.6410683653963085,2.019270902798229,-0.39256040039694323,-1.0069933333681027,0.46421839881351007,1
5375,0.6653656717366646,0.24905006843474917,0.03451766784889551,0.5415419370655056,0.8677744653520334,0.46421839881351007,1
6216,-0.4502754807859138,-0.39807549436677847,-0.8025517922833248,-0.6559351196062803,-0.0071171740506968135,-0.922658145359632,0
8108,-0.031910048589946886,-0.2025411516497701,0.09317320820334506,-0.07651073734573895,-1.38194689311213,0.46421839881351007,1
2280,-0.31082033672059145,-0.6122321554377876,-0.031072517670612386,0.5907052179845815,2.3675887043281425,0.46421839881351007,0
98,1.2231862479979538,0.6727078109882673,0.9938102490152643,0.9133392490160197,-1.6319159329414814,0.46421839881351007,1
5197,1.5020965361285983,0.9753204842407802,1.1102544990785315,0.9232803536136269,-0.2570862138800483,1.851094942986652,1
2553,-0.7291857689165584,-0.9241559878673009,-0.8141095342250884,0.7818957548921004,-1.38194689311213,1.851094942986652,0
3557,-0.031910048589946886,-0.714654906384792,-0.45986474371003755,2.28410711630832,-2.881761132088239,0.46421839881351007,0
8208,0.2470002395406977,0.5982185375722641,0.44972954710674873,-1.080846333264011,0.11786734586397894,-0.922658145359632,1
4520,-0.7291857689165584,-0.7658662818582942,-0.8632299374775831,-0.1467439958015622,-0.5070552537093999,0.46421839881351007,0
1951,0.6653656717366646,0.5004513662137599,0.5962239262186007,-0.031065687756677028,0.2428518657786547,-0.922658145359632,1
7666,-0.17136519265526917,-0.3654864372472771,-0.7048888728754233,0.04234554619488514,-1.5069314130268057,-0.922658145359632,0
2300,0.6653656717366646,0.5004513662137599,0.4635988374368648,-0.031065687756677028,-1.8818849727708329,0.46421839881351007,0
7,-1.0080960570472028,-0.9381227266328015,-1.1651759457061541,-0.2696521980992527,-0.38207073379472406,0.46421839881351007,0
531,0.8048208158019868,1.1010211331302855,1.163997999107732,-0.7203156065241186,-0.8820088134534271,-0.922658145359632,1
1095,-0.17136519265526917,-0.3654864372472771,0.1567407888830442,0.04234554619488514,0.11786734586397894,-0.922658145359632,1
1495,-0.031910048589946886,-0.2025411516497701,-0.5043620501858269,-0.07651073734573895,1.117743505181385,0.46421839881351007,1
942,-0.8686409129818806,-0.7425883839157932,-1.1660427763517864,-0.7203156065241186,-0.8820088134534271,-0.922658145359632,0
1237,-0.31082033672059145,-0.7053437472077916,-0.42981461466145254,1.0823380271753442,-0.0071171740506968135,0.46421839881351007,0
5901,0.5259105276713423,1.2686219983162927,0.8663861441073221,-1.396310719161417,-0.7570242935387513,0.46421839881351007,0
8318,0.6653656717366646,0.6261520151032652,0.5104076923010067,-0.2696521980992527,0.6178054255226819,-0.922658145359632,1
5755,0.1075450954753754,-0.24444136794627191,-0.15098409031640853,0.4583425385870686,1.7426661047547638,-0.922658145359632,1
7205,-0.031910048589946886,-0.6122321554377876,-0.05938898542793279,1.6231341172851836,1.117743505181385,0.46421839881351007,1
8161,-1.0080960570472028,-0.9381227266328015,-0.9441341310699275,-0.2696521980992527,-0.6320397736240756,0.46421839881351007,0
1400,-0.17136519265526917,-0.5610207799642855,-0.049564904777433895,0.8365216225799632,0.2428518657786547,0.46421839881351007,0
1713,0.5259105276713423,0.17921637460724618,-0.01258013056379088,0.3612765736955594,-0.0071171740506968135,0.46421839881351007,1
6798,2.8966479767818214,3.7686682373408993,3.111766459843423,-0.019283637863216328,0.9927589852667092,0.46421839881351007,1
3779,-1.984282065504459,-1.3757472079518203,-1.427247744235641,-1.2353595018668222,-1.1319778532827784,0.46421839881351007,0
5143,0.9442759598673092,0.3887174560897551,1.1290358297338972,0.9020726638053981,0.7427899454373577,-0.922658145359632,1
6785,-2.1237372095697813,-1.440925322190823,-1.519998623318293,-1.1709790149489838,-0.38207073379472406,-0.922658145359632,0
8066,-0.7291857689165584,-0.6075765758492874,-0.7256928083705976,-0.7896484385894823,2.2426041844134668,-0.922658145359632,0
1199,0.5259105276713423,0.17921637460724618,0.9039488054180534,0.3612765736955594,0.7427899454373577,-0.922658145359632,1
4980,1.6415516801939205,2.1624932793083307,1.8187440801086325,-0.4949839023116854,-0.2570862138800483,0.46421839881351007,1
4400,-0.031910048589946886,-0.30496390259677447,-0.0784592596318426,0.25034404239097685,0.2428518657786547,0.46421839881351007,0
1476,1.781006824259243,1.9483366182373216,2.047876314104094,-0.023835793503871668,-0.6320397736240756,0.46421839881351007,1
4342,1.362641392063276,1.343111271732296,1.353544966952653,0.0007458469556669184,0.36783638569333044,3.2379714871597938,1
118,-0.8686409129818806,-0.7425883839157932,-0.9903650988369814,-0.7203156065241186,-2.006869492685509,0.46421839881351007,0
5689,-0.17136519265526917,-0.2677192658887729,-0.2619384129573379,-0.2696521980992527,-0.2570862138800483,0.46421839881351007,0
779,-0.17136519265526917,-0.3654864372472771,-0.48644755017609365,0.04234554619488514,0.36783638569333044,0.46421839881351007,0
3006,1.0837311039326314,1.1568880881922878,1.0062348216026602,-0.2696521980992527,-0.5070552537093999,0.46421839881351007,1
2028,-0.31082033672059145,-0.2397857883577717,-0.5396131631082056,-0.7203156065241186,0.8677744653520334,-0.922658145359632,0
4381,-0.8686409129818806,-0.7425883839157932,-0.7407178728948903,-0.7203156065241186,-0.38207073379472406,-0.922658145359632,0
6714,-1.2870063451778475,-1.394369526305821,-1.158241300541096,4.462313590361837,-1.6319159329414814,-0.922658145359632,0
8745,0.2470002395406977,-0.07218492317176455,0.26942877281523814,0.3097721841612886,-2.1318540126001846,0.46421839881351007,1
52,-0.17136519265526917,-0.854322294039798,-0.613871655084036,2.7723258087685907,1.4926970649254123,0.46421839881351007,1
6199,-0.31082033672059145,-0.3328973801277757,-0.5685075179626143,-0.46279365885276647,0.9927589852667092,0.46421839881351007,0
950,1.5020965361285983,1.8971252427638194,1.9970222495603343,-0.4459987492220264,-0.0071171740506968135,-0.922658145359632,1
5674,-0.5897306248512361,-0.6308544737917884,-0.8522500826329078,-0.2696521980992527,3.117495823816197,-0.922658145359632,1
990,0.5259105276713423,0.05817130530624101,0.13767051467913438,0.6960551056683167,-1.0069933333681027,0.46421839881351007,0
2830,0.5259105276713423,0.4213065132092565,0.32548382123279096,-0.19012336131839436,-0.38207073379472406,-0.922658145359632,0
47,-0.5897306248512361,-0.7984553389777955,-0.935465824613605,0.5415419370655056,0.9927589852667092,0.46421839881351007,0
2928,-1.0080960570472028,-0.7286216451502926,-1.0264830424049924,-1.2056454309816662,-1.5069314130268057,0.46421839881351007,0
8261,-1.7053717773738144,-1.1243459101728095,-1.2590825989829824,-1.867458827969231,1.617681584840088,-0.922658145359632,0
8629,0.38645538360602,0.1093826807797432,0.530922684247637,0.18101121032561315,0.11786734586397894,-0.922658145359632,1
562,0.5259105276713423,0.6633966518112668,0.6860853698158118,-0.6254390994873045,0.8677744653520334,0.46421839881351007,1
3616,1.6415516801939205,1.8459138672903173,1.8187440801086325,-0.1467439958015622,0.36783638569333044,0.46421839881351007,1
8644,0.2470002395406977,0.7099524476962689,0.7825925150295365,-1.2353595018668222,0.8677744653520334,-0.922658145359632,0
2526,-0.031910048589946886,-0.40738665354377884,-0.5552161147295862,0.6316746187504784,-0.38207073379472406,-0.922658145359632,0
6294,-1.5659166333084922,-1.4316141630138226,-1.3053135667500364,3.1103233650872397,-0.0071171740506968135,-0.922658145359632,0
5490,1.362641392063276,1.4920898185643021,1.31656019273901,-0.205271711181415,-0.6320397736240756,0.46421839881351007,1
232,-0.031910048589946886,-0.10011840070276574,-0.3708701307584588,-0.35978487978422613,-1.5069314130268057,0.46421839881351007,0
7584,-0.17136519265526917,-0.16995209453026872,-0.3165487436321706,-0.5400502431541724,1.117743505181385,0.46421839881351007,1
6807,0.6653656717366646,0.5004513662137599,0.31537079703374793,-0.031065687756677028,0.9927589852667092,-0.922658145359632,1
7853,0.5259105276713423,0.6633966518112668,0.8137984182722982,-0.6254390994873045,-1.0069933333681027,1.851094942986652,0
7668,1.362641392063276,1.343111271732296,1.353544966952653,0.0007458469556669184,0.36783638569333044,0.46421839881351007,1
1330,1.5020965361285983,1.4362228635022998,1.5202653944625906,0.13594486948312615,-0.2570862138800483,0.46421839881351007,1
271,0.6653656717366646,0.6261520151032652,0.5650180229758391,-0.2696521980992527,-0.0071171740506968135,-0.922658145359632,1
547,0.6653656717366646,0.6261520151032652,0.44799588581548383,-0.2696521980992527,0.2428518657786547,-0.922658145359632,1
5307,0.8048208158019868,1.7528022755203134,0.921285418330699,-1.413643927177758,-0.0071171740506968135,-0.922658145359632,1
808,0.2470002395406977,0.2630168072002498,0.19314767599959892,-0.5082387084418284,-1.7569004528561571,0.46421839881351007,1
2706,0.1075450954753754,-0.030284706875262763,-0.33706373557880054,-0.1795195164142793,-1.5069314130268057,-0.922658145359632,0
1831,-0.031910048589946886,-0.2025411516497701,-0.517075566321767,-0.07651073734573895,-0.6320397736240756,-0.922658145359632,0
2381,1.2231862479979538,0.6727078109882673,0.8325797489276638,0.9133392490160197,0.36783638569333044,1.851094942986652,1
7678,-1.0080960570472028,-0.8682890328052986,-1.0438196553176375,-0.6383768049923249,0.36783638569333044,0.46421839881351007,0
916,-1.984282065504459,-1.3385025712438186,-1.4619209700609315,-1.6216424233738498,-0.5070552537093999,-0.922658145359632,0
3959,-1.1475512011125253,-0.9846785225178035,-1.1862688247498723,-0.5400502431541724,-0.38207073379472406,-0.922658145359632,0
7663,-1.8448269214391366,-1.3431581508323187,-1.4295592926239937,-0.849076580359794,-0.2570862138800483,-0.922658145359632,0
741,-0.31082033672059145,-0.42600897189777964,-0.4009202598070438,-0.16565295000120656,1.2427280250960608,-0.922658145359632,0
7119,-0.5897306248512361,-0.7984553389777955,-0.8470490987591144,0.5415419370655056,-1.38194689311213,0.46421839881351007,0
4982,0.5259105276713423,0.05817130530624101,-0.020092662825936882,0.6960551056683167,1.2427280250960608,0.46421839881351007,1
1022,1.6415516801939205,2.004203573299324,1.1801788378262008,-0.32843438180684414,-0.13210169396537258,-0.922658145359632,1
680,-0.7291857689165584,-0.8450111348627976,-0.9221744213805768,0.271143892010586,-1.2569623731974542,0.46421839881351007,0
6896,-1.0080960570472028,-0.5889542574952866,-0.8791218326475079,-1.6216424233738498,-0.6320397736240756,0.46421839881351007,0
8509,-0.17136519265526917,-0.16995209453026872,-0.29227748555446703,-0.5400502431541724,-2.2568385325148603,1.851094942986652,0
3512,-1.0080960570472028,-1.0777901142878075,-0.9701390504388954,0.7443404708566951,0.9927589852667092,0.46421839881351007,0
1100,0.5259105276713423,0.05817130530624101,0.14518304694128073,0.6960551056683167,1.4926970649254123,0.46421839881351007,1
4679,0.8048208158019868,0.7099524476962689,0.6704824181944312,-0.11943106195763077,-1.7569004528561571,-0.922658145359632,0
1802,0.9442759598673092,0.9287646883557782,1.288243724981689,-0.19849481782164213,0.9927589852667092,-0.922658145359632,1
2825,0.2470002395406977,-0.2956527434197741,0.42199096644651635,1.0823380271753442,-0.2570862138800483,-0.922658145359632,0
4832,-2.2631923536351035,-1.3850583671288206,-1.5890561314203298,-2.5229692402235813,-0.8820088134534271,-0.922658145359632,0
619,0.2470002395406977,-0.07218492317176455,-0.36855858237010597,0.3097721841612886,2.992511303901521,-0.922658145359632,1
2604,-0.5897306248512361,-0.714654906384792,-0.5037841630887387,0.09907240879381946,0.8677744653520334,-0.922658145359632,0
5702,1.5020965361285983,1.5898569899228063,2.1591195802935674,-0.07651073734573895,-0.6320397736240756,0.46421839881351007,1
988,1.6415516801939205,2.3207829853173374,1.8285681607591318,-0.6482094611761396,0.9927589852667092,-0.922658145359632,1
4707,0.5259105276713423,0.5423515825102617,0.03249506300908677,-0.4198733342408747,0.7427899454373577,0.46421839881351007,1
6778,0.9442759598673092,0.9287646883557782,0.8692755795927627,-0.19849481782164213,1.617681584840088,0.46421839881351007,1
3669,1.5020965361285983,0.8216863578202737,1.6346870396860496,1.251336805334669,-2.506807572344212,1.851094942986652,1
1681,-1.4264614892431697,-1.0219231592258051,-0.985742002060276,-1.3758260187784688,-0.5070552537093999,0.46421839881351007,0
7303,-0.7291857689165584,-0.7658662818582942,-0.7551650503220947,-0.1467439958015622,-0.6320397736240756,0.46421839881351007,0
1910,-2.2631923536351035,-1.5526592323148278,-1.6549352604883818,1.0823380271753442,-0.2570862138800483,-0.922658145359632,0
4800,0.6653656717366646,0.877553312882276,0.39338555514065143,-0.6752492656816316,0.7427899454373577,0.46421839881351007,1
5950,0.6653656717366646,0.877553312882276,1.0097021441851894,-0.6752492656816316,-0.13210169396537258,-0.922658145359632,1
8141,-0.031910048589946886,0.0023043502442386295,0.016892111387706132,-0.6076497544179019,-0.5070552537093999,-0.922658145359632,0
2076,0.6653656717366646,0.877553312882276,0.8848785312141436,-0.6752492656816316,0.11786734586397894,0.46421839881351007,0
343,1.6415516801939205,1.2127550432542904,1.7696236768561378,0.7818957548921004,-0.2570862138800483,-0.922658145359632,1
4261,0.1075450954753754,-0.030284706875262763,0.04174125656249736,-0.1795195164142793,-1.1319778532827784,-0.922658145359632,1
7800,-0.17136519265526917,-0.3654864372472771,-0.15878556612709868,0.04234554619488514,-1.8818849727708329,0.46421839881351007,0
4913,0.1075450954753754,-0.6727546900882901,0.1746552888927774,2.5845493885915625,-0.38207073379472406,1.851094942986652,0
6105,0.9442759598673092,0.9287646883557782,0.7100676843449709,-0.19849481782164213,0.9927589852667092,0.46421839881351007,1
7713,-1.0080960570472028,-1.0777901142878075,-0.9528024375262502,0.7443404708566951,-0.6320397736240756,0.46421839881351007,0
843,-0.7291857689165584,-0.528431722844784,-0.6863964857686017,-1.0422180411133084,0.11786734586397894,-0.922658145359632,0
2559,1.2231862479979538,0.6727078109882673,1.0296392490347313,0.9133392490160197,-0.38207073379472406,1.851094942986652,1
134,0.5259105276713423,-0.18391883329576933,0.2879211599220597,1.5330014356002095,-0.5070552537093999,1.851094942986652,0
4854,1.6415516801939205,1.3710447492632971,1.9366330479146205,0.5130789849544614,0.7427899454373577,1.851094942986652,1
6656,-1.1475512011125253,-0.854322294039798,-1.2226757118664273,-1.1709790149489838,1.2427280250960608,0.46421839881351007,0
7518,1.5020965361285983,2.050759369184326,1.7586438220114624,-0.6076497544179019,-0.2570862138800483,-0.922658145359632,0
3077,-0.8686409129818806,-0.66809911049979,-1.0273498730506245,-0.997646934785574,0.7427899454373577,0.46421839881351007,0
6426,0.8048208158019868,0.3188837622622521,0.1769668372811303,0.7218073004354518,-0.13210169396537258,0.46421839881351007,1
640,-1.5659166333084922,-1.3291914120668182,-1.1877135424925929,0.6316746187504784,-0.7570242935387513,-0.922658145359632,0
1520,-1.0080960570472028,-0.9381227266328015,-1.1478393327935088,-0.2696521980992527,-0.13210169396537258,-0.922658145359632,0
3916,0.1075450954753754,-0.030284706875262763,-0.5297890824577066,-0.1795195164142793,0.36783638569333044,-0.922658145359632,1
3403,1.0837311039326314,1.1568880881922878,0.832868692476208,-0.2696521980992527,-1.8818849727708329,-0.922658145359632,1
8913,-0.5897306248512361,-0.5470540411987849,-0.025293646699730644,-0.5816499423933906,-0.5070552537093999,-0.922658145359632,0
5687,0.38645538360602,0.1093826807797432,0.19863760342193684,0.18101121032561315,0.36783638569333044,0.46421839881351007,1
4215,-0.8686409129818806,-0.7425883839157932,-0.6944869051278364,-0.7203156065241186,-1.38194689311213,-0.922658145359632,0
5323,0.6653656717366646,0.5004513662137599,0.9160844344569049,-0.031065687756677028,0.7427899454373577,0.46421839881351007,1
6604,1.0837311039326314,1.1568880881922878,1.2056058700980803,-0.2696521980992527,1.2427280250960608,-0.922658145359632,1
5879,-0.4502754807859138,-0.574987518729786,-0.4896259292100785,-0.044320493886820085,1.117743505181385,0.46421839881351007,0
2838,-0.31082033672059145,-0.2397857883577717,-0.059966872525021093,-0.7203156065241186,-0.7570242935387513,-0.922658145359632,0
1179,-0.7291857689165584,-1.0033008408718043,-0.995855026259319,1.4203355834939935,-1.0069933333681027,0.46421839881351007,0
8757,0.2470002395406977,0.2630168072002498,-0.14664993708824722,-0.5082387084418284,0.4928209056080062,-0.922658145359632,0
6030,-1.1475512011125253,-0.9195004082788008,-1.2186305021868102,-0.884193209587706,-0.2570862138800483,-0.922658145359632,0
848,-2.4026474977004257,-1.5666259710803283,-1.6491563895174999,0.18101121032561315,1.617681584840088,-0.922658145359632,0
4524,0.8048208158019868,0.3188837622622521,0.5167644503689768,0.7218073004354518,0.6178054255226819,0.46421839881351007,1
3135,0.5259105276713423,0.17921637460724618,0.4156342083785463,0.3612765736955594,1.4926970649254123,1.851094942986652,1
1333,0.6653656717366646,0.24905006843474917,-0.3087472678214801,0.5415419370655056,0.9927589852667092,0.46421839881351007,1
4934,-0.5897306248512361,-0.9660562041638027,-0.9198628729922241,1.7583331398126427,0.2428518657786547,0.46421839881351007,0
4272,1.0837311039326314,1.296555475847294,1.0062348216026602,-0.46279365885276647,1.4926970649254123,-0.922658145359632,1
4164,-0.17136519265526917,-0.16995209453026872,-0.45610847757896456,-0.5400502431541724,-1.6319159329414814,-0.922658145359632,0
4778,0.38645538360602,0.1093826807797432,0.43701603097080866,0.18101121032561315,-1.38194689311213,1.851094942986652,1
4012,0.38645538360602,0.34216166020475314,0.7331831682284983,-0.3491810348801111,0.2428518657786547,0.46421839881351007,1
682,-0.7291857689165584,-0.2118523108267705,-1.0793597117885603,-1.7718635595154717,-0.7570242935387513,-0.922658145359632,0
435,-1.4264614892431697,-1.2453909794738147,-1.4260919700414647,0.3097721841612886,-0.38207073379472406,-0.922658145359632,0
7915,-1.7053717773738144,-1.1709017060578115,-1.423780421653112,-1.6216424233738498,-2.7567766121735633,0.46421839881351007,0
8389,-2.2631923536351035,-1.6364596649078313,-1.6809401798573496,-4.325622873923043,-0.38207073379472406,-0.922658145359632,0
6779,0.38645538360602,0.1093826807797432,0.7620775230829067,0.18101121032561315,-0.5070552537093999,0.46421839881351007,1
5799,-0.031910048589946886,-0.2025411516497701,-0.25009172746703023,-0.07651073734573895,-0.5070552537093999,0.46421839881351007,0
7790,1.0837311039326314,0.5982185375722641,0.9628932893210471,0.7443404708566951,0.11786734586397894,3.2379714871597938,1
340,-0.031910048589946886,-0.2025411516497701,-0.29458903394281993,-0.07651073734573895,-0.38207073379472406,0.46421839881351007,0
1603,-0.17136519265526917,-0.46325360860578124,-0.05563271929685979,0.4063429145380458,0.4928209056080062,-0.922658145359632,0
6369,0.2470002395406977,0.15128289707624498,0.29716735347547024,-0.2696521980992527,-0.5070552537093999,-0.922658145359632,0
6620,-0.031910048589946886,-0.30496390259677447,-0.14202684031154175,0.25034404239097685,-0.13210169396537258,-0.922658145359632,0
1423,0.6653656717366646,0.6261520151032652,0.8848785312141436,-0.2696521980992527,1.2427280250960608,-0.922658145359632,1
3865,-0.17136519265526917,-0.07218492317176455,0.08392701464993446,-0.7766485325772265,0.2428518657786547,-0.922658145359632,1
2450,-0.7291857689165584,-0.6867214288537907,-0.6421881228413565,-0.4949839023116854,0.36783638569333044,0.46421839881351007,0
2609,0.2470002395406977,0.2630168072002498,0.324905934135703,-0.5082387084418284,0.36783638569333044,0.46421839881351007,0
1707,-0.8686409129818806,-0.7425883839157932,-0.5789094857102015,-0.7203156065241186,1.117743505181385,-0.922658145359632,0
7677,-0.8686409129818806,-1.2640132978278154,-0.9348879375165168,4.327114567834378,-0.8820088134534271,-0.922658145359632,0
5788,-0.5897306248512361,-1.0498566367568063,-0.8262451632639399,2.6274697132034555,1.3677125450107366,0.46421839881351007,0
6997,0.6653656717366646,0.877553312882276,0.8146652489179306,-0.6752492656816316,0.9927589852667092,-0.922658145359632,0
5003,-0.5897306248512361,-0.714654906384792,-0.3529556307487253,0.09907240879381946,0.7427899454373577,-0.922658145359632,0
6036,-0.8686409129818806,-0.8915669307477996,-0.9256417439631061,0.0007458469556669184,0.36783638569333044,0.46421839881351007,0
4370,-1.2870063451778475,-1.394369526305821,-1.1056535747060723,4.462313590361837,0.11786734586397894,1.851094942986652,0
5584,-1.7053717773738144,-1.1709017060578115,-1.270640340924746,-1.6216424233738498,0.11786734586397894,-0.922658145359632,0
8116,0.9442759598673092,0.7937528802892724,1.011724749024998,0.03079007418399119,-1.1319778532827784,0.46421839881351007,0
3314,-0.31082033672059145,-0.7053437472077916,-0.3142371952438177,1.0823380271753442,-0.7570242935387513,0.46421839881351007,1
8911,-0.4502754807859138,-0.6634435309112898,-0.4127669452973513,0.3448888133892005,0.11786734586397894,0.46421839881351007,0
2127,1.0837311039326314,0.73788592522727,1.344298773399242,0.446107332928475,0.2428518657786547,0.46421839881351007,1
41,0.9442759598673092,1.1987883044887897,1.715591233278394,-0.5915546326884425,2.3675887043281425,-0.922658145359632,1
5328,-0.17136519265526917,0.1233494195452438,-0.11024304997169218,-1.1709790149489838,1.4926970649254123,-0.922658145359632,0
8705,-0.8686409129818806,-1.040545477579806,-0.9996112923903921,1.0823380271753442,0.9927589852667092,0.46421839881351007,0
2732,0.6653656717366646,0.24905006843474917,1.1969375636417576,0.5415419370655056,0.36783638569333044,0.46421839881351007,1
2470,-0.8686409129818806,-0.8915669307477996,-0.25991580811752946,0.0007458469556669184,0.8677744653520334,-0.922658145359632,0
3025,-0.031910048589946886,-0.2025411516497701,-0.7077783083608644,-0.07651073734573895,0.2428518657786547,-0.922658145359632,1
4836,0.2470002395406977,0.03954898695224022,0.40812167611639993,0.0007458469556669184,0.11786734586397894,-0.922658145359632,0
7580,-1.0080960570472028,-1.2174575019428135,-1.0871611875992506,2.434328252449941,0.36783638569333044,0.46421839881351007,0
3814,-0.17136519265526917,-0.2677192658887729,-0.39543033238470626,-0.2696521980992527,-2.1318540126001846,0.46421839881351007,0
1511,-1.8448269214391366,-1.468858799721824,-1.4321597845608904,1.7583331398126427,-0.2570862138800483,-0.922658145359632,0
3141,-1.5659166333084922,-1.3291914120668182,-1.3847730425996603,0.6316746187504784,-0.7570242935387513,-0.922658145359632,0
846,-0.17136519265526917,-0.16995209453026872,-0.6017360260451844,-0.5400502431541724,-0.2570862138800483,-0.922658145359632,0
1706,0.38645538360602,0.34216166020475314,0.5020283293932283,-0.3491810348801111,1.117743505181385,-0.922658145359632,0
4592,-0.5897306248512361,-0.5470540411987849,-0.8158431955163528,-0.5816499423933906,0.7427899454373577,-0.922658145359632,0
3832,-0.031910048589946886,-0.10011840070276574,-0.4662215017780076,-0.35978487978422613,-0.38207073379472406,0.46421839881351007,0
3507,-0.5897306248512361,-0.2118523108267705,-0.10330840480663415,-1.4625847498121325,0.9927589852667092,0.46421839881351007,0
8191,0.1075450954753754,0.29095028473125095,0.12813537757717966,-0.8705367426657405,-0.2570862138800483,1.851094942986652,0
882,-1.1475512011125253,-0.9846785225178035,-1.2671730183422167,-0.5400502431541724,-1.1319778532827784,-0.922658145359632,0
3573,0.2470002395406977,-0.18391883329576933,0.16540909533936682,0.6663410347831609,-1.2569623731974542,0.46421839881351007,0
6954,1.9204619683245652,2.38596109955634,1.8782664511087148,-0.2696521980992527,0.11786734586397894,0.46421839881351007,1
7177,-0.31082033672059145,-0.42600897189777964,0.11339925660143114,-0.16565295000120656,1.117743505181385,0.46421839881351007,0
1328,0.8048208158019868,1.3617335900862966,0.9860087732045741,-1.0338205862979377,-0.7570242935387513,0.46421839881351007,1
2,2.0599171123898876,0.9473870067097789,1.4578535879770682,2.3441955707649687,0.11786734586397894,1.851094942986652,1
2629,-1.4264614892431697,-1.2453909794738147,-1.0689577440409732,0.3097721841612886,-1.7569004528561571,-0.922658145359632,0
8221,0.5259105276713423,0.5423515825102617,1.3096255475739516,-0.4198733342408747,1.3677125450107366,0.46421839881351007,1
2565,-1.0080960570472028,-0.9381227266328015,-0.8401144535940561,-0.2696521980992527,-0.0071171740506968135,0.46421839881351007,0
3992,0.9442759598673092,0.7937528802892724,0.4838248858349509,0.03079007418399119,0.9927589852667092,-0.922658145359632,1
6831,0.2470002395406977,0.4864846274482593,0.3526445147959351,-0.9100686205977462,0.8677744653520334,-0.922658145359632,1
5064,0.2470002395406977,0.15128289707624498,0.5676185149127358,-0.2696521980992527,0.36783638569333044,-0.922658145359632,0
4300,-0.031910048589946886,0.104727101191243,0.04867590172755571,-0.8263540555652631,0.9927589852667092,-0.922658145359632,0
39,-0.7291857689165584,-0.7658662818582942,-0.995855026259319,-0.1467439958015622,0.11786734586397894,-0.922658145359632,0
8380,0.9442759598673092,0.5237292641562609,0.7687232246994204,0.5753416926973705,0.36783638569333044,0.46421839881351007,1
4127,2.0599171123898876,3.014464344003867,2.4414174272211406,-0.6201681824297035,0.7427899454373577,-0.922658145359632,1
1362,-0.5897306248512361,-0.7984553389777955,-0.3633575984963125,0.5415419370655056,-0.6320397736240756,0.46421839881351007,1
111,-0.31082033672059145,-0.6122321554377876,-0.32579493718558117,0.5907052179845815,-2.6317920922588875,0.46421839881351007,0
4086,-0.031910048589946886,-0.40738665354377884,0.17581106308695402,0.6316746187504784,0.11786734586397894,0.46421839881351007,0
5021,0.8048208158019868,0.5795962192182633,0.8565620634568228,0.12799198580504031,-1.1319778532827784,0.46421839881351007,1
5422,0.38645538360602,0.574940639629763,0.2419791357035499,-0.767753860042525,-1.6319159329414814,-0.922658145359632,0
6933,-0.031910048589946886,-0.5098094044907833,-0.5488593566616166,1.0823380271753442,-0.13210169396537258,1.851094942986652,1
6637,0.1075450954753754,-0.24444136794627191,-0.018070057986128468,0.4583425385870686,1.3677125450107366,1.851094942986652,1
5527,1.0837311039326314,1.296555475847294,0.763522240825627,-0.46279365885276647,-1.6319159329414814,-0.922658145359632,0
1811,-1.2870063451778475,-1.0312343184028054,-0.6473891067151502,-0.8104482882090914,0.4928209056080062,0.46421839881351007,0
3129,0.9442759598673092,0.3887174560897551,1.045242200656112,0.9020726638053981,0.4928209056080062,-0.922658145359632,0
6528,0.1075450954753754,-0.24444136794627191,-0.1975040016320066,0.4583425385870686,-0.6320397736240756,-0.922658145359632,0
5929,-0.031910048589946886,-0.2025411516497701,-0.2564484855350003,-0.07651073734573895,-1.1319778532827784,0.46421839881351007,0
4602,0.5259105276713423,0.4213065132092565,0.24284596634918235,-0.19012336131839436,0.2428518657786547,0.46421839881351007,0
5907,-1.0080960570472028,-0.9381227266328015,-1.234522397356735,-0.2696521980992527,-0.38207073379472406,0.46421839881351007,0
6554,-1.7053717773738144,-1.3571248895978194,-1.5249106636435426,0.18101121032561315,-0.7570242935387513,0.46421839881351007,0
1826,0.8048208158019868,0.5795962192182633,0.4115889986989288,0.12799198580504031,-1.7569004528561571,-0.922658145359632,1
5821,-1.7053717773738144,-1.3105690937128174,-1.270640340924746,-0.46279365885276647,-0.5070552537093999,-0.922658145359632,0
3250,-0.031910048589946886,-0.40738665354377884,0.03596238559161594,0.6316746187504784,0.8677744653520334,0.46421839881351007,1
8699,-0.8686409129818806,-0.66809911049979,-0.726848582564774,-0.997646934785574,-0.8820088134534271,-0.922658145359632,0
6870,1.5020965361285983,1.8971252427638194,2.0065573866622897,-0.4459987492220264,-0.0071171740506968135,0.46421839881351007,1
7213,1.2231862479979538,0.8170307782317734,1.092339999068798,0.6051650064901923,-0.13210169396537258,0.46421839881351007,0
7847,-1.1475512011125253,-0.9195004082788008,-1.2024496634683413,-0.884193209587706,0.6178054255226819,0.46421839881351007,0
5723,0.2470002395406977,-0.18391883329576933,0.13073586951407637,0.6663410347831609,0.2428518657786547,1.851094942986652,1
4608,1.0837311039326314,1.5758902511573059,1.1796009507291125,-0.7986918514675733,0.36783638569333044,0.46421839881351007,1
5520,0.38645538360602,-0.007006808932761768,0.31421502283957164,0.502913644914803,0.8677744653520334,-0.922658145359632,1
6389,0.1075450954753754,-0.45859802901728103,-0.4168121549769686,1.3281544317707252,0.7427899454373577,1.851094942986652,0
4445,0.9442759598673092,0.5237292641562609,1.2966230878894678,0.5753416926973705,0.8677744653520334,0.46421839881351007,1
3534,0.38645538360602,0.22577217049224818,-0.22033054196698942,-0.1006534199399281,0.2428518657786547,0.46421839881351007,1
3262,1.6415516801939205,1.6876241612813105,1.2489474023796934,0.052250236489937096,0.8677744653520334,-0.922658145359632,1
2721,-0.4502754807859138,-0.48653150654828226,-0.8135316471280002,-0.3736514461972989,-0.5070552537093999,0.46421839881351007,0
8051,0.1075450954753754,-0.45859802901728103,-0.48991487275862267,1.3281544317707252,-0.0071171740506968135,-0.922658145359632,1
4056,-0.5897306248512361,-0.6308544737917884,-0.9458677923611919,-0.2696521980992527,-2.506807572344212,0.46421839881351007,0
5032,-0.031910048589946886,-0.2025411516497701,0.07410293399943524,-0.07651073734573895,-1.2569623731974542,1.851094942986652,0
8860,0.5259105276713423,0.3002614439082513,0.5733973858836179,0.06834535821939652,-0.8820088134534271,1.851094942986652,1
3820,-0.4502754807859138,-0.8403555552742974,-0.5445252034334551,1.3827802994585883,-1.1319778532827784,-0.922658145359632,0
177,-0.5897306248512361,-0.6308544737917884,-0.7690343406522109,-0.2696521980992527,-1.6319159329414814,0.46421839881351007,0
8457,-0.31082033672059145,0.03954898695224022,-0.7707680019434753,-1.3212001510906057,-0.13210169396537258,-0.922658145359632,0
6122,-0.8686409129818806,-0.7425883839157932,-0.5234323243897366,-0.7203156065241186,0.6178054255226819,-0.922658145359632,0
3943,-0.31082033672059145,-0.5191205636677836,-0.7418736470890666,0.18101121032561315,0.7427899454373577,-0.922658145359632,0
2006,0.5259105276713423,0.3002614439082513,0.1301579824169884,0.06834535821939652,1.7426661047547638,-0.922658145359632,1
5431,-1.4264614892431697,-1.0219231592258051,-1.2700624538276577,-1.3758260187784688,0.11786734586397894,0.46421839881351007,0
6846,-0.4502754807859138,-0.574987518729786,-1.0276388165991686,-0.044320493886820085,-0.13210169396537258,0.46421839881351007,1
6633,-0.5897306248512361,-0.46325360860578124,-0.5453920340790873,-0.849076580359794,-0.8820088134534271,-0.922658145359632,0
6360,-0.7291857689165584,-0.2118523108267705,-0.6471001631666061,-1.7718635595154717,1.3677125450107366,-0.922658145359632,0
5776,-0.4502754807859138,-0.574987518729786,-0.2864986145835853,-0.044320493886820085,0.6178054255226819,3.2379714871597938,0
943,-1.8448269214391366,-1.2593577182393152,-1.2631278086625997,-1.6216424233738498,0.36783638569333044,-0.922658145359632,0
2468,0.5259105276713423,0.3002614439082513,0.7612106924372745,0.06834535821939652,-0.38207073379472406,-0.922658145359632,1
6187,0.6653656717366646,0.6261520151032652,0.8692755795927627,-0.2696521980992527,2.117619664498791,-0.922658145359632,1
1281,-0.031910048589946886,0.104727101191243,0.21395161149477332,-0.8263540555652631,0.4928209056080062,-0.922658145359632,0
2181,0.38645538360602,0.34216166020475314,0.8921021199277458,-0.3491810348801111,0.11786734586397894,-0.922658145359632,1
4262,0.38645538360602,-0.007006808932761768,0.15529607114032376,0.502913644914803,0.9927589852667092,0.46421839881351007,1
8028,-1.2870063451778475,-1.3338469916553184,-1.1920476957207542,2.7047262975048607,-0.5070552537093999,0.46421839881351007,0
2818,0.2470002395406977,0.2630168072002498,0.720180708544014,-0.5082387084418284,0.7427899454373577,-0.922658145359632,1
4743,0.9442759598673092,0.6587410722227667,0.8776549425005414,0.28704965936675764,1.4926970649254123,1.851094942986652,1
5749,1.0837311039326314,1.4362228635022998,0.9368883699520792,-0.6383768049923249,-0.13210169396537258,-0.922658145359632,1
6374,0.38645538360602,0.22577217049224818,0.530922684247637,-0.1006534199399281,0.2428518657786547,0.46421839881351007,0
187,-0.7291857689165584,-1.0033008408718043,-0.9221744213805768,1.4203355834939935,0.4928209056080062,-0.922658145359632,0
4110,0.2470002395406977,0.7099524476962689,0.4635988374368645,-1.2353595018668222,-0.8820088134534271,-0.922658145359632,1
5517,-0.31082033672059145,-0.14667419658776773,-0.10619784029207502,-0.9456473107365512,-0.13210169396537258,-0.922658145359632,0
4989,0.1075450954753754,-0.13736303741076733,-0.05794426768521268,0.11663072340777482,0.2428518657786547,1.851094942986652,0
3364,-0.31082033672059145,-0.5191205636677836,-0.0888612273794298,0.18101121032561315,0.8677744653520334,0.46421839881351007,0
5604,0.6653656717366646,0.3747507173242545,0.9472903376996662,0.23734413637872115,0.36783638569333044,-0.922658145359632,1
8937,-1.8448269214391366,-1.4269585834253224,-1.4009538813181293,0.5415419370655056,-0.5070552537093999,-0.922658145359632,0
3997,0.1075450954753754,0.07679362366024181,0.4936489664854498,-0.43865097625857735,1.3677125450107366,-0.922658145359632,1
8344,0.9442759598673092,1.1987883044887897,0.08999482916936036,-0.5915546326884425,-0.0071171740506968135,0.46421839881351007,1
2814,0.2470002395406977,0.2630168072002498,0.15153980500925077,-0.5082387084418284,-0.0071171740506968135,-0.922658145359632,0
3705,-0.31082033672059145,-0.7984553389777955,-0.3026794533020542,1.683222571741832,-1.2569623731974542,-0.922658145359632,0
3763,0.38645538360602,0.691330129342268,0.06861300657709765,-0.9456473107365512,3.3674648636455484,-0.922658145359632,1
847,-1.2870063451778475,-0.9101892491018003,-1.1657538328032422,-1.396310719161417,0.11786734586397894,-0.922658145359632,0
424,-0.5897306248512361,-0.8822557715707992,-0.8886569697494628,1.0823380271753442,-1.8818849727708329,0.46421839881351007,0
1981,-0.7291857689165584,-0.9241559878673009,-0.4948269130838721,0.7818957548921004,-0.5070552537093999,0.46421839881351007,0
3722,-0.7291857689165584,-0.6867214288537907,-0.40149814690413216,-0.4949839023116854,0.2428518657786547,0.46421839881351007,0
5869,-0.4502754807859138,-0.48653150654828226,-0.7915719374386495,-0.3736514461972989,-1.0069933333681027,0.46421839881351007,0
3478,-1.2870063451778475,-1.2128019223543132,-1.1807788973275348,0.6960551056683167,0.4928209056080062,1.851094942986652,0
3227,1.362641392063276,1.0451541780682831,1.6956541284288518,0.48145348260885645,1.2427280250960608,3.2379714871597938,1
3549,0.5259105276713423,0.3002614439082513,0.22030836956274336,0.06834535821939652,1.2427280250960608,0.46421839881351007,1
6892,-0.17136519265526917,-0.3654864372472771,-0.09810742093284039,0.04234554619488514,1.2427280250960608,0.46421839881351007,0
3319,-0.031910048589946886,0.104727101191243,0.13131375661116468,-0.8263540555652631,-1.1319778532827784,-0.922658145359632,0
4704,-2.1237372095697813,-1.440925322190823,-1.463365687803652,-1.1709790149489838,0.11786734586397894,-0.922658145359632,0
1772,-1.984282065504459,-1.4502364813678235,-1.267750905439305,0.0007458469556669184,0.11786734586397894,-0.922658145359632,0
2050,-1.5659166333084922,-1.2267686611198139,-1.3943081797016152,-0.6076497544179019,-0.13210169396537258,0.46421839881351007,0
6069,-0.031910048589946886,0.4119953540322561,-0.11024304997169218,-1.35124437831893,1.3677125450107366,0.46421839881351007,0
1490,-0.4502754807859138,-0.6634435309112898,-0.7805920825939744,0.3448888133892005,0.36783638569333044,0.46421839881351007,1
3833,-0.7291857689165584,-1.0033008408718043,-1.0940958327643087,1.4203355834939935,0.2428518657786547,-0.922658145359632,0
5613,-0.17136519265526917,-0.07218492317176455,0.017181054936249957,-0.7766485325772265,-0.6320397736240756,-0.922658145359632,0
818,-2.1237372095697813,-1.3757472079518203,-1.6231514701485321,-1.959639979692499,-0.38207073379472406,-0.922658145359632,0
6041,0.9442759598673092,0.9287646883557782,0.9782072973938839,-0.19849481782164213,1.2427280250960608,0.46421839881351007,1
425,0.1075450954753754,0.18387195419574637,0.5401688778010475,-0.6672963820035458,-1.5069314130268057,-0.922658145359632,0
1452,-0.031910048589946886,-0.6122321554377876,-0.3327295823506392,1.6231341172851836,-1.1319778532827784,1.851094942986652,0
7399,-0.31082033672059145,-0.2397857883577717,-0.5569497760208508,-0.7203156065241186,0.4928209056080062,0.46421839881351007,0
1071,-0.17136519265526917,-0.5610207799642855,-0.38329470334585447,0.8365216225799632,1.617681584840088,0.46421839881351007,0
2044,-0.4502754807859138,-0.48653150654828226,-0.2919885420059229,-0.3736514461972989,-1.7569004528561571,0.46421839881351007,0
1538,1.9204619683245652,2.050759369184326,1.7014329993997341,0.09907240879381946,-0.38207073379472406,-0.922658145359632,1
2070,-1.5659166333084922,-1.3291914120668182,-1.3021351877160514,0.6316746187504784,-1.0069933333681027,0.46421839881351007,0
4135,-0.17136519265526917,-0.5610207799642855,-0.7959060906668108,0.8365216225799632,-0.13210169396537258,0.46421839881351007,0
172,-1.2870063451778475,-1.0917568530533082,-1.327273276439387,-0.4198733342408747,-0.13210169396537258,0.46421839881351007,0
4281,-1.2870063451778475,-0.9707117837523029,-1.1995602279829005,-1.130009614183087,-1.5069314130268057,-0.922658145359632,0
810,-0.4502754807859138,-0.48653150654828226,-0.6762834615695589,-0.3736514461972989,-0.13210169396537258,-0.922658145359632,1
5959,-1.1475512011125253,-1.1802128652348118,-0.9920987601282458,1.0823380271753442,-0.0071171740506968135,-0.922658145359632,0
2051,-1.0080960570472028,-0.7984553389777955,-1.0438196553176375,-0.9456473107365512,2.2426041844134668,-0.922658145359632,0
5167,-0.31082033672059145,-0.42600897189777964,-0.574286388933496,-0.16565295000120656,-0.0071171740506968135,0.46421839881351007,0
3574,0.8048208158019868,-0.07218492317176455,0.8242003860198853,1.983664844025076,-1.7569004528561571,0.46421839881351007,1
4947,-0.4502754807859138,-0.48653150654828226,-0.6982431712589096,-0.3736514461972989,-0.6320397736240756,0.46421839881351007,0
3148,-0.17136519265526917,0.025582248186739622,0.04145231301395353,-0.9854117291269804,-0.13210169396537258,-0.922658145359632,0
5838,-0.8686409129818806,-1.040545477579806,-0.8979031633028736,1.0823380271753442,-1.7569004528561571,-0.922658145359632,0
567,0.6653656717366646,0.877553312882276,1.134525757156235,-0.6752492656816316,-0.13210169396537258,0.46421839881351007,1
5407,0.5259105276713423,0.4213065132092565,0.6710603052915192,-0.19012336131839436,0.6178054255226819,-0.922658145359632,1
811,-0.17136519265526917,-0.16995209453026872,0.21741893407730248,-0.5400502431541724,1.7426661047547638,-0.922658145359632,0
2777,1.2231862479979538,0.9613537454752795,1.155040749102865,0.3312323464672351,-1.2569623731974542,0.46421839881351007,1
1475,0.5259105276713423,-0.18391883329576933,0.21279583730059703,1.5330014356002095,0.36783638569333044,-0.922658145359632,1
7581,-0.4502754807859138,-0.48653150654828226,-0.6598136793025458,-0.3736514461972989,-0.38207073379472406,0.46421839881351007,0
3354,-0.17136519265526917,-0.07218492317176455,-0.22553152584078318,-0.7766485325772265,-0.13210169396537258,1.851094942986652,0
2965,-0.17136519265526917,-0.6587879513227896,-0.3104809291127444,1.352736072230264,-2.1318540126001846,-0.922658145359632,0
4426,-1.2870063451778475,-1.2128019223543132,-1.1695100989343155,0.6960551056683167,-0.13210169396537258,-0.922658145359632,0
2002,1.2231862479979538,1.9716145161798226,1.2625277491612656,-0.9726871152420432,1.7426661047547638,-0.922658145359632,1
5382,0.2470002395406977,-0.07218492317176455,0.17234374050442516,0.3097721841612886,-0.8820088134534271,-0.922658145359632,1
5497,1.5020965361285983,1.7434911163433129,1.7586438220114624,-0.2696521980992527,2.617557744157494,0.46421839881351007,1
6919,-0.8686409129818806,-0.8915669307477996,-0.6482559373607825,0.0007458469556669184,-0.2570862138800483,-0.922658145359632,0
4564,0.1075450954753754,-0.13736303741076733,-0.03800716283567041,0.11663072340777482,-1.38194689311213,-0.922658145359632,0
837,-0.8686409129818806,-0.44463129025178044,-1.0504653569341516,-1.6216424233738498,0.6178054255226819,-0.922658145359632,0
3782,0.6653656717366646,1.1289546106612867,0.7990622972965497,-1.0071014118853965,2.117619664498791,0.46421839881351007,0
1195,-0.4502754807859138,-0.6634435309112898,-0.9233301955747533,0.3448888133892005,0.8677744653520334,-0.922658145359632,0
7408,-0.31082033672059145,-0.2397857883577717,-0.05418800155413935,-0.7203156065241186,0.36783638569333044,-0.922658145359632,0
490,-0.4502754807859138,-0.2211634700037709,-0.8684309213513768,-1.1146460888958758,0.8677744653520334,-0.922658145359632,0
161,1.2231862479979538,1.3943226472057981,1.146083499097998,-0.33403268501709044,2.4925732242428182,-0.922658145359632,1
6556,-0.5897306248512361,-0.46325360860578124,-0.6702156470501329,-0.849076580359794,-1.8818849727708329,-0.922658145359632,0
2329,1.781006824259243,2.4371724750298425,2.462510306264859,-0.5400502431541724,0.9927589852667092,0.46421839881351007,1
7232,0.5259105276713423,-0.06287376399476416,0.8363360150587371,1.0823380271753442,0.7427899454373577,1.851094942986652,1
6053,-1.7053717773738144,-1.3571248895978194,-1.3659917119442946,0.18101121032561315,-2.1318540126001846,-0.922658145359632,0
3268,-0.4502754807859138,-0.48653150654828226,-0.8903906310407275,-0.3736514461972989,-1.1319778532827784,0.46421839881351007,0
6748,0.2470002395406977,-0.18391883329576933,-0.4864475501760935,0.6663410347831609,-1.5069314130268057,-0.922658145359632,1
7064,-1.1475512011125253,-1.0498566367568063,-0.9799631310893944,-0.11943106195763077,-1.2569623731974542,-0.922658145359632,0
1818,-1.0080960570472028,-1.0079564204603044,-0.8141095342250884,0.18101121032561315,-1.2569623731974542,0.46421839881351007,0
7750,-1.0080960570472028,-1.0079564204603044,-1.0178147359486698,0.18101121032561315,-0.13210169396537258,-0.922658145359632,0
1847,-0.8686409129818806,-0.9660562041638027,-0.9580034214000437,0.48145348260885645,0.36783638569333044,1.851094942986652,0
7468,-0.8686409129818806,-0.8170776573317964,-0.6898638083511309,-0.39256040039694323,0.11786734586397894,-0.922658145359632,0
7845,0.38645538360602,-0.12339629864526673,0.6898416359468849,0.8743395309792525,-0.2570862138800483,0.46421839881351007,0
4122,-1.1475512011125253,-0.854322294039798,-0.8545616310212605,-1.1709790149489838,-0.0071171740506968135,0.46421839881351007,0
4890,1.781006824259243,1.9483366182373216,1.4613209105595972,-0.023835793503871668,-1.1319778532827784,0.46421839881351007,1
2358,-0.031910048589946886,-0.10011840070276574,-0.04031871122402331,-0.35978487978422613,0.6178054255226819,-0.922658145359632,0
7835,1.362641392063276,0.8961756312362767,1.5569612251276899,0.7642226800519096,0.9927589852667092,0.46421839881351007,1
7888,-0.5897306248512361,-0.5470540411987849,-0.6026028566908166,-0.5816499423933906,0.2428518657786547,0.46421839881351007,0
1372,0.38645538360602,0.574940639629763,0.5525934503884438,-0.767753860042525,-0.5070552537093999,0.46421839881351007,0
8414,1.362641392063276,1.1941327249002895,1.4460069024867608,0.2284494638440196,1.2427280250960608,-0.922658145359632,1
2185,-1.2870063451778475,-1.2128019223543132,-0.9215965342834886,0.6960551056683167,1.4926970649254123,-0.922658145359632,1
3677,-0.31082033672059145,-0.8915669307477996,-0.32001606621469947,2.434328252449941,-0.2570862138800483,-0.922658145359632,0
6386,0.6653656717366646,0.877553312882276,0.12813537757717966,-0.6752492656816316,-2.381823052429536,-0.922658145359632,0
2551,-1.5659166333084922,-1.2267686611198139,-1.3752379054977053,-0.6076497544179019,0.11786734586397894,-0.922658145359632,0
130,0.2470002395406977,0.2630168072002498,0.4635988374368645,-0.5082387084418284,-0.6320397736240756,0.46421839881351007,0
5034,-1.0080960570472028,-1.2872911957703164,-1.0524879617739602,3.7863184777245382,-1.38194689311213,0.46421839881351007,0
8333,-0.5897306248512361,-0.7984553389777955,-0.06170053381628568,0.5415419370655056,0.11786734586397894,-0.922658145359632,0
6343,-0.17136519265526917,0.22111659090374797,0.05358794205280532,-1.3370129022634079,0.9927589852667092,-0.922658145359632,0
5367,-0.4502754807859138,-0.574987518729786,-0.1876799209815077,-0.044320493886820085,-0.38207073379472406,-0.922658145359632,0
6889,1.362641392063276,1.0451541780682831,1.473745483146993,0.48145348260885645,0.6178054255226819,1.851094942986652,1
4091,0.8048208158019868,0.97066490465228,0.354956063184288,-0.5400502431541724,0.11786734586397894,0.46421839881351007,0
2031,1.6415516801939205,1.6876241612813105,0.8952804989617305,0.052250236489937096,-0.6320397736240756,1.851094942986652,1
3526,-0.7291857689165584,-0.7658662818582942,-0.819021574550338,-0.1467439958015622,0.8677744653520334,-0.922658145359632,1
2005,-1.5659166333084922,-1.1243459101728095,-1.4578757603813144,-1.35124437831893,0.6178054255226819,0.46421839881351007,0
7586,1.5020965361285983,1.5898569899228063,1.4821248460547718,-0.07651073734573895,-0.13210169396537258,1.851094942986652,1
1017,0.1075450954753754,0.07679362366024181,0.15471818404323578,-0.43865097625857735,-0.5070552537093999,0.46421839881351007,0
4986,0.38645538360602,0.22577217049224818,0.2853206679851629,-0.1006534199399281,-0.8820088134534271,-0.922658145359632,1
7335,1.2231862479979538,1.9716145161798226,1.2266987491417984,-0.9726871152420432,-0.13210169396537258,0.46421839881351007,0
6282,1.5020965361285983,2.2043934956048328,1.3390977895254486,-0.7563686791981075,-1.6319159329414814,1.851094942986652,1
3361,-0.5897306248512361,-0.5470540411987849,-0.8262451632639399,-0.5816499423933906,-1.8818849727708329,-0.922658145359632,0
5169,-0.31082033672059145,-0.3328973801277757,-0.4240357436905708,-0.46279365885276647,-1.38194689311213,0.46421839881351007,1
398,0.9442759598673092,1.3338001125552954,1.0201041119327765,-0.7612850072900155,-0.2570862138800483,-0.922658145359632,0
2461,-0.5897306248512361,-0.7984553389777955,-0.12411234030180822,0.5415419370655056,0.36783638569333044,-0.922658145359632,0
642,1.781006824259243,1.6224460470423079,2.3209279674782564,0.4063429145380458,-1.1319778532827784,1.851094942986652,1
5596,-0.31082033672059145,-0.42600897189777964,-0.2795639694185273,-0.16565295000120656,1.117743505181385,1.851094942986652,0
4712,-0.031910048589946886,0.0023043502442386295,-0.16109711451545156,-0.6076497544179019,0.8677744653520334,-0.922658145359632,1
4512,0.5259105276713423,0.9054867904132772,0.9039488054180534,-0.9778375541954701,-0.13210169396537258,-0.922658145359632,1
4779,-0.4502754807859138,-0.574987518729786,-0.4127669452973513,-0.044320493886820085,-0.7570242935387513,-0.922658145359632,0
4479,-0.31082033672059145,-0.6122321554377876,-0.39514138883616207,0.5907052179845815,-0.13210169396537258,-0.922658145359632,0
3322,1.6415516801939205,1.8459138672903173,2.1331146609246,-0.1467439958015622,-1.1319778532827784,0.46421839881351007,1
5272,0.8048208158019868,0.8403086761742744,0.8889237408937605,-0.3408095783768633,-1.0069933333681027,1.851094942986652,1
8087,0.1075450954753754,-0.24444136794627191,-0.3636465420448567,0.4583425385870686,-0.13210169396537258,1.851094942986652,1
3989,1.781006824259243,1.9483366182373216,1.8759549027203624,-0.023835793503871668,1.2427280250960608,-0.922658145359632,1
6468,-0.5897306248512361,-0.37945317601277767,-0.39976448561286737,-1.080846333264011,1.8676506246694395,-0.922658145359632,0
770,0.2470002395406977,0.2630168072002498,0.18621303083454122,-0.5082387084418284,-0.2570862138800483,-0.922658145359632,0
5513,-1.2870063451778475,-1.2128019223543132,-1.0305282520846097,0.6960551056683167,-0.2570862138800483,0.46421839881351007,0
114,-1.0080960570472028,-1.2872911957703164,-1.0134805827205084,3.7863184777245382,0.2428518657786547,-0.922658145359632,1
2543,0.5259105276713423,0.3002614439082513,0.055032659795525754,0.06834535821939652,0.8677744653520334,-0.922658145359632,1
4120,0.8048208158019868,0.8403086761742744,0.6219399020390244,-0.3408095783768633,-0.6320397736240756,-0.922658145359632,1
4936,1.2231862479979538,1.1056767127187856,1.450629999263466,0.08613470328879902,0.8677744653520334,0.46421839881351007,1
8805,-0.5897306248512361,-0.37945317601277767,-0.9562697601087792,-1.080846333264011,-1.6319159329414814,0.46421839881351007,0
3875,0.38645538360602,-0.35617527807027666,-0.5020505017974741,1.8197872409614886,-0.7570242935387513,1.851094942986652,1
7735,1.2231862479979538,1.5386456144493041,1.8984924995068009,-0.5154686026946338,-0.0071171740506968135,0.46421839881351007,1
1346,1.362641392063276,0.7471970844042705,1.5477150315742796,1.0823380271753442,1.617681584840088,-0.922658145359632,1
2256,1.5020965361285983,1.8971252427638194,1.8826006043368761,-0.4459987492220264,1.3677125450107366,0.46421839881351007,1
4725,0.5259105276713423,0.4213065132092565,0.4907595310000089,-0.19012336131839436,0.2428518657786547,1.851094942986652,1
4047,1.362641392063276,1.343111271732296,0.9836972248162216,0.0007458469556669184,0.6178054255226819,1.851094942986652,1
2780,-1.1475512011125253,-1.2453909794738147,-1.0365960666040355,1.983664844025076,0.2428518657786547,0.46421839881351007,0
2801,1.2231862479979538,1.3943226472057981,1.593945999341333,-0.33403268501709044,0.9927589852667092,-0.922658145359632,1
2616,-0.17136519265526917,-0.16995209453026872,-0.19519245324365403,-0.5400502431541724,1.117743505181385,0.46421839881351007,0
5411,-1.0080960570472028,-0.9381227266328015,-1.0741587279147666,-0.2696521980992527,0.2428518657786547,0.46421839881351007,0
6874,0.9442759598673092,0.25370564802324935,0.6681708698060783,1.2754794879288587,0.9927589852667092,1.851094942986652,1
8593,0.2470002395406977,-0.18391883329576933,0.06138941786349547,0.6663410347831609,1.2427280250960608,1.851094942986652,1
6417,2.338827400520532,3.08429803783137,2.5379245724348656,-0.2696521980992527,-0.7570242935387513,0.46421839881351007,1
6017,0.9442759598673092,0.5237292641562609,0.7687232246994204,0.5753416926973705,-0.13210169396537258,1.851094942986652,1
1779,0.8048208158019868,0.8403086761742744,0.031339288814910486,-0.3408095783768633,-1.1319778532827784,1.851094942986652,1
608,-0.7291857689165584,-0.8450111348627976,-1.0400633891865645,0.271143892010586,2.3675887043281425,-0.922658145359632,0
1512,-1.0080960570472028,-0.8682890328052986,-0.6797507841520879,-0.6383768049923249,-0.6320397736240756,0.46421839881351007,0
8172,-0.4502754807859138,-0.3096194821852747,-0.6927532438365718,-0.9005809698940648,-1.6319159329414814,0.46421839881351007,0
7563,-0.5897306248512361,-0.714654906384792,-0.9094609052446371,0.09907240879381946,-0.2570862138800483,1.851094942986652,0
1428,-1.984282065504459,-1.487481118075825,-1.679206518566085,1.0823380271753442,-0.5070552537093999,-0.922658145359632,0
7053,1.0837311039326314,0.877553312882276,1.1449277249038219,0.18101121032561315,-3.0067456520029148,0.46421839881351007,1
4292,-0.5897306248512361,-0.5470540411987849,-0.38936251786528037,-0.5816499423933906,-0.5070552537093999,0.46421839881351007,0
4771,-0.8686409129818806,-0.9660562041638027,-1.0504653569341516,0.48145348260885645,-0.13210169396537258,0.46421839881351007,0
1485,1.5020965361285983,1.4362228635022998,1.386773475035223,0.13594486948312615,1.7426661047547638,0.46421839881351007,1
6774,0.2470002395406977,0.2630168072002498,0.23475554698994772,-0.5082387084418284,-0.2570862138800483,-0.922658145359632,1
5383,0.1075450954753754,-0.030284706875262763,0.12813537757717966,-0.1795195164142793,-0.2570862138800483,1.851094942986652,0
8923,-0.31082033672059145,-0.5191205636677836,-0.5338342921373239,0.18101121032561315,-0.2570862138800483,0.46421839881351007,0
8675,0.2470002395406977,-0.07218492317176455,-0.20212709840871207,0.3097721841612886,-0.0071171740506968135,0.46421839881351007,0
1523,0.1075450954753754,0.18387195419574637,-0.06458996930172656,-0.6672963820035458,0.9927589852667092,-0.922658145359632,0
3701,-1.0080960570472028,-1.0777901142878075,-0.9701390504388954,0.7443404708566951,0.2428518657786547,0.46421839881351007,0
4476,-1.2870063451778475,-1.1522793877038107,-1.2258540909004123,0.06834535821939652,-1.7569004528561571,1.851094942986652,0
7875,-1.984282065504459,-1.487481118075825,-1.457297873284226,1.0823380271753442,-2.1318540126001846,-0.922658145359632,0
476,0.8048208158019868,0.4492399907402577,0.6623919988351966,0.4063429145380458,-1.0069933333681027,0.46421839881351007,0
4956,0.2470002395406977,-0.07218492317176455,-0.20212709840871207,0.3097721841612886,2.2426041844134668,1.851094942986652,1
4970,1.0837311039326314,1.296555475847294,1.795050709128018,-0.46279365885276647,0.8677744653520334,1.851094942986652,1
6421,1.9204619683245652,2.7211628299283546,1.826256612370779,-0.5816499423933906,0.6178054255226819,-0.922658145359632,1
1270,0.8048208158019868,0.4492399907402577,1.0911842248746213,0.4063429145380458,0.2428518657786547,1.851094942986652,1
2309,0.1075450954753754,0.29095028473125095,0.3673806357716836,-0.8705367426657405,-1.38194689311213,0.46421839881351007,0
3872,-0.8686409129818806,-0.7425883839157932,-0.97187271173016,-0.7203156065241186,-0.38207073379472406,-0.922658145359632,0
4210,-0.17136519265526917,0.1233494195452438,0.14460515984419242,-1.1709790149489838,3.2424803437308727,-0.922658145359632,0
1888,-0.8686409129818806,-0.8170776573317964,-0.8840338729727574,-0.39256040039694323,-0.13210169396537258,-0.922658145359632,0
1190,-0.8686409129818806,-0.7425883839157932,-0.6852407115744255,-0.7203156065241186,-0.38207073379472406,-0.922658145359632,0
3628,-0.4502754807859138,-0.3096194821852747,-0.9672496149534545,-0.9005809698940648,-1.1319778532827784,-0.922658145359632,0
7883,2.0599171123898876,2.325438564905838,2.462799249813403,0.024258720438703252,-0.0071171740506968135,-0.922658145359632,1
3424,0.1075450954753754,-0.45859802901728103,-0.0778813725347543,1.3281544317707252,-1.2569623731974542,0.46421839881351007,0
4571,-0.031910048589946886,-0.5098094044907833,-0.021248437020113493,1.0823380271753442,0.6178054255226819,0.46421839881351007,0
8038,-1.4264614892431697,-1.301257934535817,-1.2735297764101867,1.0823380271753442,-2.006869492685509,-0.922658145359632,0
4330,0.5259105276713423,-0.30496390259677447,-0.0501427918745222,2.0656036455568696,-0.0071171740506968135,1.851094942986652,1
6295,-0.4502754807859138,-0.574987518729786,-0.6488338244578705,-0.044320493886820085,-0.7570242935387513,-0.922658145359632,0
4622,0.9442759598673092,1.7388355367548127,0.82737876505387,-1.189005551285979,0.36783638569333044,-0.922658145359632,1
3991,1.781006824259243,1.296555475847294,1.7748246607299318,0.9321168910337223,1.9926351445841153,0.46421839881351007,1
6019,1.0837311039326314,0.73788592522727,0.9368883699520792,0.446107332928475,1.617681584840088,1.851094942986652,1
1367,0.6653656717366646,1.1289546106612867,0.6898416359468849,-1.0071014118853965,1.7426661047547638,-0.922658145359632,1
6741,-0.31082033672059145,-0.2397857883577717,-0.21599638873882812,-0.7203156065241186,0.4928209056080062,-0.922658145359632,0
4161,-1.0080960570472028,-0.9381227266328015,-1.1781784053906381,-0.2696521980992527,1.3677125450107366,-0.922658145359632,0
6837,0.6653656717366646,0.5004513662137599,1.1189228055348541,-0.031065687756677028,1.2427280250960608,1.851094942986652,1
3423,-2.1237372095697813,-1.440925322190823,-1.5847219781921686,-1.1709790149489838,0.2428518657786547,-0.922658145359632,0
2545,-0.31082033672059145,-0.3328973801277757,-0.10041896932119328,-0.46279365885276647,0.9927589852667092,0.46421839881351007,0
2074,0.5259105276713423,0.9054867904132772,0.6785728375536655,-0.9778375541954701,-0.13210169396537258,0.46421839881351007,1
1303,-1.0080960570472028,-0.5889542574952866,-1.0958294940555733,-1.6216424233738498,-1.38194689311213,-0.922658145359632,0
5111,1.0837311039326314,0.73788592522727,0.6855074827187235,0.446107332928475,0.8677744653520334,-0.922658145359632,1
8801,-1.0080960570472028,-0.9381227266328015,-0.9051267520164757,-0.2696521980992527,0.9927589852667092,-0.922658145359632,0
5039,-0.4502754807859138,-0.48653150654828226,-0.7970618648609871,-0.3736514461972989,-0.7570242935387513,0.46421839881351007,0
3405,-1.5659166333084922,-1.277980036593316,-1.3593460103277806,-0.07651073734573895,0.2428518657786547,-0.922658145359632,0
2824,0.1075450954753754,-0.030284706875262763,-0.45004066305953866,-0.1795195164142793,1.117743505181385,-0.922658145359632,1
2353,1.9204619683245652,2.38596109955634,1.9198743220990637,-0.2696521980992527,-0.6320397736240756,0.46421839881351007,1
5086,-0.4502754807859138,-0.7518995430927936,-0.6378539696131952,0.8119399821204246,0.2428518657786547,0.46421839881351007,0
3608,0.38645538360602,0.34216166020475314,0.7909718779373153,-0.3491810348801111,0.6178054255226819,0.46421839881351007,0
4687,-1.4264614892431697,-1.0777901142878075,-1.218052615089722,-1.080846333264011,-1.0069933333681027,0.46421839881351007,0
3010,-0.031910048589946886,0.30957260308525175,0.04231914365958566,-1.1946981417081874,-1.1319778532827784,-0.922658145359632,0
207,-1.4264614892431697,-1.2453909794738147,-1.2145852925071932,0.3097721841612886,0.7427899454373577,-0.922658145359632,0
5557,-0.5897306248512361,-0.46325360860578124,-0.31134775975837686,-0.849076580359794,0.4928209056080062,0.46421839881351007,0
7404,0.8048208158019868,0.7099524476962689,0.19314767599959926,-0.11943106195763077,1.9926351445841153,0.46421839881351007,1
4545,-0.4502754807859138,-0.39807549436677847,-0.21512955809319598,-0.6559351196062803,0.8677744653520334,0.46421839881351007,0
7737,-0.8686409129818806,-0.8915669307477996,-1.078203937594384,0.0007458469556669184,1.2427280250960608,-0.922658145359632,0
2057,-0.31082033672059145,-0.42600897189777964,-0.6551905825258405,-0.16565295000120656,-0.5070552537093999,0.46421839881351007,0
3109,-1.1475512011125253,-1.2453909794738147,-1.0406412762836528,1.983664844025076,-0.6320397736240756,-0.922658145359632,0
4247,0.5259105276713423,0.05817130530624101,0.4231467406406923,0.6960551056683167,1.2427280250960608,0.46421839881351007,1
3931,-0.17136519265526917,-0.7565551226812938,-0.5167866227732228,1.983664844025076,0.4928209056080062,1.851094942986652,0
8215,-0.4502754807859138,-0.7518995430927936,-0.9397999778417662,0.8119399821204246,-1.1319778532827784,-0.922658145359632,0
3988,1.2231862479979538,0.9613537454752795,1.3789719992245324,0.3312323464672351,0.4928209056080062,-0.922658145359632,1
1525,0.1075450954753754,-0.5656763595527856,-0.48326917114210866,1.893532162340102,1.117743505181385,3.2379714871597938,1
6208,-1.0080960570472028,-0.8682890328052986,-0.8357803003658949,-0.6383768049923249,-1.6319159329414814,0.46421839881351007,0
2756,-0.5897306248512361,-0.6308544737917884,-0.5974018728170231,-0.2696521980992527,-0.6320397736240756,-0.922658145359632,0
4413,-0.8686409129818806,-0.66809911049979,-0.8794107761960521,-0.997646934785574,-0.0071171740506968135,-0.922658145359632,0
8883,-0.7291857689165584,-0.528431722844784,-1.0695356311380613,-1.0422180411133084,-1.2569623731974542,-0.922658145359632,0
336,-1.1475512011125253,-0.9846785225178035,-1.0365960666040355,-0.5400502431541724,-0.5070552537093999,-0.922658145359632,0
1078,-0.8686409129818806,-0.7425883839157932,-1.1567965827983757,-0.7203156065241186,0.7427899454373577,-0.922658145359632,0
4974,0.2470002395406977,0.15128289707624498,0.047520127533379426,-0.2696521980992527,-0.2570862138800483,0.46421839881351007,0
2270,-1.2870063451778475,-1.2128019223543132,-1.0568221150021215,0.6960551056683167,-1.6319159329414814,0.46421839881351007,0
8441,-0.4502754807859138,-0.48653150654828226,-0.5280554211664421,-0.3736514461972989,-0.8820088134534271,-0.922658145359632,0
5588,1.362641392063276,1.343111271732296,1.1408825152242046,0.0007458469556669184,-0.5070552537093999,-0.922658145359632,1
4877,0.38645538360602,-0.12339629864526673,0.4297924422572065,0.8743395309792525,1.117743505181385,0.46421839881351007,1
2799,0.6653656717366646,0.877553312882276,0.6742386843255039,-0.6752492656816316,-0.2570862138800483,0.46421839881351007,1
1149,-0.4502754807859138,-0.7518995430927936,-0.9123503407300779,0.8119399821204246,-0.7570242935387513,-0.922658145359632,0
8324,0.38645538360602,0.34216166020475314,0.617605748810863,-0.3491810348801111,-0.5070552537093999,0.46421839881351007,0
6945,-0.31082033672059145,-0.42600897189777964,-0.932576389128164,-0.16565295000120656,-0.6320397736240756,0.46421839881351007,0
192,1.2231862479979538,1.2499996799622919,1.3700147492196655,-0.1344531755717929,-0.38207073379472406,-0.922658145359632,1
3254,-1.5659166333084922,-1.3291914120668182,-1.2926000506140967,0.6316746187504784,-0.6320397736240756,-0.922658145359632,0
7479,0.1075450954753754,0.18387195419574637,-0.08452707415126849,-0.6672963820035458,-2.006869492685509,0.46421839881351007,1
6587,0.2470002395406977,0.4864846274482593,0.24862483732006377,-0.9100686205977462,1.3677125450107366,-0.922658145359632,0
1262,1.2231862479979538,0.6727078109882673,1.2804422491709984,0.9133392490160197,0.8677744653520334,-0.922658145359632,1
1975,-1.7053717773738144,-1.3105690937128174,-1.4815691313619295,-0.46279365885276647,0.11786734586397894,-0.922658145359632,0
1280,-0.8686409129818806,-0.66809911049979,-0.5373016147198529,-0.997646934785574,-0.8820088134534271,0.46421839881351007,0
657,-0.17136519265526917,-0.3654864372472771,-0.45004066305953866,0.04234554619488514,1.7426661047547638,-0.922658145359632,1
6498,-1.1475512011125253,-1.0498566367568063,-1.048731695642887,-0.11943106195763077,0.2428518657786547,0.46421839881351007,0
270,-0.31082033672059145,-0.14667419658776773,-0.34891042106910813,-0.9456473107365512,0.4928209056080062,-0.922658145359632,0
2323,-0.17136519265526917,-0.7565551226812938,-0.5471256953703519,1.983664844025076,-0.13210169396537258,0.46421839881351007,0
2059,-0.8686409129818806,-0.7425883839157932,-0.9533803246233383,-0.7203156065241186,0.2428518657786547,0.46421839881351007,0
2671,0.9442759598673092,1.4688119206218013,0.7100676843449709,-0.9162562188827555,1.3677125450107366,-0.922658145359632,1
5863,0.2470002395406977,-0.40738665354377884,-0.4448396791857452,1.5739708363661065,-0.2570862138800483,0.46421839881351007,0
3411,-0.17136519265526917,-0.46325360860578124,-0.4682441066178161,0.4063429145380458,0.11786734586397894,1.851094942986652,0
2213,0.5259105276713423,-0.06287376399476416,0.07005772431981809,1.0823380271753442,-0.2570862138800483,1.851094942986652,1
581,-0.5897306248512361,-0.6308544737917884,-0.5765979373218488,-0.2696521980992527,-0.2570862138800483,-0.922658145359632,0
913,0.1075450954753754,-0.24444136794627191,-0.3038352274962305,0.4583425385870686,0.4928209056080062,-0.922658145359632,1
3048,-0.4502754807859138,-0.6634435309112898,-0.6543237518802082,0.3448888133892005,-1.0069933333681027,-0.922658145359632,0
6726,-0.31082033672059145,-0.3328973801277757,-0.37780477592351686,-0.46279365885276647,0.2428518657786547,0.46421839881351007,0
3551,-0.17136519265526917,-0.46325360860578124,-0.22553152584078318,0.4063429145380458,0.2428518657786547,1.851094942986652,0
7871,-1.7053717773738144,-1.3571248895978194,-1.403554373255026,0.18101121032561315,-0.13210169396537258,0.46421839881351007,0
5395,-1.8448269214391366,-1.4269585834253224,-1.41655683293951,0.5415419370655056,-0.8820088134534271,-0.922658145359632,0
6948,-0.5897306248512361,-0.2956527434197741,-0.4933821953411517,-1.2836448670552005,0.8677744653520334,0.46421839881351007,0
8977,-1.8448269214391366,-1.3850583671288206,-1.4009538813181293,-0.2696521980992527,0.11786734586397894,0.46421839881351007,0
429,-0.031910048589946886,0.20714985213824738,0.4555084180776305,-1.020757878807362,-0.38207073379472406,0.46421839881351007,0
2769,-0.031910048589946886,-0.9195004082788008,-0.2818755178068798,4.172601399231566,-0.0071171740506968135,1.851094942986652,1
8607,-1.1475512011125253,-0.9846785225178035,-0.9476014536524565,-0.5400502431541724,-0.13210169396537258,0.46421839881351007,0
650,-0.4502754807859138,-0.574987518729786,-0.8574510665067014,-0.044320493886820085,1.117743505181385,0.46421839881351007,0
4991,-0.4502754807859138,-0.48653150654828226,-0.7421625906376106,-0.3736514461972989,-0.13210169396537258,-0.922658145359632,1
6738,0.8048208158019868,0.7099524476962689,0.9374662570491673,-0.11943106195763077,-0.38207073379472406,0.46421839881351007,1
582,-0.17136519265526917,-0.3654864372472771,-0.37115907430700285,0.04234554619488514,1.7426661047547638,-0.922658145359632,0
6256,0.5259105276713423,-0.06287376399476416,0.19025824051415838,1.0823380271753442,-1.38194689311213,-0.922658145359632,0
1995,-0.17136519265526917,-0.3654864372472771,-0.9718727117301598,0.04234554619488514,1.4926970649254123,0.46421839881351007,1
7816,2.0599171123898876,2.669951454454852,1.7678900155648734,-0.32373180711023664,0.6178054255226819,-0.922658145359632,1
3881,0.9442759598673092,0.6587410722227667,0.08161546626158157,0.28704965936675764,1.117743505181385,-0.922658145359632,1
1445,1.0837311039326314,0.5982185375722641,0.6161610310681427,0.7443404708566951,-1.38194689311213,-0.922658145359632,1
8579,-0.4502754807859138,-0.574987518729786,-0.5719748405451434,-0.044320493886820085,-0.0071171740506968135,-0.922658145359632,0
4803,-0.31082033672059145,-0.2397857883577717,-0.6031807437879048,-0.7203156065241186,1.2427280250960608,-0.922658145359632,0
805,-0.17136519265526917,-0.2677192658887729,-0.17698900968537637,-0.2696521980992527,1.3677125450107366,-0.922658145359632,0
7098,0.1075450954753754,-0.13736303741076733,0.5999801923496737,0.11663072340777482,-0.2570862138800483,1.851094942986652,1
6855,-0.5897306248512361,-0.6308544737917884,-0.5453920340790873,-0.2696521980992527,-1.1319778532827784,0.46421839881351007,0
7445,0.6653656717366646,0.24905006843474917,0.8848785312141436,0.5415419370655056,1.2427280250960608,-0.922658145359632,1
391,2.4782825445858543,3.764012657752399,2.50007296757559,-0.5959946662689828,-0.2570862138800483,1.851094942986652,1
3797,0.38645538360602,-0.007006808932761768,0.43701603097080866,0.502913644914803,-0.7570242935387513,0.46421839881351007,0
4212,1.362641392063276,1.790046912228315,1.0761591603503293,-0.5635631166372087,1.617681584840088,-0.922658145359632,1
3561,-0.031910048589946886,-0.30496390259677447,-0.20559442099124092,0.25034404239097685,0.9927589852667092,-0.922658145359632,0
2175,-0.17136519265526917,-0.5610207799642855,-0.5410578808509261,0.8365216225799632,0.6178054255226819,0.46421839881351007,0
559,-0.31082033672059145,-0.05356260481776375,-0.4009202598070438,-1.1444694026886977,0.36783638569333044,0.46421839881351007,0
1688,0.1075450954753754,0.5051069458022601,0.5135860713349917,-1.2160453557914708,0.4928209056080062,1.851094942986652,1
2954,0.6653656717366646,0.24905006843474917,0.6430327810827426,0.5415419370655056,0.2428518657786547,0.46421839881351007,1
7275,0.8048208158019868,0.3188837622622521,0.4115889986989288,0.7218073004354518,-1.1319778532827784,-0.922658145359632,1
8689,-0.31082033672059145,-0.3328973801277757,-0.4760455824285065,-0.46279365885276647,-1.38194689311213,-0.922658145359632,0
8527,-1.2870063451778475,-1.0312343184028054,-1.3160044780461677,-0.8104482882090914,0.11786734586397894,-0.922658145359632,0
2775,-0.8686409129818806,-0.5936098370837868,-0.8979031633028736,-1.2353595018668222,-1.7569004528561571,-0.922658145359632,0
3253,0.9442759598673092,1.063776496422284,1.1876913700883474,-0.4048512206267125,0.6178054255226819,0.46421839881351007,1
3908,-0.31082033672059145,-0.3328973801277757,-0.29112171136029075,-0.46279365885276647,0.4928209056080062,-0.922658145359632,0
1640,-0.31082033672059145,-0.2397857883577717,-0.48182445339938823,-0.7203156065241186,-0.0071171740506968135,-0.922658145359632,0
4040,-1.2870063451778475,-1.0312343184028054,-1.2521479538179243,-0.8104482882090914,-0.13210169396537258,0.46421839881351007,0
6754,-0.5897306248512361,-0.8822557715707992,-0.38936251786528037,1.0823380271753442,-1.38194689311213,-0.922658145359632,0
1455,-0.17136519265526917,-0.2677192658887729,0.08392701464993446,-0.2696521980992527,1.617681584840088,-0.922658145359632,1
3481,-0.17136519265526917,-0.5610207799642855,-0.47431192113724185,0.8365216225799632,-0.6320397736240756,-0.922658145359632,1
399,-1.1475512011125253,-0.9846785225178035,-1.048731695642887,-0.5400502431541724,0.8677744653520334,-0.922658145359632,0
4132,1.362641392063276,1.4920898185643021,1.7141465155356734,-0.205271711181415,0.4928209056080062,-0.922658145359632,1
7644,1.362641392063276,1.6410683653963085,1.5569612251276899,-0.39256040039694323,0.4928209056080062,-0.922658145359632,0
1807,3.175558264912466,4.229570616602419,3.4073557100040235,0.020059993031018235,0.36783638569333044,0.46421839881351007,1
3691,-0.17136519265526917,-0.5610207799642855,-0.39543033238470626,0.8365216225799632,0.6178054255226819,0.46421839881351007,1
5605,-0.7291857689165584,-0.9241559878673009,-1.0007670665845687,0.7818957548921004,1.2427280250960608,0.46421839881351007,0
8268,-1.2870063451778475,-1.1522793877038107,-1.071847179526414,0.06834535821939652,-0.2570862138800483,0.46421839881351007,0
4918,-0.031910048589946886,-0.2025411516497701,-0.06574574349590284,-0.07651073734573895,0.11786734586397894,-0.922658145359632,0
907,0.8048208158019868,1.231377361608291,0.7190249343498377,-0.884193209587706,-1.0069933333681027,0.46421839881351007,1
8468,-0.031910048589946886,0.104727101191243,-0.16745387258342162,-0.8263540555652631,2.3675887043281425,-0.922658145359632,1
8036,-2.2631923536351035,-1.580592709845829,-1.5457145991387167,3.7863184777245382,-0.2570862138800483,0.46421839881351007,0
8130,-0.7291857689165584,-0.37014201683577724,-0.7355168890210966,-1.452643645214525,0.2428518657786547,-0.922658145359632,0
2974,0.1075450954753754,0.18387195419574637,0.08161546626158157,-0.6672963820035458,-1.1319778532827784,1.851094942986652,0
4089,0.2470002395406977,-0.18391883329576933,-0.4725782598459773,0.6663410347831609,-0.38207073379472406,-0.922658145359632,0
3909,2.4782825445858543,2.8328967400523593,2.8814784516537855,0.18101121032561315,-0.2570862138800483,1.851094942986652,1
8039,-0.5897306248512361,-1.0498566367568063,-0.6390097438073716,2.6274697132034555,0.2428518657786547,-0.922658145359632,0
7736,-0.31082033672059145,-0.5191205636677836,-0.6667483244676039,0.18101121032561315,-0.8820088134534271,0.46421839881351007,0
5057,-1.1475512011125253,-0.7891441798007952,-1.0123248085263319,-1.413643927177758,1.3677125450107366,-0.922658145359632,0
8858,1.781006824259243,1.9483366182373216,1.7141465155356734,-0.023835793503871668,-0.6320397736240756,-0.922658145359632,1
3500,-0.31082033672059145,-0.42600897189777964,-0.2391118726223551,-0.16565295000120656,-1.0069933333681027,1.851094942986652,0
8244,-1.1475512011125253,-1.1802128652348118,-1.1903140344294898,1.0823380271753442,-0.0071171740506968135,-0.922658145359632,0
7260,-1.2870063451778475,-1.1522793877038107,-1.2070727602450468,0.06834535821939652,-0.38207073379472406,0.46421839881351007,0
3873,-1.2870063451778475,-1.0312343184028054,-1.0004781230360245,-0.8104482882090914,-2.1318540126001846,0.46421839881351007,0
1506,1.0837311039326314,0.73788592522727,1.5176649025256943,0.446107332928475,0.4928209056080062,1.851094942986652,1
2040,0.9442759598673092,0.9287646883557782,1.1206564668261183,-0.19849481782164213,0.6178054255226819,0.46421839881351007,1
1239,-0.31082033672059145,-0.2397857883577717,-0.7476525180599484,-0.7203156065241186,1.617681584840088,0.46421839881351007,0
8239,0.6653656717366646,0.877553312882276,0.26076046635891553,-0.6752492656816316,2.617557744157494,1.851094942986652,1
1533,1.0837311039326314,1.1568880881922878,1.1622643378164672,-0.2696521980992527,-0.8820088134534271,0.46421839881351007,1
672,-0.17136519265526917,-0.16995209453026872,-0.6927532438365718,-0.5400502431541724,-0.0071171740506968135,0.46421839881351007,0
8604,-0.5897306248512361,-0.714654906384792,-0.6702156470501329,0.09907240879381946,0.6178054255226819,0.46421839881351007,0
4518,-1.5659166333084922,-1.3291914120668182,-1.1940703005605628,0.6316746187504784,2.117619664498791,-0.922658145359632,0
5413,0.8048208158019868,0.7099524476962689,1.5523381283509847,-0.11943106195763077,0.4928209056080062,0.46421839881351007,1
3905,-0.4502754807859138,-0.6634435309112898,-0.6213841873461823,0.3448888133892005,-0.6320397736240756,0.46421839881351007,0
7238,-0.5897306248512361,-0.6308544737917884,-0.8106422116425593,-0.2696521980992527,0.8677744653520334,0.46421839881351007,1
3939,-0.17136519265526917,0.22111659090374797,-0.07990397737456303,-1.3370129022634079,1.2427280250960608,0.46421839881351007,0
2785,-1.2870063451778475,-1.0917568530533082,-0.9178402681524157,-0.4198733342408747,-1.0069933333681027,0.46421839881351007,0
1126,-1.7053717773738144,-1.1243459101728095,-1.3746600184006172,-1.867458827969231,0.2428518657786547,-0.922658145359632,0
3385,1.362641392063276,1.0451541780682831,1.1778672894378481,0.48145348260885645,1.3677125450107366,3.2379714871597938,1
4787,0.1075450954753754,-0.24444136794627191,-0.33041803396228664,0.4583425385870686,2.617557744157494,0.46421839881351007,1
1201,1.2231862479979538,1.3943226472057981,0.7519644988838635,-0.33403268501709044,-0.38207073379472406,-0.922658145359632,1
1338,1.362641392063276,1.1941327249002895,0.8357581279616488,0.2284494638440196,0.9927589852667092,-0.922658145359632,1
4260,1.0837311039326314,0.73788592522727,0.7981954666509175,0.446107332928475,0.36783638569333044,1.851094942986652,1
7922,0.9442759598673092,0.5237292641562609,0.5843772407282931,0.5753416926973705,1.4926970649254123,0.46421839881351007,1
321,0.9442759598673092,0.7937528802892724,1.2966230878894678,0.03079007418399119,0.8677744653520334,0.46421839881351007,1
2915,0.2470002395406977,0.4864846274482593,0.16540909533936682,-0.9100686205977462,1.2427280250960608,0.46421839881351007,0
6938,1.5020965361285983,2.050759369184326,1.6537573138899597,-0.6076497544179019,-0.0071171740506968135,1.851094942986652,1
8195,1.2231862479979538,1.5386456144493041,0.8415369989325305,-0.5154686026946338,-0.5070552537093999,-0.922658145359632,1
3355,-0.17136519265526917,-0.46325360860578124,-0.12844649352996954,0.4063429145380458,-0.5070552537093999,0.46421839881351007,0
3987,-1.5659166333084922,-1.2267686611198139,-1.0828270343710893,-0.6076497544179019,0.7427899454373577,1.851094942986652,0
3934,-0.7291857689165584,-0.7658662818582942,-0.7453409696715958,-0.1467439958015622,1.9926351445841153,-0.922658145359632,0
1829,-0.31082033672059145,-0.42600897189777964,-0.24489074359323681,-0.16565295000120656,0.6178054255226819,1.851094942986652,1
664,-0.17136519265526917,-0.16995209453026872,-0.6866854293171458,-0.5400502431541724,-0.2570862138800483,1.851094942986652,0
784,-0.5897306248512361,-0.46325360860578124,-0.6702156470501329,-0.849076580359794,1.2427280250960608,-0.922658145359632,0
4144,1.6415516801939205,1.3710447492632971,1.5338457412441628,0.5130789849544614,0.11786734586397894,-0.922658145359632,1
5245,0.1075450954753754,-0.3515196984817765,0.0018670468634134727,0.8570063229629117,-0.13210169396537258,0.46421839881351007,1
3836,0.6653656717366646,0.3747507173242545,0.6196283536506718,0.23734413637872115,0.8677744653520334,1.851094942986652,1
3062,-2.2631923536351035,-1.4967922772528253,-1.6271966798281492,-1.080846333264011,1.117743505181385,-0.922658145359632,0
4493,-0.7291857689165584,-0.6867214288537907,-0.4948269130838721,-0.4949839023116854,-0.0071171740506968135,1.851094942986652,0
1578,0.8048208158019868,0.8403086761742744,1.0345512893599809,-0.3408095783768633,-0.38207073379472406,-0.922658145359632,0
383,-1.0080960570472028,-0.7984553389777955,-0.8357803003658949,-0.9456473107365512,-1.0069933333681027,-0.922658145359632,0
6875,0.1075450954753754,-0.030284706875262763,-0.23073250971457662,-0.1795195164142793,-0.6320397736240756,0.46421839881351007,0
2808,1.9204619683245652,2.050759369184326,1.5662074186811008,0.09907240879381946,1.7426661047547638,0.46421839881351007,1
1172,1.6415516801939205,2.1624932793083307,2.378716677187074,-0.4949839023116854,-1.8818849727708329,-0.922658145359632,1
7149,-1.8448269214391366,-1.468858799721824,-1.3775494538860582,1.7583331398126427,-1.1319778532827784,-0.922658145359632,0
3,-0.8686409129818806,-0.8170776573317964,-0.97187271173016,-0.39256040039694323,-0.2570862138800483,-0.922658145359632,0
2021,-0.7291857689165584,-0.37014201683577724,-0.7207807680453483,-1.452643645214525,0.6178054255226819,-0.922658145359632,0
3427,1.0837311039326314,0.4585511499172581,1.1622643378164672,1.0823380271753442,-0.5070552537093999,1.851094942986652,1
7634,-1.1475512011125253,-0.9195004082788008,-1.0527769053225042,-0.884193209587706,1.3677125450107366,-0.922658145359632,0
1901,-0.5897306248512361,-0.2956527434197741,-0.7222254857880687,-1.2836448670552005,-0.38207073379472406,-0.922658145359632,0
5418,1.9204619683245652,2.050759369184326,2.263139257769439,0.09907240879381946,1.117743505181385,0.46421839881351007,1
5652,-1.5659166333084922,-1.4316141630138226,-1.3879514216336453,3.1103233650872397,-1.1319778532827784,0.46421839881351007,0
6975,0.6653656717366646,0.3747507173242545,-0.3477546468749319,0.23734413637872115,0.4928209056080062,0.46421839881351007,1
3469,-1.1475512011125253,-0.7891441798007952,-1.1175002601963797,-1.413643927177758,-0.38207073379472406,-0.922658145359632,0
3162,1.362641392063276,0.7471970844042705,1.5292226444674577,1.0823380271753442,-0.0071171740506968135,1.851094942986652,1
7106,0.8048208158019868,0.4492399907402577,0.1769668372811303,0.4063429145380458,1.617681584840088,-0.922658145359632,1
8625,0.8048208158019868,0.97066490465228,0.8161099666606507,-0.5400502431541724,0.11786734586397894,-0.922658145359632,1
6080,-1.2870063451778475,-1.1522793877038107,-0.9516466633320737,0.06834535821939652,-0.2570862138800483,0.46421839881351007,0
6886,0.2470002395406977,-0.18391883329576933,0.2555594824851221,0.6663410347831609,-1.2569623731974542,0.46421839881351007,0
5069,-1.0080960570472028,-1.0777901142878075,-0.9528024375262502,0.7443404708566951,-1.38194689311213,0.46421839881351007,0
7334,0.38645538360602,0.34216166020475314,0.21308478084914118,-0.3491810348801111,0.7427899454373577,0.46421839881351007,0
6310,-0.17136519265526917,-0.2677192658887729,-0.401498146904132,-0.2696521980992527,-1.0069933333681027,-0.922658145359632,1
8385,1.362641392063276,1.0451541780682831,1.2333444507583124,0.48145348260885645,0.2428518657786547,3.2379714871597938,1
3052,-1.0080960570472028,-1.0777901142878075,-0.6927532438365718,0.7443404708566951,-0.5070552537093999,1.851094942986652,0
4232,-0.031910048589946886,-0.30496390259677447,0.03596238559161594,0.25034404239097685,1.9926351445841153,-0.922658145359632,0
3592,-0.17136519265526917,-0.6587879513227896,-0.5107188082537969,1.352736072230264,-1.0069933333681027,0.46421839881351007,0
4301,-0.7291857689165584,-0.528431722844784,-0.9221744213805768,-1.0422180411133084,-0.8820088134534271,-0.922658145359632,0
274,0.6653656717366646,0.24905006843474917,-0.40236497754976425,0.5415419370655056,0.9927589852667092,0.46421839881351007,1
237,-0.031910048589946886,-0.2025411516497701,0.3410867728541716,-0.07651073734573895,-0.2570862138800483,1.851094942986652,0
1532,0.1075450954753754,0.18387195419574637,0.10819827272763738,-0.6672963820035458,0.36783638569333044,0.46421839881351007,0
8855,1.362641392063276,2.236982552724334,1.7881160639629594,-0.997646934785574,-1.6319159329414814,0.46421839881351007,1
8524,1.0837311039326314,1.5758902511573059,1.5350015154383394,-0.7986918514675733,0.11786734586397894,0.46421839881351007,1
7194,-1.1475512011125253,-0.9846785225178035,-1.2954894860995374,-0.5400502431541724,0.4928209056080062,-0.922658145359632,0
2562,-1.984282065504459,-1.3757472079518203,-1.4110669055171723,-1.2353595018668222,-0.8820088134534271,-0.922658145359632,0
4361,-0.4502754807859138,-0.39807549436677847,-0.1931698484038453,-0.6559351196062803,-1.0069933333681027,-0.922658145359632,0
4559,1.362641392063276,1.343111271732296,1.8898241930504782,0.0007458469556669184,0.4928209056080062,0.46421839881351007,1
1635,-0.8686409129818806,-0.8170776573317964,-0.749964066448301,-0.39256040039694323,-1.0069933333681027,-0.922658145359632,0
5532,-0.4502754807859138,-0.574987518729786,-0.5115856388994292,-0.044320493886820085,0.11786734586397894,-0.922658145359632,0
8062,-0.17136519265526917,-0.07218492317176455,-0.28014185651561524,-0.7766485325772265,0.6178054255226819,-0.922658145359632,0
3462,0.5259105276713423,0.17921637460724618,0.1301579824169884,0.3612765736955594,1.617681584840088,0.46421839881351007,1
7327,1.362641392063276,1.6410683653963085,0.7710347730877734,-0.39256040039694323,-1.38194689311213,0.46421839881351007,1
8688,-0.4502754807859138,-0.8403555552742974,-0.5390352760111174,1.3827802994585883,1.2427280250960608,0.46421839881351007,0
2925,1.5020965361285983,1.5898569899228063,2.035162797968155,-0.07651073734573895,-0.6320397736240756,-0.922658145359632,1
3656,-1.8448269214391366,-1.4269585834253224,-1.4243583087502003,0.5415419370655056,1.117743505181385,-0.922658145359632,0
4339,-0.031910048589946886,-0.30496390259677447,-0.11024304997169218,0.25034404239097685,-0.0071171740506968135,-0.922658145359632,1
1684,0.38645538360602,0.22577217049224818,-0.538168445365485,-0.1006534199399281,0.9927589852667092,-0.922658145359632,1
3684,0.2470002395406977,0.3747507173242545,0.2070169663297156,-0.7203156065241186,0.4928209056080062,-0.922658145359632,1
6978,-0.7291857689165584,-0.6867214288537907,-0.3474657033263877,-0.4949839023116854,-0.8820088134534271,-0.922658145359632,0
8122,-2.2631923536351035,-1.440925322190823,-1.5301116475173362,-2.0079253448808774,0.4928209056080062,-0.922658145359632,0
2079,-1.0080960570472028,-0.7286216451502926,-1.0264830424049924,-1.2056454309816662,-1.0069933333681027,-0.922658145359632,0
5768,0.5259105276713423,-0.06287376399476416,-0.43328193724398156,1.0823380271753442,0.9927589852667092,0.46421839881351007,1
4150,-1.1475512011125253,-0.9846785225178035,-0.9435562439728393,-0.5400502431541724,-0.7570242935387513,0.46421839881351007,0
7130,-0.7291857689165584,-0.528431722844784,-0.7748132116230925,-1.0422180411133084,1.3677125450107366,-0.922658145359632,0
5514,-0.17136519265526917,-0.3654864372472771,-0.5471256953703519,0.04234554619488514,0.2428518657786547,-0.922658145359632,0
6932,0.1075450954753754,0.18387195419574637,0.12148967596066577,-0.6672963820035458,-1.2569623731974542,-0.922658145359632,0
2201,-0.8686409129818806,-0.8915669307477996,-0.9210186471864006,0.0007458469556669184,-0.8820088134534271,-0.922658145359632,0
5758,0.9442759598673092,0.5237292641562609,0.8106200392383132,0.5753416926973705,-1.0069933333681027,0.46421839881351007,0
4409,0.9442759598673092,0.7937528802892724,1.0201041119327765,0.03079007418399119,-1.1319778532827784,0.46421839881351007,0
8642,-0.31082033672059145,-0.8915669307477996,-0.441372356603216,2.434328252449941,-0.6320397736240756,-0.922658145359632,0
4666,-0.5897306248512361,-0.7984553389777955,-0.5661959695742615,0.5415419370655056,1.117743505181385,0.46421839881351007,0
2772,-1.2870063451778475,-1.1522793877038107,-1.0230157198224634,0.06834535821939652,-1.5069314130268057,0.46421839881351007,0
1123,-0.7291857689165584,-0.6075765758492874,-0.8484938165018346,-0.7896484385894823,0.11786734586397894,-0.922658145359632,0
5453,0.5259105276713423,0.3002614439082513,-0.2454686306903248,0.06834535821939652,-0.38207073379472406,0.46421839881351007,0
6609,-0.31082033672059145,-0.7053437472077916,-0.29112171136029075,1.0823380271753442,0.11786734586397894,0.46421839881351007,1
6737,0.5259105276713423,0.3002614439082513,0.5132971277864475,0.06834535821939652,-0.5070552537093999,-0.922658145359632,1
3272,-0.8686409129818806,-0.7425883839157932,-0.7407178728948903,-0.7203156065241186,2.4925732242428182,-0.922658145359632,0
3531,-1.2870063451778475,-1.0917568530533082,-0.9253528004145618,-0.4198733342408747,-0.8820088134534271,-0.922658145359632,0
8517,0.5259105276713423,0.6633966518112668,0.8137984182722982,-0.6254390994873045,0.9927589852667092,0.46421839881351007,1
1359,-1.0080960570472028,-1.0079564204603044,-0.9961439698078632,0.18101121032561315,-1.38194689311213,0.46421839881351007,0
5528,1.0837311039326314,0.877553312882276,1.058244660340596,0.18101121032561315,0.6178054255226819,0.46421839881351007,1
2342,-1.1475512011125253,-0.854322294039798,-0.7655670180696816,-1.1709790149489838,-0.5070552537093999,-0.922658145359632,0
3970,-0.31082033672059145,-1.0777901142878075,-0.3026794533020542,4.68764529457427,-2.1318540126001846,1.851094942986652,0
3083,-0.4502754807859138,-0.48653150654828226,-0.40178709045267613,-0.3736514461972989,-0.13210169396537258,-0.922658145359632,0
4808,-1.984282065504459,-1.4129918446598217,-1.5104634862163382,-0.7203156065241186,-0.2570862138800483,0.46421839881351007,0
2708,-1.2870063451778475,-1.3338469916553184,-1.3723484700122648,2.7047262975048607,-0.38207073379472406,-0.922658145359632,0
1159,0.2470002395406977,0.2630168072002498,0.42199096644651635,-0.5082387084418284,0.9927589852667092,0.46421839881351007,1
3484,-0.17136519265526917,-0.5610207799642855,-0.7352279454725525,0.8365216225799632,0.7427899454373577,0.46421839881351007,0
4327,-0.7291857689165584,-0.6075765758492874,-0.5046509937343711,-0.7896484385894823,1.4926970649254123,-0.922658145359632,0
7316,-0.7291857689165584,-0.6075765758492874,-0.8583178971523335,-0.7896484385894823,0.9927589852667092,0.46421839881351007,0
8727,0.6653656717366646,0.6261520151032652,0.6430327810827426,-0.2696521980992527,1.117743505181385,3.2379714871597938,1
7594,0.1075450954753754,-0.24444136794627191,0.16136388565974966,0.4583425385870686,1.2427280250960608,0.46421839881351007,1
4435,-2.4026474977004257,-1.5666259710803283,-1.6520458250029408,0.18101121032561315,-1.0069933333681027,-0.922658145359632,0
7269,-0.4502754807859138,-0.13270745782226714,-0.6598136793025458,-1.303527076250415,-0.13210169396537258,-0.922658145359632,0
101,0.5259105276713423,1.0265318597142823,0.9415114667287847,-1.130009614183087,-0.0071171740506968135,-0.922658145359632,1
4670,0.38645538360602,0.34216166020475314,0.039718651722688944,-0.3491810348801111,0.6178054255226819,-0.922658145359632,1
7707,-1.5659166333084922,-1.277980036593316,-1.4610541394152992,-0.07651073734573895,-0.2570862138800483,-0.922658145359632,0
5363,0.5259105276713423,0.17921637460724618,0.28040862765991365,0.3612765736955594,-0.5070552537093999,0.46421839881351007,0
2343,-1.7053717773738144,-1.1709017060578115,-1.4324487281094347,-1.6216424233738498,-0.8820088134534271,-0.922658145359632,0
5719,-1.2870063451778475,-1.1522793877038107,-1.1394599698857304,0.06834535821939652,0.2428518657786547,-0.922658145359632,0
8040,0.8048208158019868,0.7099524476962689,0.6623919988351966,-0.11943106195763077,-0.0071171740506968135,0.46421839881351007,1
8076,-1.2870063451778475,-1.1522793877038107,-1.3160044780461677,0.06834535821939652,1.4926970649254123,-0.922658145359632,0
2739,-0.31082033672059145,-0.42600897189777964,-0.8054412277687657,-0.16565295000120656,1.2427280250960608,-0.922658145359632,1
4433,0.8048208158019868,0.8403086761742744,0.45204109549510096,-0.3408095783768633,0.8677744653520334,-0.922658145359632,1
1667,0.1075450954753754,0.18387195419574637,0.2942779179900297,-0.6672963820035458,-0.6320397736240756,-0.922658145359632,0
6219,1.362641392063276,1.9390254590603213,1.344298773399242,-0.7203156065241186,0.7427899454373577,0.46421839881351007,1
8683,0.38645538360602,-0.007006808932761768,0.18419042599473248,0.502913644914803,-0.7570242935387513,1.851094942986652,1
7432,1.2231862479979538,1.3943226472057981,1.343142999205066,-0.33403268501709044,-0.6320397736240756,-0.922658145359632,1
5568,-0.31082033672059145,-0.05356260481776375,-0.4009202598070438,-1.1444694026886977,-0.0071171740506968135,-0.922658145359632,0
771,0.6653656717366646,0.1233494195452438,0.7756578698644788,0.8891965664218305,0.6178054255226819,0.46421839881351007,0
3639,0.38645538360602,0.4585511499172581,0.6103821600972609,-0.5700944703824966,-0.5070552537093999,-0.922658145359632,0
999,0.5259105276713423,-0.18391883329576933,-0.01258013056379088,1.5330014356002095,0.36783638569333044,-0.922658145359632,1
1736,-1.1475512011125253,-1.115034750995809,-1.0042343891670977,0.4063429145380458,0.6178054255226819,0.46421839881351007,0
208,-0.031910048589946886,0.0023043502442386295,0.15038403081507415,-0.6076497544179019,-1.2569623731974542,-0.922658145359632,0
1210,2.0599171123898876,2.1531821201313304,2.227599201298516,0.22198061109151,-1.8818849727708329,0.46421839881351007,1
611,-0.031910048589946886,-0.40738665354377884,-0.3581566146225191,0.6316746187504784,0.7427899454373577,0.46421839881351007,0
5368,0.9442759598673092,0.7937528802892724,0.3162376276793804,0.03079007418399119,2.2426041844134668,-0.922658145359632,0
7102,0.2470002395406977,-0.18391883329576933,0.2555594824851221,0.6663410347831609,0.4928209056080062,0.46421839881351007,1
900,1.6415516801939205,1.2127550432542904,1.9464571285651198,0.7818957548921004,1.7426661047547638,1.851094942986652,1
95,0.38645538360602,0.1093826807797432,0.2708734905579586,0.18101121032561315,-1.2569623731974542,-0.922658145359632,1
12,1.362641392063276,2.236982552724334,1.5569612251276899,-0.997646934785574,0.6178054255226819,0.46421839881351007,1
5189,-0.31082033672059145,0.03954898695224022,-0.32579493718558117,-1.3212001510906057,0.7427899454373577,-0.922658145359632,0
5705,-0.31082033672059145,-0.42600897189777964,-0.7881046148561205,-0.16565295000120656,1.3677125450107366,-0.922658145359632,0
5744,-1.2870063451778475,-1.0312343184028054,-1.0530658488710483,-0.8104482882090914,-0.5070552537093999,-0.922658145359632,0
6242,-1.2870063451778475,-0.9101892491018003,-1.1056535747060723,-1.396310719161417,0.11786734586397894,-0.922658145359632,0
1529,-0.8686409129818806,-0.9660562041638027,-1.1845351634586079,0.48145348260885645,0.11786734586397894,0.46421839881351007,0
3851,0.5259105276713423,0.3002614439082513,0.19777077277630437,0.06834535821939652,0.11786734586397894,0.46421839881351007,1
548,-0.31082033672059145,-0.5191205636677836,-0.6609694534967222,0.18101121032561315,0.6178054255226819,0.46421839881351007,0
5780,-1.2870063451778475,-1.1522793877038107,-1.2333666231625586,0.06834535821939652,1.3677125450107366,0.46421839881351007,0
6882,0.5259105276713423,0.17921637460724618,-0.06516785639881485,0.3612765736955594,0.11786734586397894,1.851094942986652,1
5297,-0.031910048589946886,-0.5098094044907833,0.010535353319736084,1.0823380271753442,-0.2570862138800483,0.46421839881351007,1
954,-1.0080960570472028,-0.9381227266328015,-1.0048122762641858,-0.2696521980992527,-0.8820088134534271,-0.922658145359632,0
7648,-0.17136519265526917,-0.5610207799642855,-0.2680062274767638,0.8365216225799632,-0.8820088134534271,-0.922658145359632,0
4644,0.6653656717366646,0.877553312882276,1.4309818379624681,-0.6752492656816316,-0.38207073379472406,0.46421839881351007,1
6197,-1.984282065504459,-1.6364596649078313,-1.4827249055561058,-4.325622873923043,0.9927589852667092,-0.922658145359632,0
2211,0.5259105276713423,0.6633966518112668,0.19777077277630437,-0.6254390994873045,-0.13210169396537258,0.46421839881351007,1
3207,-1.5659166333084922,-1.4316141630138226,-1.3339189780559009,3.1103233650872397,-0.38207073379472406,0.46421839881351007,0
4118,-1.4264614892431697,-1.301257934535817,-1.0204152278855665,1.0823380271753442,-0.5070552537093999,-0.922658145359632,0
7863,0.5259105276713423,0.6633966518112668,-0.08770545318525352,-0.6254390994873045,1.117743505181385,-0.922658145359632,0
4784,-1.4264614892431697,-1.2453909794738147,-1.29780103448789,0.3097721841612886,1.8676506246694395,0.46421839881351007,0
3037,0.5259105276713423,0.3002614439082513,1.294600483049659,0.06834535821939652,0.6178054255226819,0.46421839881351007,0
3548,0.1075450954753754,-0.030284706875262763,-0.3503551388118286,-0.1795195164142793,-0.5070552537093999,0.46421839881351007,1
3269,0.38645538360602,0.807719619054773,0.43701603097080866,-1.1065985280311461,-1.5069314130268057,-0.922658145359632,0
4290,-1.0080960570472028,-0.8682890328052986,-1.1391710263371864,-0.6383768049923249,-1.7569004528561571,-0.922658145359632,0
517,1.2231862479979538,1.1056767127187856,1.7193474994094669,0.08613470328879902,0.36783638569333044,1.851094942986652,1
290,0.38645538360602,-0.007006808932761768,0.3936744986891956,0.502913644914803,-0.5070552537093999,1.851094942986652,0
2179,1.5020965361285983,1.2825887370817932,1.8635303301329667,0.3707642243992408,-0.5070552537093999,1.851094942986652,1
6115,0.1075450954753754,0.07679362366024181,0.0683240630285535,-0.43865097625857735,-0.7570242935387513,-0.922658145359632,0
7825,-1.2870063451778475,-1.0312343184028054,-1.1507287682789498,-0.8104482882090914,-0.2570862138800483,-0.922658145359632,0
1089,0.5259105276713423,0.7844417211122721,0.7762357569615668,-0.8104482882090914,1.8676506246694395,-0.922658145359632,1
6151,-0.8686409129818806,-0.8170776573317964,-0.8054412277687657,-0.39256040039694323,-1.6319159329414814,-0.922658145359632,0
5599,0.38645538360602,0.34216166020475314,0.7548539343693045,-0.3491810348801111,1.7426661047547638,-0.922658145359632,1
6158,2.0599171123898876,2.1531821201313304,2.623162919255371,0.22198061109151,-0.0071171740506968135,1.851094942986652,1
7060,-0.31082033672059145,-0.14667419658776773,-0.05418800155413935,-0.9456473107365512,-0.5070552537093999,0.46421839881351007,0
6536,-2.2631923536351035,-1.4967922772528253,-1.5197096797697487,-1.080846333264011,-0.0071171740506968135,-0.922658145359632,0
8772,0.6653656717366646,0.7518526639927706,1.1267242813455447,-0.4831243389320839,0.2428518657786547,0.46421839881351007,1
6065,-0.7291857689165584,-0.7658662818582942,-0.8927021794290801,-0.1467439958015622,0.8677744653520334,0.46421839881351007,0
1947,-0.31082033672059145,-0.6122321554377876,-0.5280554211664421,0.5907052179845815,-1.38194689311213,0.46421839881351007,0
4613,1.6415516801939205,1.2127550432542904,1.6222624670986532,0.7818957548921004,-0.0071171740506968135,0.46421839881351007,1
5179,-0.031910048589946886,0.104727101191243,-0.07210250156387288,-0.8263540555652631,0.9927589852667092,-0.922658145359632,0
188,1.781006824259243,1.7853913326398148,1.7849376849289749,0.18101121032561315,1.3677125450107366,-0.922658145359632,1
1812,0.5259105276713423,0.17921637460724618,-0.1853683725931548,0.3612765736955594,-0.7570242935387513,-0.922658145359632,1
874,0.1075450954753754,0.07679362366024181,-0.33706373557880054,-0.43865097625857735,-0.8820088134534271,0.46421839881351007,0
8972,-0.031910048589946886,-0.6122321554377876,-0.49800529211785716,1.6231341172851836,2.3675887043281425,0.46421839881351007,1
8650,-0.8686409129818806,-0.7425883839157932,-0.7176023890113633,-0.7203156065241186,-0.8820088134534271,0.46421839881351007,0
661,-0.031910048589946886,-0.40738665354377884,-0.0021781628162036806,0.6316746187504784,1.8676506246694395,-0.922658145359632,0
1904,-1.2870063451778475,-1.2128019223543132,-1.2596604860800706,0.6960551056683167,0.6178054255226819,0.46421839881351007,0
1856,-1.4264614892431697,-1.1336570693498098,-1.3359415828957097,-0.7203156065241186,-0.2570862138800483,-0.922658145359632,0
2231,1.2231862479979538,1.5386456144493041,0.7788362488984638,-0.5154686026946338,-2.1318540126001846,0.46421839881351007,1
7310,0.5259105276713423,-0.30496390259677447,0.47573446647571627,2.0656036455568696,-0.6320397736240756,1.851094942986652,1
1718,-0.8686409129818806,-0.8915669307477996,-0.97187271173016,0.0007458469556669184,0.9927589852667092,-0.922658145359632,0
294,-1.1475512011125253,-1.0498566367568063,-1.081093373079825,-0.11943106195763077,0.8677744653520334,-0.922658145359632,0
8836,-0.5897306248512361,-0.46325360860578124,-1.0394855020894762,-0.849076580359794,-0.38207073379472406,-0.922658145359632,0
3791,0.9442759598673092,1.063776496422284,1.4893484347683732,-0.4048512206267125,-0.38207073379472406,-0.922658145359632,0
2278,1.362641392063276,1.343111271732296,1.353544966952653,0.0007458469556669184,0.11786734586397894,0.46421839881351007,1
6236,-0.5897306248512361,-0.714654906384792,-0.8470490987591144,0.09907240879381946,1.3677125450107366,-0.922658145359632,0
8608,-1.4264614892431697,-1.0777901142878075,-1.4087553571288196,-1.080846333264011,0.8677744653520334,-0.922658145359632,0
5714,0.2470002395406977,-0.18391883329576933,-0.29921213071952507,0.6663410347831609,-2.1318540126001846,-0.922658145359632,0
1676,0.8048208158019868,0.3188837622622521,0.3630464825435223,0.7218073004354518,1.3677125450107366,1.851094942986652,1
8516,-0.8686409129818806,-0.8170776573317964,-0.9764958085068652,-0.39256040039694323,-0.0071171740506968135,0.46421839881351007,0
8717,1.781006824259243,1.1336101902497868,1.4410948621615112,1.241395700737061,0.7427899454373577,3.2379714871597938,1
8102,-1.4264614892431697,-1.2453909794738147,-1.363680163555942,0.3097721841612886,-0.7570242935387513,0.46421839881351007,0
5271,1.0837311039326314,1.017220700537282,0.9628932893210471,-0.05618005726642155,0.8677744653520334,-0.922658145359632,1
6293,-0.5897306248512361,-0.5470540411987849,-0.7898382761473849,-0.5816499423933906,-0.8820088134534271,0.46421839881351007,0
1593,-0.5897306248512361,-0.9660562041638027,-0.430970388855629,1.7583331398126427,-1.1319778532827784,0.46421839881351007,0
5623,0.38645538360602,0.574940639629763,0.26364990184435644,-0.767753860042525,0.36783638569333044,-0.922658145359632,1
7561,-1.4264614892431697,-1.0777901142878075,-1.3532781958083548,-1.080846333264011,-0.13210169396537258,0.46421839881351007,0
1879,-0.031910048589946886,-0.2025411516497701,0.16945430501898398,-0.07651073734573895,-0.13210169396537258,0.46421839881351007,0
1750,-0.8686409129818806,-0.8170776573317964,-0.7638333567784172,-0.39256040039694323,0.6178054255226819,0.46421839881351007,0
7490,0.6653656717366646,0.6261520151032652,0.666437208514814,-0.2696521980992527,0.4928209056080062,0.46421839881351007,1
3998,0.1075450954753754,-0.24444136794627191,-0.02471575960264267,0.4583425385870686,0.2428518657786547,-0.922658145359632,1
1469,0.5259105276713423,0.05817130530624101,0.8438485473208831,0.6960551056683167,-0.5070552537093999,-0.922658145359632,0
4646,-0.4502754807859138,-0.48653150654828226,-0.7696122277492988,-0.3736514461972989,-0.5070552537093999,-0.922658145359632,0
2063,0.2470002395406977,0.03954898695224022,0.17234374050442516,0.0007458469556669184,1.2427280250960608,-0.922658145359632,1
137,-0.4502754807859138,-0.574987518729786,-0.8739208487737143,-0.044320493886820085,0.36783638569333044,0.46421839881351007,0
7711,-1.0080960570472028,-1.1476238081153105,-0.8054412277687657,1.4686209486823718,0.11786734586397894,-0.922658145359632,0
8796,1.362641392063276,1.0451541780682831,1.2795754185253663,0.48145348260885645,1.117743505181385,-0.922658145359632,1
5463,-0.31082033672059145,-0.42600897189777964,-0.34313155009822643,-0.16565295000120656,1.7426661047547638,0.46421839881351007,1
7897,-0.7291857689165584,-0.7658662818582942,-1.0302393085360653,-0.1467439958015622,-2.006869492685509,-0.922658145359632,0
2691,-0.7291857689165584,-0.7658662818582942,-0.902526260079579,-0.1467439958015622,0.6178054255226819,-0.922658145359632,0
610,-1.0080960570472028,-1.0079564204603044,-1.022148889176831,0.18101121032561315,0.36783638569333044,-0.922658145359632,0
601,-0.7291857689165584,-1.161590546880811,-0.7748132116230925,3.335655069299673,-1.7569004528561571,1.851094942986652,0
1848,-2.2631923536351035,-1.580592709845829,-1.6185283733718268,3.7863184777245382,-0.0071171740506968135,-0.922658145359632,0
6039,-0.31082033672059145,-0.42600897189777964,-0.3026794533020542,-0.16565295000120656,-0.2570862138800483,-0.922658145359632,0
4457,-1.1475512011125253,-1.1802128652348118,-0.9799631310893944,1.0823380271753442,2.2426041844134668,-0.922658145359632,0
8494,-1.4264614892431697,-1.0777901142878075,-1.2561931634975416,-1.080846333264011,0.7427899454373577,0.46421839881351007,0
3923,0.38645538360602,0.1093826807797432,0.40812167611639993,0.18101121032561315,-1.8818849727708329,0.46421839881351007,1
4587,-0.5897306248512361,-0.37945317601277767,-0.06690151769007911,-1.080846333264011,-0.38207073379472406,-0.922658145359632,0
272,-1.1475512011125253,-0.7891441798007952,-0.8666972600601122,-1.413643927177758,-0.2570862138800483,-0.922658145359632,0
768,-0.31082033672059145,-0.3328973801277757,-0.6262962276714318,-0.46279365885276647,1.2427280250960608,-0.922658145359632,1
5437,1.362641392063276,1.9390254590603213,1.4829916767004039,-0.7203156065241186,-0.7570242935387513,-0.922658145359632,0
7745,-0.8686409129818806,-0.8170776573317964,-0.7129792922346578,-0.39256040039694323,0.8677744653520334,0.46421839881351007,0
7233,-0.4502754807859138,-0.39807549436677847,-0.20414970324852047,-0.6559351196062803,0.2428518657786547,0.46421839881351007,0
5421,-1.7053717773738144,-1.4967922772528253,-1.2850875183519503,4.68764529457427,-1.2569623731974542,-0.922658145359632,0
8766,-0.8686409129818806,-0.7425883839157932,-0.8609183890892305,-0.7203156065241186,-0.8820088134534271,0.46421839881351007,0
8454,1.5020965361285983,1.4362228635022998,1.567941079972365,0.13594486948312615,1.7426661047547638,1.851094942986652,1
8201,-0.17136519265526917,-0.3654864372472771,0.08999482916936002,0.04234554619488514,-1.1319778532827784,0.46421839881351007,0
3464,-0.31082033672059145,-0.2397857883577717,-0.27378509844764554,-0.7203156065241186,-2.2568385325148603,-0.922658145359632,0
1097,-0.7291857689165584,-0.6075765758492874,-0.44570650983137733,-0.7896484385894823,1.617681584840088,0.46421839881351007,0
5013,0.1075450954753754,-0.45859802901728103,-0.6228289050889028,1.3281544317707252,-1.1319778532827784,1.851094942986652,0
6704,0.38645538360602,0.22577217049224818,-0.07585876769494589,-0.1006534199399281,1.3677125450107366,-0.922658145359632,1
4953,0.2470002395406977,-0.07218492317176455,0.31797128897064464,0.3097721841612886,0.4928209056080062,-0.922658145359632,1
4757,-1.984282065504459,-1.5247257547838267,-1.5127750346046906,2.8849916608748067,-0.2570862138800483,-0.922658145359632,0
4996,-0.031910048589946886,-0.10011840070276574,-0.046675469291993024,-0.35978487978422613,-1.2569623731974542,0.46421839881351007,1
6606,0.5259105276713423,0.17921637460724618,0.3104587567084983,0.3612765736955594,0.6178054255226819,-0.922658145359632,1
2872,-0.17136519265526917,-0.16995209453026872,-0.10417523545226662,-0.5400502431541724,-1.2569623731974542,1.851094942986652,0
8817,-1.5659166333084922,-1.3291914120668182,-1.559583889468833,0.6316746187504784,1.4926970649254123,-0.922658145359632,0
3761,0.9442759598673092,0.6587410722227667,1.0703802893794474,0.28704965936675764,-1.0069933333681027,1.851094942986652,1
3999,-2.6815577858310706,-1.6364596649078313,-1.7338168492409174,-4.325622873923043,-1.6319159329414814,1.851094942986652,0
2757,0.1075450954753754,0.18387195419574637,0.10155257111112351,-0.6672963820035458,-0.2570862138800483,-0.922658145359632,0
5171,1.6415516801939205,1.2127550432542904,1.2980678056321882,0.7818957548921004,0.36783638569333044,0.46421839881351007,1
6011,0.9442759598673092,1.1987883044887897,0.6011359665438499,-0.5915546326884425,1.117743505181385,-0.922658145359632,1
302,-0.4502754807859138,-0.39807549436677847,-0.48413600178774097,-0.6559351196062803,0.4928209056080062,-0.922658145359632,0
8929,2.0599171123898876,1.8086692305823158,2.313126491667566,0.6767409595929654,0.11786734586397894,0.46421839881351007,1
8330,-1.0080960570472028,-1.2872911957703164,-1.1955150183032832,3.7863184777245382,0.6178054255226819,0.46421839881351007,0
3558,-1.2870063451778475,-1.0917568530533082,-1.1732663650653885,-0.4198733342408747,-1.6319159329414814,0.46421839881351007,0
1974,0.5259105276713423,0.6633966518112668,0.7461856279129818,-0.6254390994873045,-2.381823052429536,-0.922658145359632,0
3706,0.6653656717366646,0.3747507173242545,0.2763634179802962,0.23734413637872115,-0.8820088134534271,0.46421839881351007,0
7282,-1.1475512011125253,-1.0498566367568063,-1.230766131225662,-0.11943106195763077,-0.13210169396537258,-0.922658145359632,0
7621,-0.8686409129818806,-1.1895240244118122,-1.0597115504875623,2.8849916608748067,-0.13210169396537258,1.851094942986652,0
1530,-1.1475512011125253,-0.854322294039798,-0.8747876794193467,-1.1709790149489838,1.617681584840088,-0.922658145359632,0
5576,-1.5659166333084922,-1.3291914120668182,-1.3021351877160514,0.6316746187504784,-0.7570242935387513,-0.922658145359632,0
7110,0.1075450954753754,0.29095028473125095,0.37402633738819746,-0.8705367426657405,-1.1319778532827784,-0.922658145359632,1
7188,-1.984282065504459,-1.3757472079518203,-1.473478712002695,-1.2353595018668222,-0.2570862138800483,-0.922658145359632,0
72,1.2231862479979538,1.2499996799622919,1.334185749200199,-0.1344531755717929,-1.5069314130268057,1.851094942986652,1
135,1.781006824259243,1.7853913326398148,1.8759549027203624,0.18101121032561315,-1.5069314130268057,3.2379714871597938,1
7681,-1.2870063451778475,-1.3338469916553184,-1.1432162360168034,2.7047262975048607,-0.8820088134534271,-0.922658145359632,0
2233,1.5020965361285983,2.050759369184326,2.1591195802935674,-0.6076497544179019,0.4928209056080062,1.851094942986652,1
7919,0.6653656717366646,1.1289546106612867,1.1033198539134732,-1.0071014118853965,0.11786734586397894,-0.922658145359632,0
1308,1.362641392063276,1.9390254590603213,1.4460069024867608,-0.7203156065241186,1.7426661047547638,0.46421839881351007,1
8319,0.2470002395406977,0.03954898695224022,-0.1951924532436537,0.0007458469556669184,-0.5070552537093999,1.851094942986652,1
3373,-0.8686409129818806,-1.040545477579806,-0.9163955504096951,1.0823380271753442,0.4928209056080062,0.46421839881351007,0
4858,0.6653656717366646,0.3747507173242545,-0.10590889674353088,0.23734413637872115,1.4926970649254123,-0.922658145359632,1
5549,-0.4502754807859138,-0.48653150654828226,-0.593934550234494,-0.3736514461972989,-1.2569623731974542,-0.922658145359632,1
1102,-2.2631923536351035,-1.580592709845829,-1.5890561314203298,3.7863184777245382,-1.0069933333681027,-0.922658145359632,0
4536,0.1075450954753754,-0.030284706875262763,-0.26396101779714665,-0.1795195164142793,1.2427280250960608,0.46421839881351007,0
4274,1.9204619683245652,2.218360234370333,2.6272081289349885,-0.09330564697647901,-0.13210169396537258,0.46421839881351007,1
7798,1.0837311039326314,0.4585511499172581,1.1362594184474994,1.0823380271753442,-0.13210169396537258,-0.922658145359632,1
315,0.1075450954753754,0.07679362366024181,0.3540892325386559,-0.43865097625857735,-0.2570862138800483,0.46421839881351007,0
502,1.781006824259243,1.4595007614448008,1.390529741166296,0.655393745509682,-0.13210169396537258,-0.922658145359632,1
7694,-0.4502754807859138,-0.574987518729786,-0.7476525180599484,-0.044320493886820085,-0.2570862138800483,-0.922658145359632,0
162,-1.5659166333084922,-1.4316141630138226,-1.4260919700414647,3.1103233650872397,-0.6320397736240756,0.46421839881351007,0
6838,0.2470002395406977,0.03954898695224022,0.29716735347547024,0.0007458469556669184,1.7426661047547638,-0.922658145359632,0
8329,-0.8686409129818806,-0.5191205636677836,-0.8747876794193467,-1.4413770600039035,1.117743505181385,-0.922658145359632,0
266,0.1075450954753754,-0.030284706875262763,-0.3104809291127444,-0.1795195164142793,0.2428518657786547,-0.922658145359632,1
3732,-0.31082033672059145,-0.6122321554377876,-0.8285567116522927,0.5907052179845815,-1.1319778532827784,0.46421839881351007,0
5473,-1.4264614892431697,-1.0777901142878075,-1.1036309698662636,-1.080846333264011,-1.0069933333681027,-0.922658145359632,0
5423,0.9442759598673092,0.7937528802892724,1.045242200656112,0.03079007418399119,-0.5070552537093999,1.851094942986652,1
3630,0.38645538360602,0.4585511499172581,0.24920272441715208,-0.5700944703824966,0.4928209056080062,0.46421839881351007,0
1835,-0.4502754807859138,-0.6634435309112898,-0.37433745334098784,0.3448888133892005,-0.6320397736240756,-0.922658145359632,0
7973,-1.0080960570472028,-1.0777901142878075,-0.8011070745406044,0.7443404708566951,0.9927589852667092,0.46421839881351007,0
8671,0.2470002395406977,0.15128289707624498,0.44972954710674873,-0.2696521980992527,-1.6319159329414814,0.46421839881351007,1
3156,0.8048208158019868,0.5795962192182633,0.9374662570491673,0.12799198580504031,-0.0071171740506968135,0.46421839881351007,0
3029,-1.984282065504459,-1.4502364813678235,-1.3116703248180062,0.0007458469556669184,-2.006869492685509,0.46421839881351007,0
8174,-0.5897306248512361,-0.5470540411987849,-0.7846372922735915,-0.5816499423933906,-0.2570862138800483,0.46421839881351007,0
5615,-2.1237372095697813,-1.5386924935493271,-1.598880212070829,1.983664844025076,-1.5069314130268057,-0.922658145359632,0
3168,1.2231862479979538,1.6829685816928104,1.4954162492877994,-0.681127484052391,1.117743505181385,-0.922658145359632,1
5656,-0.5897306248512361,-0.714654906384792,-0.5037841630887387,0.09907240879381946,0.11786734586397894,0.46421839881351007,0
8429,1.9204619683245652,1.2127550432542904,1.7846487413804304,1.400453374298779,0.6178054255226819,3.2379714871597938,1
3764,-0.8686409129818806,-0.9660562041638027,-0.7360947761181849,0.48145348260885645,1.117743505181385,0.46421839881351007,0
7039,-0.5897306248512361,-0.714654906384792,-0.6494117115549587,0.09907240879381946,0.9927589852667092,0.46421839881351007,1
6237,-0.17136519265526917,0.025582248186739622,-0.2012602677630796,-0.9854117291269804,1.117743505181385,-0.922658145359632,0
7377,0.6653656717366646,0.7518526639927706,1.0955183781027833,-0.4831243389320839,0.36783638569333044,-0.922658145359632,1
3380,0.6653656717366646,1.0032539617717813,0.9472903376996662,-0.849076580359794,-0.7570242935387513,0.46421839881351007,1
7257,-0.17136519265526917,0.1233494195452438,-0.38936251786528037,-1.1709790149489838,0.36783638569333044,-0.922658145359632,0
4876,-0.7291857689165584,-0.6075765758492874,-1.015503187560317,-0.7896484385894823,-0.38207073379472406,-0.922658145359632,0
3418,0.6653656717366646,0.6261520151032652,0.8380696763500014,-0.2696521980992527,0.9927589852667092,0.46421839881351007,1
1543,0.8048208158019868,0.4492399907402577,0.7190249343498377,0.4063429145380458,0.2428518657786547,-0.922658145359632,1
8120,-1.5659166333084922,-1.0731345346993073,-1.1622865102207132,-1.6216424233738498,0.2428518657786547,-0.922658145359632,0
125,0.38645538360602,0.1093826807797432,0.6753944585196805,0.18101121032561315,0.7427899454373577,0.46421839881351007,0
6281,0.1075450954753754,-0.030284706875262763,0.5002946681019637,-0.1795195164142793,1.3677125450107366,0.46421839881351007,1
5161,0.8048208158019868,1.1010211331302855,1.317715966933186,-0.7203156065241186,-0.0071171740506968135,-0.922658145359632,1
5376,0.5259105276713423,0.17921637460724618,0.07005772431981809,0.3612765736955594,0.4928209056080062,0.46421839881351007,1
2386,0.9442759598673092,0.6587410722227667,0.5005836116505078,0.28704965936675764,-0.7570242935387513,1.851094942986652,0
4842,0.6653656717366646,0.3747507173242545,0.3777826035192708,0.23734413637872115,1.117743505181385,-0.922658145359632,0
6744,-0.5897306248512361,-0.2956527434197741,-0.9094609052446371,-1.2836448670552005,0.11786734586397894,-0.922658145359632,0
1271,-1.2870063451778475,-1.3338469916553184,-1.3347858087015334,2.7047262975048607,-0.5070552537093999,1.851094942986652,0
7870,-1.1475512011125253,-1.115034750995809,-1.0244604375651838,0.4063429145380458,0.7427899454373577,0.46421839881351007,0
2731,-0.031910048589946886,-0.10011840070276574,-0.5107188082537969,-0.35978487978422613,-0.38207073379472406,-0.922658145359632,1
5471,0.5259105276713423,0.17921637460724618,0.5057845955243016,0.3612765736955594,-0.38207073379472406,0.46421839881351007,1
5566,-0.7291857689165584,-0.8450111348627976,-1.0891837924390593,0.271143892010586,-0.5070552537093999,0.46421839881351007,0
7163,0.5259105276713423,0.5423515825102617,0.7161354988643969,-0.4198733342408747,-0.8820088134534271,-0.922658145359632,0
3746,0.5259105276713423,-0.06287376399476416,0.295433692184206,1.0823380271753442,0.6178054255226819,1.851094942986652,1
4740,0.2470002395406977,-0.07218492317176455,-0.5904672276519648,0.3097721841612886,-0.7570242935387513,-0.922658145359632,1
387,0.5259105276713423,0.3002614439082513,0.4832469987378626,0.06834535821939652,-0.2570862138800483,3.2379714871597938,0
3420,-2.4026474977004257,-1.6364596649078313,-1.702610945998156,-4.325622873923043,-0.5070552537093999,-0.922658145359632,0
3304,-0.17136519265526917,-0.46325360860578124,0.05358794205280532,0.4063429145380458,-0.0071171740506968135,1.851094942986652,0
7171,0.1075450954753754,-0.030284706875262763,0.4205462487037959,-0.1795195164142793,0.7427899454373577,-0.922658145359632,0
7639,0.38645538360602,0.22577217049224818,0.6392765149516696,-0.1006534199399281,-0.0071171740506968135,0.46421839881351007,1
7167,1.0837311039326314,0.73788592522727,1.2056058700980803,0.446107332928475,-0.0071171740506968135,0.46421839881351007,1
2865,2.19937225645521,2.9632529685303646,2.6231629192553716,-0.3736514461972989,-0.2570862138800483,-0.922658145359632,1
4034,1.9204619683245652,1.7155576388123117,1.8054526768756054,0.5415419370655056,1.617681584840088,-0.922658145359632,1
6292,-0.31082033672059145,-0.6122321554377876,0.10184151465966766,0.5907052179845815,-0.38207073379472406,0.46421839881351007,0
5562,-0.31082033672059145,-0.14667419658776773,-0.2275541306805916,-0.9456473107365512,-1.2569623731974542,0.46421839881351007,0
8485,-0.4502754807859138,-0.574987518729786,-0.4237468001420268,-0.044320493886820085,-1.6319159329414814,-0.922658145359632,0
6109,1.6415516801939205,1.8459138672903173,2.1822350641770947,-0.1467439958015622,0.36783638569333044,0.46421839881351007,1
7808,0.5259105276713423,0.5423515825102617,-0.04263025961237587,-0.4198733342408747,0.9927589852667092,0.46421839881351007,1
2004,1.6415516801939205,1.6876241612813105,1.5141975799431657,0.052250236489937096,-0.8820088134534271,0.46421839881351007,1
6538,1.6415516801939205,1.6876241612813105,2.005401612468114,0.052250236489937096,-0.2570862138800483,-0.922658145359632,1
8515,-0.4502754807859138,-0.7518995430927936,-0.5609949857004681,0.8119399821204246,1.3677125450107366,1.851094942986652,1
7158,1.2231862479979538,1.1056767127187856,0.47428974873299584,0.08613470328879902,-0.0071171740506968135,-0.922658145359632,1
8518,-0.17136519265526917,-0.6587879513227896,-0.019225832180304752,1.352736072230264,1.4926970649254123,0.46421839881351007,0
7913,1.5020965361285983,0.36078397855875394,1.682362725195824,2.538327500547987,-1.0069933333681027,1.851094942986652,1
8425,2.0599171123898876,2.4976950096803447,1.8747991285261856,-0.1569863459930361,-1.1319778532827784,-0.922658145359632,1
7272,-0.17136519265526917,-0.16995209453026872,-0.17698900968537637,-0.5400502431541724,-0.0071171740506968135,0.46421839881351007,0
6243,-1.8448269214391366,-1.3431581508323187,-1.380149945822955,-0.849076580359794,-1.2569623731974542,-0.922658145359632,0
5892,0.9442759598673092,1.063776496422284,1.036862837748333,-0.4048512206267125,-1.0069933333681027,-0.922658145359632,1
8791,0.8048208158019868,0.7099524476962689,0.7109345149906035,-0.11943106195763077,0.7427899454373577,0.46421839881351007,1
3468,0.1075450954753754,0.39802861526675554,0.1746552888927774,-1.0523833811529668,1.8676506246694395,0.46421839881351007,0
1762,-0.31082033672059145,-0.42600897189777964,-0.4933821953411517,-0.16565295000120656,-1.8818849727708329,-0.922658145359632,0
1945,0.9442759598673092,1.7388355367548127,1.162553281365011,-1.189005551285979,0.2428518657786547,-0.922658145359632,1
5085,0.1075450954753754,0.07679362366024181,0.24775800667443162,-0.43865097625857735,-2.381823052429536,1.851094942986652,0
8695,2.6177376886511765,3.3263881764333805,3.1181232179113927,-0.061653701903161016,0.7427899454373577,-0.922658145359632,1
7729,-1.2870063451778475,-1.0917568530533082,-1.0605783811331946,-0.4198733342408747,-0.7570242935387513,0.46421839881351007,0
7005,0.6653656717366646,0.3747507173242545,0.9706947651317376,0.23734413637872115,-1.7569004528561571,1.851094942986652,1
3902,1.2231862479979538,1.2499996799622919,1.6745612493851334,-0.1344531755717929,-0.0071171740506968135,-0.922658145359632,1
7532,-0.4502754807859138,-0.574987518729786,-0.895880558463065,-0.044320493886820085,-0.8820088134534271,0.46421839881351007,0
7533,-1.8448269214391366,-1.3850583671288206,-1.403554373255026,-0.2696521980992527,-0.2570862138800483,-0.922658145359632,0
295,2.0599171123898876,1.9809256753568232,1.73581728167648,0.43853315799696463,-0.13210169396537258,0.46421839881351007,1
8619,-0.7291857689165584,-0.6867214288537907,-0.6421881228413565,-0.4949839023116854,-1.38194689311213,-0.922658145359632,0
4837,0.8048208158019868,0.5795962192182633,0.45204109549510096,0.12799198580504031,-0.13210169396537258,0.46421839881351007,1
7512,-0.7291857689165584,-0.8450111348627976,-0.3769379452778847,0.271143892010586,1.117743505181385,0.46421839881351007,0
6153,-0.31082033672059145,-0.2397857883577717,-0.12931332417560198,-0.7203156065241186,0.6178054255226819,-0.922658145359632,0
477,-0.31082033672059145,-0.05356260481776375,-0.10041896932119328,-1.1444694026886977,-0.38207073379472406,-0.922658145359632,0
8096,0.9442759598673092,1.063776496422284,0.8776549425005414,-0.4048512206267125,1.617681584840088,-0.922658145359632,1
2075,1.2231862479979538,1.3943226472057981,1.361057499214799,-0.33403268501709044,0.7427899454373577,-0.922658145359632,1
7851,-1.8448269214391366,-1.468858799721824,-1.4685666716774455,1.7583331398126427,-0.2570862138800483,0.46421839881351007,0
6113,-0.31082033672059145,-0.05356260481776375,-0.22177525970970985,-1.1444694026886977,0.11786734586397894,-0.922658145359632,0
7120,0.8048208158019868,0.4492399907402577,0.8484716440975882,0.4063429145380458,0.2428518657786547,0.46421839881351007,1
7378,0.38645538360602,0.22577217049224818,0.34310937769398037,-0.1006534199399281,-1.7569004528561571,0.46421839881351007,1
6809,0.2470002395406977,0.03954898695224022,-0.5419247114965582,0.0007458469556669184,1.2427280250960608,0.46421839881351007,1
4045,-1.1475512011125253,-1.0498566367568063,-1.0204152278855667,-0.11943106195763077,-0.0071171740506968135,0.46421839881351007,0
839,0.1075450954753754,-0.030284706875262763,0.048386958179011556,-0.1795195164142793,3.2424803437308727,0.46421839881351007,1
5029,0.9442759598673092,0.7937528802892724,1.3468992653361391,0.03079007418399119,0.4928209056080062,1.851094942986652,1
1081,0.38645538360602,0.1093826807797432,0.12640171628591507,0.18101121032561315,-0.13210169396537258,-0.922658145359632,1
6233,0.1075450954753754,0.29095028473125095,0.6996657165973837,-0.8705367426657405,-1.5069314130268057,-0.922658145359632,0
6305,1.0837311039326314,1.296555475847294,1.1535960313601445,-0.46279365885276647,-0.2570862138800483,0.46421839881351007,1
2440,-0.17136519265526917,-0.16995209453026872,0.18101204696074746,-0.5400502431541724,0.7427899454373577,-0.922658145359632,0
4427,0.38645538360602,0.34216166020475314,0.48035756325242207,-0.3491810348801111,-0.5070552537093999,0.46421839881351007,0
6124,-1.1475512011125253,-0.9195004082788008,-1.141771518274083,-0.884193209587706,0.7427899454373577,-0.922658145359632,0
888,-1.2870063451778475,-1.273324457004816,-1.0042343891670977,1.5330014356002095,-0.13210169396537258,-0.922658145359632,0
2703,1.6415516801939205,2.3207829853173374,1.5240216605936636,-0.6482094611761396,-0.13210169396537258,1.851094942986652,1
7902,-1.8448269214391366,-1.5526592323148278,-1.4971720829833102,7.842289153548329,-0.38207073379472406,-0.922658145359632,0
8767,2.19937225645521,3.4939890416193875,2.820800306459527,-0.7824760766516862,0.36783638569333044,-0.922658145359632,1
8978,0.2470002395406977,0.03954898695224022,-0.0010223886220270696,0.0007458469556669184,-0.8820088134534271,0.46421839881351007,0
7342,0.2470002395406977,-0.18391883329576933,0.4427949019416904,0.6663410347831609,-0.2570862138800483,-0.922658145359632,1
7968,-1.0080960570472028,-1.1476238081153105,-1.0091464294923471,1.4686209486823718,-1.2569623731974542,0.46421839881351007,0
3021,-1.1475512011125253,-0.9846785225178035,-1.3197607441772408,-0.5400502431541724,0.4928209056080062,0.46421839881351007,0
8645,0.8048208158019868,0.05817130530624101,0.43586025677663237,1.4983350195675278,-1.1319778532827784,-0.922658145359632,1
5601,0.2470002395406977,0.3747507173242545,0.29023270831041253,-0.7203156065241186,0.6178054255226819,-0.922658145359632,0
1943,-0.17136519265526917,-0.3654864372472771,-0.0010223886220273978,0.04234554619488514,-0.13210169396537258,-0.922658145359632,0
3279,-0.031910048589946886,-0.5098094044907833,-0.4725782598459773,1.0823380271753442,0.6178054255226819,1.851094942986652,1
7579,-0.31082033672059145,-0.42600897189777964,-0.9441341310699275,-0.16565295000120656,0.11786734586397894,1.851094942986652,0
280,-0.031910048589946886,0.0023043502442386295,0.04231914365958566,-0.6076497544179019,-0.5070552537093999,-0.922658145359632,1
7143,-0.7291857689165584,-0.9241559878673009,-1.1235680747158057,0.7818957548921004,0.36783638569333044,0.46421839881351007,0
6969,0.8048208158019868,1.3617335900862966,1.0507321280784492,-1.0338205862979377,-0.5070552537093999,0.46421839881351007,0
3301,-0.7291857689165584,-1.0824456938763076,-0.9516466633320738,2.241186791696427,0.36783638569333044,1.851094942986652,0
2924,1.5020965361285983,0.9753204842407802,1.7205032736036436,0.9232803536136269,0.36783638569333044,1.851094942986652,1
4763,0.38645538360602,0.574940639629763,0.5670406278156478,-0.767753860042525,0.7427899454373577,-0.922658145359632,1
472,0.1075450954753754,-0.45859802901728103,-0.31712663072925856,1.3281544317707252,-0.6320397736240756,0.46421839881351007,0
2385,-0.7291857689165584,-0.8450111348627976,-0.873054018128082,0.271143892010586,0.4928209056080062,0.46421839881351007,0
8946,1.362641392063276,1.790046912228315,1.8435932252834244,-0.5635631166372087,-0.2570862138800483,1.851094942986652,1
1764,1.0837311039326314,0.5982185375722641,1.0409080474279504,0.7443404708566951,-0.38207073379472406,1.851094942986652,1
691,-1.1475512011125253,-1.2453909794738147,-1.0244604375651838,1.983664844025076,-0.6320397736240756,1.851094942986652,0
7826,-1.2870063451778475,-1.1522793877038107,-1.2671730183422167,0.06834535821939652,-0.0071171740506968135,-0.922658145359632,0
8550,1.0837311039326314,0.877553312882276,1.1362594184474994,0.18101121032561315,-0.5070552537093999,0.46421839881351007,1
2436,-1.0080960570472028,-0.9381227266328015,-0.7707680019434753,-0.2696521980992527,2.117619664498791,0.46421839881351007,0
5078,-0.8686409129818806,-1.040545477579806,-0.7222254857880687,1.0823380271753442,0.6178054255226819,0.46421839881351007,0
244,0.5259105276713423,0.17921637460724618,0.15269557920342705,0.3612765736955594,-0.13210169396537258,-0.922658145359632,1
6916,-0.5897306248512361,-0.6308544737917884,-0.7482304051570364,-0.2696521980992527,-0.2570862138800483,-0.922658145359632,0
6693,-0.31082033672059145,-0.3328973801277757,-0.5222765501955604,-0.46279365885276647,-1.2569623731974542,0.46421839881351007,0
4551,0.8048208158019868,0.8403086761742744,0.9940991925638087,-0.3408095783768633,0.6178054255226819,-0.922658145359632,1
4378,0.2470002395406977,-0.5191205636677836,0.20008232116465727,2.1639302073950217,-0.13210169396537258,0.46421839881351007,1
8151,0.6653656717366646,0.6261520151032652,0.10473095014510854,-0.2696521980992527,-0.7570242935387513,1.851094942986652,0
2457,-0.8686409129818806,-0.8170776573317964,-1.1244349053614378,-0.39256040039694323,-0.5070552537093999,-0.922658145359632,0
6189,-0.031910048589946886,-0.6122321554377876,-0.4789350179139473,1.6231341172851836,0.7427899454373577,-0.922658145359632,1
3247,0.1075450954753754,-0.13736303741076733,-0.3237723323457728,0.11663072340777482,0.11786734586397894,0.46421839881351007,1
1402,0.8048208158019868,1.1010211331302855,1.188269257185435,-0.7203156065241186,-1.0069933333681027,-0.922658145359632,1
5598,0.2470002395406977,-0.07218492317176455,0.22088625665983166,0.3097721841612886,-0.13210169396537258,1.851094942986652,1
3566,0.2470002395406977,0.03954898695224022,-0.3754932275351643,0.0007458469556669184,-2.1318540126001846,1.851094942986652,0
6112,0.2470002395406977,0.3747507173242545,0.5329452890874453,-0.7203156065241186,-0.13210169396537258,-0.922658145359632,1
936,-0.4502754807859138,-0.7518995430927936,-0.895880558463065,0.8119399821204246,0.2428518657786547,0.46421839881351007,0
4694,-0.7291857689165584,-0.8450111348627976,-0.8435817761765854,0.271143892010586,-1.6319159329414814,0.46421839881351007,0
968,-0.031910048589946886,-0.714654906384792,-0.5425025985936465,2.28410711630832,0.11786734586397894,0.46421839881351007,0
56,-1.1475512011125253,-0.854322294039798,-0.9111945665359015,-1.1709790149489838,-0.6320397736240756,-0.922658145359632,0
1606,-2.4026474977004257,-1.5433480731378273,-1.5971465507795644,-0.9456473107365512,0.7427899454373577,-0.922658145359632,0
5024,0.9442759598673092,0.6587410722227667,0.6849295956216352,0.28704965936675764,0.36783638569333044,0.46421839881351007,1
4593,0.2470002395406977,0.15128289707624498,0.15847445017430847,-0.2696521980992527,1.117743505181385,-0.922658145359632,0
2425,-0.17136519265526917,-0.3654864372472771,-0.18305682420480224,0.04234554619488514,0.36783638569333044,0.46421839881351007,1
5053,1.0837311039326314,0.877553312882276,1.1015861926222088,0.18101121032561315,0.9927589852667092,1.851094942986652,1
3009,0.8048208158019868,0.18852753378424658,0.43586025677663237,1.0823380271753442,-0.2570862138800483,1.851094942986652,1
604,-0.31082033672059145,-0.5191205636677836,-0.8054412277687657,0.18101121032561315,-0.5070552537093999,0.46421839881351007,1
6582,-2.1237372095697813,-1.60387060778833,-1.5220212281581016,14.602240279921313,-1.38194689311213,-0.922658145359632,0
4209,1.9204619683245652,2.050759369184326,2.304747128759787,0.09907240879381946,-0.13210169396537258,0.46421839881351007,1
6961,-1.2870063451778475,-1.1522793877038107,-1.3385420748326065,0.06834535821939652,-0.38207073379472406,-0.922658145359632,0
2094,1.781006824259243,1.9483366182373216,1.6939204671375874,-0.023835793503871668,-2.7567766121735633,0.46421839881351007,1
4505,-0.4502754807859138,-0.7518995430927936,-0.13827057418046876,0.8119399821204246,-2.506807572344212,1.851094942986652,0
3818,0.9442759598673092,1.4688119206218013,1.036862837748333,-0.9162562188827555,-0.5070552537093999,-0.922658145359632,0
7809,-0.7291857689165584,-0.6867214288537907,-0.573419558287864,-0.4949839023116854,-1.8818849727708329,0.46421839881351007,0
620,1.5020965361285983,1.8971252427638194,1.59654649127823,-0.4459987492220264,-0.0071171740506968135,0.46421839881351007,1
2864,-0.8686409129818806,-0.9660562041638027,-1.0458422601574462,0.48145348260885645,-1.0069933333681027,0.46421839881351007,0
8063,1.2231862479979538,1.5386456144493041,1.432715499253733,-0.5154686026946338,0.7427899454373577,-0.922658145359632,1
820,-0.17136519265526917,-0.16995209453026872,-0.3590234452681512,-0.5400502431541724,-0.13210169396537258,-0.922658145359632,0
4193,-0.17136519265526917,-0.16995209453026872,0.12033390176648917,-0.5400502431541724,-0.7570242935387513,-0.922658145359632,0
5910,0.9442759598673092,0.3887174560897551,0.265961450232709,0.9020726638053981,-1.1319778532827784,0.46421839881351007,1
7129,1.362641392063276,1.1941327249002895,1.473745483146993,0.2284494638440196,-0.0071171740506968135,1.851094942986652,1
344,0.8048208158019868,0.7099524476962689,0.7918387085829478,-0.11943106195763077,1.117743505181385,1.851094942986652,1
8878,2.19937225645521,2.432516895441342,2.6451226289447223,0.14182308785388553,1.9926351445841153,1.851094942986652,1
2813,0.9442759598673092,1.063776496422284,1.4558309831372593,-0.4048512206267125,-0.7570242935387513,-0.922658145359632,1
73,-0.5897306248512361,-0.6308544737917884,-0.3633575984963125,-0.2696521980992527,-0.5070552537093999,-0.922658145359632,0
544,0.6653656717366646,0.1233494195452438,0.5182091681116971,0.8891965664218305,-0.2570862138800483,1.851094942986652,1
4731,1.781006824259243,2.1112819038348287,1.4309818379624681,-0.21087001439166128,-1.5069314130268057,0.46421839881351007,1
5426,-1.5659166333084922,-1.277980036593316,-1.3784162845316905,-0.07651073734573895,-1.5069314130268057,-0.922658145359632,0
2347,1.781006824259243,2.1112819038348287,1.805163733327061,-0.21087001439166128,1.2427280250960608,1.851094942986652,1
1467,1.2231862479979538,1.5386456144493041,1.217741499136932,-0.5154686026946338,-1.0069933333681027,-0.922658145359632,1
3734,1.0837311039326314,1.296555475847294,-0.016625340243408032,-0.46279365885276647,0.36783638569333044,0.46421839881351007,1
718,0.1075450954753754,0.07679362366024181,-0.3237723323457728,-0.43865097625857735,1.3677125450107366,-0.922658145359632,0
4438,0.6653656717366646,0.877553312882276,0.9082829586462144,-0.6752492656816316,-0.38207073379472406,1.851094942986652,1
2663,0.8048208158019868,1.1010211331302855,0.524854869728211,-0.7203156065241186,-0.2570862138800483,-0.922658145359632,1
166,-1.2870063451778475,-0.9101892491018003,-1.1732663650653885,-1.396310719161417,0.4928209056080062,-0.922658145359632,0
2361,1.2231862479979538,1.6829685816928104,1.065468249054198,-0.681127484052391,1.117743505181385,-0.922658145359632,1
5342,1.5020965361285983,0.5144181049792604,1.4916599831567265,2.0480453309429136,-1.6319159329414814,1.851094942986652,1
7515,-0.8686409129818806,-0.5936098370837868,-0.8378029052057034,-1.2353595018668222,-0.6320397736240756,-0.922658145359632,0
4273,-1.0080960570472028,-0.8682890328052986,-1.1175002601963797,-0.6383768049923249,-1.2569623731974542,-0.922658145359632,0
2379,-1.7053717773738144,-1.1709017060578115,-1.423780421653112,-1.6216424233738498,-0.13210169396537258,-0.922658145359632,0
6291,2.8966479767818214,4.1690480819519165,3.372682484178733,-0.31627255069492827,-0.6320397736240756,0.46421839881351007,1
2041,1.6415516801939205,1.5293344552723038,2.005401612468114,0.271143892010586,0.4928209056080062,1.851094942986652,1
2232,1.362641392063276,1.1941327249002895,1.1778672894378481,0.2284494638440196,-0.7570242935387513,0.46421839881351007,1
3290,-0.31082033672059145,-0.42600897189777964,-0.3546892920399899,-0.16565295000120656,-0.0071171740506968135,0.46421839881351007,0
8435,1.9204619683245652,2.7211628299283546,2.252737290021851,-0.5816499423933906,2.2426041844134668,0.46421839881351007,1
236,1.5020965361285983,1.5898569899228063,1.3390977895254486,-0.07651073734573895,-0.2570862138800483,-0.922658145359632,1
6979,-0.4502754807859138,-0.574987518729786,-0.5829546953898187,-0.044320493886820085,-0.13210169396537258,1.851094942986652,0
8198,1.6415516801939205,1.3710447492632971,1.7401514349046414,0.5130789849544614,-0.0071171740506968135,0.46421839881351007,1
1273,0.2470002395406977,0.15128289707624498,0.324905934135703,-0.2696521980992527,-1.0069933333681027,-0.922658145359632,1
375,-0.17136519265526917,-0.3654864372472771,-0.013158017660879186,0.04234554619488514,-1.2569623731974542,0.46421839881351007,0
4044,-0.7291857689165584,-0.8450111348627976,-0.6176279212151091,0.271143892010586,0.36783638569333044,0.46421839881351007,0
5444,1.362641392063276,0.7471970844042705,1.603192192894744,1.0823380271753442,0.9927589852667092,-0.922658145359632,1
3948,-0.031910048589946886,-0.30496390259677447,-0.35179985655454904,0.25034404239097685,-0.2570862138800483,0.46421839881351007,1
5119,0.38645538360602,0.574940639629763,0.617605748810863,-0.767753860042525,0.6178054255226819,-0.922658145359632,0
8708,-1.1475512011125253,-0.9195004082788008,-1.0608673246817388,-0.884193209587706,-0.38207073379472406,-0.922658145359632,0
4580,1.781006824259243,2.600117760627349,2.5029624030610313,-0.6856491904914361,-0.7570242935387513,0.46421839881351007,1
3448,0.1075450954753754,-0.030284706875262763,-0.28389812264668857,-0.1795195164142793,-0.0071171740506968135,-0.922658145359632,1
8894,2.0599171123898876,3.014464344003867,2.569708362774715,-0.6201681824297035,-0.6320397736240756,-0.922658145359632,1
5525,-0.4502754807859138,-0.6634435309112898,-0.72020288094826,0.3448888133892005,-0.7570242935387513,0.46421839881351007,0
8055,-1.1475512011125253,-0.7891441798007952,-1.068957744040973,-1.413643927177758,-0.0071171740506968135,-0.922658145359632,0
2152,1.362641392063276,1.9390254590603213,1.6494231606617977,-0.7203156065241186,0.36783638569333044,0.46421839881351007,1
5975,2.0599171123898876,2.4976950096803447,1.9282536850068417,-0.1569863459930361,-1.1319778532827784,1.851094942986652,1
6570,1.6415516801939205,2.004203573299324,1.6812069510016474,-0.32843438180684414,0.4928209056080062,0.46421839881351007,1
367,-1.4264614892431697,-1.1895240244118122,-1.211117969924664,-0.2696521980992527,-0.13210169396537258,-0.922658145359632,0
6880,0.9442759598673092,0.9287646883557782,0.6346534181749645,-0.19849481782164213,0.7427899454373577,-0.922658145359632,1
1720,-1.2870063451778475,-1.1522793877038107,-1.2596604860800706,0.06834535821939652,0.2428518657786547,-0.922658145359632,0
8177,0.2470002395406977,0.03954898695224022,-0.03569561444731752,0.0007458469556669184,-0.2570862138800483,0.46421839881351007,1
6923,-0.31082033672059145,-0.42600897189777964,-0.41825687271968903,-0.16565295000120656,0.2428518657786547,0.46421839881351007,1
6144,-0.4502754807859138,-0.574987518729786,-0.8190215745503377,-0.044320493886820085,-1.5069314130268057,-0.922658145359632,0
1698,-1.0080960570472028,-0.7984553389777955,-0.9744732036670567,-0.9456473107365512,0.7427899454373577,-0.922658145359632,0
487,-0.17136519265526917,-0.07218492317176455,-0.14664993708824722,-0.7766485325772265,-1.5069314130268057,0.46421839881351007,0
3236,1.0837311039326314,1.4362228635022998,1.7603774833027275,-0.6383768049923249,0.6178054255226819,0.46421839881351007,1
681,1.6415516801939205,1.8459138672903173,1.6222624670986532,-0.1467439958015622,0.11786734586397894,-0.922658145359632,1
522,0.9442759598673092,0.6587410722227667,0.919551757039434,0.28704965936675764,0.36783638569333044,1.851094942986652,1
4928,0.2470002395406977,0.2630168072002498,0.5606838697476781,-0.5082387084418284,-0.8820088134534271,0.46421839881351007,0
6405,1.0837311039326314,0.5982185375722641,1.1275911119911768,0.7443404708566951,1.9926351445841153,0.46421839881351007,1
5540,0.38645538360602,0.34216166020475314,0.5453698616748414,-0.3491810348801111,-0.13210169396537258,-0.922658145359632,0
5887,-0.17136519265526917,-0.46325360860578124,-0.37722688882642874,0.4063429145380458,1.3677125450107366,0.46421839881351007,0
5997,-0.7291857689165584,-0.6075765758492874,-0.3523777436516373,-0.7896484385894823,-0.2570862138800483,-0.922658145359632,0
7466,1.0837311039326314,1.8552250264673178,1.0929178861658864,-1.080846333264011,0.7427899454373577,0.46421839881351007,1
7628,0.1075450954753754,0.07679362366024181,0.43383765193682367,-0.43865097625857735,1.617681584840088,-0.922658145359632,1
6836,-0.7291857689165584,-0.8450111348627976,-0.43588242918087844,0.271143892010586,-2.2568385325148603,0.46421839881351007,0
4358,0.38645538360602,0.4585511499172581,0.2708734905579586,-0.5700944703824966,1.3677125450107366,-0.922658145359632,1
6070,0.8048208158019868,0.5795962192182633,1.0750033861561532,0.12799198580504031,1.617681584840088,-0.922658145359632,1
4458,-0.4502754807859138,-0.8403555552742974,-0.5390352760111174,1.3827802994585883,1.617681584840088,0.46421839881351007,1
7718,-0.4502754807859138,-0.39807549436677847,-0.3908072356080008,-0.6559351196062803,0.11786734586397894,0.46421839881351007,0
3742,0.9442759598673092,0.9287646883557782,0.8357581279616488,-0.19849481782164213,-1.6319159329414814,0.46421839881351007,1
386,0.5259105276713423,0.4213065132092565,0.5057845955243016,-0.19012336131839436,-0.0071171740506968135,0.46421839881351007,0
8480,1.5020965361285983,1.1289546106612867,1.5393356686665007,0.6316746187504784,-0.0071171740506968135,1.851094942986652,1
3653,-1.1475512011125253,-1.2453909794738147,-0.8586068407008779,1.983664844025076,1.117743505181385,1.851094942986652,0
4904,-0.4502754807859138,-0.39807549436677847,-0.4731561469430656,-0.6559351196062803,1.2427280250960608,1.851094942986652,0
5498,-1.2870063451778475,-1.2128019223543132,-1.0305282520846097,0.6960551056683167,1.117743505181385,0.46421839881351007,0
7716,-0.031910048589946886,-0.10011840070276574,-0.20559442099124092,-0.35978487978422613,-1.2569623731974542,-0.922658145359632,0
2196,-0.8686409129818806,-0.9660562041638027,-1.2816201957694213,0.48145348260885645,1.4926970649254123,0.46421839881351007,0
7291,0.9442759598673092,0.9287646883557782,0.693308958529414,-0.19849481782164213,-0.2570862138800483,0.46421839881351007,1
7011,-1.1475512011125253,-1.115034750995809,-1.1296358892352316,0.4063429145380458,-0.7570242935387513,0.46421839881351007,0
7071,-1.5659166333084922,-1.4828255384873248,-1.3466324941918408,5.588972111424001,0.2428518657786547,-0.922658145359632,0
1244,-0.4502754807859138,-0.6634435309112898,-0.6982431712589096,0.3448888133892005,-0.0071171740506968135,0.46421839881351007,0
5958,-0.17136519265526917,0.025582248186739622,-0.14664993708824722,-0.9854117291269804,-0.13210169396537258,-0.922658145359632,0
1497,0.1075450954753754,-0.030284706875262763,0.061678361412039626,-0.1795195164142793,1.2427280250960608,-0.922658145359632,0
6927,0.6653656717366646,0.7518526639927706,0.9160844344569049,-0.4831243389320839,-1.5069314130268057,0.46421839881351007,0
1547,0.6653656717366646,1.0032539617717813,0.5650180229758391,-0.849076580359794,-0.0071171740506968135,-0.922658145359632,1
5219,-0.31082033672059145,-0.6122321554377876,-0.5916230018461412,0.5907052179845815,-0.0071171740506968135,-0.922658145359632,0
7277,-0.7291857689165584,-0.7658662818582942,-0.9172623810553275,-0.1467439958015622,1.117743505181385,-0.922658145359632,0
3206,-0.7291857689165584,-0.7658662818582942,-1.0105911472350675,-0.1467439958015622,1.4926970649254123,0.46421839881351007,0
5679,-0.31082033672059145,-0.2397857883577717,0.015158450096441543,-0.7203156065241186,1.4926970649254123,0.46421839881351007,0
6619,-1.0080960570472028,-0.6587879513227896,-1.0654904214584442,-1.428500962620336,0.36783638569333044,0.46421839881351007,0
4285,0.1075450954753754,-0.13736303741076733,-0.02471575960264267,0.11663072340777482,-1.8818849727708329,-0.922658145359632,0
7214,-0.031910048589946886,-0.10011840070276574,-0.40901067916627815,-0.35978487978422613,0.4928209056080062,-0.922658145359632,1
3898,-1.984282065504459,-1.3757472079518203,-1.4965941958862221,-1.2353595018668222,0.7427899454373577,-0.922658145359632,0
4035,1.0837311039326314,1.017220700537282,1.0322397409716284,-0.05618005726642155,-1.38194689311213,-0.922658145359632,1
3510,0.6653656717366646,0.6261520151032652,0.7054445875682658,-0.2696521980992527,1.117743505181385,0.46421839881351007,1
6025,1.6415516801939205,2.7956521033443575,1.2391233217291941,-1.0422180411133084,1.4926970649254123,1.851094942986652,1
788,-0.031910048589946886,-0.40738665354377884,-0.06574574349590284,0.6316746187504784,0.36783638569333044,1.851094942986652,0
5978,-0.7291857689165584,-0.44928686984028066,-0.789549332598841,-1.2611116966339573,-1.0069933333681027,-0.922658145359632,0
6565,-0.4502754807859138,-0.39807549436677847,-0.45119643725371505,-0.6559351196062803,-0.13210169396537258,0.46421839881351007,0
856,-0.7291857689165584,-0.7658662818582942,-0.51447507438487,-0.1467439958015622,-0.6320397736240756,0.46421839881351007,0
722,0.6653656717366646,0.1233494195452438,0.5104076923010067,0.8891965664218305,1.617681584840088,1.851094942986652,1
8001,-0.8686409129818806,-1.040545477579806,-1.1336810989148487,1.0823380271753442,-0.8820088134534271,0.46421839881351007,0
931,-0.4502754807859138,-0.6634435309112898,-0.8025517922833248,0.3448888133892005,-1.38194689311213,0.46421839881351007,0
8234,0.6653656717366646,0.7518526639927706,1.0175036199958798,-0.4831243389320839,-0.0071171740506968135,0.46421839881351007,0
6274,-0.031910048589946886,-0.10011840070276574,-0.1801673887193614,-0.35978487978422613,-0.8820088134534271,0.46421839881351007,1
2672,0.38645538360602,0.34216166020475314,-0.07585876769494589,-0.3491810348801111,0.11786734586397894,0.46421839881351007,0
8633,-1.0080960570472028,-1.1476238081153105,-0.8271119939095722,1.4686209486823718,0.4928209056080062,-0.922658145359632,0
5436,-1.4264614892431697,-1.1895240244118122,-1.07935971178856,-0.2696521980992527,-0.2570862138800483,-0.922658145359632,0
5475,-1.2870063451778475,-0.9101892491018003,-0.8915464052349037,-1.396310719161417,-1.1319778532827784,-0.922658145359632,0
3504,-1.2870063451778475,-1.273324457004816,-1.1394599698857304,1.5330014356002095,-0.38207073379472406,1.851094942986652,0
8744,-1.2870063451778475,-1.0312343184028054,-0.9741842601185127,-0.8104482882090914,-2.1318540126001846,-0.922658145359632,0
2881,0.38645538360602,0.34216166020475314,0.6465001036652718,-0.3491810348801111,0.8677744653520334,1.851094942986652,0
6483,1.0837311039326314,1.1568880881922878,1.0842495797095633,-0.2696521980992527,-1.5069314130268057,-0.922658145359632,1
2955,-0.5897306248512361,-0.6308544737917884,-0.5557940018266744,-0.2696521980992527,1.2427280250960608,-0.922658145359632,1
8614,0.1075450954753754,0.07679362366024181,-0.13104698546686658,-0.43865097625857735,0.7427899454373577,0.46421839881351007,0
2160,1.0837311039326314,1.296555475847294,1.656357805826856,-0.46279365885276647,-0.2570862138800483,1.851094942986652,0
7792,0.2470002395406977,0.2630168072002498,-0.29921213071952507,-0.5082387084418284,0.4928209056080062,-0.922658145359632,0
7623,1.6415516801939205,1.3710447492632971,1.916984886613622,0.5130789849544614,1.617681584840088,0.46421839881351007,1
8882,-2.6815577858310706,-1.6224929261423306,-1.765022752483679,3.7863184777245382,0.11786734586397894,-0.922658145359632,0
2248,1.362641392063276,1.343111271732296,1.1686210958844372,0.0007458469556669184,0.4928209056080062,0.46421839881351007,1
1832,0.38645538360602,0.4585511499172581,0.8270898215053262,-0.5700944703824966,-0.6320397736240756,-0.922658145359632,1
8798,-0.31082033672059145,-0.6122321554377876,-0.5974018728170231,0.5907052179845815,-1.38194689311213,0.46421839881351007,0
8101,0.38645538360602,0.22577217049224818,-0.09030594512215023,-0.1006534199399281,-0.13210169396537258,0.46421839881351007,0
1483,-0.5897306248512361,-1.0498566367568063,-0.9458677923611919,2.6274697132034555,1.2427280250960608,0.46421839881351007,0
7197,0.8048208158019868,0.8403086761742744,0.743296192427541,-0.3408095783768633,1.617681584840088,1.851094942986652,1
2829,1.0837311039326314,0.877553312882276,0.7895271601945949,0.18101121032561315,0.11786734586397894,0.46421839881351007,1
5894,1.362641392063276,1.343111271732296,1.2333444507583124,0.0007458469556669184,0.8677744653520334,-0.922658145359632,1
674,1.5020965361285983,1.2825887370817932,1.682362725195824,0.3707642243992408,2.117619664498791,0.46421839881351007,1
3331,-1.5659166333084922,-1.2267686611198139,-1.5214433410610138,-0.6076497544179019,0.8677744653520334,-0.922658145359632,0
4496,0.2470002395406977,0.3747507173242545,0.05445477269843712,-0.7203156065241186,0.2428518657786547,-0.922658145359632,0
8127,0.38645538360602,0.1093826807797432,0.2925442566987651,0.18101121032561315,-0.7570242935387513,0.46421839881351007,0
2404,-1.0080960570472028,-0.5889542574952866,-0.48037973565666775,-1.6216424233738498,-0.7570242935387513,-0.922658145359632,0
6247,0.1075450954753754,0.07679362366024181,-0.49656057437513657,-0.43865097625857735,0.6178054255226819,0.46421839881351007,0
2748,-1.984282065504459,-1.487481118075825,-1.4226246474589357,1.0823380271753442,0.9927589852667092,-0.922658145359632,0
4847,0.5259105276713423,0.7844417211122721,0.43817180516498494,-0.8104482882090914,-0.8820088134534271,-0.922658145359632,1
733,-1.7053717773738144,-1.1709017060578115,-1.3891071958278216,-1.6216424233738498,-0.5070552537093999,-0.922658145359632,0
5878,0.8048208158019868,0.8403086761742744,1.0507321280784492,-0.3408095783768633,-0.6320397736240756,-0.922658145359632,0
312,-0.4502754807859138,-0.574987518729786,-0.4896259292100785,-0.044320493886820085,-0.6320397736240756,-0.922658145359632,0
6385,-1.8448269214391366,-1.2593577182393152,-1.4087553571288194,-1.6216424233738498,0.8677744653520334,-0.922658145359632,0
6731,-0.5897306248512361,-0.6308544737917884,-0.9302648407398113,-0.2696521980992527,1.3677125450107366,-0.922658145359632,0
3642,0.2470002395406977,0.03954898695224022,-0.9094609052446371,0.0007458469556669184,1.7426661047547638,-0.922658145359632,0
1277,-0.31082033672059145,-0.5191205636677836,-0.5338342921373239,0.18101121032561315,-0.2570862138800483,0.46421839881351007,0
7763,0.1075450954753754,-0.030284706875262763,-0.03136146121915654,-0.1795195164142793,-0.8820088134534271,0.46421839881351007,0
3181,0.2470002395406977,0.15128289707624498,0.019781546873146674,-0.2696521980992527,0.11786734586397894,0.46421839881351007,1
5718,-0.31082033672059145,-0.42600897189777964,-0.5049399372829152,-0.16565295000120656,0.2428518657786547,0.46421839881351007,0
4900,-0.031910048589946886,-0.30496390259677447,-0.21195117905921096,0.25034404239097685,0.11786734586397894,1.851094942986652,0
3974,0.6653656717366646,0.24905006843474917,0.19054718406270252,0.5415419370655056,1.2427280250960608,-0.922658145359632,1
8771,0.2470002395406977,0.15128289707624498,0.38731774062122587,-0.2696521980992527,-0.6320397736240756,-0.922658145359632,1
5694,-0.5897306248512361,-0.714654906384792,-0.6598136793025458,0.09907240879381946,-1.38194689311213,-0.922658145359632,0
327,-0.4502754807859138,-0.48653150654828226,-0.5006057840547539,-0.3736514461972989,-0.13210169396537258,-0.922658145359632,0
4483,1.6415516801939205,2.7956521033443575,1.66155878970065,-1.0422180411133084,-1.38194689311213,0.46421839881351007,1
4207,0.38645538360602,0.34216166020475314,-0.0686351789813437,-0.3491810348801111,-0.13210169396537258,-0.922658145359632,1
337,-0.7291857689165584,-0.9241559878673009,-0.9172623810553275,0.7818957548921004,0.36783638569333044,0.46421839881351007,0
809,0.8048208158019868,0.5795962192182633,0.7190249343498377,0.12799198580504031,0.11786734586397894,1.851094942986652,1
2049,-0.031910048589946886,-0.9195004082788008,0.04867590172755571,4.172601399231566,0.4928209056080062,0.46421839881351007,1
7860,2.4782825445858543,2.8328967400523593,3.124191032430818,0.18101121032561315,-1.2569623731974542,-0.922658145359632,1
3620,-1.1475512011125253,-0.7891441798007952,-1.0446864859632699,-1.413643927177758,-0.8820088134534271,0.46421839881351007,0
1968,-0.4502754807859138,-0.39807549436677847,-0.23159934036020874,-0.6559351196062803,0.11786734586397894,0.46421839881351007,0
2242,-0.31082033672059145,-0.42600897189777964,-0.1177555822338385,-0.16565295000120656,-0.38207073379472406,0.46421839881351007,1
4949,0.5259105276713423,0.17921637460724618,0.7236480311265432,0.3612765736955594,0.11786734586397894,0.46421839881351007,1
5244,-1.7053717773738144,-1.3571248895978194,-1.3717705829151763,0.18101121032561315,-0.7570242935387513,0.46421839881351007,0
7618,-0.31082033672059145,-0.14667419658776773,-0.45870896951586126,-0.9456473107365512,0.7427899454373577,0.46421839881351007,0
5586,0.38645538360602,-0.2397857883577717,0.44423961968441084,1.3076697313877774,-0.6320397736240756,-0.922658145359632,1
7357,-1.4264614892431697,-1.0219231592258051,-1.0897616795361473,-1.3758260187784688,0.8677744653520334,-0.922658145359632,0
1397,-0.8686409129818806,-0.9660562041638027,-0.8239336148755873,0.48145348260885645,-1.7569004528561571,0.46421839881351007,0
4440,-0.5897306248512361,-0.37945317601277767,-0.6078038405646101,-1.080846333264011,0.4928209056080062,-0.922658145359632,0
86,1.362641392063276,1.343111271732296,1.9730399350311751,0.0007458469556669184,1.2427280250960608,0.46421839881351007,1
2197,0.5259105276713423,0.5423515825102617,1.0316618538745397,-0.4198733342408747,-0.38207073379472406,0.46421839881351007,0
7179,-0.5897306248512361,-0.5470540411987849,-0.3633575984963125,-0.5816499423933906,0.11786734586397894,-0.922658145359632,0
4785,1.9204619683245652,2.050759369184326,2.190325483536329,0.09907240879381946,0.6178054255226819,0.46421839881351007,1
7046,0.5259105276713423,0.7844417211122721,1.3246506120982442,-0.8104482882090914,0.4928209056080062,0.46421839881351007,0
4761,0.9442759598673092,0.9287646883557782,1.2044500959039037,-0.19849481782164213,-0.6320397736240756,-0.922658145359632,1
1883,0.9442759598673092,1.1987883044887897,1.2966230878894678,-0.5915546326884425,0.36783638569333044,0.46421839881351007,1
2617,0.8048208158019868,1.3617335900862966,0.5653069665243833,-1.0338205862979377,-0.5070552537093999,-0.922658145359632,0
2486,0.6653656717366646,0.6261520151032652,0.10473095014510854,-0.2696521980992527,-0.2570862138800483,-0.922658145359632,1
8898,1.9204619683245652,2.7211628299283546,1.8886684188563017,-0.5816499423933906,-0.2570862138800483,1.851094942986652,1
891,0.38645538360602,0.22577217049224818,0.40089808740279775,-0.1006534199399281,0.6178054255226819,0.46421839881351007,0
8951,0.38645538360602,-0.35617527807027666,-0.27089566296220463,1.8197872409614886,-1.8818849727708329,0.46421839881351007,1
8800,-0.17136519265526917,-0.5610207799642855,-0.650278542200591,0.8365216225799632,1.3677125450107366,1.851094942986652,0
7487,-0.5897306248512361,-1.0498566367568063,-0.7898382761473849,2.6274697132034555,-0.6320397736240756,-0.922658145359632,0
6649,-1.2870063451778475,-1.0312343184028054,-1.1357037037546573,-0.8104482882090914,-0.7570242935387513,-0.922658145359632,0
8173,0.2470002395406977,-0.07218492317176455,0.24169019215500606,0.3097721841612886,-2.381823052429536,0.46421839881351007,0
4129,-0.5897306248512361,-0.6308544737917884,-0.441372356603216,-0.2696521980992527,-1.38194689311213,0.46421839881351007,0
7959,0.38645538360602,0.22577217049224818,-0.34313155009822643,-0.1006534199399281,-0.0071171740506968135,-0.922658145359632,0
8932,-0.31082033672059145,-0.2397857883577717,-0.8458933245649379,-0.7203156065241186,0.8677744653520334,0.46421839881351007,0
2137,0.1075450954753754,-0.13736303741076733,-0.03800716283567041,0.11663072340777482,-2.6317920922588875,1.851094942986652,0
4405,0.9442759598673092,0.9287646883557782,1.2128294588116824,-0.19849481782164213,-0.0071171740506968135,-0.922658145359632,0
769,1.0837311039326314,0.5982185375722641,0.676839176262401,0.7443404708566951,-0.38207073379472406,0.46421839881351007,1
8706,-0.031910048589946886,-0.30496390259677447,-0.4662215017780076,0.25034404239097685,0.11786734586397894,0.46421839881351007,1
1926,0.2470002395406977,0.03954898695224022,0.2555594824851221,0.0007458469556669184,0.2428518657786547,-0.922658145359632,1
6853,-0.031910048589946886,-0.40738665354377884,-0.32001606621469947,0.6316746187504784,-0.8820088134534271,0.46421839881351007,0
7748,-1.7053717773738144,-1.3105690937128174,-1.38332832485694,-0.46279365885276647,-0.7570242935387513,-0.922658145359632,0
8071,-0.8686409129818806,-0.66809911049979,-0.8794107761960521,-0.997646934785574,0.6178054255226819,-0.922658145359632,0
3649,-1.1475512011125253,-1.1802128652348118,-0.9840083407690116,1.0823380271753442,-1.8818849727708329,0.46421839881351007,0
2831,-0.17136519265526917,-0.3654864372472771,-0.025293646699730644,0.04234554619488514,-1.2569623731974542,0.46421839881351007,0
7551,0.38645538360602,0.22577217049224818,0.5381462729612392,-0.1006534199399281,0.4928209056080062,-0.922658145359632,1
753,-0.31082033672059145,-0.3328973801277757,-0.441372356603216,-0.46279365885276647,-2.1318540126001846,0.46421839881351007,0
6957,-0.31082033672059145,-0.6122321554377876,-0.9614707439825727,0.5907052179845815,-0.38207073379472406,1.851094942986652,1
6289,0.8048208158019868,0.5795962192182633,0.6138494826797898,0.12799198580504031,-0.6320397736240756,1.851094942986652,1
4674,-2.542102641765748,-1.5992150281998296,-1.7335279056923736,1.0823380271753442,-1.38194689311213,-0.922658145359632,0
3094,-0.031910048589946886,0.20714985213824738,0.41101111160184084,-1.020757878807362,-0.5070552537093999,-0.922658145359632,0
4993,-0.5897306248512361,-0.6308544737917884,-0.743029421283243,-0.2696521980992527,1.117743505181385,-0.922658145359632,0
7121,1.0837311039326314,1.4362228635022998,1.3182938540302742,-0.6383768049923249,0.2428518657786547,0.46421839881351007,1
7306,1.362641392063276,1.6410683653963085,1.31656019273901,-0.39256040039694323,-0.0071171740506968135,0.46421839881351007,1
735,0.8048208158019868,0.3188837622622521,1.0021896119230433,0.7218073004354518,0.7427899454373577,0.46421839881351007,1
4864,0.6653656717366646,0.6261520151032652,0.5806209745972201,-0.2696521980992527,0.2428518657786547,-0.922658145359632,0
6118,-0.8686409129818806,-0.9660562041638027,-0.7869488406619443,0.48145348260885645,-0.13210169396537258,-0.922658145359632,0
5239,-1.2870063451778475,-1.2128019223543132,-0.9441341310699275,0.6960551056683167,0.36783638569333044,0.46421839881351007,0
4499,0.38645538360602,0.691330129342268,0.6320529262380671,-0.9456473107365512,-0.38207073379472406,-0.922658145359632,0
6984,0.8048208158019868,0.7099524476962689,1.3824393218070616,-0.11943106195763077,-0.38207073379472406,-0.922658145359632,1
1398,1.362641392063276,0.7471970844042705,1.473745483146993,1.0823380271753442,-0.5070552537093999,1.851094942986652,1
5944,-1.1475512011125253,-1.0498566367568063,-0.8828780987785811,-0.11943106195763077,0.9927589852667092,-0.922658145359632,0
3838,0.6653656717366646,0.7518526639927706,0.4870032648689356,-0.4831243389320839,-0.13210169396537258,0.46421839881351007,1
8961,0.38645538360602,0.34216166020475314,0.31421502283957164,-0.3491810348801111,1.4926970649254123,0.46421839881351007,0
7506,0.1075450954753754,0.07679362366024181,-0.3636465420448567,-0.43865097625857735,-0.5070552537093999,-0.922658145359632,1
7526,-1.0080960570472028,-1.1476238081153105,-1.0091464294923471,1.4686209486823718,-1.38194689311213,-0.922658145359632,0
8415,0.1075450954753754,0.18387195419574637,0.3474435309221417,-0.6672963820035458,0.4928209056080062,0.46421839881351007,1
1304,-0.5897306248512361,-0.5470540411987849,-0.34255366300113843,-0.5816499423933906,0.6178054255226819,0.46421839881351007,1
5294,-0.8686409129818806,-0.7425883839157932,-0.6991100019045416,-0.7203156065241186,-0.0071171740506968135,-0.922658145359632,0
1083,0.38645538360602,-0.12339629864526673,-0.30701360653021553,0.8743395309792525,1.2427280250960608,1.851094942986652,1
4266,-0.31082033672059145,-0.3328973801277757,-0.2564484855350003,-0.46279365885276647,0.11786734586397894,0.46421839881351007,0
2225,-0.031910048589946886,-0.30496390259677447,-0.7141350664288342,0.25034404239097685,-0.38207073379472406,-0.922658145359632,1
6203,0.6653656717366646,0.3747507173242545,0.6196283536506718,0.23734413637872115,0.4928209056080062,-0.922658145359632,1
6784,-0.5897306248512361,-0.8822557715707992,-0.44657334047700964,1.0823380271753442,0.6178054255226819,0.46421839881351007,0
3936,-0.31082033672059145,-0.7053437472077916,-0.4240357436905708,1.0823380271753442,-1.6319159329414814,-0.922658145359632,0
2683,-0.31082033672059145,-0.7053437472077916,-0.2564484855350003,1.0823380271753442,0.11786734586397894,0.46421839881351007,0
3522,-0.4502754807859138,-0.48653150654828226,-0.6707935341472212,-0.3736514461972989,-1.0069933333681027,0.46421839881351007,0
865,1.781006824259243,0.97066490465228,2.1591195802935674,1.5893343616533182,-1.0069933333681027,1.851094942986652,1
7127,-0.7291857689165584,-0.9241559878673009,-1.0204152278855665,0.7818957548921004,-0.13210169396537258,0.46421839881351007,0
4338,-0.5897306248512361,-0.5470540411987849,-0.7482304051570364,-0.5816499423933906,0.6178054255226819,-0.922658145359632,0
1817,-1.1475512011125253,-1.0498566367568063,-1.2186305021868102,-0.11943106195763077,-2.006869492685509,0.46421839881351007,0
1133,1.5020965361285983,1.5898569899228063,1.529800531564546,-0.07651073734573895,0.7427899454373577,1.851094942986652,1
740,-0.8686409129818806,-1.1895240244118122,-0.8424260019824089,2.8849916608748067,-0.13210169396537258,0.46421839881351007,0
7927,1.0837311039326314,1.4362228635022998,1.3096255475739516,-0.6383768049923249,-0.38207073379472406,0.46421839881351007,1
8559,0.1075450954753754,0.18387195419574637,0.20788379697534742,-0.6672963820035458,-0.8820088134534271,-0.922658145359632,1
1990,-0.4502754807859138,-1.017267579637305,-0.6323640421908575,3.013752634710483,1.3677125450107366,1.851094942986652,1
2360,-0.5897306248512361,-0.5470540411987849,-0.7638333567784171,-0.5816499423933906,-1.38194689311213,-0.922658145359632,0
5833,-1.2870063451778475,-0.9101892491018003,-1.2897106151286557,-1.396310719161417,-0.5070552537093999,0.46421839881351007,0
7690,-1.8448269214391366,-1.301257934535817,-1.608993236269872,-1.2836448670552005,-0.0071171740506968135,-0.922658145359632,0
7193,-0.17136519265526917,-0.2677192658887729,-0.15271775160767312,-0.2696521980992527,0.9927589852667092,-0.922658145359632,1
1844,0.6653656717366646,0.24905006843474917,0.6040254020292909,0.5415419370655056,0.2428518657786547,0.46421839881351007,1
5103,-0.17136519265526917,-0.3654864372472771,-0.3286843726710221,0.04234554619488514,-0.0071171740506968135,-0.922658145359632,0
5717,-0.031910048589946886,-0.2025411516497701,-0.12931332417560198,-0.07651073734573895,0.7427899454373577,-0.922658145359632,0
956,-1.2870063451778475,-1.273324457004816,-1.3160044780461677,1.5330014356002095,0.11786734586397894,0.46421839881351007,0
8895,0.5259105276713423,0.5423515825102617,0.4006091438542536,-0.4198733342408747,0.8677744653520334,-0.922658145359632,1
451,1.0837311039326314,1.017220700537282,1.1102544990785315,-0.05618005726642155,-0.6320397736240756,-0.922658145359632,1
7019,-0.5897306248512361,-0.6308544737917884,-0.4829802275935647,-0.2696521980992527,-1.1319778532827784,0.46421839881351007,1
6255,-0.31082033672059145,-0.7053437472077916,-1.0019228407787448,1.0823380271753442,0.4928209056080062,0.46421839881351007,0
8006,-0.17136519265526917,-0.2677192658887729,-0.23766715487963463,-0.2696521980992527,1.617681584840088,-0.922658145359632,1
4061,-0.17136519265526917,-0.5610207799642855,-0.7412957599919784,0.8365216225799632,0.2428518657786547,0.46421839881351007,0
2421,-0.17136519265526917,-0.46325360860578124,-0.14058212256882133,0.4063429145380458,0.4928209056080062,0.46421839881351007,0
1207,-0.31082033672059145,-0.3328973801277757,-0.07730348543766631,-0.46279365885276647,0.4928209056080062,-0.922658145359632,0
3177,-0.7291857689165584,-0.8450111348627976,-0.9123503407300779,0.271143892010586,-0.0071171740506968135,-0.922658145359632,0
8427,0.5259105276713423,0.4213065132092565,-0.4783571308168592,-0.19012336131839436,-0.6320397736240756,1.851094942986652,1
5154,-1.5659166333084922,-1.1243459101728095,-1.1877135424925929,-1.35124437831893,-0.5070552537093999,-0.922658145359632,0
6578,-0.8686409129818806,-0.66809911049979,-0.9071493568562844,-0.997646934785574,-1.6319159329414814,-0.922658145359632,0
1165,1.5020965361285983,1.2825887370817932,1.7395735478075531,0.3707642243992408,-0.8820088134534271,0.46421839881351007,1
8774,0.8048208158019868,1.1010211331302855,0.8161099666606507,-0.7203156065241186,1.8676506246694395,-0.922658145359632,1
8523,1.9204619683245652,1.3803559084402974,1.9614821930894124,1.0823380271753442,1.117743505181385,1.851094942986652,1
7038,-0.031910048589946886,-0.2025411516497701,-0.2564484855350003,-0.07651073734573895,-0.2570862138800483,0.46421839881351007,1
5349,-0.31082033672059145,-0.5191205636677836,-0.30845832427293596,0.18101121032561315,-0.5070552537093999,-0.922658145359632,0
4094,-0.7291857689165584,-0.6867214288537907,-1.0547995101623127,-0.4949839023116854,-0.8820088134534271,0.46421839881351007,0
6749,0.1075450954753754,-0.030284706875262763,0.015158450096441543,-0.1795195164142793,-0.6320397736240756,1.851094942986652,0
441,0.1075450954753754,0.07679362366024181,-0.5098519776081646,-0.43865097625857735,-0.13210169396537258,-0.922658145359632,0
6909,1.362641392063276,1.343111271732296,1.7696236768561384,0.0007458469556669184,0.8677744653520334,-0.922658145359632,1
1284,0.5259105276713423,0.3002614439082513,0.44568433742713126,0.06834535821939652,0.6178054255226819,1.851094942986652,1
2820,1.2231862479979538,1.8272915489363166,1.513330749297533,-0.8329814586303346,1.3677125450107366,-0.922658145359632,1
3589,-0.4502754807859138,-0.574987518729786,-0.7915719374386495,-0.044320493886820085,-0.5070552537093999,-0.922658145359632,0
6762,1.2231862479979538,1.2499996799622919,1.0117247490249979,-0.1344531755717929,-0.13210169396537258,-0.922658145359632,0
8863,0.8048208158019868,1.1010211331302855,1.1559075797484972,-0.7203156065241186,-1.0069933333681027,-0.922658145359632,0
479,0.38645538360602,0.574940639629763,-0.14809465483096765,-0.767753860042525,-1.2569623731974542,1.851094942986652,0
2644,-0.8686409129818806,-0.8170776573317964,-0.948757227846633,-0.39256040039694323,0.11786734586397894,-0.922658145359632,0
1696,-1.1475512011125253,-0.9195004082788008,-0.878832889098964,-0.884193209587706,-0.8820088134534271,-0.922658145359632,0
459,0.1075450954753754,0.39802861526675554,0.061678361412039626,-1.0523833811529668,-0.5070552537093999,-0.922658145359632,0
369,-0.5897306248512361,-0.5470540411987849,-0.5661959695742615,-0.5816499423933906,0.4928209056080062,-0.922658145359632,0
8806,1.5020965361285983,1.1289546106612867,2.0446979350701087,0.6316746187504784,-1.1319778532827784,1.851094942986652,1
3235,1.2231862479979538,0.6727078109882673,0.8863232489568641,0.9133392490160197,-1.1319778532827784,3.2379714871597938,1
4591,-0.31082033672059145,-0.5191205636677836,-0.6089596147587866,0.18101121032561315,0.4928209056080062,-0.922658145359632,0
5072,-1.4264614892431697,-1.1336570693498098,-0.8470490987591142,-0.7203156065241186,-1.38194689311213,0.46421839881351007,0
5358,-0.17136519265526917,-0.46325360860578124,-0.43183721950126114,0.4063429145380458,-0.6320397736240756,-0.922658145359632,0
8358,1.2231862479979538,1.8272915489363166,1.844748999477601,-0.8329814586303346,-0.38207073379472406,0.46421839881351007,1
7593,0.38645538360602,0.34216166020475314,0.07583659529069983,-0.3491810348801111,1.2427280250960608,0.46421839881351007,0
6278,-1.0080960570472028,-0.8682890328052986,-1.0698245746866053,-0.6383768049923249,0.9927589852667092,-0.922658145359632,0
3024,0.8048208158019868,0.7099524476962689,1.0992746442338561,-0.11943106195763077,-0.8820088134534271,-0.922658145359632,1
5954,-1.4264614892431697,-1.1895240244118122,-1.0446864859632696,-0.2696521980992527,-0.2570862138800483,1.851094942986652,0
7571,-1.1475512011125253,-1.115034750995809,-0.9192849858951361,0.4063429145380458,-0.8820088134534271,0.46421839881351007,0
4003,1.2231862479979538,0.8170307782317734,0.9400667489860643,0.6051650064901923,-0.6320397736240756,1.851094942986652,1
3040,-2.1237372095697813,-1.4735143793103245,-1.560450720114465,-0.5400502431541724,-0.7570242935387513,0.46421839881351007,0
8497,0.8048208158019868,0.8403086761742744,0.8242003860198853,-0.3408095783768633,-1.1319778532827784,-0.922658145359632,0
6983,0.6653656717366646,1.0032539617717813,0.06572357109165677,-0.849076580359794,-0.5070552537093999,-0.922658145359632,0
7606,0.6653656717366646,1.0032539617717813,0.4635988374368648,-0.849076580359794,-0.7570242935387513,0.46421839881351007,1
6558,-0.031910048589946886,0.104727101191243,-0.2882322758748499,-0.8263540555652631,2.2426041844134668,0.46421839881351007,0
5938,-0.31082033672059145,-0.3328973801277757,-0.39514138883616207,-0.46279365885276647,-0.6320397736240756,-0.922658145359632,0
5099,-0.5897306248512361,-0.2956527434197741,-0.10850938868042792,-1.2836448670552005,0.9927589852667092,-0.922658145359632,0
2352,-0.7291857689165584,-0.7658662818582942,-0.9565587036573231,-0.1467439958015622,1.4926970649254123,-0.922658145359632,0
8433,-0.5897306248512361,-1.1336570693498098,-1.1487061634391411,3.7863184777245382,0.8677744653520334,3.2379714871597938,0
5313,-0.31082033672059145,-0.14667419658776773,-0.03685138864149413,-0.9456473107365512,-0.0071171740506968135,-0.922658145359632,0
3451,0.5259105276713423,0.3002614439082513,1.0767370474474174,0.06834535821939652,-0.2570862138800483,0.46421839881351007,1
7874,0.8048208158019868,0.8403086761742744,0.743296192427541,-0.3408095783768633,0.6178054255226819,0.46421839881351007,1
1866,0.38645538360602,-0.12339629864526673,0.31421502283957164,0.8743395309792525,1.4926970649254123,0.46421839881351007,1
5752,2.19937225645521,2.432516895441342,1.9863313382642036,0.14182308785388553,0.7427899454373577,0.46421839881351007,1
4347,0.1075450954753754,-0.030284706875262763,-0.4766234695255946,-0.1795195164142793,-1.0069933333681027,1.851094942986652,1
895,-0.8686409129818806,-0.7425883839157932,-0.9071493568562844,-0.7203156065241186,-0.2570862138800483,-0.922658145359632,0
431,1.6415516801939205,1.0544653372452835,1.5338457412441628,1.0823380271753442,-1.1319778532827784,1.851094942986652,1
8270,0.38645538360602,0.1093826807797432,-0.33590796138462425,0.18101121032561315,-1.1319778532827784,-0.922658145359632,1
1197,1.362641392063276,1.343111271732296,1.048420579690097,0.0007458469556669184,-1.1319778532827784,0.46421839881351007,1
8088,-0.17136519265526917,-0.2677192658887729,-0.4075659614235579,-0.2696521980992527,0.7427899454373577,1.851094942986652,0
2245,-0.17136519265526917,-0.2677192658887729,-0.7837704616279592,-0.2696521980992527,1.2427280250960608,0.46421839881351007,0
1344,2.6177376886511765,3.7081457026903966,2.7034892257506273,-0.3662229284760099,2.4925732242428182,0.46421839881351007,1
2024,-1.984282065504459,-1.4129918446598217,-1.2862432925461265,-0.7203156065241186,0.6178054255226819,-0.922658145359632,0
1872,1.0837311039326314,1.5758902511573059,1.300957241117629,-0.7986918514675733,-0.38207073379472406,0.46421839881351007,1
8323,0.2470002395406977,0.2630168072002498,0.2832980631453542,-0.5082387084418284,-0.2570862138800483,0.46421839881351007,0
4157,-0.031910048589946886,-0.30496390259677447,-0.008534920884173727,0.25034404239097685,1.7426661047547638,-0.922658145359632,0
6191,-0.7291857689165584,-0.7658662818582942,-0.5832436389383628,-0.1467439958015622,0.9927589852667092,0.46421839881351007,0
675,0.8048208158019868,0.5795962192182633,0.8646524828160576,0.12799198580504031,0.8677744653520334,-0.922658145359632,1
4087,-1.5659166333084922,-1.3291914120668182,-1.0351513488613149,0.6316746187504784,-1.1319778532827784,-0.922658145359632,0
8264,-0.4502754807859138,-0.574987518729786,-0.7256928083705978,-0.044320493886820085,0.7427899454373577,0.46421839881351007,0
3082,0.5259105276713423,-0.30496390259677447,0.7912608214858595,2.0656036455568696,0.4928209056080062,0.46421839881351007,1
4519,-0.8686409129818806,-0.5936098370837868,-0.9256417439631061,-1.2353595018668222,1.3677125450107366,0.46421839881351007,0
2119,-0.031910048589946886,-0.30496390259677447,-0.4916485340498871,0.25034404239097685,0.9927589852667092,0.46421839881351007,1
5427,-0.31082033672059145,-0.3328973801277757,-0.23333300165147333,-0.46279365885276647,-0.6320397736240756,1.851094942986652,0
8308,-0.4502754807859138,-0.48653150654828226,-0.9013704858854026,-0.3736514461972989,1.617681584840088,-0.922658145359632,1
7585,0.6653656717366646,0.6261520151032652,0.8848785312141436,-0.2696521980992527,0.11786734586397894,0.46421839881351007,1
443,-0.5897306248512361,-0.9660562041638027,-0.5297890824577066,1.7583331398126427,1.7426661047547638,1.851094942986652,0
2605,-0.8686409129818806,-0.7425883839157932,-0.4402165824090397,-0.7203156065241186,-0.13210169396537258,-0.922658145359632,0
3409,0.8048208158019868,0.97066490465228,1.2449021927000765,-0.5400502431541724,0.2428518657786547,-0.922658145359632,1
5088,1.362641392063276,1.4920898185643021,0.9744510312628106,-0.205271711181415,-0.6320397736240756,-0.922658145359632,1
8813,1.6415516801939205,1.8459138672903173,1.5141975799431657,-0.1467439958015622,-0.0071171740506968135,0.46421839881351007,1
3866,0.5259105276713423,0.5423515825102617,0.1076203856305494,-0.4198733342408747,0.2428518657786547,0.46421839881351007,0
2200,-0.31082033672059145,-0.42600897189777964,-0.27378509844764554,-0.16565295000120656,1.3677125450107366,-0.922658145359632,0
8530,-0.031910048589946886,-0.2025411516497701,0.086816450135375,-0.07651073734573895,-0.13210169396537258,1.851094942986652,1
8152,1.781006824259243,1.296555475847294,1.37030369276821,0.9321168910337223,-0.8820088134534271,1.851094942986652,1
5924,0.2470002395406977,0.03954898695224022,-0.2784081952243507,0.0007458469556669184,0.2428518657786547,-0.922658145359632,0
860,1.0837311039326314,1.296555475847294,0.9022151441267888,-0.46279365885276647,0.9927589852667092,0.46421839881351007,1
7037,-1.4264614892431697,-1.1895240244118122,-1.072425066623502,-0.2696521980992527,-0.5070552537093999,0.46421839881351007,0
4422,-1.1475512011125253,-1.0498566367568063,-1.2550373893033653,-0.11943106195763077,-0.2570862138800483,0.46421839881351007,0
2576,-0.8686409129818806,-0.7425883839157932,-0.9441341310699275,-0.7203156065241186,-0.13210169396537258,-0.922658145359632,0
2548,1.362641392063276,0.5982185375722641,1.2333444507583124,1.4428687539152367,-0.38207073379472406,0.46421839881351007,1
8511,0.6653656717366646,-0.002351229344261569,0.3075693212230578,1.2903365233714366,1.117743505181385,0.46421839881351007,1
438,1.362641392063276,0.3002614439082513,1.3720373540594741,2.3303290043518956,1.4926970649254123,3.2379714871597938,1
705,-1.7053717773738144,-1.3105690937128174,-1.4324487281094347,-0.46279365885276647,-1.8818849727708329,0.46421839881351007,0
5374,0.38645538360602,-0.4725647677827816,0.2997678454123673,2.434328252449941,0.9927589852667092,1.851094942986652,1
6016,1.9204619683245652,2.218360234370333,1.836658580118366,-0.09330564697647901,1.3677125450107366,0.46421839881351007,1
3695,0.8048208158019868,0.5795962192182633,0.8889237408937605,0.12799198580504031,0.9927589852667092,0.46421839881351007,1
6089,-0.17136519265526917,-0.07218492317176455,-0.45610847757896456,-0.7766485325772265,1.617681584840088,-0.922658145359632,0
3178,0.9442759598673092,0.7937528802892724,1.0033453861172192,0.03079007418399119,-0.6320397736240756,0.46421839881351007,0
3431,0.38645538360602,-0.007006808932761768,-0.032517235413332825,0.502913644914803,-2.506807572344212,0.46421839881351007,1
379,1.781006824259243,2.1112819038348287,1.4916599831567265,-0.21087001439166128,-0.6320397736240756,-0.922658145359632,1
7834,-0.8686409129818806,-0.9660562041638027,-0.8979031633028736,0.48145348260885645,1.117743505181385,-0.922658145359632,0
1788,0.1075450954753754,0.18387195419574637,0.5933344907331598,-0.6672963820035458,-1.5069314130268057,0.46421839881351007,0
8987,2.6177376886511765,2.944630650176364,3.1062765324210853,0.2936770624318292,0.4928209056080062,0.46421839881351007,1
4502,-0.31082033672059145,0.3188837622622521,-0.12353445320472024,-1.7504033972095259,0.11786734586397894,-0.922658145359632,0
3365,-0.5897306248512361,-0.46325360860578124,-0.7742353245260043,-0.849076580359794,3.2424803437308727,-0.922658145359632,1
3387,0.2470002395406977,0.5982185375722641,0.4427949019416904,-1.080846333264011,-0.8820088134534271,0.46421839881351007,1
5135,-0.8686409129818806,-0.8915669307477996,-0.6713714212443094,0.0007458469556669184,-0.8820088134534271,-0.922658145359632,0
8402,-1.1475512011125253,-1.0498566367568063,-1.101319421477911,-0.11943106195763077,-0.8820088134534271,-0.922658145359632,0
8168,-0.5897306248512361,-0.6308544737917884,-0.46737727597218387,-0.2696521980992527,-0.0071171740506968135,-0.922658145359632,0
7670,0.6653656717366646,0.3747507173242545,0.7678563940537884,0.23734413637872115,0.9927589852667092,0.46421839881351007,1
5186,-0.7291857689165584,-0.6867214288537907,-0.9172623810553275,-0.4949839023116854,1.4926970649254123,0.46421839881351007,0
6523,-1.984282065504459,-1.487481118075825,-1.390262970021998,1.0823380271753442,1.3677125450107366,0.46421839881351007,0
5177,-0.4502754807859138,-0.7518995430927936,-0.20963963067085806,0.8119399821204246,1.617681584840088,0.46421839881351007,0
4810,-0.17136519265526917,0.3188837622622521,-0.14664993708824722,-1.4864434008463898,-0.7570242935387513,-0.922658145359632,0
6877,-0.4502754807859138,-0.574987518729786,-0.46766621952072784,-0.044320493886820085,-0.8820088134534271,-0.922658145359632,0
5321,-1.1475512011125253,-1.115034750995809,-1.0730029537205903,0.4063429145380458,-1.8818849727708329,1.851094942986652,0
1015,-0.7291857689165584,-0.8450111348627976,-0.6765724051181028,0.271143892010586,-1.0069933333681027,1.851094942986652,0
6129,0.5259105276713423,-0.06287376399476416,0.5733973858836179,1.0823380271753442,0.11786734586397894,0.46421839881351007,1
2556,1.362641392063276,2.0880040058923277,1.4460069024867608,-0.8645278972200753,-0.38207073379472406,-0.922658145359632,1
8440,-0.17136519265526917,-0.07218492317176455,-0.5289222518120744,-0.7766485325772265,0.6178054255226819,-0.922658145359632,1
7230,0.1075450954753754,-0.13736303741076733,-0.31712663072925856,0.11663072340777482,-1.38194689311213,-0.922658145359632,0
5409,-1.1475512011125253,-1.0498566367568063,-1.1903140344294898,-0.11943106195763077,0.4928209056080062,-0.922658145359632,0
6476,-1.4264614892431697,-1.0777901142878075,-1.1140329376138505,-1.080846333264011,-0.8820088134534271,-0.922658145359632,0
3341,-0.4502754807859138,-0.39807549436677847,-0.434726654986702,-0.6559351196062803,0.6178054255226819,-0.922658145359632,0
2658,1.362641392063276,0.5982185375722641,1.2888216120787772,1.4428687539152367,0.6178054255226819,-0.922658145359632,1
257,1.6415516801939205,1.3710447492632971,1.1212343539232068,0.5130789849544614,-1.5069314130268057,0.46421839881351007,1
7867,0.38645538360602,0.1093826807797432,0.6609472810924765,0.18101121032561315,1.2427280250960608,-0.922658145359632,1
6009,0.2470002395406977,0.3747507173242545,-0.05649954994249192,-0.7203156065241186,1.617681584840088,0.46421839881351007,1
2588,0.6653656717366646,0.7518526639927706,0.5962239262186007,-0.4831243389320839,0.6178054255226819,-0.922658145359632,1
3270,-0.5897306248512361,-0.714654906384792,-0.5141861308363259,0.09907240879381946,0.2428518657786547,0.46421839881351007,0
586,1.9204619683245652,2.8887636951143616,2.325551064254962,-0.7203156065241186,0.7427899454373577,0.46421839881351007,1
5019,-1.5659166333084922,-1.3291914120668182,-1.2417459860703373,0.6316746187504784,0.36783638569333044,-0.922658145359632,0
6675,-1.0080960570472028,-1.0079564204603044,-0.9441341310699275,0.18101121032561315,-2.006869492685509,0.46421839881351007,0
4436,-0.7291857689165584,-0.8450111348627976,-1.0105911472350675,0.271143892010586,0.36783638569333044,1.851094942986652,0
6075,-0.5897306248512361,-0.37945317601277767,-0.9978776310991276,-1.080846333264011,0.6178054255226819,-0.922658145359632,0
2793,-1.2870063451778475,-1.0917568530533082,-1.2220978247693393,-0.4198733342408747,-1.1319778532827784,1.851094942986652,0
2296,0.6653656717366646,0.3747507173242545,0.978496240942428,0.23734413637872115,0.36783638569333044,0.46421839881351007,1
899,-1.2870063451778475,-1.0312343184028054,-1.1244349053614378,-0.8104482882090914,0.8677744653520334,-0.922658145359632,0
3318,0.38645538360602,0.4585511499172581,0.2419791357035499,-0.5700944703824966,0.36783638569333044,-0.922658145359632,1
492,0.9442759598673092,0.6587410722227667,0.4586867971116152,0.28704965936675764,-1.6319159329414814,1.851094942986652,1
5677,1.5020965361285983,1.2825887370817932,0.8814112086316148,0.3707642243992408,-1.2569623731974542,3.2379714871597938,1
8753,1.2231862479979538,1.6829685816928104,1.4685444992731995,-0.681127484052391,0.6178054255226819,-0.922658145359632,1
6332,-0.8686409129818806,-1.115034750995809,-0.7360947761181849,1.8549038701893994,0.4928209056080062,-0.922658145359632,0
2298,-0.31082033672059145,-0.14667419658776773,-0.0021781628162036806,-0.9456473107365512,0.2428518657786547,-0.922658145359632,0
6611,0.6653656717366646,0.6261520151032652,0.7990622972965497,-0.2696521980992527,0.7427899454373577,1.851094942986652,1
4331,-0.31082033672059145,-0.2397857883577717,0.26942877281523814,-0.7203156065241186,1.9926351445841153,-0.922658145359632,1
4756,-1.7053717773738144,-1.4502364813678235,-1.4757902603910478,2.434328252449941,-1.6319159329414814,0.46421839881351007,0
2956,0.1075450954753754,-0.13736303741076733,-0.6494117115549587,0.11663072340777482,-1.1319778532827784,-0.922658145359632,0
4979,0.6653656717366646,0.7518526639927706,0.3309737486551286,-0.4831243389320839,0.8677744653520334,0.46421839881351007,1
6418,-0.17136519265526917,0.025582248186739622,0.005045425897398496,-0.9854117291269804,-0.7570242935387513,0.46421839881351007,0
3493,-0.031910048589946886,-0.10011840070276574,-0.14202684031154175,-0.35978487978422613,1.2427280250960608,0.46421839881351007,1
7671,-0.7291857689165584,-0.6867214288537907,-0.9123503407300779,-0.4949839023116854,-0.38207073379472406,0.46421839881351007,0
2792,-0.8686409129818806,-0.66809911049979,-0.5881556792636122,-0.997646934785574,-0.0071171740506968135,-0.922658145359632,0
3348,2.4782825445858543,3.577789474212391,3.0664023227220008,-0.46279365885276647,-0.0071171740506968135,-0.922658145359632,1
5996,-0.031910048589946886,0.30957260308525175,-0.11024304997169218,-1.1946981417081874,-0.7570242935387513,0.46421839881351007,0
3769,0.5259105276713423,0.17921637460724618,0.6860853698158118,0.3612765736955594,-0.8820088134534271,-0.922658145359632,1
4729,-0.031910048589946886,-0.30496390259677447,-0.3708701307584588,0.25034404239097685,-0.7570242935387513,1.851094942986652,0
2135,-0.7291857689165584,-0.6867214288537907,-0.6962205664191009,-0.4949839023116854,0.9927589852667092,-0.922658145359632,0
5090,1.5020965361285983,1.2825887370817932,1.1960707329961255,0.3707642243992408,-1.1319778532827784,1.851094942986652,1
3789,-1.7053717773738144,-1.3571248895978194,-1.4555642119929617,0.18101121032561315,-0.13210169396537258,0.46421839881351007,0
432,-1.5659166333084922,-1.0731345346993073,-1.3116703248180062,-1.6216424233738498,0.8677744653520334,0.46421839881351007,0
3638,-0.031910048589946886,-0.2025411516497701,-0.40265392109830844,-0.07651073734573895,0.2428518657786547,-0.922658145359632,0
494,0.38645538360602,0.4585511499172581,0.039718651722688944,-0.5700944703824966,-1.6319159329414814,-0.922658145359632,0
8802,0.6653656717366646,0.7518526639927706,-0.12931332417560198,-0.4831243389320839,-0.5070552537093999,0.46421839881351007,1
3349,0.8048208158019868,0.7099524476962689,0.9940991925638087,-0.11943106195763077,-1.0069933333681027,-0.922658145359632,0
7679,-0.4502754807859138,-0.574987518729786,-0.8739208487737143,-0.044320493886820085,-1.5069314130268057,0.46421839881351007,0
8461,-1.8448269214391366,-1.1755572856463117,-1.367147486138471,-2.1132752325646122,-0.0071171740506968135,-0.922658145359632,0
2687,0.9442759598673092,0.9287646883557782,0.7854819505149774,-0.19849481782164213,-0.8820088134534271,-0.922658145359632,0
198,0.2470002395406977,0.3747507173242545,-0.0010223886220270696,-0.7203156065241186,-0.7570242935387513,-0.922658145359632,0
6121,-0.5897306248512361,-0.714654906384792,-0.8574510665067014,0.09907240879381946,0.6178054255226819,-0.922658145359632,0
374,-0.8686409129818806,-0.66809911049979,-1.1521734860216701,-0.997646934785574,-0.7570242935387513,-0.922658145359632,0
5114,0.9442759598673092,0.3887174560897551,1.0284834748405547,0.9020726638053981,-1.0069933333681027,1.851094942986652,1
7092,-0.031910048589946886,-0.40738665354377884,-0.2564484855350003,0.6316746187504784,0.9927589852667092,0.46421839881351007,1
6765,0.38645538360602,0.1093826807797432,-0.039740824126935,0.18101121032561315,-1.1319778532827784,0.46421839881351007,1
6209,-0.31082033672059145,-0.6122321554377876,-0.5511709050499691,0.5907052179845815,-0.6320397736240756,0.46421839881351007,0
5257,-1.2870063451778475,-1.3338469916553184,-1.2333666231625586,2.7047262975048607,0.4928209056080062,-0.922658145359632,0
3550,-1.8448269214391366,-1.4269585834253224,-1.5023730668571038,0.5415419370655056,-0.38207073379472406,-0.922658145359632,0
6429,-0.17136519265526917,-0.2677192658887729,-0.013158017660879186,-0.2696521980992527,0.36783638569333044,-0.922658145359632,0
2634,-0.7291857689165584,-0.8450111348627976,-0.8386697358513358,0.271143892010586,1.617681584840088,0.46421839881351007,0
1106,0.2470002395406977,-0.07218492317176455,-0.18132316291353767,0.3097721841612886,0.36783638569333044,0.46421839881351007,1
2045,0.1075450954753754,-0.13736303741076733,-0.3570008404283428,0.11663072340777482,-0.38207073379472406,-0.922658145359632,0
3657,0.6653656717366646,0.24905006843474917,0.6352313052720524,0.5415419370655056,0.36783638569333044,0.46421839881351007,1
3545,1.0837311039326314,1.017220700537282,1.257615708836016,-0.05618005726642155,-1.2569623731974542,1.851094942986652,0
5912,1.0837311039326314,1.296555475847294,1.0149031280589829,-0.46279365885276647,0.4928209056080062,-0.922658145359632,1
6448,-0.031910048589946886,0.0023043502442386295,-0.2882322758748499,-0.6076497544179019,-0.5070552537093999,-0.922658145359632,0
6890,-0.4502754807859138,-0.574987518729786,-0.5115856388994292,-0.044320493886820085,0.6178054255226819,-0.922658145359632,0
8010,-1.2870063451778475,-1.2128019223543132,-1.2033164941139736,0.6960551056683167,-1.38194689311213,0.46421839881351007,0
5885,0.5259105276713423,0.6633966518112668,0.295433692184206,-0.6254390994873045,1.7426661047547638,-0.922658145359632,1
3377,-1.0080960570472028,-1.1476238081153105,-1.2821980828665094,1.4686209486823718,0.6178054255226819,1.851094942986652,0
4198,-0.031910048589946886,-0.2025411516497701,-0.7904161632444731,-0.07651073734573895,-0.2570862138800483,-0.922658145359632,0
4204,1.5020965361285983,2.050759369184326,1.9970222495603343,-0.6076497544179019,0.11786734586397894,0.46421839881351007,1
3022,1.0837311039326314,0.5982185375722641,1.4223135315061455,0.7443404708566951,-0.2570862138800483,3.2379714871597938,1
7151,-0.031910048589946886,-0.714654906384792,-0.32001606621469947,2.28410711630832,-0.8820088134534271,0.46421839881351007,0
3511,0.5259105276713423,0.5423515825102617,0.7086229666022505,-0.4198733342408747,0.9927589852667092,-0.922658145359632,1
6878,0.38645538360602,0.574940639629763,0.003600708154678061,-0.767753860042525,1.117743505181385,0.46421839881351007,0
7955,-0.5897306248512361,-0.37945317601277767,-0.5349900663315004,-1.080846333264011,-0.2570862138800483,-0.922658145359632,0
690,0.8048208158019868,0.5795962192182633,1.0750033861561532,0.12799198580504031,0.6178054255226819,-0.922658145359632,1
7674,-0.4502754807859138,-0.6634435309112898,-0.8684309213513768,0.3448888133892005,-2.2568385325148603,0.46421839881351007,0
5163,-1.5659166333084922,-1.3804027875403204,-1.4324487281094347,1.6231341172851836,0.7427899454373577,0.46421839881351007,0
8416,-0.8686409129818806,-0.7425883839157932,-0.8516721955358196,-0.7203156065241186,-0.13210169396537258,-0.922658145359632,0
3104,0.5259105276713423,0.6633966518112668,0.7386730956508355,-0.6254390994873045,-0.0071171740506968135,-0.922658145359632,0
8773,-0.5897306248512361,-0.8822557715707992,-0.6754166309239266,1.0823380271753442,0.6178054255226819,0.46421839881351007,1
317,1.362641392063276,1.4920898185643021,0.9189738699423458,-0.205271711181415,1.117743505181385,-0.922658145359632,1
852,-1.7053717773738144,-1.3105690937128174,-1.3775494538860582,-0.46279365885276647,0.2428518657786547,0.46421839881351007,0
4558,-1.2870063451778475,-1.3338469916553184,-1.1958039618518275,2.7047262975048607,-0.7570242935387513,1.851094942986652,0
987,1.5020965361285983,1.4362228635022998,1.911206015642741,0.13594486948312615,1.9926351445841153,-0.922658145359632,1
3005,-0.7291857689165584,-0.9241559878673009,-0.9516466633320738,0.7818957548921004,-0.7570242935387513,0.46421839881351007,0
109,-0.5897306248512361,-0.6308544737917884,-0.5349900663315004,-0.2696521980992527,1.3677125450107366,-0.922658145359632,0
1036,0.38645538360602,0.574940639629763,0.2780970792715608,-0.767753860042525,-0.7570242935387513,0.46421839881351007,0
7220,0.8048208158019868,0.4492399907402577,0.45204109549510096,0.4063429145380458,-0.38207073379472406,0.46421839881351007,0
4477,0.2470002395406977,0.15128289707624498,0.38731774062122587,-0.2696521980992527,1.4926970649254123,-0.922658145359632,1
5388,-0.4502754807859138,-0.48653150654828226,-0.6543237518802082,-0.3736514461972989,-0.5070552537093999,-0.922658145359632,0
5644,-2.1237372095697813,-1.4735143793103245,-1.4876369458813554,-0.5400502431541724,-1.5069314130268057,-0.922658145359632,0
4527,-1.0080960570472028,-0.7984553389777955,-0.9961439698078632,-0.9456473107365512,-0.0071171740506968135,-0.922658145359632,0
5614,-0.5897306248512361,-0.37945317601277767,-0.8678530342542884,-1.080846333264011,-0.0071171740506968135,-0.922658145359632,0
8243,-0.7291857689165584,-1.161590546880811,-0.7256928083705976,3.335655069299673,-0.8820088134534271,1.851094942986652,0
6583,-0.5897306248512361,-0.7984553389777955,-0.6078038405646101,0.5415419370655056,0.4928209056080062,0.46421839881351007,0
2846,-0.8686409129818806,-0.8915669307477996,-0.902526260079579,0.0007458469556669184,1.117743505181385,0.46421839881351007,0
5891,0.38645538360602,0.1093826807797432,-0.4153674372342482,0.18101121032561315,0.4928209056080062,0.46421839881351007,1
7570,2.338827400520532,1.9948924141223237,2.1998606206382836,0.9471390046478845,-0.0071171740506968135,1.851094942986652,1
7352,-0.5897306248512361,-0.46325360860578124,-0.550593017952881,-0.849076580359794,1.2427280250960608,0.46421839881351007,0
6072,-1.0080960570472028,-1.3571248895978194,-1.1608417924779928,5.814303815636433,0.4928209056080062,1.851094942986652,0
3102,1.362641392063276,1.790046912228315,1.6494231606617977,-0.5635631166372087,-0.2570862138800483,-0.922658145359632,1
7769,-0.17136519265526917,-0.5610207799642855,-0.7230923164337009,0.8365216225799632,0.8677744653520334,0.46421839881351007,1
5330,-1.7053717773738144,-1.3105690937128174,-1.287976953837391,-0.46279365885276647,1.8676506246694395,0.46421839881351007,0
7945,-1.1475512011125253,-1.2453909794738147,-1.1296358892352316,1.983664844025076,-0.8820088134534271,1.851094942986652,0
5823,0.2470002395406977,-0.5191205636677836,0.5468145794175617,2.1639302073950217,-0.0071171740506968135,1.851094942986652,1
6435,0.1075450954753754,0.07679362366024181,0.27434081314048747,-0.43865097625857735,-0.0071171740506968135,0.46421839881351007,1
164,-1.5659166333084922,-1.2267686611198139,-1.1622865102207132,-0.6076497544179019,-0.5070552537093999,0.46421839881351007,0
1142,-0.31082033672059145,-0.6122321554377876,-0.6551905825258405,0.5907052179845815,0.36783638569333044,0.46421839881351007,0
1048,0.38645538360602,0.574940639629763,-0.025293646699730644,-0.767753860042525,-1.6319159329414814,-0.922658145359632,0
6676,1.5020965361285983,1.4362228635022998,1.3772383379332676,0.13594486948312615,0.7427899454373577,1.851094942986652,1
7647,-0.031910048589946886,-0.2025411516497701,0.05503265979552543,-0.07651073734573895,-1.1319778532827784,0.46421839881351007,0
518,-0.8686409129818806,-0.8915669307477996,-1.3278511635364751,0.0007458469556669184,0.4928209056080062,0.46421839881351007,0
3917,-1.1475512011125253,-1.0498566367568063,-1.0365960666040355,-0.11943106195763077,-2.006869492685509,0.46421839881351007,0
7981,-0.5897306248512361,-0.7984553389777955,-0.5141861308363259,0.5415419370655056,0.6178054255226819,3.2379714871597938,0
1465,-1.8448269214391366,-1.301257934535817,-1.463365687803652,-1.2836448670552005,-2.881761132088239,0.46421839881351007,0
1976,-1.1475512011125253,-1.0498566367568063,-1.081093373079825,-0.11943106195763077,0.4928209056080062,-0.922658145359632,0
4819,-0.7291857689165584,-1.0033008408718043,-0.4800907921081236,1.4203355834939935,0.7427899454373577,0.46421839881351007,0
2210,0.38645538360602,0.22577217049224818,0.2997678454123673,-0.1006534199399281,0.9927589852667092,-0.922658145359632,1
5622,-0.31082033672059145,-0.14667419658776773,-0.4933821953411517,-0.9456473107365512,0.6178054255226819,-0.922658145359632,1
6402,-0.7291857689165584,-1.0033008408718043,-0.8828780987785809,1.4203355834939935,0.6178054255226819,0.46421839881351007,0
4798,-0.031910048589946886,-0.2025411516497701,-0.38994040496236865,-0.07651073734573895,0.2428518657786547,0.46421839881351007,0
4857,-0.7291857689165584,-0.7658662818582942,-1.0695356311380613,-0.1467439958015622,-0.6320397736240756,0.46421839881351007,0
221,-0.031910048589946886,-0.714654906384792,-0.2564484855350003,2.28410711630832,0.4928209056080062,0.46421839881351007,1
1637,-1.4264614892431697,-1.301257934535817,-1.127902227943967,1.0823380271753442,0.9927589852667092,-0.922658145359632,0
3984,0.6653656717366646,-0.002351229344261569,0.9160844344569049,1.2903365233714366,1.3677125450107366,1.851094942986652,1
2939,-0.5897306248512361,-0.46325360860578124,-0.4621762920983903,-0.849076580359794,0.6178054255226819,-0.922658145359632,0
2071,-0.4502754807859138,-0.3096194821852747,-0.5170755663217668,-0.9005809698940648,0.8677744653520334,-0.922658145359632,0
3921,0.6653656717366646,0.877553312882276,1.3685700314769456,-0.6752492656816316,0.4928209056080062,-0.922658145359632,1
8048,-0.17136519265526917,-0.5610207799642855,-0.12237867901054397,0.8365216225799632,-1.1319778532827784,-0.922658145359632,1
3709,0.5259105276713423,0.3002614439082513,0.4156342083785463,0.06834535821939652,-1.0069933333681027,0.46421839881351007,0
6550,-0.5897306248512361,-0.6308544737917884,-0.15011725967077605,-0.2696521980992527,1.4926970649254123,-0.922658145359632,1
7510,-0.4502754807859138,-0.39807549436677847,-0.6543237518802082,-0.6559351196062803,-0.2570862138800483,-0.922658145359632,0
6485,1.362641392063276,1.790046912228315,1.5662074186811008,-0.5635631166372087,0.2428518657786547,-0.922658145359632,1
5259,-0.17136519265526917,0.025582248186739622,0.10819827272763771,-0.9854117291269804,1.2427280250960608,-0.922658145359632,0
6136,1.2231862479979538,1.3943226472057981,0.3757599986794624,-0.33403268501709044,1.7426661047547638,-0.922658145359632,1
5608,-0.031910048589946886,-0.2025411516497701,-0.48529177598191736,-0.07651073734573895,0.36783638569333044,0.46421839881351007,1
3138,0.6653656717366646,0.6261520151032652,0.09692947433441805,-0.2696521980992527,-0.7570242935387513,-0.922658145359632,1
4625,-1.2870063451778475,-1.0917568530533082,-1.1732663650653885,-0.4198733342408747,-0.8820088134534271,0.46421839881351007,0
7184,0.2470002395406977,0.03954898695224022,-0.014891678952143774,0.0007458469556669184,0.4928209056080062,-0.922658145359632,1
323,0.2470002395406977,0.03954898695224022,0.4635988374368645,0.0007458469556669184,-0.13210169396537258,0.46421839881351007,1
3041,0.38645538360602,0.1093826807797432,0.039718651722688944,0.18101121032561315,1.8676506246694395,0.46421839881351007,1
1440,-1.4264614892431697,-1.1336570693498098,-1.290866389322832,-0.7203156065241186,-0.6320397736240756,0.46421839881351007,0
4391,0.5259105276713423,0.5423515825102617,0.33299635349493734,-0.4198733342408747,-0.5070552537093999,0.46421839881351007,0
2964,-0.8686409129818806,-1.040545477579806,-0.8470490987591142,1.0823380271753442,0.9927589852667092,-0.922658145359632,0
4317,-0.17136519265526917,-0.6587879513227896,-0.23766715487963463,1.352736072230264,-1.1319778532827784,-0.922658145359632,0
937,0.1075450954753754,0.29095028473125095,0.24775800667443162,-0.8705367426657405,-0.13210169396537258,0.46421839881351007,0
7081,1.0837311039326314,0.3188837622622521,1.1535960313601445,1.4686209486823718,-0.5070552537093999,0.46421839881351007,1
3491,2.338827400520532,2.539595225976847,1.8167214752688243,0.2593874552690678,-0.7570242935387513,-0.922658145359632,1
1701,0.38645538360602,0.34216166020475314,0.0541658291498933,-0.3491810348801111,1.117743505181385,-0.922658145359632,1
3802,0.6653656717366646,0.5004513662137599,0.9004814828355245,-0.031065687756677028,0.6178054255226819,-0.922658145359632,1
2114,1.0837311039326314,1.1568880881922878,0.8848785312141436,-0.2696521980992527,-0.5070552537093999,-0.922658145359632,1
4755,1.0837311039326314,0.877553312882276,1.188269257185435,0.18101121032561315,0.9927589852667092,-0.922658145359632,1
373,-0.7291857689165584,-0.528431722844784,-0.5586834373121154,-1.0422180411133084,1.117743505181385,0.46421839881351007,0
2666,0.38645538360602,0.34216166020475314,0.205861192135539,-0.3491810348801111,0.8677744653520334,-0.922658145359632,0
2446,1.6415516801939205,2.3207829853173374,2.260827709381086,-0.6482094611761396,-0.5070552537093999,-0.922658145359632,1
6987,-1.0080960570472028,-1.0777901142878075,-0.965804897210734,0.7443404708566951,0.2428518657786547,0.46421839881351007,0
5402,-0.5897306248512361,-1.0498566367568063,-0.2645389048942349,2.6274697132034555,0.11786734586397894,-0.922658145359632,0
3757,-1.2870063451778475,-1.0312343184028054,-1.3385420748326065,-0.8104482882090914,-0.2570862138800483,-0.922658145359632,0
5862,-1.4264614892431697,-1.2453909794738147,-1.141771518274083,0.3097721841612886,-0.7570242935387513,-0.922658145359632,0
33,1.0837311039326314,0.73788592522727,1.0842495797095633,0.446107332928475,0.11786734586397894,1.851094942986652,1
6154,0.38645538360602,0.34216166020475314,-0.003622880558924116,-0.3491810348801111,0.9927589852667092,0.46421839881351007,1
3404,-1.8448269214391366,-1.301257934535817,-1.41655683293951,-1.2836448670552005,-0.7570242935387513,0.46421839881351007,0
8043,-0.4502754807859138,-0.7518995430927936,-0.49511585663241614,0.8119399821204246,0.36783638569333044,1.851094942986652,1
2091,-0.4502754807859138,-0.7518995430927936,-0.45119643725371505,0.8119399821204246,-0.13210169396537258,-0.922658145359632,0
2586,0.9442759598673092,0.6587410722227667,0.9363104828549913,0.28704965936675764,-0.5070552537093999,0.46421839881351007,1
1962,-0.31082033672059145,-0.14667419658776773,-0.18132316291353767,-0.9456473107365512,-0.5070552537093999,-0.922658145359632,1
3752,2.0599171123898876,2.4976950096803447,2.377271959444353,-0.1569863459930361,0.8677744653520334,-0.922658145359632,1
2712,-0.5897306248512361,-0.5470540411987849,-0.2177300500300927,-0.5816499423933906,1.3677125450107366,0.46421839881351007,0
1693,-0.8686409129818806,-0.8170776573317964,-1.115188711808027,-0.39256040039694323,-0.7570242935387513,0.46421839881351007,0
6165,-1.8448269214391366,-1.2593577182393152,-1.104497800511896,-1.6216424233738498,-1.0069933333681027,-0.922658145359632,0
2487,-1.5659166333084922,-1.277980036593316,-1.2131405747644726,-0.07651073734573895,0.36783638569333044,0.46421839881351007,0
3926,0.2470002395406977,0.2630168072002498,0.15153980500925077,-0.5082387084418284,-0.38207073379472406,-0.922658145359632,0
8794,-0.5897306248512361,-0.37945317601277767,-0.8002402438949722,-1.080846333264011,0.8677744653520334,0.46421839881351007,0
2182,1.2231862479979538,1.3943226472057981,0.9579812489957978,-0.33403268501709044,-0.13210169396537258,1.851094942986652,1
8640,-1.984282065504459,-1.5247257547838267,-1.5058403894396326,2.8849916608748067,0.11786734586397894,0.46421839881351007,0
7182,-0.4502754807859138,-0.6634435309112898,-0.8464712116620261,0.3448888133892005,0.2428518657786547,0.46421839881351007,0
8962,0.38645538360602,-0.12339629864526673,-0.30701360653021553,0.8743395309792525,0.2428518657786547,1.851094942986652,1
4275,-0.8686409129818806,-0.9660562041638027,-0.773079550331828,0.48145348260885645,0.8677744653520334,1.851094942986652,0
4109,0.9442759598673092,0.5237292641562609,0.8441374908694276,0.5753416926973705,0.6178054255226819,0.46421839881351007,1
5056,0.8048208158019868,0.8403086761742744,0.921285418330699,-0.3408095783768633,-0.7570242935387513,-0.922658145359632,1
7199,0.1075450954753754,0.07679362366024181,-0.3902293485109126,-0.43865097625857735,0.4928209056080062,0.46421839881351007,1
6358,0.8048208158019868,0.5795962192182633,0.8808333215345268,0.12799198580504031,0.9927589852667092,0.46421839881351007,1
1662,-1.0080960570472028,-0.9381227266328015,-0.8314461471377336,-0.2696521980992527,0.6178054255226819,1.851094942986652,0
37,0.5259105276713423,0.17921637460724618,-0.3205939533117874,0.3612765736955594,-1.7569004528561571,-0.922658145359632,1
5230,1.2231862479979538,0.9613537454752795,0.9311094989811975,0.3312323464672351,0.9927589852667092,0.46421839881351007,1
5447,-1.0080960570472028,-0.8682890328052986,-0.9701390504388954,-0.6383768049923249,-1.1319778532827784,-0.922658145359632,0
1001,-0.4502754807859138,-0.9288115674558011,-0.7696122277492988,2.096330696131292,0.7427899454373577,-0.922658145359632,0
844,-1.4264614892431697,-1.1895240244118122,-1.3498108732258256,-0.2696521980992527,-0.6320397736240756,-0.922658145359632,0
8338,-1.1475512011125253,-0.9846785225178035,-0.9637822923709255,-0.5400502431541724,1.8676506246694395,-0.922658145359632,0
7508,1.362641392063276,1.6410683653963085,1.7511312897493165,-0.39256040039694323,0.11786734586397894,-0.922658145359632,1
284,-0.5897306248512361,-0.6308544737917884,-0.5713969534480552,-0.2696521980992527,-1.0069933333681027,-0.922658145359632,0
131,-0.31082033672059145,-0.7053437472077916,-0.62051735670055,1.0823380271753442,0.4928209056080062,0.46421839881351007,1
3240,-0.031910048589946886,-0.2025411516497701,-0.5107188082537969,-0.07651073734573895,1.117743505181385,-0.922658145359632,1
698,0.38645538360602,0.691330129342268,0.5381462729612392,-0.9456473107365512,0.6178054255226819,0.46421839881351007,0
3824,-1.2870063451778475,-1.0312343184028054,-1.1469725021478767,-0.8104482882090914,-0.5070552537093999,0.46421839881351007,0
649,-0.5897306248512361,-0.7984553389777955,-0.5817989211956422,0.5415419370655056,1.4926970649254123,-0.922658145359632,1
2268,1.362641392063276,1.0451541780682831,1.048420579690097,0.48145348260885645,-0.0071171740506968135,1.851094942986652,1
7785,-1.0080960570472028,-0.8682890328052986,-1.0134805827205084,-0.6383768049923249,-1.2569623731974542,-0.922658145359632,0
1893,1.2231862479979538,0.8170307782317734,1.4775017492780667,0.6051650064901923,-0.2570862138800483,0.46421839881351007,1
7289,-1.0080960570472028,-0.7984553389777955,-0.6060701792733456,-0.9456473107365512,-0.6320397736240756,-0.922658145359632,0
1988,-0.7291857689165584,-0.6075765758492874,-0.7453409696715958,-0.7896484385894823,0.7427899454373577,-0.922658145359632,0
7566,-1.0080960570472028,-0.7984553389777955,-0.9788073568952179,-0.9456473107365512,0.6178054255226819,1.851094942986652,0
2764,-0.31082033672059145,-0.5191205636677836,-0.41247800174880733,0.18101121032561315,1.117743505181385,-0.922658145359632,0
8572,-0.17136519265526917,0.22111659090374797,0.04145231301395353,-1.3370129022634079,0.4928209056080062,-0.922658145359632,0
6803,-1.1475512011125253,-1.3105690937128174,-0.9759179214097771,3.245522387614699,-0.38207073379472406,0.46421839881351007,0
2528,1.781006824259243,1.4595007614448008,2.3816061126725145,0.655393745509682,-0.2570862138800483,0.46421839881351007,1
4028,0.6653656717366646,1.1289546106612867,1.0019006683744989,-1.0071014118853965,2.2426041844134668,-0.922658145359632,0
2837,0.5259105276713423,0.7844417211122721,0.8738986763694684,-0.8104482882090914,-0.2570862138800483,-0.922658145359632,1
8046,0.1075450954753754,-0.13736303741076733,-0.22408680809806275,0.11663072340777482,0.4928209056080062,0.46421839881351007,0
4171,-0.4502754807859138,-0.9288115674558011,-1.005679106909818,2.096330696131292,0.6178054255226819,-0.922658145359632,1
7057,-0.8686409129818806,-0.8170776573317964,-1.055088453710857,-0.39256040039694323,-1.1319778532827784,0.46421839881351007,0
1751,-1.8448269214391366,-1.3850583671288206,-1.390551913570542,-0.2696521980992527,0.2428518657786547,-0.922658145359632,0
4043,0.2470002395406977,-0.07218492317176455,0.20008232116465727,0.3097721841612886,1.8676506246694395,0.46421839881351007,1
7356,0.38645538360602,-0.007006808932761768,0.2853206679851629,0.502913644914803,-0.6320397736240756,0.46421839881351007,0
6015,-1.4264614892431697,-1.1336570693498098,-1.3428762280607676,-0.7203156065241186,-1.5069314130268057,-0.922658145359632,0
1265,0.2470002395406977,-0.07218492317176455,0.5260106439223877,0.3097721841612886,0.2428518657786547,0.46421839881351007,1
3172,0.6653656717366646,0.24905006843474917,0.7288490150003366,0.5415419370655056,-0.38207073379472406,1.851094942986652,1
190,-1.1475512011125253,-1.0498566367568063,-1.0446864859632699,-0.11943106195763077,0.11786734586397894,1.851094942986652,0
1824,0.2470002395406977,0.2630168072002498,0.9559586441559887,-0.5082387084418284,-2.381823052429536,-0.922658145359632,0
3723,-0.31082033672059145,-0.5191205636677836,-0.46448784048674296,0.18101121032561315,0.7427899454373577,-0.922658145359632,0
4925,0.1075450954753754,-0.24444136794627191,-0.5098519776081646,0.4583425385870686,0.6178054255226819,0.46421839881351007,0
5660,-0.31082033672059145,-0.3328973801277757,-0.013735904757967163,-0.46279365885276647,0.36783638569333044,-0.922658145359632,0
6740,2.0599171123898876,2.1531821201313304,2.1848355561139914,0.22198061109151,1.4926970649254123,1.851094942986652,1
7910,-0.5897306248512361,-0.6308544737917884,-0.5713969534480552,-0.2696521980992527,-0.5070552537093999,0.46421839881351007,0
8292,-1.2870063451778475,-0.7286216451502926,-0.9666717278563663,-1.982173150113742,1.7426661047547638,-0.922658145359632,0
8186,-0.17136519265526917,-0.3654864372472771,-0.34688781622929976,0.04234554619488514,0.7427899454373577,-0.922658145359632,0
6458,-1.1475512011125253,-0.9195004082788008,-0.9637822923709255,-0.884193209587706,-0.5070552537093999,-0.922658145359632,0
3333,1.0837311039326314,0.4585511499172581,0.8155320795635628,1.0823380271753442,-0.13210169396537258,-0.922658145359632,1
1327,1.6415516801939205,1.3710447492632971,1.543669821894662,0.5130789849544614,-1.1319778532827784,0.46421839881351007,1
92,-0.5897306248512361,-0.714654906384792,-0.6494117115549587,0.09907240879381946,-1.1319778532827784,0.46421839881351007,0
6043,0.2470002395406977,0.03954898695224022,-0.1951924532436537,0.0007458469556669184,0.2428518657786547,0.46421839881351007,0
437,0.9442759598673092,1.063776496422284,0.9279311199472129,-0.4048512206267125,-0.13210169396537258,-0.922658145359632,1
8822,0.8048208158019868,1.3617335900862966,0.630030321398259,-1.0338205862979377,-0.13210169396537258,1.851094942986652,0
4794,-0.8686409129818806,-0.8915669307477996,-0.902526260079579,0.0007458469556669184,-0.2570862138800483,-0.922658145359632,0
5424,1.5020965361285983,0.9753204842407802,1.0053679909570277,0.9232803536136269,0.36783638569333044,0.46421839881351007,1
1999,0.1075450954753754,0.18387195419574637,-0.25066961456411857,-0.6672963820035458,0.2428518657786547,-0.922658145359632,0
732,0.9442759598673092,0.6587410722227667,1.4306928944139243,0.28704965936675764,-0.7570242935387513,-0.922658145359632,1
2434,1.2231862479979538,2.1159374834233287,1.871620749492201,-1.1016461828836202,-0.38207073379472406,0.46421839881351007,1
1540,-0.17136519265526917,-0.46325360860578124,-0.5713969534480552,0.4063429145380458,0.36783638569333044,0.46421839881351007,0
1289,0.1075450954753754,-0.24444136794627191,-0.10446417900081044,0.4583425385870686,-0.8820088134534271,1.851094942986652,0
7132,-0.7291857689165584,-0.6867214288537907,-1.0597115504875623,-0.4949839023116854,-1.2569623731974542,0.46421839881351007,0
2238,1.0837311039326314,1.017220700537282,1.456986757331436,-0.05618005726642155,0.9927589852667092,0.46421839881351007,1
5361,0.1075450954753754,-0.030284706875262763,-0.1642754935494366,-0.1795195164142793,0.9927589852667092,1.851094942986652,0
5369,-1.4264614892431697,-1.1895240244118122,-1.0065459375554504,-0.2696521980992527,-0.5070552537093999,0.46421839881351007,0
7850,-0.31082033672059145,0.03954898695224022,0.15963022436848506,-1.3212001510906057,-1.38194689311213,-0.922658145359632,0
7444,1.2231862479979538,1.8272915489363166,1.092339999068798,-0.8329814586303346,-0.7570242935387513,-0.922658145359632,0
6706,0.1075450954753754,-0.13736303741076733,-0.06458996930172656,0.11663072340777482,-0.6320397736240756,0.46421839881351007,0
85,-0.17136519265526917,-0.5610207799642855,-0.049564904777433895,0.8365216225799632,0.4928209056080062,1.851094942986652,1
2330,-2.1237372095697813,-1.4735143793103245,-1.5806767685125511,-0.5400502431541724,0.2428518657786547,-0.922658145359632,0
4147,0.5259105276713423,0.3002614439082513,0.33299635349493734,0.06834535821939652,0.4928209056080062,0.46421839881351007,1
1286,0.1075450954753754,-0.13736303741076733,0.24111230505791742,0.11663072340777482,-0.13210169396537258,-0.922658145359632,1
1655,-1.2870063451778475,-1.1522793877038107,-1.3197607441772408,0.06834535821939652,-0.8820088134534271,1.851094942986652,0
8394,0.1075450954753754,-0.3515196984817765,-0.5497261873072486,0.8570063229629117,-0.8820088134534271,0.46421839881351007,1
1301,-1.1475512011125253,-0.9195004082788008,-1.2267209215460446,-0.884193209587706,0.9927589852667092,0.46421839881351007,0
5805,-0.7291857689165584,-0.7658662818582942,-0.6765724051181028,-0.1467439958015622,-1.8818849727708329,-0.922658145359632,0
2714,-0.031910048589946886,-0.40738665354377884,-0.4407944695061277,0.6316746187504784,0.2428518657786547,0.46421839881351007,1
1630,1.362641392063276,1.790046912228315,1.5477150315742796,-0.5635631166372087,0.36783638569333044,-0.922658145359632,1
6857,-1.0080960570472028,-0.6587879513227896,-0.6797507841520879,-1.428500962620336,-0.7570242935387513,-0.922658145359632,0
3878,0.6653656717366646,1.1289546106612867,0.7756578698644788,-1.0071014118853965,0.2428518657786547,-0.922658145359632,0
3529,-0.4502754807859138,-0.39807549436677847,0.020937321067323284,-0.6559351196062803,-1.6319159329414814,-0.922658145359632,0
1498,-0.8686409129818806,-0.8915669307477996,-0.7360947761181849,0.0007458469556669184,-0.6320397736240756,-0.922658145359632,0
1864,-0.031910048589946886,0.20714985213824738,-0.517075566321767,-1.020757878807362,-1.0069933333681027,-0.922658145359632,0
1991,-0.17136519265526917,-0.3654864372472771,-0.3165487436321706,0.04234554619488514,-0.38207073379472406,0.46421839881351007,0
8314,-0.7291857689165584,-0.8450111348627976,-0.543947316336367,0.271143892010586,0.4928209056080062,1.851094942986652,0
1437,-0.17136519265526917,-0.3654864372472771,0.13853734532476686,0.04234554619488514,-0.7570242935387513,1.851094942986652,0
2016,0.38645538360602,0.22577217049224818,-0.17698900968537637,-0.1006534199399281,2.117619664498791,0.46421839881351007,1
6513,0.38645538360602,0.1093826807797432,0.5020283293932283,0.18101121032561315,1.7426661047547638,0.46421839881351007,1
4265,-1.0080960570472028,-0.9381227266328015,-1.1781784053906381,-0.2696521980992527,1.9926351445841153,0.46421839881351007,0
2735,-0.4502754807859138,-0.574987518729786,-0.6268741147685198,-0.044320493886820085,-0.2570862138800483,-0.922658145359632,0
6460,0.6653656717366646,1.1289546106612867,0.7132460633789557,-1.0071014118853965,-0.2570862138800483,0.46421839881351007,1
7527,-1.0080960570472028,-0.9381227266328015,-1.0264830424049924,-0.2696521980992527,1.617681584840088,1.851094942986652,0
341,-0.7291857689165584,-0.8450111348627976,-0.7158687277200987,0.271143892010586,0.9927589852667092,0.46421839881351007,0
1070,-1.0080960570472028,-1.0777901142878075,-0.9441341310699275,0.7443404708566951,0.2428518657786547,0.46421839881351007,0
7992,0.8048208158019868,0.5795962192182633,0.5733973858836175,0.12799198580504031,1.2427280250960608,-0.922658145359632,1
5327,0.2470002395406977,0.5982185375722641,0.5606838697476781,-1.080846333264011,0.7427899454373577,-0.922658145359632,1
6354,-0.17136519265526917,0.025582248186739622,-0.3590234452681512,-0.9854117291269804,-0.5070552537093999,-0.922658145359632,0
5178,0.8048208158019868,0.5795962192182633,0.7190249343498377,0.12799198580504031,-0.0071171740506968135,0.46421839881351007,1
1903,-0.7291857689165584,-0.7658662818582942,-0.5193871147101196,-0.1467439958015622,-0.5070552537093999,0.46421839881351007,0
7496,0.5259105276713423,-0.18391883329576933,0.15269557920342705,1.5330014356002095,0.11786734586397894,1.851094942986652,1
2455,-0.4502754807859138,-0.8403555552742974,-0.7366726632152729,1.3827802994585883,-0.2570862138800483,-0.922658145359632,0
1478,0.6653656717366646,0.7518526639927706,0.3855840793299613,-0.4831243389320839,0.36783638569333044,0.46421839881351007,1
3697,-1.0080960570472028,-0.7984553389777955,-0.8401144535940561,-0.9456473107365512,0.9927589852667092,0.46421839881351007,0
7411,-0.031910048589946886,-0.2025411516497701,-0.656924243817105,-0.07651073734573895,-0.2570862138800483,0.46421839881351007,0
7030,-1.5659166333084922,-1.1243459101728095,-1.556405510434848,-1.35124437831893,1.8676506246694395,-0.922658145359632,0
3340,0.1075450954753754,-0.13736303741076733,0.10155257111112351,0.11663072340777482,2.117619664498791,0.46421839881351007,0
6949,1.9204619683245652,2.38596109955634,2.1279136770508065,-0.2696521980992527,2.3675887043281425,0.46421839881351007,1
8512,0.2470002395406977,0.2630168072002498,-0.29921213071952507,-0.5082387084418284,0.6178054255226819,1.851094942986652,0
2430,-0.5897306248512361,-0.7984553389777955,-0.5297890824577066,0.5415419370655056,0.11786734586397894,-0.922658145359632,0
1103,-1.4264614892431697,-1.3571248895978194,-1.0966963247012054,2.1639302073950217,-2.2568385325148603,0.46421839881351007,0
7297,1.5020965361285983,1.5898569899228063,1.4344491605449974,-0.07651073734573895,-0.7570242935387513,0.46421839881351007,1
1357,2.0599171123898876,1.8086692305823158,1.73581728167648,0.6767409595929654,0.2428518657786547,0.46421839881351007,1
7176,-0.8686409129818806,-0.8170776573317964,-1.068957744040973,-0.39256040039694323,0.36783638569333044,0.46421839881351007,0
1178,0.6653656717366646,0.5004513662137599,1.0409080474279506,-0.031065687756677028,0.11786734586397894,-0.922658145359632,1
2762,0.9442759598673092,0.9287646883557782,1.2128294588116824,-0.19849481782164213,1.4926970649254123,0.46421839881351007,1
1105,-0.031910048589946886,0.0023043502442386295,0.20123809535883388,-0.6076497544179019,-0.2570862138800483,-0.922658145359632,1
2090,-1.1475512011125253,-0.7891441798007952,-1.0042343891670977,-1.413643927177758,0.6178054255226819,-0.922658145359632,0
6544,1.2231862479979538,0.8170307782317734,1.3789719992245324,0.6051650064901923,1.117743505181385,-0.922658145359632,1
6687,-0.5897306248512361,-0.2956527434197741,-0.2073280822825055,-1.2836448670552005,-1.5069314130268057,-0.922658145359632,0
4737,-1.8448269214391366,-1.5526592323148278,-1.4087553571288194,7.842289153548329,2.3675887043281425,0.46421839881351007,0
7122,-1.0080960570472028,-0.6587879513227896,-0.9701390504388954,-1.428500962620336,-1.0069933333681027,-0.922658145359632,0
8879,0.2470002395406977,-0.2956527434197741,0.06832406302855383,1.0823380271753442,0.9927589852667092,0.46421839881351007,1
1481,2.338827400520532,1.9948924141223237,2.6168061611874016,0.9471390046478845,1.117743505181385,1.851094942986652,1
8398,-1.1475512011125253,-0.9846785225178035,-1.0446864859632699,-0.5400502431541724,-0.38207073379472406,0.46421839881351007,0
906,0.6653656717366646,0.7518526639927706,0.44799588581548383,-0.4831243389320839,-0.13210169396537258,-0.922658145359632,0
388,-0.31082033672059145,-0.5191205636677836,-0.3142371952438177,0.18101121032561315,-1.7569004528561571,-0.922658145359632,0
4682,-0.17136519265526917,-0.46325360860578124,-0.5592613244092036,0.4063429145380458,-1.7569004528561571,0.46421839881351007,0
1226,-1.1475512011125253,-1.2453909794738147,-1.1498619376333177,1.983664844025076,-0.0071171740506968135,0.46421839881351007,0
238,0.6653656717366646,0.6261520151032652,0.8536726279713823,-0.2696521980992527,-1.2569623731974542,1.851094942986652,1
1443,-1.4264614892431697,-1.0777901142878075,-1.2319219054198383,-1.080846333264011,0.36783638569333044,-0.922658145359632,0
4137,-0.5897306248512361,-0.5470540411987849,-0.6910195825453074,-0.5816499423933906,0.11786734586397894,-0.922658145359632,0
5521,-0.7291857689165584,-0.8450111348627976,-0.7158687277200987,0.271143892010586,0.6178054255226819,-0.922658145359632,0
2784,0.2470002395406977,0.03954898695224022,0.012846901708088979,0.0007458469556669184,1.617681584840088,1.851094942986652,1
7974,-0.31082033672059145,-0.3328973801277757,-0.32579493718558117,-0.46279365885276647,-1.1319778532827784,-0.922658145359632,0
2372,0.2470002395406977,0.03954898695224022,0.2624941276501798,0.0007458469556669184,-1.6319159329414814,1.851094942986652,0
773,-0.17136519265526917,-0.46325360860578124,-0.3226165581515962,0.4063429145380458,-0.7570242935387513,0.46421839881351007,0
4523,-0.8686409129818806,-1.040545477579806,-0.7360947761181849,1.0823380271753442,-0.13210169396537258,0.46421839881351007,0
2249,0.5259105276713423,1.0265318597142823,0.7086229666022505,-1.130009614183087,-0.38207073379472406,-0.922658145359632,0
8672,0.2470002395406977,0.15128289707624498,-0.20212709840871207,-0.2696521980992527,-0.7570242935387513,0.46421839881351007,0
8252,1.362641392063276,1.6410683653963085,1.344298773399242,-0.39256040039694323,0.11786734586397894,-0.922658145359632,1
7239,0.9442759598673092,1.063776496422284,1.3971754427828105,-0.4048512206267125,1.9926351445841153,0.46421839881351007,1
2275,1.781006824259243,1.4595007614448008,1.9164069995165345,0.655393745509682,-0.5070552537093999,0.46421839881351007,1
7126,-0.17136519265526917,-0.5610207799642855,-0.6866854293171458,0.8365216225799632,0.2428518657786547,0.46421839881351007,0
3744,-1.5659166333084922,-1.1755572856463117,-1.3212054619199611,-1.020757878807362,-1.7569004528561571,-0.922658145359632,0
6273,0.9442759598673092,1.1987883044887897,1.137415192641676,-0.5915546326884425,-0.6320397736240756,-0.922658145359632,0
4306,0.2470002395406977,-0.2956527434197741,-0.2576042597291769,1.0823380271753442,0.6178054255226819,-0.922658145359632,1
5416,-0.17136519265526917,-0.854322294039798,-0.2680062274767638,2.7723258087685907,0.7427899454373577,3.2379714871597938,0
3634,-0.17136519265526917,-0.5610207799642855,-0.8080417197056624,0.8365216225799632,0.7427899454373577,1.851094942986652,0
8241,-0.7291857689165584,-0.6075765758492874,-0.656924243817105,-0.7896484385894823,0.11786734586397894,-0.922658145359632,0
2502,-0.7291857689165584,-1.0033008408718043,-0.9565587036573231,1.4203355834939935,0.2428518657786547,0.46421839881351007,0
3276,0.1075450954753754,-0.3515196984817765,0.3540892325386559,0.8570063229629117,-0.13210169396537258,1.851094942986652,1
3841,-0.4502754807859138,-0.2211634700037709,-0.31943817911761113,-1.1146460888958758,-0.0071171740506968135,-0.922658145359632,0
8920,2.0599171123898876,3.014464344003867,2.3558901368520906,-0.6201681824297035,0.8677744653520334,1.851094942986652,1
6507,0.38645538360602,0.1093826807797432,0.19863760342193684,0.18101121032561315,-0.7570242935387513,0.46421839881351007,1
5089,1.9204619683245652,1.7155576388123117,1.9614821930894124,0.5415419370655056,1.117743505181385,1.851094942986652,1
3570,0.5259105276713423,0.9054867904132772,0.8663861441073221,-0.9778375541954701,-0.6320397736240756,0.46421839881351007,1
8611,0.8048208158019868,1.1010211331302855,0.9455566764084019,-0.7203156065241186,-0.7570242935387513,-0.922658145359632,1
7093,0.5259105276713423,0.5423515825102617,0.2353334340870357,-0.4198733342408747,-0.7570242935387513,-0.922658145359632,0
5025,0.8048208158019868,0.97066490465228,0.7028440956313687,-0.5400502431541724,1.3677125450107366,0.46421839881351007,1
8575,-1.1475512011125253,-0.9195004082788008,-0.935465824613605,-0.884193209587706,-0.13210169396537258,-0.922658145359632,0
1436,-0.17136519265526917,-0.3654864372472771,-0.2983453000738929,0.04234554619488514,1.4926970649254123,0.46421839881351007,0
2892,0.38645538360602,0.691330129342268,0.5598170391020454,-0.9456473107365512,-1.38194689311213,-0.922658145359632,0
6613,0.5259105276713423,0.5423515825102617,0.5358347245728863,-0.4198733342408747,-0.5070552537093999,-0.922658145359632,1
7450,0.8048208158019868,1.1010211331302855,0.9455566764084019,-0.7203156065241186,-0.0071171740506968135,0.46421839881351007,0
7096,0.9442759598673092,0.6587410722227667,0.358134442218273,0.28704965936675764,-0.8820088134534271,0.46421839881351007,1
6842,0.5259105276713423,0.5423515825102617,0.15269557920342705,-0.4198733342408747,1.2427280250960608,-0.922658145359632,0
5052,-1.0080960570472028,-0.7984553389777955,-1.1565076392498315,-0.9456473107365512,-0.7570242935387513,0.46421839881351007,0
1875,0.5259105276713423,0.6633966518112668,0.055032659795525754,-0.6254390994873045,0.7427899454373577,-0.922658145359632,1
7420,1.6415516801939205,1.8459138672903173,1.9661052898661169,-0.1467439958015622,0.11786734586397894,-0.922658145359632,1
4573,0.1075450954753754,0.18387195419574637,-0.3968750501274265,-0.6672963820035458,-0.0071171740506968135,0.46421839881351007,1
3922,0.38645538360602,0.1093826807797432,0.6103821600972609,0.18101121032561315,1.2427280250960608,1.851094942986652,1
5352,0.8048208158019868,1.231377361608291,1.0588225474376838,-0.884193209587706,0.6178054255226819,-0.922658145359632,1
8679,1.5020965361285983,1.8971252427638194,1.9588817011525155,-0.4459987492220264,-0.6320397736240756,0.46421839881351007,1
4774,-0.31082033672059145,-0.3328973801277757,-0.441372356603216,-0.46279365885276647,1.4926970649254123,-0.922658145359632,0
5795,0.5259105276713423,0.3002614439082513,0.07005772431981809,0.06834535821939652,1.7426661047547638,-0.922658145359632,1
8162,-0.8686409129818806,-0.8170776573317964,-0.8239336148755873,-0.39256040039694323,-0.6320397736240756,-0.922658145359632,0
3271,-0.4502754807859138,-0.6634435309112898,-0.2755187597389101,0.3448888133892005,-0.5070552537093999,1.851094942986652,0
3056,0.5259105276713423,0.4213065132092565,-0.1478057112824235,-0.19012336131839436,0.36783638569333044,0.46421839881351007,1
3973,0.5259105276713423,0.5423515825102617,0.34050888575708366,-0.4198733342408747,-0.2570862138800483,-0.922658145359632,0
8569,0.6653656717366646,0.7518526639927706,0.9628932893210471,-0.4831243389320839,0.4928209056080062,0.46421839881351007,0
2230,-0.8686409129818806,-0.66809911049979,-0.6713714212443094,-0.997646934785574,-0.8820088134534271,0.46421839881351007,0
4165,1.5020965361285983,1.7434911163433129,1.5202653944625906,-0.2696521980992527,-0.38207073379472406,0.46421839881351007,1
3453,0.2470002395406977,0.3747507173242545,0.4844027729320392,-0.7203156065241186,0.36783638569333044,0.46421839881351007,0
1814,-0.031910048589946886,0.0023043502442386295,-0.20559442099124092,-0.6076497544179019,0.11786734586397894,-0.922658145359632,0
1130,-1.7053717773738144,-1.2174575019428135,-1.4208909861676713,-1.3212001510906057,-1.6319159329414814,-0.922658145359632,0
529,-0.31082033672059145,-0.6122321554377876,-0.3315738081564629,0.5907052179845815,0.4928209056080062,0.46421839881351007,0
4538,-0.4502754807859138,-0.8403555552742974,-0.4127669452973513,1.3827802994585883,-0.5070552537093999,-0.922658145359632,0
4450,1.5020965361285983,1.1289546106612867,1.5774762170743204,0.6316746187504784,1.9926351445841153,1.851094942986652,1
8646,0.2470002395406977,0.3747507173242545,0.36651380512605114,-0.7203156065241186,0.36783638569333044,-0.922658145359632,0
3028,-1.1475512011125253,-0.9846785225178035,-1.0446864859632699,-0.5400502431541724,0.7427899454373577,0.46421839881351007,0
7882,-1.2870063451778475,-1.3338469916553184,-1.3160044780461677,2.7047262975048607,-0.5070552537093999,0.46421839881351007,0
5351,0.2470002395406977,0.03954898695224022,0.3803830954561679,0.0007458469556669184,-2.1318540126001846,0.46421839881351007,0
1956,-1.4264614892431697,-1.3571248895978194,-1.2873990667403028,2.1639302073950217,-0.38207073379472406,0.46421839881351007,0
7344,0.38645538360602,0.34216166020475314,0.5598170391020454,-0.3491810348801111,-0.2570862138800483,0.46421839881351007,1
1135,-0.8686409129818806,-0.5191205636677836,-0.7823257438852388,-1.4413770600039035,0.6178054255226819,-0.922658145359632,0
2399,0.8048208158019868,0.4492399907402577,0.24169019215500573,0.4063429145380458,-0.13210169396537258,-0.922658145359632,1
5141,0.2470002395406977,-0.07218492317176455,-0.27147355005929297,0.3097721841612886,1.4926970649254123,1.851094942986652,1
4288,0.6653656717366646,0.24905006843474917,0.6196283536506718,0.5415419370655056,-2.006869492685509,0.46421839881351007,0
6976,1.362641392063276,1.1941327249002895,1.4552530960401717,0.2284494638440196,0.36783638569333044,1.851094942986652,1
23,0.1075450954753754,0.39802861526675554,-0.45004066305953866,-1.0523833811529668,-0.5070552537093999,0.46421839881351007,0
902,1.6415516801939205,1.3710447492632971,2.192059144827594,0.5130789849544614,-0.38207073379472406,-0.922658145359632,1
2568,-0.5897306248512361,-0.714654906384792,-1.0134805827205084,0.09907240879381946,-0.13210169396537258,0.46421839881351007,1
6238,-1.5659166333084922,-1.2267686611198139,-1.1908919215265779,-0.6076497544179019,-0.7570242935387513,-0.922658145359632,0
720,0.38645538360602,0.34216166020475314,0.5598170391020454,-0.3491810348801111,-0.38207073379472406,0.46421839881351007,1
4826,1.362641392063276,1.0451541780682831,1.5569612251276899,0.48145348260885645,-1.38194689311213,3.2379714871597938,1
8436,0.6653656717366646,0.5004513662137599,-0.09810742093284072,-0.031065687756677028,0.36783638569333044,1.851094942986652,1
7795,1.6415516801939205,2.3207829853173374,2.329596273934579,-0.6482094611761396,0.11786734586397894,-0.922658145359632,1
8367,-0.4502754807859138,-0.48653150654828226,-0.5719748405451434,-0.3736514461972989,0.36783638569333044,-0.922658145359632,0
3903,1.2231862479979538,1.5386456144493041,1.450629999263466,-0.5154686026946338,0.9927589852667092,0.46421839881351007,1
5675,-0.4502754807859138,-0.13270745782226714,-0.434726654986702,-1.303527076250415,0.9927589852667092,0.46421839881351007,0
6641,-0.4502754807859138,-0.7518995430927936,-0.6488338244578705,0.8119399821204246,0.6178054255226819,-0.922658145359632,0
7920,1.0837311039326314,1.017220700537282,0.3647801438347869,-0.05618005726642155,1.617681584840088,1.851094942986652,1
4057,0.8048208158019868,0.5795962192182633,0.37922732126199127,0.12799198580504031,-0.5070552537093999,0.46421839881351007,1
7683,0.5259105276713423,0.5423515825102617,0.5132971277864475,-0.4198733342408747,0.2428518657786547,-0.922658145359632,0
7006,-0.031910048589946886,0.104727101191243,0.11224348240725486,-0.8263540555652631,-2.2568385325148603,0.46421839881351007,1
245,-1.8448269214391366,-1.510759016018326,-1.2423238731674255,3.7863184777245382,-0.7570242935387513,0.46421839881351007,0
25,-0.4502754807859138,-0.574987518729786,-0.3633575984963125,-0.044320493886820085,-0.8820088134534271,-0.922658145359632,0
4189,0.6653656717366646,0.6261520151032652,0.9706947651317376,-0.2696521980992527,1.2427280250960608,-0.922658145359632,1
8952,-1.0080960570472028,-0.8682890328052986,-0.9484682842980888,-0.6383768049923249,1.117743505181385,-0.922658145359632,0
8012,1.362641392063276,1.790046912228315,1.1593749023310262,-0.5635631166372087,-1.5069314130268057,0.46421839881351007,1
1797,-0.4502754807859138,-0.3096194821852747,-0.7751021551716366,-0.9005809698940648,-0.2570862138800483,-0.922658145359632,1
4671,0.8048208158019868,0.97066490465228,0.47631235357280455,-0.5400502431541724,0.4928209056080062,-0.922658145359632,1
1602,-0.5897306248512361,-0.714654906384792,-0.6962205664191008,0.09907240879381946,0.11786734586397894,0.46421839881351007,0
5880,0.38645538360602,0.22577217049224818,0.5814878052428522,-0.1006534199399281,-0.2570862138800483,-0.922658145359632,0
525,-0.31082033672059145,-0.5191205636677836,-0.7245370341764213,0.18101121032561315,-1.1319778532827784,1.851094942986652,0
6724,-0.031910048589946886,-0.2025411516497701,-0.32001606621469947,-0.07651073734573895,-0.2570862138800483,0.46421839881351007,0
5277,0.6653656717366646,0.6261520151032652,-0.03569561444731784,-0.2696521980992527,0.2428518657786547,1.851094942986652,0
306,-0.031910048589946886,-0.30496390259677447,-0.2564484855350003,0.25034404239097685,-1.38194689311213,-0.922658145359632,0
1820,1.781006824259243,1.4595007614448008,1.7242595397347165,0.655393745509682,1.2427280250960608,1.851094942986652,1
959,-2.4026474977004257,-1.5666259710803283,-1.5653627604397147,0.18101121032561315,-1.8818849727708329,-0.922658145359632,0
5038,-1.4264614892431697,-1.2453909794738147,-1.2145852925071932,0.3097721841612886,-0.5070552537093999,-0.922658145359632,0
2187,-1.0080960570472028,-1.2174575019428135,-0.9571365907544115,2.434328252449941,-0.5070552537093999,1.851094942986652,0
440,-1.1475512011125253,-1.0498566367568063,-1.121545469875997,-0.11943106195763077,-1.0069933333681027,-0.922658145359632,0
4486,1.0837311039326314,1.017220700537282,1.0929178861658864,-0.05618005726642155,-1.6319159329414814,0.46421839881351007,1
7240,0.2470002395406977,-0.18391883329576933,0.3942523857862836,0.6663410347831609,-0.5070552537093999,-0.922658145359632,1
3112,1.362641392063276,1.1941327249002895,0.8819890957287028,0.2284494638440196,-1.0069933333681027,-0.922658145359632,1
585,0.8048208158019868,0.18852753378424658,1.1073650635930907,1.0823380271753442,-1.7569004528561571,0.46421839881351007,1
8026,0.5259105276713423,-0.30496390259677447,0.5508597890971789,2.0656036455568696,0.4928209056080062,1.851094942986652,1
3312,0.1075450954753754,-0.24444136794627191,-0.3237723323457728,0.4583425385870686,-0.8820088134534271,-0.922658145359632,0
2101,-1.1475512011125253,-1.0498566367568063,-0.9476014536524565,-0.11943106195763077,-0.5070552537093999,0.46421839881351007,0
6375,-1.7053717773738144,-1.4036806854828214,-1.3515445345170902,1.0823380271753442,0.6178054255226819,-0.922658145359632,0
4495,-0.31082033672059145,-0.14667419658776773,-0.5800652599043779,-0.9456473107365512,0.2428518657786547,0.46421839881351007,0
1775,1.2231862479979538,0.6727078109882673,1.396886499234266,0.9133392490160197,-2.2568385325148603,0.46421839881351007,1
2093,-2.2631923536351035,-1.468858799721824,-1.51624235718722,-1.6216424233738498,-0.0071171740506968135,-0.922658145359632,0
8536,-0.31082033672059145,-0.14667419658776773,-0.19865977582618288,-0.9456473107365512,-0.5070552537093999,-0.922658145359632,0
209,-1.5659166333084922,-1.2267686611198139,-1.3434541151578558,-0.6076497544179019,-0.8820088134534271,-0.922658145359632,0
4407,0.6653656717366646,0.1233494195452438,0.34657670027650955,0.8891965664218305,0.11786734586397894,0.46421839881351007,0
8957,-0.031910048589946886,-0.2025411516497701,-0.2882322758748499,-0.07651073734573895,-2.381823052429536,-0.922658145359632,1
7950,-0.8686409129818806,-0.9660562041638027,-0.9811189052835707,0.48145348260885645,2.617557744157494,0.46421839881351007,1
2582,0.8048208158019868,0.7099524476962689,0.45204109549510096,-0.11943106195763077,-0.6320397736240756,-0.922658145359632,1
1524,0.1075450954753754,-0.030284706875262763,-0.11110988061732431,-0.1795195164142793,0.2428518657786547,0.46421839881351007,1
2085,-1.1475512011125253,-0.7891441798007952,-0.8666972600601122,-1.413643927177758,1.3677125450107366,-0.922658145359632,0
5151,-1.4264614892431697,-1.1895240244118122,-1.2735297764101867,-0.2696521980992527,-0.38207073379472406,-0.922658145359632,0
6568,0.1075450954753754,0.5051069458022601,0.048386958179011556,-1.2160453557914708,-1.0069933333681027,-0.922658145359632,0
480,2.19937225645521,2.9632529685303646,2.469444951429917,-0.3736514461972989,1.117743505181385,0.46421839881351007,1
5617,1.0837311039326314,1.017220700537282,1.188269257185435,-0.05618005726642155,-1.1319778532827784,1.851094942986652,1
1519,0.1075450954753754,-0.45859802901728103,-0.6427660099384447,1.3281544317707252,-0.13210169396537258,0.46421839881351007,1
5503,0.1075450954753754,-0.24444136794627191,-0.6161832034723888,0.4583425385870686,-0.6320397736240756,0.46421839881351007,0
826,-1.1475512011125253,-0.9846785225178035,-0.9111945665359015,-0.5400502431541724,1.617681584840088,-0.922658145359632,0
7085,-0.4502754807859138,-0.39807549436677847,-0.13827057418046876,-0.6559351196062803,-0.13210169396537258,0.46421839881351007,0
4897,-1.8448269214391366,-1.3850583671288206,-1.41655683293951,-0.2696521980992527,0.7427899454373577,-0.922658145359632,0
8906,-1.2870063451778475,-1.0312343184028054,-1.1244349053614378,-0.8104482882090914,-0.13210169396537258,0.46421839881351007,0
763,0.5259105276713423,0.3002614439082513,0.24284596634918235,0.06834535821939652,0.11786734586397894,1.851094942986652,1
2272,-0.31082033672059145,-0.5191205636677836,-0.88634542136111,0.18101121032561315,-1.38194689311213,-0.922658145359632,0
4654,-0.031910048589946886,-0.2025411516497701,0.04867590172755571,-0.07651073734573895,-0.8820088134534271,-0.922658145359632,0
6960,-0.31082033672059145,-0.3328973801277757,-0.5164976792246787,-0.46279365885276647,-0.38207073379472406,0.46421839881351007,0
4123,0.38645538360602,0.22577217049224818,-0.24922489682139812,-0.1006534199399281,0.11786734586397894,0.46421839881351007,0
2120,-1.4264614892431697,-1.2453909794738147,-1.0412191633807408,0.3097721841612886,0.2428518657786547,0.46421839881351007,0
1658,-0.7291857689165584,-0.7658662818582942,-0.7060446470695998,-0.1467439958015622,0.2428518657786547,-0.922658145359632,0
5627,0.9442759598673092,1.063776496422284,0.5927566036360719,-0.4048512206267125,1.4926970649254123,0.46421839881351007,1
8393,0.8048208158019868,0.97066490465228,0.6623919988351966,-0.5400502431541724,-0.0071171740506968135,1.851094942986652,1
6864,1.6415516801939205,2.479072691326344,1.4945494186421673,-0.7896484385894823,1.617681584840088,-0.922658145359632,1
911,0.38645538360602,0.1093826807797432,0.38645090997559345,0.18101121032561315,-0.0071171740506968135,0.46421839881351007,1
1166,0.8048208158019868,0.5795962192182633,0.6219399020390244,0.12799198580504031,0.6178054255226819,-0.922658145359632,1
5803,-1.0080960570472028,-0.8682890328052986,-0.7924387680842818,-0.6383768049923249,-1.2569623731974542,0.46421839881351007,0
3977,-1.2870063451778475,-0.9707117837523029,-1.2033164941139736,-1.130009614183087,0.7427899454373577,-0.922658145359632,0
2188,-0.5897306248512361,-0.7984553389777955,-0.7482304051570364,0.5415419370655056,0.6178054255226819,-0.922658145359632,0
4501,-0.17136519265526917,-0.07218492317176455,-0.6624141712394426,-0.7766485325772265,0.11786734586397894,0.46421839881351007,0
30,-0.4502754807859138,-1.017267579637305,-0.8849007036183897,3.013752634710483,-1.1319778532827784,0.46421839881351007,0
5542,-0.17136519265526917,-0.6587879513227896,-0.39543033238470626,1.352736072230264,0.36783638569333044,-0.922658145359632,1
2597,-0.7291857689165584,-1.0824456938763076,-0.7207807680453483,2.241186791696427,0.11786734586397894,-0.922658145359632,0
946,-1.4264614892431697,-1.2453909794738147,-1.2700624538276577,0.3097721841612886,0.9927589852667092,-0.922658145359632,0
7480,1.2231862479979538,1.1056767127187856,1.0206819990298646,0.08613470328879902,1.2427280250960608,-0.922658145359632,1
5809,-0.7291857689165584,-1.0824456938763076,-0.6765724051181028,2.241186791696427,-0.5070552537093999,0.46421839881351007,0
1462,0.6653656717366646,1.0032539617717813,0.7990622972965497,-0.849076580359794,-0.5070552537093999,0.46421839881351007,1
4619,0.1075450954753754,-0.13736303741076733,0.008512748479927343,0.11663072340777482,-0.38207073379472406,0.46421839881351007,1
750,-1.8448269214391366,-1.510759016018326,-1.473767655551239,3.7863184777245382,-0.6320397736240756,-0.922658145359632,0
1853,0.5259105276713423,1.0265318597142823,0.4907595310000089,-1.130009614183087,0.2428518657786547,-0.922658145359632,0
2237,-0.4502754807859138,-0.8403555552742974,-0.8245115019726754,1.3827802994585883,-0.13210169396537258,-0.922658145359632,1
4245,0.9442759598673092,1.063776496422284,0.8525168537772061,-0.4048512206267125,0.11786734586397894,0.46421839881351007,1
644,1.9204619683245652,1.7155576388123117,0.9628932893210471,0.5415419370655056,0.11786734586397894,-0.922658145359632,1
5326,-0.031910048589946886,-0.30496390259677447,-0.1483835983795118,0.25034404239097685,-1.0069933333681027,-0.922658145359632,1
5802,-0.031910048589946886,-0.5098094044907833,0.2520921599025929,1.0823380271753442,0.9927589852667092,-0.922658145359632,1
2344,-0.31082033672059145,-0.7984553389777955,-0.5164976792246787,1.683222571741832,-0.0071171740506968135,3.2379714871597938,1
7027,0.5259105276713423,0.4213065132092565,0.4982720632621549,-0.19012336131839436,-0.5070552537093999,-0.922658145359632,0
754,1.2231862479979538,1.2499996799622919,0.8952804989617308,-0.1344531755717929,0.11786734586397894,0.46421839881351007,1
2902,1.6415516801939205,2.004203573299324,1.9071608059631242,-0.32843438180684414,1.8676506246694395,-0.922658145359632,1
841,-0.8686409129818806,-0.8170776573317964,-0.9764958085068652,-0.39256040039694323,-0.0071171740506968135,0.46421839881351007,0
282,-0.031910048589946886,-0.40738665354377884,-0.5297890824577067,0.6316746187504784,0.2428518657786547,-0.922658145359632,1
8570,0.38645538360602,0.22577217049224818,-0.018070057986128468,-0.1006534199399281,-2.006869492685509,-0.922658145359632,0
1780,1.362641392063276,1.4920898185643021,1.381283547612885,-0.205271711181415,-0.5070552537093999,0.46421839881351007,1
3007,-0.31082033672059145,-0.6122321554377876,-0.3720259049526351,0.5907052179845815,-1.0069933333681027,0.46421839881351007,0
7767,-0.7291857689165584,-0.8450111348627976,-0.7207807680453483,0.271143892010586,-0.2570862138800483,-0.922658145359632,0
7078,1.6415516801939205,2.3207829853173374,0.7184470472527498,-0.6482094611761396,-1.7569004528561571,0.46421839881351007,1
3569,1.362641392063276,1.1941327249002895,1.3627911605060639,0.2284494638440196,-0.0071171740506968135,-0.922658145359632,1
8915,-0.4502754807859138,-0.8403555552742974,-1.0605783811331946,1.3827802994585883,-1.38194689311213,0.46421839881351007,0
6569,0.38645538360602,0.34216166020475314,0.5020283293932283,-0.3491810348801111,0.9927589852667092,0.46421839881351007,1
7997,0.2470002395406977,-0.40738665354377884,-0.03569561444731752,1.5739708363661065,0.11786734586397894,1.851094942986652,0
4767,1.362641392063276,1.4920898185643021,1.5199764509140468,-0.205271711181415,-1.2569623731974542,-0.922658145359632,1
1574,2.19937225645521,2.6094289198043494,2.1729888706236835,-0.044320493886820085,0.8677744653520334,1.851094942986652,1
570,-0.031910048589946886,-0.10011840070276574,-0.15474035644748152,-0.35978487978422613,-0.38207073379472406,-0.922658145359632,0
4011,0.9442759598673092,1.063776496422284,0.19892654697048065,-0.4048512206267125,1.4926970649254123,-0.922658145359632,1
255,-0.5897306248512361,-0.714654906384792,-1.0862943569536183,0.09907240879381946,-2.506807572344212,0.46421839881351007,0
579,1.6415516801939205,2.7956521033443575,2.083994257672105,-1.0422180411133084,-0.0071171740506968135,0.46421839881351007,1
6711,0.6653656717366646,0.3747507173242545,0.5884224504079102,0.23734413637872115,1.117743505181385,0.46421839881351007,1
4796,-1.0080960570472028,-0.8682890328052986,-0.5974018728170231,-0.6383768049923249,1.4926970649254123,-0.922658145359632,0
3441,1.5020965361285983,2.050759369184326,1.9684168382544702,-0.6076497544179019,-0.2570862138800483,0.46421839881351007,1
8303,-0.17136519265526917,-0.7565551226812938,-0.5228544372926486,1.983664844025076,1.9926351445841153,-0.922658145359632,1
6503,0.5259105276713423,0.17921637460724618,0.40812167611639993,0.3612765736955594,-0.13210169396537258,1.851094942986652,0
2087,1.5020965361285983,1.1289546106612867,1.939811426948606,0.6316746187504784,-1.6319159329414814,1.851094942986652,1
442,0.38645538360602,-0.007006808932761768,-0.38647308237983946,0.502913644914803,0.11786734586397894,-0.922658145359632,1
8113,1.0837311039326314,1.4362228635022998,1.1535960313601445,-0.6383768049923249,-0.6320397736240756,0.46421839881351007,1
3450,0.2470002395406977,-0.2956527434197741,0.2624941276501798,1.0823380271753442,-0.13210169396537258,0.46421839881351007,1
1182,-0.5897306248512361,-0.7984553389777955,-0.38936251786528037,0.5415419370655056,-0.8820088134534271,-0.922658145359632,0
5209,1.0837311039326314,1.4362228635022998,0.6421659504371104,-0.6383768049923249,0.2428518657786547,-0.922658145359632,1
3700,0.1075450954753754,-0.24444136794627191,0.23446660344140355,0.4583425385870686,-0.13210169396537258,-0.922658145359632,1
5278,1.2231862479979538,0.38406187650125495,0.7430072488789968,1.6617624094358863,1.2427280250960608,0.46421839881351007,1
2294,-1.5659166333084922,-1.2267686611198139,-1.4133784539055247,-0.6076497544179019,-1.0069933333681027,-0.922658145359632,0
3825,-0.5897306248512361,-0.46325360860578124,-0.5193871147101196,-0.849076580359794,-1.5069314130268057,-0.922658145359632,0
8761,0.6653656717366646,0.1233494195452438,0.5182091681116971,0.8891965664218305,-1.0069933333681027,1.851094942986652,1
8179,-0.5897306248512361,-0.7984553389777955,-0.6702156470501329,0.5415419370655056,2.7425422640721697,-0.922658145359632,0
5217,1.0837311039326314,1.017220700537282,1.1102544990785315,-0.05618005726642155,0.6178054255226819,0.46421839881351007,1
5962,-0.8686409129818806,-0.66809911049979,-0.8794107761960521,-0.997646934785574,2.2426041844134668,-0.922658145359632,0
5682,1.5020965361285983,0.8216863578202737,2.082838483477929,1.251336805334669,0.9927589852667092,0.46421839881351007,1
8025,0.5259105276713423,0.3002614439082513,0.6410101762429342,0.06834535821939652,0.8677744653520334,-0.922658145359632,1
3443,-0.7291857689165584,-0.7658662818582942,-0.873054018128082,-0.1467439958015622,-0.13210169396537258,0.46421839881351007,0
267,-0.4502754807859138,-0.48653150654828226,-0.48413600178774097,-0.3736514461972989,1.7426661047547638,-0.922658145359632,0
5761,-0.8686409129818806,-1.1895240244118122,-1.03197296982733,2.8849916608748067,-0.6320397736240756,0.46421839881351007,0
378,0.8048208158019868,0.18852753378424658,1.0183704506415117,1.0823380271753442,-0.0071171740506968135,0.46421839881351007,1
8470,-0.031910048589946886,0.104727101191243,-0.2373782113310905,-0.8263540555652631,-1.2569623731974542,-0.922658145359632,0
148,0.9442759598673092,0.9287646883557782,0.7687232246994204,-0.19849481782164213,-0.2570862138800483,-0.922658145359632,1
4460,0.2470002395406977,0.2630168072002498,0.311036643805587,-0.5082387084418284,-0.2570862138800483,-0.922658145359632,0
5246,0.9442759598673092,0.7937528802892724,0.5424804261894004,0.03079007418399119,-1.0069933333681027,1.851094942986652,1
8956,-0.4502754807859138,-0.48653150654828226,-0.12180079191345566,-0.3736514461972989,-1.5069314130268057,-0.922658145359632,0
7817,0.6653656717366646,0.877553312882276,0.7678563940537884,-0.6752492656816316,0.4928209056080062,-0.922658145359632,0
4131,1.5020965361285983,1.5898569899228063,1.215141007200035,-0.07651073734573895,0.36783638569333044,-0.922658145359632,1
3196,-2.4026474977004257,-1.4967922772528253,-1.613038445949489,-2.0723058317987153,0.2428518657786547,-0.922658145359632,0
4568,0.1075450954753754,-0.45859802901728103,-0.1244012838503527,1.3281544317707252,-0.13210169396537258,0.46421839881351007,1
5118,1.0837311039326314,0.3188837622622521,0.9368883699520792,1.4686209486823718,0.6178054255226819,0.46421839881351007,1
5845,0.8048208158019868,0.5795962192182633,0.7837482892237131,0.12799198580504031,1.9926351445841153,-0.922658145359632,1
2897,-0.17136519265526917,-0.2677192658887729,0.24775800667443162,-0.2696521980992527,-1.38194689311213,-0.922658145359632,0
4873,-0.4502754807859138,-0.574987518729786,-0.6268741147685198,-0.044320493886820085,-0.0071171740506968135,-0.922658145359632,0
4335,0.8048208158019868,0.8403086761742744,0.43586025677663237,-0.3408095783768633,-0.38207073379472406,-0.922658145359632,1
8616,1.2231862479979538,1.5386456144493041,1.6745612493851334,-0.5154686026946338,1.2427280250960608,0.46421839881351007,1
1345,1.6415516801939205,2.004203573299324,1.6713828703511482,-0.32843438180684414,0.2428518657786547,0.46421839881351007,1
1928,-1.984282065504459,-1.3385025712438186,-1.4295592926239937,-1.6216424233738498,-0.6320397736240756,-0.922658145359632,0
4230,-0.031910048589946886,-0.40738665354377884,-0.3708701307584588,0.6316746187504784,-0.5070552537093999,1.851094942986652,1
7852,-0.17136519265526917,-0.46325360860578124,-0.5349900663315001,0.4063429145380458,0.36783638569333044,0.46421839881351007,1
923,-0.17136519265526917,-0.5610207799642855,-0.2983453000738929,0.8365216225799632,-0.2570862138800483,1.851094942986652,1
7067,1.362641392063276,1.343111271732296,1.6309307735549765,0.0007458469556669184,0.8677744653520334,0.46421839881351007,1
2713,-1.1475512011125253,-1.1802128652348118,-1.0163700182059492,1.0823380271753442,0.8677744653520334,-0.922658145359632,0
1716,0.9442759598673092,0.6587410722227667,1.1290358297338972,0.28704965936675764,-1.0069933333681027,-0.922658145359632,0
8220,0.2470002395406977,0.03954898695224022,0.3318405793007607,0.0007458469556669184,-1.1319778532827784,0.46421839881351007,1
5168,-1.2870063451778475,-1.0312343184028054,-1.1845351634586079,-0.8104482882090914,-1.0069933333681027,-0.922658145359632,0
994,-1.4264614892431697,-1.3571248895978194,-1.3879514216336453,2.1639302073950217,-0.2570862138800483,-0.922658145359632,0
6747,0.6653656717366646,0.6261520151032652,0.19834865987339267,-0.2696521980992527,-0.0071171740506968135,1.851094942986652,0
5692,-1.4264614892431697,-1.0777901142878075,-1.2492585183324836,-1.080846333264011,-0.2570862138800483,0.46421839881351007,0
8196,-0.8686409129818806,-0.8170776573317964,-0.47257825984597746,-0.39256040039694323,1.2427280250960608,0.46421839881351007,0
5600,0.8048208158019868,1.1010211331302855,0.5005836116505078,-0.7203156065241186,0.2428518657786547,0.46421839881351007,1
7842,-0.7291857689165584,-1.0824456938763076,-0.6372760825161069,2.241186791696427,-0.6320397736240756,1.851094942986652,0
6058,1.2231862479979538,1.3943226472057981,1.6476894993705336,-0.33403268501709044,-0.5070552537093999,0.46421839881351007,1
7470,-1.1475512011125253,-0.854322294039798,-1.0527769053225042,-1.1709790149489838,-0.5070552537093999,-0.922658145359632,0
8553,0.38645538360602,-0.007006808932761768,-0.3214607839574199,0.502913644914803,0.11786734586397894,0.46421839881351007,0
3655,0.8048208158019868,0.8403086761742744,0.16078599856266135,-0.3408095783768633,0.6178054255226819,-0.922658145359632,1
5288,0.38645538360602,0.1093826807797432,-0.09030594512215023,0.18101121032561315,1.4926970649254123,0.46421839881351007,0
6265,-0.031910048589946886,0.20714985213824738,0.4427949019416904,-1.020757878807362,0.36783638569333044,-0.922658145359632,0
210,0.1075450954753754,-0.24444136794627191,0.021804151712955744,0.4583425385870686,-2.6317920922588875,-0.922658145359632,0
5196,-1.5659166333084922,-1.3291914120668182,-1.1495729940847734,0.6316746187504784,-1.1319778532827784,-0.922658145359632,0
3858,-1.1475512011125253,-0.9195004082788008,-0.8464712116620261,-0.884193209587706,0.6178054255226819,-0.922658145359632,0
1597,-0.5897306248512361,-0.714654906384792,-0.9458677923611919,0.09907240879381946,-0.6320397736240756,0.46421839881351007,0
3770,-0.7291857689165584,-0.528431722844784,-0.5930677195888617,-1.0422180411133084,0.9927589852667092,0.46421839881351007,0
7942,1.5020965361285983,1.4362228635022998,1.5393356686665007,0.13594486948312615,0.9927589852667092,0.46421839881351007,1
8832,-0.7291857689165584,-0.44928686984028066,-0.6765724051181028,-1.2611116966339573,-0.2570862138800483,0.46421839881351007,0
1806,-1.1475512011125253,-0.9195004082788008,-0.8747876794193467,-0.884193209587706,-0.38207073379472406,-0.922658145359632,0
2396,1.9204619683245652,1.7155576388123117,2.034295967322522,0.5415419370655056,1.9926351445841153,-0.922658145359632,1
1442,-0.5897306248512361,-0.714654906384792,-0.8106422116425593,0.09907240879381946,0.4928209056080062,0.46421839881351007,0
7296,-2.542102641765748,-1.6178373465538305,-1.619106260468915,6.490298928273732,-1.1319778532827784,-0.922658145359632,0
3176,-1.0080960570472028,-1.0079564204603044,-0.7230923164337009,0.18101121032561315,1.4926970649254123,1.851094942986652,0
2647,-1.984282065504459,-1.4129918446598217,-1.6653372282359689,-0.7203156065241186,1.3677125450107366,0.46421839881351007,0
5225,-1.1475512011125253,-1.0498566367568063,-1.3116703248180064,-0.11943106195763077,0.2428518657786547,0.46421839881351007,0
1378,-1.4264614892431697,-1.301257934535817,-1.0828270343710893,1.0823380271753442,0.11786734586397894,-0.922658145359632,0
4562,-0.5897306248512361,-0.6308544737917884,-0.5193871147101196,-0.2696521980992527,-1.38194689311213,-0.922658145359632,0
8567,-0.031910048589946886,-0.10011840070276574,-0.3708701307584588,-0.35978487978422613,0.2428518657786547,0.46421839881351007,1
4715,0.2470002395406977,0.3747507173242545,0.4150563212814583,-0.7203156065241186,-0.7570242935387513,-0.922658145359632,0
3111,-1.8448269214391366,-1.2593577182393152,-1.4867701152357229,-1.6216424233738498,1.117743505181385,-0.922658145359632,0
6871,0.5259105276713423,-0.06287376399476416,0.24284596634918235,1.0823380271753442,-0.2570862138800483,1.851094942986652,1
8327,1.6415516801939205,1.6876241612813105,2.378716677187074,0.052250236489937096,-1.6319159329414814,-0.922658145359632,1
5642,0.6653656717366646,0.6261520151032652,-0.004489711204556246,-0.2696521980992527,-0.6320397736240756,-0.922658145359632,0
1770,1.0837311039326314,1.017220700537282,1.3269621604865969,-0.05618005726642155,0.6178054255226819,0.46421839881351007,1
7123,-0.17136519265526917,-0.3654864372472771,-0.8201773487445142,0.04234554619488514,-0.5070552537093999,-0.922658145359632,1
8111,-0.5897306248512361,-0.5470540411987849,-0.9250638568660179,-0.5816499423933906,1.117743505181385,-0.922658145359632,0
1454,-0.7291857689165584,-0.6075765758492874,-0.9221744213805768,-0.7896484385894823,0.11786734586397894,-0.922658145359632,0
3369,-0.5897306248512361,-0.7984553389777955,-0.5713969534480552,0.5415419370655056,0.11786734586397894,0.46421839881351007,0
5228,-0.031910048589946886,-0.30496390259677447,-0.5679296308655261,0.25034404239097685,-0.5070552537093999,0.46421839881351007,0
7281,-0.7291857689165584,-0.7658662818582942,-0.7993734132493399,-0.1467439958015622,0.36783638569333044,1.851094942986652,0
2688,-0.031910048589946886,0.104727101191243,-0.03396195315605326,-0.8263540555652631,-1.1319778532827784,-0.922658145359632,0
4169,-2.542102641765748,-1.5619703914918281,-1.6884527121194959,-1.6216424233738498,0.4928209056080062,0.46421839881351007,0
8886,-0.031910048589946886,0.0023043502442386295,-0.046675469291993024,-0.6076497544179019,-0.8820088134534271,0.46421839881351007,0
8184,-1.0080960570472028,-0.7984553389777955,-0.7187581632055396,-0.9456473107365512,0.2428518657786547,-0.922658145359632,0
2155,0.5259105276713423,0.17921637460724618,0.38558407932996097,0.3612765736955594,-1.7569004528561571,0.46421839881351007,1
2790,0.8048208158019868,1.3617335900862966,0.7918387085829478,-1.0338205862979377,0.36783638569333044,0.46421839881351007,1
3000,1.362641392063276,0.8961756312362767,1.8066084510697813,0.7642226800519096,0.11786734586397894,0.46421839881351007,0
5220,-0.7291857689165584,-0.44928686984028066,-0.902526260079579,-1.2611116966339573,-1.0069933333681027,-0.922658145359632,0
117,0.8048208158019868,0.3188837622622521,0.7594770311460102,0.7218073004354518,0.36783638569333044,1.851094942986652,1
2854,-0.031910048589946886,0.30957260308525175,-0.6314972115452252,-1.1946981417081874,0.2428518657786547,-0.922658145359632,1
3278,0.5259105276713423,0.17921637460724618,0.7987733537480058,0.3612765736955594,-0.13210169396537258,0.46421839881351007,0
5204,0.5259105276713423,0.05817130530624101,0.7086229666022505,0.6960551056683167,-0.13210169396537258,1.851094942986652,1
2264,1.5020965361285983,1.5898569899228063,1.567941079972365,-0.07651073734573895,1.117743505181385,1.851094942986652,1
7592,-1.984282065504459,-1.3757472079518203,-1.457297873284226,-1.2353595018668222,-1.38194689311213,-0.922658145359632,0
6399,1.362641392063276,1.0451541780682831,1.0206819990298646,0.48145348260885645,-0.6320397736240756,-0.922658145359632,1
4782,-0.031910048589946886,0.0023043502442386295,-0.7649891309725936,-0.6076497544179019,-0.38207073379472406,-0.922658145359632,0
2751,0.6653656717366646,0.5004513662137599,0.15934128081994092,-0.031065687756677028,-1.1319778532827784,1.851094942986652,1
6198,0.1075450954753754,-0.030284706875262763,0.10155257111112351,-0.1795195164142793,-0.2570862138800483,-0.922658145359632,0
8804,-0.031910048589946886,-0.30496390259677447,-0.3073025500787597,0.25034404239097685,-1.1319778532827784,0.46421839881351007,0
948,1.0837311039326314,1.017220700537282,1.500328289613049,-0.05618005726642155,1.7426661047547638,0.46421839881351007,1
7373,-0.8686409129818806,-0.66809911049979,-1.1891582602353135,-0.997646934785574,-1.1319778532827784,-0.922658145359632,0
4516,-1.1475512011125253,-0.9846785225178035,-1.1660427763517862,-0.5400502431541724,-0.0071171740506968135,0.46421839881351007,0
7361,-1.4264614892431697,-1.468858799721824,-1.134836873109025,6.490298928273732,0.6178054255226819,0.46421839881351007,0
8155,1.2231862479979538,0.8170307782317734,0.8504942489373973,0.6051650064901923,0.9927589852667092,0.46421839881351007,1
1173,0.9442759598673092,1.4688119206218013,1.1541739184572322,-0.9162562188827555,0.36783638569333044,-0.922658145359632,0
7441,-0.5897306248512361,-1.2174575019428135,-0.6494117115549587,5.408706748054056,-1.0069933333681027,-0.922658145359632,1
6451,1.781006824259243,2.9260083318223633,2.057989338303137,-0.9456473107365512,0.9927589852667092,-0.922658145359632,1
3758,0.6653656717366646,0.5004513662137599,0.6586357327041236,-0.031065687756677028,0.4928209056080062,1.851094942986652,1
1749,0.8048208158019868,0.5795962192182633,1.1478171603892628,0.12799198580504031,0.2428518657786547,1.851094942986652,1
4852,-2.542102641765748,-1.5992150281998296,-1.6387544217699128,1.0823380271753442,1.617681584840088,-0.922658145359632,0
5165,-0.7291857689165584,-0.8450111348627976,-0.8484938165018346,0.271143892010586,0.11786734586397894,-0.922658145359632,0
426,0.38645538360602,0.34216166020475314,0.9426672409229611,-0.3491810348801111,0.7427899454373577,-0.922658145359632,0
4621,-0.031910048589946886,0.0023043502442386295,-0.24373496939906053,-0.6076497544179019,-1.38194689311213,0.46421839881351007,0
3730,0.2470002395406977,-0.18391883329576933,-0.07730348543766631,0.6663410347831609,-1.0069933333681027,0.46421839881351007,0
3392,-0.7291857689165584,-0.6075765758492874,-0.3229055017001403,-0.7896484385894823,0.8677744653520334,0.46421839881351007,0
8021,-0.31082033672059145,-0.2397857883577717,-0.1697654209717742,-0.7203156065241186,0.7427899454373577,0.46421839881351007,0
889,-0.7291857689165584,-0.6867214288537907,-0.4800907921081236,-0.4949839023116854,0.4928209056080062,0.46421839881351007,0
2673,-0.8686409129818806,-0.8170776573317964,-0.6852407115744255,-0.39256040039694323,-0.13210169396537258,1.851094942986652,0
5551,-0.5897306248512361,-0.7984553389777955,-0.5922008889432294,0.5415419370655056,-0.6320397736240756,0.46421839881351007,0
3745,1.2231862479979538,0.8170307782317734,1.540202499312133,0.6051650064901923,-2.006869492685509,-0.922658145359632,1
4441,-1.7053717773738144,-1.3105690937128174,-1.4555642119929617,-0.46279365885276647,-0.38207073379472406,-0.922658145359632,0
3912,-0.4502754807859138,-0.574987518729786,-0.5719748405451434,-0.044320493886820085,-0.5070552537093999,1.851094942986652,0
7436,0.6653656717366646,0.6261520151032652,0.6196283536506718,-0.2696521980992527,1.4926970649254123,1.851094942986652,0
3447,-1.5659166333084922,-1.277980036593316,-1.1686432682886831,-0.07651073734573895,-0.8820088134534271,0.46421839881351007,0
2163,2.0599171123898876,3.531233678327389,2.3879628707404845,-0.9907136515790377,-1.1319778532827784,-0.922658145359632,1
4802,0.2470002395406977,0.03954898695224022,0.05445477269843712,0.0007458469556669184,1.4926970649254123,-0.922658145359632,1
297,0.1075450954753754,0.18387195419574637,-0.09781847738429657,-0.6672963820035458,0.36783638569333044,0.46421839881351007,1
2419,0.9442759598673092,0.3887174560897551,1.6066595154772736,0.9020726638053981,0.11786734586397894,0.46421839881351007,0
1026,0.5259105276713423,0.9054867904132772,0.8513610795830294,-0.9778375541954701,2.3675887043281425,-0.922658145359632,0
2536,0.1075450954753754,-0.3515196984817765,-0.5364347840742207,0.8570063229629117,-2.006869492685509,1.851094942986652,0
3564,-0.7291857689165584,-0.7658662818582942,-0.7306048486958472,-0.1467439958015622,1.117743505181385,-0.922658145359632,0
8580,-0.31082033672059145,-0.42600897189777964,-0.5280554211664421,-0.16565295000120656,-0.6320397736240756,-0.922658145359632,1
1793,1.362641392063276,1.0451541780682831,1.390529741166296,0.48145348260885645,1.4926970649254123,0.46421839881351007,1
557,1.2231862479979538,1.5386456144493041,0.9579812489957978,-0.5154686026946338,-0.7570242935387513,0.46421839881351007,1
8343,-1.4264614892431697,-1.301257934535817,-1.3151376474005352,1.0823380271753442,0.4928209056080062,-0.922658145359632,0
90,0.1075450954753754,-0.24444136794627191,-0.3038352274962305,0.4583425385870686,-0.13210169396537258,0.46421839881351007,0
1859,-0.4502754807859138,-0.8403555552742974,-0.48413600178774097,1.3827802994585883,-1.8818849727708329,-0.922658145359632,0
7784,-0.4502754807859138,-1.017267579637305,-0.0888612273794298,3.013752634710483,-1.5069314130268057,1.851094942986652,0
6078,2.338827400520532,3.08429803783137,2.9999453065568606,-0.2696521980992527,-1.1319778532827784,-0.922658145359632,1
8819,0.1075450954753754,-0.030284706875262763,0.3673806357716836,-0.1795195164142793,1.4926970649254123,0.46421839881351007,0
7397,0.2470002395406977,0.3747507173242545,0.5052067084272129,-0.7203156065241186,1.7426661047547638,-0.922658145359632,0
2366,-0.5897306248512361,-0.6308544737917884,-0.5713969534480552,-0.2696521980992527,1.117743505181385,-0.922658145359632,0
8188,-2.821012929896393,-1.5992150281998296,-1.7768694379739867,-2.973632648648447,-0.0071171740506968135,-0.922658145359632,0
584,-1.1475512011125253,-1.2453909794738147,-1.1619975666721694,1.983664844025076,-1.2569623731974542,1.851094942986652,0
4487,-0.031910048589946886,-0.40738665354377884,-0.1992376629232712,0.6316746187504784,-0.0071171740506968135,0.46421839881351007,0
