row_id,efficiency_minmax,scoring_impact_minmax,eff_times_minutes_minmax,eff_per_point_minmax,plus_minus_minmax,blocks_minmax,target
6782,0.4090909090909091,0.16379310344827586,0.20739032500268156,0.24675324675324675,0.3584905660377359,0.3333333333333333,0
4553,0.5909090909090909,0.4020376175548589,0.48326718867317386,0.20300751879699247,0.6037735849056604,0.0,1
3801,0.5,0.25235109717868337,0.31309664271157356,0.2346938775510204,0.24528301886792453,0.3333333333333333,0
7385,0.29545454545454547,0.0987460815047022,0.13804569344631554,0.2222222222222222,0.3584905660377359,0.0,0
469,0.5,0.2884012539184953,0.3019950659658909,0.20535714285714285,0.5660377358490566,0.0,0
2716,0.31818181818181823,0.10579937304075235,0.18545532553898958,0.23809523809523808,0.5660377358490566,0.0,0
2433,0.29545454545454547,0.05485893416927899,0.07873002252493833,0.39999999999999997,0.4528301886792453,0.0,0
5999,0.6136363636363636,0.4169278996865204,0.4398798669956022,0.21052631578947367,0.3584905660377359,0.3333333333333333,1
643,0.5454545454545455,0.3330721003134796,0.4281347205835031,0.21008403361344538,0.22641509433962265,0.3333333333333333,0
3567,0.29545454545454547,0.0987460815047022,0.1433015123887161,0.2222222222222222,0.39622641509433965,0.3333333333333333,0
2117,0.5,0.21630094043887146,0.40314276520433334,0.2738095238095238,0.30188679245283023,0.3333333333333333,0
35,0.7727272727272728,0.7405956112852664,0.748846937681004,0.18518518518518517,0.660377358490566,0.0,1
8690,0.6590909090909092,0.44670846394984326,0.6263005470342164,0.22556390977443608,0.5849056603773585,0.0,1
2972,0.4545454545454546,0.1974921630094044,0.3494046980585648,0.25,0.30188679245283023,0.3333333333333333,0
2174,0.5227272727272727,0.26332288401253917,0.27169366083878577,0.24489795918367344,0.4716981132075472,0.3333333333333333,1
2579,0.4318181818181819,0.2507836990595611,0.24337659551646465,0.17857142857142855,0.3207547169811321,0.3333333333333333,0
2281,0.8409090909090909,0.7742946708463949,0.7851549930279953,0.20879120879120877,0.2641509433962264,0.3333333333333333,1
5933,0.5227272727272727,0.26332288401253917,0.31030784082376917,0.24489795918367344,0.5094339622641509,0.3333333333333333,0
8502,0.6818181818181819,0.4615987460815047,0.6773570739032501,0.23308270676691728,0.37735849056603776,1.0,1
5906,0.24999999999999997,0.03761755485893417,0.07733562158103613,0.42857142857142855,0.8301886792452831,0.0,0
4529,0.31818181818181823,0.11755485893416927,0.13155636597661696,0.21428571428571427,0.4716981132075472,0.0,0
7611,0.5681818181818182,0.32601880877742945,0.47066394937251954,0.23214285714285712,0.5094339622641509,0.0,1
2488,0.5454545454545455,0.274294670846395,0.26858307411777327,0.25510204081632654,0.6037735849056604,0.3333333333333333,1
3712,0.4090909090909091,0.1786833855799373,0.27464335514319427,0.22619047619047616,0.4716981132075472,0.0,0
5848,0.6363636363636364,0.3181818181818182,0.5118524080231684,0.29591836734693877,0.3584905660377359,1.0,1
4163,0.6136363636363636,0.3510971786833856,0.4834280810897781,0.25,0.5849056603773585,0.3333333333333333,1
4336,0.36363636363636365,0.13322884012539185,0.19205191461975757,0.24285714285714283,0.5660377358490566,0.3333333333333333,0
5127,0.36363636363636365,0.11990595611285267,0.24584361257106083,0.2698412698412698,0.4716981132075472,0.3333333333333333,0
8577,0.4318181818181819,0.1567398119122257,0.28520862383352996,0.2857142857142857,0.28301886792452835,0.0,0
8345,0.5454545454545455,0.3330721003134796,0.4321570309986056,0.21008403361344538,0.6037735849056604,0.0,1
4583,0.75,0.5062695924764891,0.6232972219242733,0.2556390977443609,0.39622641509433965,0.6666666666666666,1
2106,0.5909090909090909,0.317398119122257,0.42389788694626196,0.2571428571428571,0.41509433962264153,0.0,1
4688,0.4772727272727273,0.24137931034482757,0.3428081089777968,0.22448979591836732,0.41509433962264153,0.3333333333333333,1
1231,0.6136363636363636,0.3072100313479624,0.40383996567628444,0.2857142857142857,0.660377358490566,0.6666666666666666,1
6351,0.27272727272727276,0.0713166144200627,0.05582966856162179,0.2653061224489796,0.4528301886792453,0.3333333333333333,0
8443,0.4318181818181819,0.2037617554858934,0.2605384532875684,0.21978021978021978,0.339622641509434,0.3333333333333333,0
4663,0.6363636363636364,0.5,0.61139118309557,0.1883116883116883,0.28301886792452835,0.0,1
406,0.4545454545454546,0.24686520376175547,0.35728842647216563,0.19999999999999998,0.8490566037735849,0.3333333333333333,1
7370,0.5,0.27037617554858934,0.39327469698594875,0.21904761904761905,0.6037735849056604,0.3333333333333333,1
8540,0.36363636363636365,0.15987460815047022,0.1719939933497801,0.20238095238095238,0.4528301886792453,0.0,0
3788,0.5,0.18025078369905956,0.31186313418427536,0.3285714285714285,0.6981132075471698,0.6666666666666666,1
1268,0.6363636363636364,0.36363636363636365,0.41075833959026053,0.2589285714285714,0.4528301886792453,0.3333333333333333,1
6671,0.5227272727272727,0.26332288401253917,0.4068432907862276,0.24489795918367344,0.39622641509433965,0.0,0
393,0.5909090909090909,0.4020376175548589,0.493403410919232,0.20300751879699247,0.41509433962264153,0.0,1
594,0.36363636363636365,0.11990595611285267,0.20937466480746542,0.2698412698412698,0.8113207547169812,0.0,0
5048,0.5227272727272727,0.3385579937304075,0.3540705781400837,0.19047619047619047,0.6415094339622641,0.0,0
4341,0.4090909090909091,0.19357366771159873,0.28279523758446856,0.20879120879120877,0.0566037735849057,0.3333333333333333,0
2918,0.6136363636363636,0.3949843260188088,0.4609031427652044,0.2222222222222222,0.09433962264150947,0.0,0
4416,0.6136363636363636,0.3510971786833856,0.384318352461654,0.25,0.5471698113207547,0.0,1
2410,0.31818181818181823,0.14106583072100312,0.09616003432371555,0.17857142857142855,0.30188679245283023,0.0,0
4158,0.7045454545454546,0.6018808777429467,0.6136436769280275,0.19047619047619047,0.7358490566037736,0.3333333333333333,1
3485,0.27272727272727276,0.1018808777429467,0.08511208838356753,0.18571428571428572,0.339622641509434,0.0,0
2335,0.36363636363636365,0.14655172413793102,0.1610533090207015,0.22077922077922077,0.24528301886792453,0.0,0
6959,0.31818181818181823,0.0822884012539185,0.1347742143086989,0.3061224489795918,0.3584905660377359,0.3333333333333333,0
500,0.18181818181818182,0.0493730407523511,0.05754585433873216,0.1836734693877551,0.5471698113207547,0.0,0
3375,0.4090909090909091,0.16379310344827586,0.28177625227930925,0.24675324675324675,0.6037735849056604,0.0,1
6442,0.4772727272727273,0.29310344827586204,0.29561300010726155,0.18487394957983194,0.5849056603773585,0.3333333333333333,1
2690,0.29545454545454547,0.1536050156739812,0.1350423683363724,0.14285714285714285,0.2641509433962264,0.0,0
4938,0.5454545454545455,0.3134796238244514,0.38925238657084626,0.2232142857142857,0.5283018867924528,0.0,0
3145,0.4090909090909091,0.14890282131661442,0.16255497157567306,0.2714285714285714,0.5471698113207547,0.3333333333333333,0
8589,0.31818181818181823,0.09404388714733541,0.18062855304086667,0.26785714285714285,0.41509433962264153,0.3333333333333333,0
4062,0.5454545454545455,0.2938871473354232,0.3476885122814545,0.23809523809523808,0.4716981132075472,0.3333333333333333,1
405,0.29545454545454547,0.06583072100313479,0.10275662340448352,0.3333333333333333,0.49056603773584906,0.0,0
2439,0.6590909090909092,0.49373040752351094,0.587686367049233,0.20408163265306123,0.5471698113207547,0.3333333333333333,1
6313,0.5909090909090909,0.38087774294670845,0.3587364582216025,0.21428571428571427,0.49056603773584906,0.3333333333333333,1
8484,0.4772727272727273,0.1896551724137931,0.2531374021237799,0.2857142857142857,0.41509433962264153,0.3333333333333333,0
6306,0.4318181818181819,0.2507836990595611,0.43322964710929956,0.17857142857142855,0.24528301886792453,0.0,0
2447,0.5454545454545455,0.3134796238244514,0.5018770781937144,0.2232142857142857,0.4339622641509434,0.3333333333333333,1
5508,0.4772727272727273,0.3103448275862069,0.3758446851871715,0.17460317460317462,0.5283018867924528,0.3333333333333333,1
6796,0.4318181818181819,0.1567398119122257,0.2712646143945082,0.2857142857142857,0.7358490566037736,0.0,1
3618,0.29545454545454547,0.10971786833855798,0.16732811326826127,0.19999999999999998,0.6037735849056604,0.3333333333333333,0
1668,0.34090909090909094,0.16300940438871472,0.19832671886731737,0.17582417582417584,0.4528301886792453,0.0,0
2319,0.5,0.2884012539184953,0.35503593263970823,0.20535714285714285,0.41509433962264153,0.0,0
7298,0.5681818181818182,0.32601880877742945,0.3772390861310737,0.23214285714285712,0.7358490566037736,0.0,1
2552,0.1590909090909091,0.018808777429467086,0.045157138260216674,0.38095238095238093,0.09433962264150947,0.3333333333333333,0
7018,0.4772727272727273,0.20689655172413793,0.2602166684543602,0.26190476190476186,0.7358490566037736,0.6666666666666666,0
8075,0.6363636363636364,0.5,0.6253888233401266,0.1883116883116883,0.6037735849056604,0.6666666666666666,1
3703,0.27272727272727276,0.08150470219435736,0.1422825270835568,0.23214285714285712,0.4716981132075472,0.0,0
3668,0.6136363636363636,0.3949843260188088,0.4714147806500053,0.2222222222222222,0.3584905660377359,0.0,1
8785,0.36363636363636365,0.13322884012539185,0.15102434838571271,0.24285714285714283,0.660377358490566,0.0,0
6791,0.4318181818181819,0.17241379310344826,0.24873967606993455,0.2597402597402597,0.8113207547169812,0.3333333333333333,0
1404,0.5681818181818182,0.32601880877742945,0.5334119918481175,0.23214285714285712,0.49056603773584906,0.3333333333333333,1
6005,0.5,0.2884012539184953,0.2674568272015445,0.20535714285714285,0.37735849056603776,0.3333333333333333,0
6698,0.4545454545454546,0.21394984326018807,0.2570524509278129,0.23076923076923075,0.5094339622641509,0.3333333333333333,0
7032,0.4545454545454546,0.21394984326018807,0.25029496943044083,0.23076923076923075,0.3584905660377359,0.3333333333333333,0
8463,0.34090909090909094,0.15047021943573669,0.17687439665343774,0.19047619047619047,0.6226415094339622,0.0,0
5269,0.09090909090909091,0.011755485893416927,0.018395366298401803,0.23809523809523808,0.5094339622641509,0.3333333333333333,0
7884,0.4090909090909091,0.22335423197492163,0.18293467767885874,0.18095238095238092,0.3584905660377359,0.3333333333333333,0
8218,0.4318181818181819,0.23510971786833854,0.23157781829883084,0.19047619047619047,0.49056603773584906,0.0,0
1134,0.5,0.27037617554858934,0.2686903357288426,0.21904761904761905,0.41509433962264153,0.0,0
3687,0.34090909090909094,0.16300940438871472,0.22149522685830741,0.17582417582417584,0.5849056603773585,0.0,0
7558,0.5454545454545455,0.3330721003134796,0.40936393864635845,0.21008403361344538,0.5094339622641509,0.3333333333333333,0
5149,0.5909090909090909,0.38087774294670845,0.468786871178805,0.21428571428571427,0.6415094339622641,0.3333333333333333,1
423,0.4318181818181819,0.10971786833855798,0.1908184060924595,0.40816326530612246,0.339622641509434,0.6666666666666666,1
3792,0.34090909090909094,0.12539184952978055,0.15113160999678216,0.22857142857142856,0.6792452830188679,0.3333333333333333,0
951,0.20454545454545456,0.06269592476489028,0.07926633058028532,0.17857142857142855,0.3584905660377359,0.0,0
5516,0.6363636363636364,0.40909090909090906,0.5429582752332939,0.23015873015873015,0.37735849056603776,0.3333333333333333,1
2810,0.5454545454545455,0.3134796238244514,0.3691408344953341,0.2232142857142857,0.6792452830188679,0.0,0
7605,0.4772727272727273,0.22413793103448276,0.26965569022846725,0.24175824175824173,0.339622641509434,0.0,0
2401,0.3863636363636364,0.14106583072100312,0.18835138903786336,0.2571428571428571,0.6981132075471698,0.3333333333333333,0
8554,0.3863636363636364,0.12695924764890282,0.13815295505738495,0.2857142857142857,0.4528301886792453,0.3333333333333333,0
7620,0.4090909090909091,0.19357366771159873,0.2675104580070793,0.20879120879120877,0.7358490566037736,0.3333333333333333,0
4522,0.34090909090909094,0.1128526645768025,0.12796310200579214,0.25396825396825395,0.5849056603773585,0.0,0
8963,0.6363636363636364,0.3181818181818182,0.40142657942722304,0.29591836734693877,0.6226415094339622,0.6666666666666666,1
8722,0.4090909090909091,0.2084639498432602,0.14421323608280598,0.19387755102040816,0.6792452830188679,0.0,0
5130,0.31818181818181823,0.09404388714733541,0.1838464013729486,0.26785714285714285,0.4528301886792453,0.0,0
7283,0.5454545454545455,0.2938871473354232,0.39461546712431617,0.23809523809523808,0.4716981132075472,0.6666666666666666,1
2645,0.5909090909090909,0.46551724137931033,0.46299474418105757,0.17532467532467533,0.339622641509434,0.0,0
944,0.4090909090909091,0.25313479623824453,0.31947870857020266,0.15966386554621848,0.5471698113207547,0.3333333333333333,0
7572,0.5909090909090909,0.2962382445141066,0.4499624584361257,0.2755102040816326,0.4339622641509434,0.3333333333333333,1
2843,0.20454545454545456,0.023510971786833854,0.08999249168722515,0.47619047619047616,0.5094339622641509,0.3333333333333333,0
5162,0.75,0.6927899686520376,0.6506489327469699,0.18681318681318682,0.18867924528301888,0.3333333333333333,1
3975,0.4772727272727273,0.3103448275862069,0.38646358468304187,0.17460317460317462,0.4528301886792453,0.0,0
5157,0.5681818181818182,0.4075235109717868,0.39118309557009545,0.18571428571428572,0.5849056603773585,0.3333333333333333,1
2896,0.29545454545454547,0.0877742946708464,0.1042582859594551,0.25,0.37735849056603776,0.0,0
1834,0.5227272727272727,0.37617554858934166,0.427437520111552,0.1714285714285714,0.4716981132075472,0.0,0
345,0.5909090909090909,0.3385579937304075,0.3659766169687869,0.24107142857142855,0.339622641509434,0.0,1
6231,0.22727272727272727,0.06034482758620689,0.05786763917194036,0.22448979591836732,0.660377358490566,0.0,0
1937,0.5227272727272727,0.30094043887147337,0.3913976187922342,0.21428571428571427,0.5471698113207547,0.0,0
8549,0.5909090909090909,0.44435736677115983,0.2559262040115843,0.1836734693877551,0.6981132075471698,0.3333333333333333,1
4403,0.31818181818181823,0.058777429467084634,0.13960098680682184,0.42857142857142855,0.4528301886792453,0.6666666666666666,0
8870,0.24999999999999997,0.07523510971786834,0.09986055990560977,0.21428571428571427,0.22641509433962265,0.0,0
7457,0.4545454545454546,0.21394984326018807,0.1770889198755765,0.23076923076923075,0.7735849056603774,0.0,0
8984,0.6363636363636364,0.45454545454545453,0.5367371017912689,0.20714285714285713,0.24528301886792453,0.3333333333333333,1
6176,0.4545454545454546,0.1974921630094044,0.2863348707497587,0.25,0.5283018867924528,0.0,1
6367,0.3863636363636364,0.16927899686520376,0.19028209803711252,0.21428571428571427,0.5471698113207547,0.3333333333333333,1
3784,0.5681818181818182,0.32601880877742945,0.33680145875791045,0.23214285714285712,0.7547169811320755,0.6666666666666666,1
6003,0.5454545454545455,0.274294670846395,0.40936393864635845,0.25510204081632654,0.6981132075471698,0.0,1
436,0.7045454545454546,0.6018808777429467,0.5621581036147163,0.19047619047619047,0.49056603773584906,0.0,0
5241,0.7727272727272728,0.5760188087774294,0.7075512174192856,0.23809523809523808,0.6037735849056604,0.0,1
6681,0.24999999999999997,0.09404388714733541,0.10179126890485896,0.1714285714285714,0.5849056603773585,0.3333333333333333,0
6434,0.7272727272727273,0.5172413793103449,0.6507561943580393,0.23571428571428568,0.41509433962264153,0.0,1
1059,0.5681818181818182,0.32601880877742945,0.41488791161643246,0.23214285714285712,0.3207547169811321,0.6666666666666666,1
8900,0.31818181818181823,0.07053291536050156,0.18062855304086667,0.3571428571428571,0.5283018867924528,0.3333333333333333,0
5710,0.5,0.27037617554858934,0.39080767993135257,0.21904761904761905,0.5471698113207547,0.3333333333333333,1
678,0.5909090909090909,0.2962382445141066,0.4181057599485144,0.2755102040816326,0.4339622641509434,0.3333333333333333,1
3136,0.34090909090909094,0.15047021943573669,0.14941542421967177,0.19047619047619047,0.4716981132075472,0.0,0
1120,0.7272727272727273,0.6206896551724138,0.6348278451142335,0.19642857142857142,0.24528301886792453,0.0,0
2416,0.5909090909090909,0.4231974921630094,0.5078837284136007,0.19285714285714287,0.5094339622641509,0.3333333333333333,1
1873,0.4772727272727273,0.1896551724137931,0.2873538560549179,0.2857142857142857,0.18867924528301888,0.3333333333333333,0
4742,0.36363636363636365,0.10658307210031348,0.1400836640566341,0.30357142857142855,0.4528301886792453,0.3333333333333333,0
3343,0.5,0.27037617554858934,0.2785584039472273,0.21904761904761905,0.20754716981132076,0.3333333333333333,1
2118,0.36363636363636365,0.14655172413793102,0.16378848010297115,0.22077922077922077,0.4528301886792453,0.0,0
1705,0.5227272727272727,0.31974921630094044,0.3978333154563981,0.20168067226890757,0.39622641509433965,0.0,1
2176,0.3863636363636364,0.16927899686520376,0.1912474525367371,0.21428571428571427,0.6415094339622641,0.0,0
3328,0.6136363636363636,0.3730407523510972,0.43237155422074436,0.2352941176470588,0.37735849056603776,0.6666666666666666,1
8300,0.22727272727272727,0.06896551724137931,0.09739354285101362,0.19642857142857142,0.5660377358490566,0.3333333333333333,0
6775,0.5909090909090909,0.3385579937304075,0.4847152204226107,0.24107142857142855,0.3207547169811321,0.6666666666666666,1
8564,0.4772727272727273,0.13793103448275862,0.33218920948192643,0.39285714285714285,0.39622641509433965,0.0,1
5543,0.4090909090909091,0.1786833855799373,0.2287890164110265,0.22619047619047616,0.6037735849056604,0.0,0
5394,0.36363636363636365,0.14655172413793102,0.19934570417247666,0.22077922077922077,0.20754716981132076,0.3333333333333333,0
3345,0.5681818181818182,0.3056426332288401,0.42185991633594344,0.24761904761904763,0.339622641509434,1.0,1
3594,0.31818181818181823,0.058777429467084634,0.14442775930494475,0.42857142857142855,0.20754716981132076,0.3333333333333333,0
6083,0.3863636363636364,0.15517241379310345,0.161321463048375,0.23376623376623376,0.49056603773584906,0.3333333333333333,0
3359,0.5,0.25235109717868337,0.37230505202188136,0.2346938775510204,0.8867924528301887,0.3333333333333333,1
5817,0.36363636363636365,0.10658307210031348,0.21940362544245412,0.30357142857142855,0.20754716981132076,0.0,0
8566,0.4318181818181819,0.17241379310344826,0.23908613107368873,0.2597402597402597,0.5094339622641509,0.3333333333333333,0
5261,0.5909090909090909,0.35971786833855796,0.4383782044406307,0.22689075630252098,0.5283018867924528,0.3333333333333333,1
6908,0.6363636363636364,0.4318181818181818,0.5118524080231684,0.21804511278195488,0.41509433962264153,0.0,1
3882,0.5454545454545455,0.2938871473354232,0.343666201866352,0.23809523809523808,0.6226415094339622,0.6666666666666666,0
7142,0.34090909090909094,0.15047021943573669,0.19832671886731737,0.19047619047619047,0.9622641509433962,0.3333333333333333,0
5695,0.6590909090909092,0.49373040752351094,0.45092781293575024,0.20408163265306123,0.5094339622641509,0.3333333333333333,1
2149,0.27272727272727276,0.11206896551724138,0.1541349351067253,0.16883116883116883,0.3207547169811321,0.0,0
4570,0.4318181818181819,0.18808777429467083,0.2562479888447925,0.23809523809523808,0.6415094339622641,0.3333333333333333,0
2483,0.75,0.6661442006269592,0.6597661696878687,0.19428571428571428,0.5660377358490566,0.3333333333333333,1
633,0.4545454545454546,0.1810344827586207,0.22101254960849512,0.2727272727272727,0.6981132075471698,0.3333333333333333,1
5746,0.22727272727272727,0.09482758620689655,0.11981121956451787,0.14285714285714285,0.4528301886792453,0.0,0
3241,0.5227272727272727,0.225705329153605,0.3695162501340771,0.2857142857142857,0.6981132075471698,0.6666666666666666,1
4236,0.13636363636363635,0.016457680250783698,0.03217848332081948,0.3333333333333333,0.6415094339622641,0.0,0
2081,0.4772727272727273,0.25862068965517243,0.306231899603132,0.2095238095238095,0.3207547169811321,0.0,1
4277,0.5,0.27037617554858934,0.4450820551324681,0.21904761904761905,0.4528301886792453,0.3333333333333333,0
5260,0.36363636363636365,0.14655172413793102,0.25131395473560014,0.22077922077922077,0.22641509433962265,0.0,0
6161,0.24999999999999997,0.08463949843260188,0.10822696556902285,0.19047619047619047,0.5283018867924528,0.0,0
2511,0.4090909090909091,0.22335423197492163,0.25528263434516785,0.18095238095238092,0.41509433962264153,0.3333333333333333,0
3694,0.5454545454545455,0.274294670846395,0.31551002896063496,0.25510204081632654,0.39622641509433965,0.3333333333333333,0
5044,0.36363636363636365,0.11990595611285267,0.13278987450391505,0.2698412698412698,0.5471698113207547,0.3333333333333333,1
1614,0.4772727272727273,0.22413793103448276,0.3451678644213235,0.24175824175824173,0.5471698113207547,0.3333333333333333,1
5076,0.6136363636363636,0.3510971786833856,0.49544138152955053,0.25,0.22641509433962265,0.0,0
1851,0.4545454545454546,0.1974921630094044,0.30773356215810366,0.25,0.5283018867924528,0.3333333333333333,1
6985,0.6136363636363636,0.4169278996865204,0.42336157889091497,0.21052631578947367,0.6792452830188679,0.0,1
8776,0.4545454545454546,0.21394984326018807,0.2514212163466695,0.23076923076923075,0.39622641509433965,0.3333333333333333,0
8225,0.6363636363636364,0.45454545454545453,0.4667489005684865,0.20714285714285713,0.5471698113207547,1.0,1
6943,0.5,0.34247648902821315,0.37230505202188136,0.17293233082706766,0.5471698113207547,0.0,1
4006,0.5909090909090909,0.3385579937304075,0.46444277593049454,0.24107142857142855,0.5849056603773585,0.6666666666666666,1
2998,0.4545454545454546,0.23040752351097177,0.29872358682827416,0.21428571428571427,0.37735849056603776,0.0,0
7880,0.5227272727272727,0.28213166144200624,0.3180306768207659,0.22857142857142856,0.8113207547169812,0.6666666666666666,1
8350,0.5227272727272727,0.30094043887147337,0.35535771747291645,0.21428571428571427,0.28301886792452835,0.0,0
2627,0.4090909090909091,0.14890282131661442,0.1289284565054167,0.2714285714285714,0.13207547169811323,0.6666666666666666,0
4817,0.36363636363636365,0.13322884012539185,0.1182022953984769,0.24285714285714283,0.18867924528301888,0.3333333333333333,0
55,0.4090909090909091,0.16379310344827586,0.22369408988523007,0.24675324675324675,0.4528301886792453,0.3333333333333333,0
4041,0.4545454545454546,0.24686520376175547,0.18722514212163466,0.19999999999999998,0.5283018867924528,0.0,0
167,0.3863636363636364,0.18338557993730406,0.2279309235224713,0.1978021978021978,0.6037735849056604,0.3333333333333333,0
3766,0.6590909090909092,0.3996865203761755,0.3978333154563981,0.25210084033613445,0.3584905660377359,0.3333333333333333,1
8514,0.6136363636363636,0.3510971786833856,0.44588651721548855,0.25,0.5283018867924528,0.0,1
4318,0.6363636363636364,0.45454545454545453,0.5118524080231684,0.20714285714285713,0.24528301886792453,0.3333333333333333,1
2331,0.4772727272727273,0.1896551724137931,0.29443312238549824,0.2857142857142857,0.3584905660377359,0.0,0
4181,0.6818181818181819,0.5830721003134796,0.5875791054381636,0.18452380952380953,0.339622641509434,0.0,1
6033,0.27272727272727276,0.12225705329153605,0.1297329185884372,0.15476190476190474,0.11320754716981135,0.0,0
2345,0.6590909090909092,0.3996865203761755,0.5860774428831921,0.25210084033613445,0.2641509433962264,0.3333333333333333,1
3020,0.75,0.5329153605015674,0.6324144588651721,0.24285714285714283,0.49056603773584906,0.3333333333333333,1
3850,0.5681818181818182,0.32601880877742945,0.3758446851871715,0.23214285714285712,0.6415094339622641,0.0,1
1752,0.6136363636363636,0.3730407523510972,0.38131502735171074,0.2352941176470588,0.5471698113207547,0.3333333333333333,0
2705,0.5,0.3244514106583072,0.31433015123887165,0.1825396825396825,0.41509433962264153,0.0,0
6212,0.18181818181818182,0.03526645768025078,0.047409632092674035,0.2571428571428571,0.3584905660377359,0.3333333333333333,0
180,0.7272727272727273,0.49137931034482757,0.6755336265150702,0.24812030075187969,0.6226415094339622,0.3333333333333333,1
4377,0.7727272727272728,0.603448275862069,0.6981658264507132,0.22727272727272724,0.4528301886792453,0.0,1
8154,0.34090909090909094,0.15047021943573669,0.1665772819907755,0.19047619047619047,0.30188679245283023,0.3333333333333333,0
6419,0.7045454545454546,0.5517241379310345,0.6994529657835461,0.20779220779220778,0.5094339622641509,0.3333333333333333,1
6840,0.27272727272727276,0.11206896551724138,0.1659873431298938,0.16883116883116883,0.49056603773584906,0.0,0
1379,0.31818181818181823,0.10579937304075235,0.18706424970503058,0.23809523809523808,0.49056603773584906,0.3333333333333333,0
4186,0.31818181818181823,0.11755485893416927,0.15810361471629303,0.21428571428571427,0.6415094339622641,0.0,0
4442,0.20454545454545456,0.06269592476489028,0.09481926418534806,0.17857142857142855,0.24528301886792453,0.3333333333333333,0
8037,0.4545454545454546,0.21394984326018807,0.2041188458650649,0.23076923076923075,0.6226415094339622,0.3333333333333333,1
5790,0.7954545454545455,0.677115987460815,0.7472916443204978,0.21428571428571427,0.7358490566037736,0.0,1
4923,0.6818181818181819,0.4373040752351097,0.6291429797275554,0.24603174603174605,0.6226415094339622,0.3333333333333333,1
8501,0.22727272727272727,0.06034482758620689,0.08854445993778827,0.22448979591836732,0.5094339622641509,0.0,0
2904,0.7727272727272728,0.5211598746081505,0.7319532339375737,0.2631578947368421,0.5660377358490566,0.6666666666666666,1
2637,0.6363636363636364,0.5227272727272727,0.5398476885122815,0.18012422360248448,0.3207547169811321,0.0,0
3869,0.5454545454545455,0.274294670846395,0.2806500053630806,0.25510204081632654,0.339622641509434,0.6666666666666666,1
7103,0.5681818181818182,0.3667711598746081,0.41349351067253026,0.20634920634920634,0.7358490566037736,0.0,1
1885,0.4090909090909091,0.16379310344827586,0.18089670706854016,0.24675324675324675,0.5660377358490566,0.0,0
901,0.27272727272727276,0.0713166144200627,0.13182452000429046,0.2653061224489796,0.6037735849056604,0.3333333333333333,0
286,0.18181818181818182,0.04231974921630094,0.058511208838356754,0.21428571428571427,0.5283018867924528,0.0,0
8983,0.3863636363636364,0.16927899686520376,0.16807894454574707,0.21428571428571427,0.6415094339622641,0.0,0
1886,0.4318181818181819,0.2664576802507837,0.2723372305052022,0.1680672268907563,0.4716981132075472,0.3333333333333333,0
5370,0.34090909090909094,0.10031347962382445,0.19918481175587258,0.2857142857142857,0.6037735849056604,0.0,0
2157,0.6590909090909092,0.3996865203761755,0.5040223104151024,0.25210084033613445,0.41509433962264153,0.3333333333333333,1
2273,0.7045454545454546,0.5517241379310345,0.713182452000429,0.20779220779220778,0.5660377358490566,0.3333333333333333,0
3358,0.34090909090909094,0.12539184952978055,0.15370588866244772,0.22857142857142856,0.39622641509433965,0.3333333333333333,0
4350,0.4772727272727273,0.25862068965517243,0.2354392362973292,0.2095238095238095,0.5283018867924528,0.0,0
4892,0.5454545454545455,0.274294670846395,0.3315992706210448,0.25510204081632654,0.4716981132075472,0.0,0
4016,0.3863636363636364,0.12695924764890282,0.15746004504987665,0.2857142857142857,0.39622641509433965,0.3333333333333333,0
3861,0.6136363636363636,0.5047021943573667,0.5074546819693231,0.17391304347826086,0.6981132075471698,0.3333333333333333,0
1768,0.36363636363636365,0.13322884012539185,0.17108226965569026,0.24285714285714283,0.37735849056603776,0.3333333333333333,0
831,0.4772727272727273,0.25862068965517243,0.31331116593371233,0.2095238095238095,0.5660377358490566,0.3333333333333333,1
6077,0.6136363636363636,0.3949843260188088,0.5104580070792663,0.2222222222222222,0.8490566037735849,1.0,1
7906,0.06818181818181818,0.018808777429467086,0.02391933926847581,0.09523809523809523,0.2641509433962264,0.0,0
1858,0.6818181818181819,0.4373040752351097,0.6540813043011905,0.24603174603174605,0.5094339622641509,0.3333333333333333,1
855,0.5227272727272727,0.28213166144200624,0.26397082484178913,0.22857142857142856,0.5094339622641509,0.3333333333333333,0
615,0.18181818181818182,0.014106583072100312,0.04499624584361257,0.6428571428571428,0.6415094339622641,0.0,0
6279,0.3863636363636364,0.16927899686520376,0.16518288104687331,0.21428571428571427,0.5471698113207547,0.3333333333333333,0
8003,0.29545454545454547,0.0768025078369906,0.17558725732060493,0.2857142857142857,0.37735849056603776,0.3333333333333333,0
8275,0.29545454545454547,0.12068965517241378,0.16057063177088918,0.1818181818181818,0.49056603773584906,0.0,0
2318,0.4545454545454546,0.24686520376175547,0.34602595730987873,0.19999999999999998,0.7358490566037736,0.0,0
635,0.6590909090909092,0.44670846394984326,0.5506811112302906,0.22556390977443608,0.5849056603773585,0.3333333333333333,1
214,0.4090909090909091,0.1786833855799373,0.20739032500268156,0.22619047619047616,0.339622641509434,0.0,0
7651,0.5454545454545455,0.3330721003134796,0.4428831921055454,0.21008403361344538,0.49056603773584906,0.3333333333333333,1
787,0.6818181818181819,0.48589341692789967,0.529389681433015,0.22142857142857142,0.30188679245283023,0.0,1
6690,0.5454545454545455,0.3134796238244514,0.36780006435696666,0.2232142857142857,0.49056603773584906,0.3333333333333333,1
5662,0.6590909090909092,0.5172413793103449,0.531374021237799,0.1948051948051948,0.3207547169811321,0.0,0
6893,0.5227272727272727,0.31974921630094044,0.40813043011906036,0.20168067226890757,0.41509433962264153,0.3333333333333333,0
6288,0.4318181818181819,0.21943573667711597,0.2766276949479781,0.20408163265306123,0.6415094339622641,0.0,0
5501,0.6590909090909092,0.47021943573667707,0.6263005470342164,0.21428571428571427,0.49056603773584906,1.0,1
1479,0.5681818181818182,0.4075235109717868,0.4873967606993457,0.18571428571428572,0.6037735849056604,0.0,0
1989,0.75,0.4263322884012539,0.5503593263970825,0.30357142857142855,0.5094339622641509,0.6666666666666666,1
325,0.5454545454545455,0.25470219435736674,0.44690550252064787,0.2747252747252747,0.6226415094339622,0.3333333333333333,1
8869,0.5,0.23432601880877743,0.30446208302048694,0.25274725274725274,0.20754716981132076,0.3333333333333333,0
8552,0.5,0.27037617554858934,0.40190925667703525,0.21904761904761905,0.41509433962264153,0.0,1
3636,0.4318181818181819,0.28213166144200624,0.1865279416496836,0.15873015873015872,0.5660377358490566,0.0,0
766,0.3863636363636364,0.2115987460815047,0.281990775501448,0.1714285714285714,0.4339622641509434,0.0,0
3275,0.31818181818181823,0.0822884012539185,0.16051700096535448,0.3061224489795918,0.3584905660377359,0.0,0
3203,0.24999999999999997,0.08463949843260188,0.15456398155100287,0.19047619047619047,0.6415094339622641,0.3333333333333333,0
1385,0.5681818181818182,0.3056426332288401,0.269870213450606,0.24761904761904763,0.7924528301886793,0.3333333333333333,1
5994,0.5454545454545455,0.35266457680250785,0.4683578247345275,0.1984126984126984,0.7924528301886793,0.3333333333333333,1
1816,0.13636363636363635,0.027429467084639496,0.04081304301190604,0.19999999999999998,0.6226415094339622,0.0,0
8661,0.6818181818181819,0.4373040752351097,0.5593156709213772,0.24603174603174605,0.5849056603773585,0.3333333333333333,1
7175,0.4090909090909091,0.1786833855799373,0.19414351603561084,0.22619047619047616,0.41509433962264153,0.0,0
159,0.6363636363636364,0.40909090909090906,0.4823018341735493,0.23015873015873015,0.49056603773584906,0.3333333333333333,0
5580,0.34090909090909094,0.12539184952978055,0.22063713396975224,0.22857142857142856,0.4716981132075472,0.0,0
2649,0.8181818181818182,0.6959247648902821,0.7920733669419714,0.22023809523809523,0.5094339622641509,0.0,1
4344,0.4090909090909091,0.16379310344827586,0.2349029282419822,0.24675324675324675,0.24528301886792453,0.0,1
7004,0.5454545454545455,0.25470219435736674,0.44556473238228034,0.2747252747252747,0.4339622641509434,0.3333333333333333,1
935,0.5227272727272727,0.30094043887147337,0.3605062748042476,0.21428571428571427,0.7924528301886793,0.3333333333333333,0
5812,0.5909090909090909,0.46551724137931033,0.5252601094068432,0.17532467532467533,0.5094339622641509,0.3333333333333333,0
6925,0.75,0.5062695924764891,0.6798240909578462,0.2556390977443609,0.24528301886792453,0.3333333333333333,1
7995,0.3863636363636364,0.1974921630094044,0.2520647860130859,0.1836734693877551,0.37735849056603776,0.3333333333333333,0
4988,0.4545454545454546,0.164576802507837,0.21425506811112302,0.3,0.5471698113207547,0.3333333333333333,0
8107,0.36363636363636365,0.14655172413793102,0.18566984876112838,0.22077922077922077,0.49056603773584906,0.0,0
6346,0.7272727272727273,0.46551724137931033,0.6171296792877828,0.26190476190476186,0.5849056603773585,0.6666666666666666,1
7698,0.6818181818181819,0.5101880877742947,0.5792663305802852,0.2108843537414966,0.5283018867924528,0.3333333333333333,1
4898,0.4090909090909091,0.1786833855799373,0.24203582537809717,0.22619047619047616,0.5094339622641509,0.3333333333333333,1
8747,0.6818181818181819,0.36442006269592475,0.4578998176552612,0.29523809523809524,0.169811320754717,0.6666666666666666,1
7278,0.34090909090909094,0.16300940438871472,0.12882119489434732,0.17582417582417584,0.4528301886792453,0.0,0
513,0.7954545454545455,0.6489028213166144,0.7569451893167436,0.2236024844720497,0.49056603773584906,0.0,1
8591,0.18181818181818182,0.0493730407523511,0.06961278558403947,0.1836734693877551,0.3584905660377359,0.3333333333333333,0
1761,0.6590909090909092,0.49373040752351094,0.5410275662340448,0.20408163265306123,0.5283018867924528,0.0,1
7837,0.4090909090909091,0.16379310344827586,0.18904858950981443,0.24675324675324675,0.3207547169811321,0.3333333333333333,0
202,0.4090909090909091,0.22335423197492163,0.3388394293682291,0.18095238095238092,0.5094339622641509,0.3333333333333333,0
8182,0.36363636363636365,0.19984326018808776,0.2157567306660946,0.16190476190476188,0.7924528301886793,0.0,0
8531,0.5,0.23432601880877743,0.2859594551110157,0.25274725274725274,0.2641509433962264,0.3333333333333333,1
7105,0.5909090909090909,0.3385579937304075,0.4861632521720476,0.24107142857142855,0.6415094339622641,0.3333333333333333,1
3116,0.5681818181818182,0.4075235109717868,0.5654832135578677,0.18571428571428572,0.37735849056603776,0.0,1
1580,0.36363636363636365,0.10658307210031348,0.21849190174836428,0.30357142857142855,0.8301886792452831,0.0,0
7478,0.5454545454545455,0.372257053291536,0.41338624906146093,0.18796992481203006,0.18867924528301888,0.0,1
1256,0.18181818181818182,0.02115987460815047,0.08361042582859594,0.42857142857142855,0.5660377358490566,0.3333333333333333,0
1409,0.6363636363636364,0.3409090909090909,0.4885230076155743,0.27619047619047615,0.6226415094339622,0.3333333333333333,1
5783,0.5227272727272727,0.18808777429467083,0.3206049554864314,0.3428571428571428,0.3584905660377359,0.6666666666666666,1
8985,0.5,0.18025078369905956,0.3192641853480639,0.3285714285714285,0.41509433962264153,0.0,0
1204,0.27272727272727276,0.08150470219435736,0.10742250348600235,0.23214285714285712,0.24528301886792453,0.0,0
918,0.5227272727272727,0.31974921630094044,0.3540705781400837,0.20168067226890757,0.3207547169811321,0.0,0
1348,0.5227272727272727,0.2445141065830721,0.45832886409953877,0.26373626373626374,0.6981132075471698,0.0,1
8307,0.4318181818181819,0.2037617554858934,0.3066609460474097,0.21978021978021978,0.5283018867924528,0.0,0
205,0.5909090909090909,0.2750783699059561,0.3037112517430012,0.2967032967032967,0.6226415094339622,1.0,1
8386,0.24999999999999997,0.07523510971786834,0.08505845757803282,0.21428571428571427,0.22641509433962265,0.3333333333333333,0
1960,0.4545454545454546,0.24686520376175547,0.2683149200900997,0.19999999999999998,0.7169811320754718,0.0,0
4730,0.18181818181818182,0.028213166144200625,0.06430333583610426,0.3214285714285714,0.660377358490566,0.0,0
6272,0.4772727272727273,0.29310344827586204,0.39826236190067577,0.18487394957983194,0.5471698113207547,0.0,0
507,0.22727272727272727,0.07758620689655173,0.10565268690335729,0.17460317460317462,0.37735849056603776,0.0,0
3231,0.6136363636363636,0.2852664576802508,0.4804247559798348,0.30769230769230765,0.6981132075471698,0.6666666666666666,1
7330,0.4772727272727273,0.3103448275862069,0.26375630161965036,0.17460317460317462,0.3207547169811321,0.0,1
5405,0.34090909090909094,0.16300940438871472,0.16314491043655474,0.17582417582417584,0.13207547169811323,0.0,0
1978,0.4772727272727273,0.24137931034482757,0.3876434624048053,0.22448979591836732,0.49056603773584906,0.3333333333333333,1
7886,0.31818181818181823,0.0822884012539185,0.15086345596910866,0.3061224489795918,0.4339622641509434,0.0,0
7058,0.6136363636363636,0.3949843260188088,0.46841145554006225,0.2222222222222222,0.5471698113207547,0.0,1
4896,0.5681818181818182,0.26489028213166144,0.3047302370481605,0.2857142857142857,0.4528301886792453,0.3333333333333333,1
7417,0.6136363636363636,0.43887147335423193,0.5675211841681861,0.19999999999999998,0.5660377358490566,0.3333333333333333,0
6147,0.4772727272727273,0.24137931034482757,0.2613965461761236,0.22448979591836732,0.339622641509434,0.3333333333333333,0
8890,0.6136363636363636,0.3949843260188088,0.4518931674353749,0.2222222222222222,0.39622641509433965,0.6666666666666666,1
5094,0.6818181818181819,0.5101880877742947,0.6075297650970717,0.2108843537414966,0.4716981132075472,0.6666666666666666,1
1224,0.8863636363636365,0.7836990595611285,0.8890914941542422,0.22857142857142856,0.5283018867924528,0.6666666666666666,1
712,0.4318181818181819,0.17241379310344826,0.22299688941327897,0.2597402597402597,0.6415094339622641,0.3333333333333333,0
7189,0.6590909090909092,0.4231974921630094,0.53298294540384,0.23809523809523808,0.41509433962264153,0.0,1
6828,0.24999999999999997,0.07523510971786834,0.09664271157352781,0.21428571428571427,0.4528301886792453,0.3333333333333333,0
400,0.34090909090909094,0.13793103448275862,0.16743537487933066,0.20779220779220778,0.37735849056603776,0.0,0
5136,0.75,0.5329153605015674,0.5284779577389251,0.24285714285714283,0.3207547169811321,0.0,1
330,0.5227272727272727,0.26332288401253917,0.3180306768207659,0.24489795918367344,0.6981132075471698,0.6666666666666666,0
407,0.4090909090909091,0.14890282131661442,0.2797382816689906,0.2714285714285714,0.4339622641509434,0.3333333333333333,0
4480,0.6363636363636364,0.38636363636363635,0.49941006113911834,0.2436974789915966,0.8490566037735849,0.3333333333333333,1
7779,0.5,0.2884012539184953,0.3501018985305159,0.20535714285714285,0.39622641509433965,0.0,0
1156,0.3863636363636364,0.12695924764890282,0.20283170653223212,0.2857142857142857,0.5849056603773585,0.3333333333333333,0
8276,0.4545454545454546,0.2797805642633229,0.29872358682827416,0.17647058823529413,0.5094339622641509,0.0,0
3067,0.29545454545454547,0.13166144200626959,0.1417998498337445,0.16666666666666666,0.5283018867924528,0.3333333333333333,0
5001,0.24999999999999997,0.06583072100313479,0.10372197790410813,0.24489795918367344,0.37735849056603776,0.0,0
1868,0.3863636363636364,0.16927899686520376,0.1603561085487504,0.21428571428571427,0.24528301886792453,0.3333333333333333,0
7052,0.5,0.25235109717868337,0.23785262254639064,0.2346938775510204,0.5849056603773585,0.0,1
7020,0.5,0.21630094043887146,0.4191783760592085,0.2738095238095238,0.6792452830188679,0.3333333333333333,0
6540,0.36363636363636365,0.15987460815047022,0.15922986163252173,0.20238095238095238,0.5283018867924528,0.3333333333333333,0
3265,0.31818181818181823,0.10579937304075235,0.15327684221817012,0.23809523809523808,0.4716981132075472,0.3333333333333333,0
627,0.5681818181818182,0.4075235109717868,0.4622975437091065,0.18571428571428572,0.5283018867924528,0.3333333333333333,0
4844,0.6818181818181819,0.5587774294670846,0.6507561943580393,0.19254658385093165,0.5283018867924528,0.3333333333333333,1
3391,0.5909090909090909,0.35971786833855796,0.5469805856483964,0.22689075630252098,0.3584905660377359,0.6666666666666666,1
2290,0.3863636363636364,0.14106583072100312,0.21055454252922878,0.2571428571428571,0.339622641509434,0.6666666666666666,0
261,0.75,0.6394984326018809,0.6378848010297113,0.20238095238095238,0.7924528301886793,0.3333333333333333,1
2571,0.5454545454545455,0.39184952978056425,0.5300332510994314,0.17857142857142855,0.6792452830188679,0.0,1
6068,0.5227272727272727,0.30094043887147337,0.3180306768207659,0.21428571428571427,0.4339622641509434,0.0,0
1670,0.20454545454545456,0.03918495297805642,0.06693124530730452,0.2857142857142857,0.4528301886792453,0.0,0
6667,0.34090909090909094,0.0877742946708464,0.11594980156601953,0.32653061224489793,0.4716981132075472,0.3333333333333333,0
381,0.5454545454545455,0.274294670846395,0.36780006435696666,0.25510204081632654,0.5094339622641509,0.3333333333333333,1
6804,0.4772727272727273,0.3275862068965517,0.4065215059530194,0.16541353383458646,0.3584905660377359,0.0,0
8666,0.6818181818181819,0.5101880877742947,0.6357931996138582,0.2108843537414966,0.3207547169811321,0.6666666666666666,1
4977,0.4090909090909091,0.2084639498432602,0.2206371339697522,0.19387755102040816,0.660377358490566,0.0,0
2369,0.34090909090909094,0.1128526645768025,0.16400300332510995,0.25396825396825395,0.7169811320754718,0.0,0
1118,0.6818181818181819,0.5101880877742947,0.5077764668025313,0.2108843537414966,0.5849056603773585,0.0,1
6493,0.5454545454545455,0.274294670846395,0.4321570309986056,0.25510204081632654,0.39622641509433965,0.3333333333333333,0
7822,0.4318181818181819,0.18808777429467083,0.2090528799742572,0.23809523809523808,0.5471698113207547,0.3333333333333333,1
8091,0.6136363636363636,0.46081504702194354,0.5314812828488683,0.19047619047619047,0.41509433962264153,0.0,0
2657,0.5454545454545455,0.274294670846395,0.43483857127534054,0.25510204081632654,0.41509433962264153,0.0,1
7933,0.4772727272727273,0.27586206896551724,0.3416282312560335,0.19642857142857142,0.6792452830188679,0.0,1
2266,0.7272727272727273,0.4396551724137931,0.4596160034323715,0.27731092436974786,0.4716981132075472,0.3333333333333333,1
6615,0.29545454545454547,0.0987460815047022,0.13954735600128715,0.2222222222222222,0.5094339622641509,0.3333333333333333,0
5150,0.4545454545454546,0.1974921630094044,0.19285637670277808,0.25,0.6037735849056604,0.3333333333333333,1
6515,0.20454545454545456,0.05485893416927899,0.09481926418534806,0.20408163265306123,0.5471698113207547,0.3333333333333333,0
5839,0.7727272727272728,0.6857366771159874,0.6061889949587043,0.19999999999999998,0.5283018867924528,0.0,1
3080,0.7954545454545455,0.5360501567398119,0.681647538346026,0.2706766917293233,0.41509433962264153,0.6666666666666666,1
6088,0.75,0.5595611285266457,0.6852944331223855,0.2312925170068027,0.5849056603773585,0.0,1
8558,0.5227272727272727,0.30094043887147337,0.4750616754263649,0.21428571428571427,0.4339622641509434,0.0,0
7056,0.6136363636363636,0.4169278996865204,0.4338732167757159,0.21052631578947367,0.49056603773584906,0.0,1
1160,0.36363636363636365,0.13322884012539185,0.20025742786656656,0.24285714285714283,0.4716981132075472,0.3333333333333333,0
3990,0.27272727272727276,0.09169278996865203,0.1374021237798992,0.20634920634920634,0.339622641509434,0.0,0
4054,0.27272727272727276,0.11206896551724138,0.159712538882334,0.16883116883116883,0.5660377358490566,0.0,0
7059,0.7727272727272728,0.6857366771159874,0.6793950445135686,0.19999999999999998,0.4528301886792453,0.0,1
7430,0.36363636363636365,0.14655172413793102,0.1829346776788587,0.22077922077922077,0.339622641509434,0.3333333333333333,0
119,0.5227272727272727,0.28213166144200624,0.32832779148342817,0.22857142857142856,0.7547169811320755,0.0,1
144,0.27272727272727276,0.08150470219435736,0.07953448460795881,0.23214285714285712,0.4339622641509434,0.3333333333333333,0
8601,0.4090909090909091,0.1786833855799373,0.23184597232650433,0.22619047619047616,0.7924528301886793,0.0,0
2635,0.4545454545454546,0.13166144200626959,0.21650756194358037,0.375,0.5660377358490566,0.6666666666666666,1
6964,0.5227272727272727,0.26332288401253917,0.31416925882226754,0.24489795918367344,0.6037735849056604,0.3333333333333333,1
3515,0.75,0.6128526645768024,0.6761771961814866,0.21118012422360247,0.6037735849056604,0.6666666666666666,1
7890,0.5454545454545455,0.2938871473354232,0.37718545532553893,0.23809523809523808,0.6981132075471698,0.3333333333333333,1
6589,0.6590909090909092,0.5172413793103449,0.48310629625656976,0.1948051948051948,0.6226415094339622,0.3333333333333333,0
6085,0.5681818181818182,0.38714733542319746,0.4553255389895956,0.19548872180451127,0.49056603773584906,0.0,1
2812,0.7727272727272728,0.54858934169279,0.681272122707283,0.25,0.5094339622641509,0.0,1
3096,0.3863636363636364,0.16927899686520376,0.16807894454574707,0.21428571428571427,0.3584905660377359,0.0,1
1007,0.4318181818181819,0.2037617554858934,0.3055883299367157,0.21978021978021978,0.6037735849056604,0.3333333333333333,0
4917,0.5681818181818182,0.38714733542319746,0.39397189745789984,0.19548872180451127,0.5471698113207547,0.0,0
4985,0.5909090909090909,0.4231974921630094,0.4745789981765526,0.19285714285714287,0.6037735849056604,0.3333333333333333,1
6462,0.5454545454545455,0.25470219435736674,0.3597554435267618,0.2747252747252747,0.6226415094339622,0.3333333333333333,1
5074,0.36363636363636365,0.14655172413793102,0.16743537487933066,0.22077922077922077,0.4339622641509434,0.3333333333333333,0
8401,0.5227272727272727,0.31974921630094044,0.40813043011906036,0.20168067226890757,0.2641509433962264,0.0,0
6093,0.4318181818181819,0.23510971786833854,0.36350959991419074,0.19047619047619047,0.5283018867924528,0.3333333333333333,1
8578,0.3863636363636364,0.16927899686520376,0.19510887053523543,0.21428571428571427,0.7924528301886793,0.0,0
8309,0.36363636363636365,0.15987460815047022,0.15102434838571271,0.20238095238095238,0.5094339622641509,0.0,0
4071,0.27272727272727276,0.09169278996865203,0.11648610962136652,0.20634920634920634,0.39622641509433965,0.3333333333333333,0
6669,0.7272727272727273,0.5948275862068966,0.7056205084200363,0.20496894409937885,0.3584905660377359,0.0,1
8548,0.24999999999999997,0.06583072100313479,0.1468411455540062,0.24489795918367344,0.339622641509434,0.0,0
4418,0.36363636363636365,0.1731974921630094,0.21028638850155526,0.18681318681318682,0.39622641509433965,0.0,0
6479,0.75,0.7194357366771159,0.72723372305052,0.17989417989417988,0.7358490566037736,0.3333333333333333,1
3692,0.13636363636363635,0.0219435736677116,0.027298080017161865,0.25,0.30188679245283023,0.3333333333333333,0
1518,0.7727272727272728,0.603448275862069,0.5799099002467016,0.22727272727272724,0.5660377358490566,0.3333333333333333,1
2102,0.22727272727272727,0.07758620689655173,0.08559476563337982,0.17460317460317462,0.6037735849056604,0.0,0
5142,0.7272727272727273,0.49137931034482757,0.5658049983910758,0.24812030075187969,0.8113207547169812,0.3333333333333333,1
481,0.31818181818181823,0.10579937304075235,0.13155636597661696,0.23809523809523808,0.5471698113207547,0.0,0
1108,0.6363636363636364,0.4318181818181818,0.5569559154778504,0.21804511278195488,0.5660377358490566,0.3333333333333333,1
1471,0.24999999999999997,0.04702194357366771,0.0979298509063606,0.3428571428571428,0.5471698113207547,0.3333333333333333,0
8280,0.20454545454545456,0.07053291536050156,0.07604848224820336,0.15873015873015872,0.4528301886792453,0.0,0
6924,0.6590909090909092,0.4231974921630094,0.4863241445886517,0.23809523809523808,0.7358490566037736,0.3333333333333333,1
2670,0.8636363636363636,0.6724137931034483,0.8541242089456185,0.2532467532467532,0.5283018867924528,0.3333333333333333,1
1977,0.5,0.3244514106583072,0.3352997962029389,0.1825396825396825,0.37735849056603776,0.0,0
7302,0.22727272727272727,0.034482758620689655,0.08972433765955165,0.39285714285714285,0.7169811320754718,0.0,0
1932,0.6590909090909092,0.37617554858934166,0.5667703528907004,0.26785714285714285,0.37735849056603776,0.3333333333333333,1
7340,0.29545454545454547,0.0877742946708464,0.15080982516357397,0.25,0.4339622641509434,0.0,0
8974,0.7045454545454546,0.5015673981191222,0.6599806929100075,0.22857142857142856,0.4339622641509434,0.3333333333333333,1
542,0.6590909090909092,0.44670846394984326,0.6182559262040116,0.22556390977443608,0.41509433962264153,0.6666666666666666,1
2676,0.4545454545454546,0.21394984326018807,0.24804247559798345,0.23076923076923075,0.3584905660377359,0.3333333333333333,1
2316,0.34090909090909094,0.18808777429467083,0.13139547356001285,0.15238095238095237,0.39622641509433965,0.0,0
7353,0.4318181818181819,0.17241379310344826,0.2508849082913225,0.2597402597402597,0.339622641509434,0.3333333333333333,0
6524,0.5909090909090909,0.4231974921630094,0.41231363295076695,0.19285714285714287,0.6792452830188679,0.0,0
3287,0.29545454545454547,0.0877742946708464,0.15606564410597445,0.25,0.6415094339622641,0.0,0
8969,0.36363636363636365,0.10658307210031348,0.2111981121956452,0.30357142857142855,0.660377358490566,0.3333333333333333,0
4719,0.4772727272727273,0.20689655172413793,0.2342593585755658,0.26190476190476186,0.37735849056603776,0.3333333333333333,0
6819,0.5454545454545455,0.3134796238244514,0.31953233937573744,0.2232142857142857,0.5660377358490566,0.3333333333333333,0
8682,0.36363636363636365,0.1731974921630094,0.19205191461975757,0.18681318681318682,0.37735849056603776,0.0,0
6225,0.4545454545454546,0.24686520376175547,0.2514212163466695,0.19999999999999998,0.5094339622641509,0.0,1
6060,0.3863636363636364,0.1974921630094044,0.1738710715434946,0.1836734693877551,0.5660377358490566,0.0,0
8093,0.6363636363636364,0.5227272727272727,0.5227394615467125,0.18012422360248448,0.6226415094339622,0.3333333333333333,1
5477,0.3863636363636364,0.18338557993730406,0.17097500804462082,0.1978021978021978,0.7735849056603774,0.3333333333333333,0
6309,0.7954545454545455,0.677115987460815,0.7878365333047302,0.21428571428571427,0.24528301886792453,0.6666666666666666,1
8996,0.5681818181818182,0.26489028213166144,0.4023383031213129,0.2857142857142857,0.6037735849056604,0.6666666666666666,1
7601,0.4318181818181819,0.21943573667711597,0.3281132682612893,0.20408163265306123,0.4528301886792453,0.0,0
8199,0.3863636363636364,0.16927899686520376,0.2337230505202188,0.21428571428571427,0.5660377358490566,0.6666666666666666,0
2804,0.5227272727272727,0.3573667711598746,0.2626836855089564,0.18045112781954886,0.5283018867924528,0.0,0
2258,0.3863636363636364,0.25391849529780564,0.21055454252922878,0.14285714285714285,0.3584905660377359,0.0,0
5966,0.4318181818181819,0.18808777429467083,0.20154456719939934,0.23809523809523808,0.3207547169811321,0.6666666666666666,0
7935,0.22727272727272727,0.06034482758620689,0.10329293145983053,0.22448979591836732,0.5849056603773585,0.3333333333333333,0
4699,0.5227272727272727,0.26332288401253917,0.33733776681325756,0.24489795918367344,0.6037735849056604,0.3333333333333333,1
6928,0.6363636363636364,0.47727272727272724,0.5351818084307626,0.19727891156462585,0.5094339622641509,0.0,1
6645,0.22727272727272727,0.07758620689655173,0.08736458221602489,0.17460317460317462,0.5471698113207547,0.0,0
212,0.6590909090909092,0.4231974921630094,0.5957309878794379,0.23809523809523808,0.5094339622641509,0.6666666666666666,1
1115,0.34090909090909094,0.16300940438871472,0.20690764775286924,0.17582417582417584,0.39622641509433965,0.0,0
142,0.022727272727272728,0.0,0.004397726053845329,0.0,0.5660377358490566,0.0,0
8693,0.5454545454545455,0.3330721003134796,0.33562158103614714,0.21008403361344538,0.6037735849056604,0.3333333333333333,1
444,0.5681818181818182,0.38714733542319746,0.4846079588115413,0.19548872180451127,0.6226415094339622,0.0,0
5285,0.27272727272727276,0.061128526645768025,0.13809932425185026,0.3095238095238095,0.660377358490566,0.3333333333333333,0
730,0.6136363636363636,0.4169278996865204,0.4158532661160571,0.21052631578947367,0.2641509433962264,0.0,1
2467,0.36363636363636365,0.1731974921630094,0.18749329614930813,0.18681318681318682,0.39622641509433965,0.3333333333333333,0
6280,0.3863636363636364,0.1128526645768025,0.27812935750294976,0.3214285714285714,0.4716981132075472,0.0,1
3954,0.6363636363636364,0.38636363636363635,0.5725088490829131,0.2436974789915966,0.39622641509433965,0.3333333333333333,0
4430,0.5227272727272727,0.30094043887147337,0.4210018234473881,0.21428571428571427,0.3584905660377359,0.0,1
2618,0.5909090909090909,0.35971786833855796,0.5484286173978332,0.22689075630252098,0.5094339622641509,0.0,0
6746,0.6136363636363636,0.46081504702194354,0.5840394722728736,0.19047619047619047,0.4528301886792453,0.3333333333333333,0
5113,0.31818181818181823,0.15282131661442006,0.16856162179555936,0.1648351648351648,0.39622641509433965,0.0,0
2205,0.27272727272727276,0.0713166144200627,0.12764131717258392,0.2653061224489796,0.4339622641509434,0.0,0
7244,0.27272727272727276,0.05094043887147335,0.1374021237798992,0.37142857142857144,0.7547169811320755,0.0,0
1912,0.5227272727272727,0.20689655172413793,0.3540705781400837,0.3116883116883116,0.8679245283018868,0.6666666666666666,1
6937,0.6363636363636364,0.45454545454545453,0.5414029818727877,0.20714285714285713,0.4716981132075472,0.0,0
1743,0.3863636363636364,0.0987460815047022,0.19993564303335837,0.3673469387755102,0.339622641509434,0.3333333333333333,0
8069,0.4545454545454546,0.21394984326018807,0.31223854982301835,0.23076923076923075,0.6226415094339622,0.0,0
7187,0.6363636363636364,0.45454545454545453,0.5382923951517752,0.20714285714285713,0.41509433962264153,0.0,1
4722,0.22727272727272727,0.09482758620689655,0.11096213665129251,0.14285714285714285,0.6226415094339622,0.3333333333333333,0
4489,0.4318181818181819,0.1567398119122257,0.20154456719939934,0.2857142857142857,0.3207547169811321,0.0,1
2815,0.4545454545454546,0.21394984326018807,0.3539096857234796,0.23076923076923075,0.3207547169811321,0.3333333333333333,0
4231,0.4545454545454546,0.164576802507837,0.22439129035718117,0.3,0.5849056603773585,0.0,0
1477,0.36363636363636365,0.14655172413793102,0.11546712431620723,0.22077922077922077,0.39622641509433965,0.0,0
5722,0.34090909090909094,0.15047021943573669,0.15198970288533734,0.19047619047619047,0.660377358490566,0.0,0
2341,0.24999999999999997,0.07523510971786834,0.10243483857127535,0.21428571428571427,0.49056603773584906,0.3333333333333333,0
814,0.29545454545454547,0.06583072100313479,0.13579319961385822,0.3333333333333333,0.5849056603773585,0.0,1
8354,0.6136363636363636,0.329153605015674,0.5194679824090958,0.26666666666666666,0.7358490566037736,0.6666666666666666,0
8737,0.6363636363636364,0.4318181818181818,0.469859487289499,0.21804511278195488,0.6981132075471698,0.0,1
1389,0.31818181818181823,0.09404388714733541,0.1484500697200472,0.26785714285714285,0.37735849056603776,0.3333333333333333,0
5696,0.27272727272727276,0.08150470219435736,0.1109085058457578,0.23214285714285712,0.6792452830188679,0.0,0
401,0.31818181818181823,0.12931034482758622,0.17097500804462082,0.1948051948051948,0.6415094339622641,0.0,0
7855,0.7954545454545455,0.5924764890282131,0.7202617183310093,0.24489795918367344,0.6415094339622641,0.6666666666666666,1
8016,0.4772727272727273,0.22413793103448276,0.3439879866995602,0.24175824175824173,0.37735849056603776,0.0,1
5105,0.13636363636363635,0.0219435736677116,0.03142765204333369,0.25,0.49056603773584906,0.0,0
8098,0.36363636363636365,0.05329153605015674,0.10634988737530837,0.6071428571428571,0.2641509433962264,0.6666666666666666,0
6862,0.5909090909090909,0.4231974921630094,0.4861632521720476,0.19285714285714287,0.5660377358490566,0.3333333333333333,0
1902,0.34090909090909094,0.10031347962382445,0.13911830955700955,0.2857142857142857,0.4528301886792453,0.0,0
7305,0.6590909090909092,0.47021943573667707,0.5651614287246594,0.21428571428571427,0.6226415094339622,0.6666666666666666,1
6443,0.5909090909090909,0.44435736677115983,0.46299474418105757,0.1836734693877551,0.37735849056603776,0.0,1
4019,0.4772727272727273,0.1896551724137931,0.2661160570631771,0.2857142857142857,0.4528301886792453,0.3333333333333333,1
2365,0.6590909090909092,0.5407523510971787,0.6053845328756837,0.18633540372670807,0.6981132075471698,0.0,1
1704,0.4545454545454546,0.23040752351097177,0.32800600665021995,0.21428571428571427,0.5849056603773585,0.3333333333333333,0
5132,0.6136363636363636,0.3072100313479624,0.4533948299903464,0.2857142857142857,0.5283018867924528,0.6666666666666666,1
1599,0.29545454545454547,0.10971786833855798,0.13954735600128715,0.19999999999999998,0.20754716981132076,0.0,0
8924,0.5,0.27037617554858934,0.3081626086023812,0.21904761904761905,0.4339622641509434,0.3333333333333333,0
3198,0.6590909090909092,0.44670846394984326,0.6021666845436018,0.22556390977443608,0.5849056603773585,0.6666666666666666,1
7455,0.5681818181818182,0.3667711598746081,0.47205835031642174,0.20634920634920634,0.5471698113207547,0.6666666666666666,1
6952,0.24999999999999997,0.04702194357366771,0.10179126890485896,0.3428571428571428,0.15094339622641512,0.0,0
2591,0.22727272727272727,0.07758620689655173,0.07556580499839108,0.17460317460317462,0.5849056603773585,0.3333333333333333,0
5343,0.6590909090909092,0.44670846394984326,0.4251850262790947,0.22556390977443608,0.6226415094339622,0.0,1
4155,0.8863636363636365,0.8150470219435736,0.8440416175050949,0.21978021978021978,0.6415094339622641,0.0,1
2138,0.6818181818181819,0.48589341692789967,0.44626193285423155,0.22142857142857142,0.4716981132075472,0.0,1
6352,0.4318181818181819,0.21943573667711597,0.1908184060924595,0.20408163265306123,0.4528301886792453,0.3333333333333333,0
5963,0.5681818181818182,0.4075235109717868,0.5152847795773892,0.18571428571428572,0.6981132075471698,0.0,0
3036,0.29545454545454547,0.12068965517241378,0.18234473881797703,0.1818181818181818,0.4339622641509434,0.0,0
5638,0.5681818181818182,0.3056426332288401,0.28520862383352996,0.24761904761904763,0.49056603773584906,0.0,1
2550,0.4318181818181819,0.2037617554858934,0.2884264721656119,0.21978021978021978,0.3584905660377359,0.3333333333333333,0
5980,0.4090909090909091,0.13401253918495298,0.19312453073045158,0.30158730158730157,0.37735849056603776,0.0,0
5511,0.4772727272727273,0.22413793103448276,0.30859165504665875,0.24175824175824173,0.6415094339622641,0.0,1
2229,0.4090909090909091,0.16379310344827586,0.2603775608709643,0.24675324675324675,0.39622641509433965,0.3333333333333333,0
875,0.27272727272727276,0.08150470219435736,0.09417569451893167,0.23214285714285712,0.6981132075471698,0.0,0
5334,0.5681818181818182,0.32601880877742945,0.5083127748578783,0.23214285714285712,0.339622641509434,0.3333333333333333,0
4049,0.5454545454545455,0.39184952978056425,0.3812077657406414,0.17857142857142855,0.6792452830188679,0.0,0
5033,0.29545454545454547,0.0987460815047022,0.11176659873431298,0.2222222222222222,0.660377358490566,0.3333333333333333,0
7756,0.5681818181818182,0.3667711598746081,0.46926954842861746,0.20634920634920634,0.6037735849056604,0.0,1
3467,0.6136363636363636,0.46081504702194354,0.49694304408452217,0.19047619047619047,0.5283018867924528,0.3333333333333333,1
7751,0.4090909090909091,0.19357366771159873,0.24916872251421215,0.20879120879120877,0.5660377358490566,0.3333333333333333,0
8814,0.5,0.25235109717868337,0.22675104580070793,0.2346938775510204,0.5660377358490566,0.3333333333333333,1
6029,0.34090909090909094,0.12539184952978055,0.18030676820765845,0.22857142857142856,0.5660377358490566,0.3333333333333333,0
1014,0.75,0.5062695924764891,0.6597661696878687,0.2556390977443609,0.6981132075471698,0.6666666666666666,1
3335,0.4318181818181819,0.2507836990595611,0.32489541992920734,0.17857142857142855,0.4528301886792453,0.3333333333333333,1
1925,0.5681818181818182,0.38714733542319746,0.49157996353105216,0.19548872180451127,0.3584905660377359,0.0,1
8760,0.4772727272727273,0.22413793103448276,0.2661160570631771,0.24175824175824173,0.49056603773584906,0.3333333333333333,0
5456,0.4090909090909091,0.1786833855799373,0.2481497372090529,0.22619047619047616,0.5849056603773585,0.0,0
5223,0.31818181818181823,0.0822884012539185,0.1468411455540062,0.3061224489795918,0.3207547169811321,0.6666666666666666,0
3179,0.5,0.18025078369905956,0.35380242411241014,0.3285714285714285,0.5660377358490566,0.3333333333333333,1
6327,0.7272727272727273,0.5172413793103449,0.6224391290357181,0.23571428571428568,0.339622641509434,1.0,1
4809,0.7954545454545455,0.5924764890282131,0.716400300332511,0.24489795918367344,0.4528301886792453,0.3333333333333333,1
254,0.4545454545454546,0.21394984326018807,0.3021023275769602,0.23076923076923075,0.5094339622641509,0.0,1
7967,0.3863636363636364,0.16927899686520376,0.1671135900461225,0.21428571428571427,0.41509433962264153,0.0,0
8628,0.34090909090909094,0.13793103448275862,0.2094819264185348,0.20779220779220778,0.6415094339622641,0.6666666666666666,0
7722,0.5454545454545455,0.3330721003134796,0.3852300761557439,0.21008403361344538,0.3207547169811321,0.0,0
1778,0.5909090909090909,0.35971786833855796,0.5325002681540276,0.22689075630252098,0.30188679245283023,0.0,0
7661,0.27272727272727276,0.05094043887147335,0.11788051056526869,0.37142857142857144,0.3207547169811321,1.0,0
4645,0.4318181818181819,0.18808777429467083,0.24981229218062853,0.23809523809523808,0.5283018867924528,0.0,0
3238,0.3863636363636364,0.16927899686520376,0.2858521934999463,0.21428571428571427,0.5660377358490566,0.0,0
710,0.4090909090909091,0.2084639498432602,0.2349029282419822,0.19387755102040816,0.41509433962264153,0.0,0
5485,0.4545454545454546,0.3126959247648903,0.409095784618685,0.15789473684210528,0.4339622641509434,0.0,0
8510,0.5227272727272727,0.3385579937304075,0.4300117987772176,0.19047619047619047,0.339622641509434,0.0,0
6902,0.6136363636363636,0.43887147335423193,0.4338732167757159,0.19999999999999998,0.4716981132075472,0.3333333333333333,1
8353,0.7727272727272728,0.5760188087774294,0.6193285423147056,0.23809523809523808,0.339622641509434,0.0,1
4931,0.3863636363636364,0.15517241379310345,0.2346884050198434,0.23376623376623376,0.5283018867924528,0.3333333333333333,0
4926,0.8409090909090909,0.744514106583072,0.6424970503056956,0.21714285714285714,0.6037735849056604,0.3333333333333333,1
362,0.5,0.3064263322884012,0.3204976938753621,0.19327731092436976,0.6226415094339622,0.0,0
4461,0.4090909090909091,0.14890282131661442,0.1533841038292395,0.2714285714285714,0.3584905660377359,0.3333333333333333,0
1225,0.8409090909090909,0.744514106583072,0.7464335514319425,0.21714285714285714,0.5094339622641509,0.3333333333333333,1
7957,0.4318181818181819,0.21943573667711597,0.1972541027566234,0.20408163265306123,0.339622641509434,0.0,0
1472,0.4318181818181819,0.28213166144200624,0.1972541027566234,0.15873015873015872,0.018867924528301883,0.3333333333333333,0
3811,0.3863636363636364,0.12695924764890282,0.18931674353748792,0.2857142857142857,0.6792452830188679,0.3333333333333333,0
4283,0.27272727272727276,0.1018808777429467,0.15343773463477423,0.18571428571428572,0.6415094339622641,0.0,0
3945,0.7954545454545455,0.6206896551724138,0.7994207873002251,0.23376623376623376,0.4339622641509434,0.3333333333333333,1
4414,0.5,0.27037617554858934,0.3315992706210448,0.21904761904761905,0.6226415094339622,0.6666666666666666,1
7389,0.6363636363636364,0.3181818181818182,0.48385712753405563,0.29591836734693877,0.4528301886792453,0.3333333333333333,1
8970,0.4545454545454546,0.24686520376175547,0.3730558832993671,0.19999999999999998,0.6037735849056604,0.0,0
4689,0.34090909090909094,0.13793103448275862,0.18974578998176553,0.20779220779220778,0.5471698113207547,0.0,0
8493,0.8181818181818182,0.7539184952978056,0.7543709106510779,0.2032967032967033,0.339622641509434,0.0,1
8370,0.4545454545454546,0.23040752351097177,0.25254746326289823,0.21428571428571427,0.37735849056603776,0.0,0
6048,0.24999999999999997,0.07523510971786834,0.12753405556151454,0.21428571428571427,0.37735849056603776,0.0,0
6849,0.5681818181818182,0.3463949843260188,0.4065215059530194,0.21848739495798317,0.339622641509434,0.3333333333333333,0
3087,0.5909090909090909,0.4231974921630094,0.5049876649147269,0.19285714285714287,0.22641509433962265,0.3333333333333333,0
3175,0.31818181818181823,0.11755485893416927,0.1476456076370267,0.21428571428571427,0.5849056603773585,0.3333333333333333,0
1934,0.6136363636363636,0.3949843260188088,0.41885659122600016,0.2222222222222222,0.6792452830188679,0.3333333333333333,1
5252,0.5227272727272727,0.20689655172413793,0.2922878901641103,0.3116883116883116,0.6037735849056604,0.3333333333333333,1
1685,0.4318181818181819,0.21943573667711597,0.25946583717687444,0.20408163265306123,0.3207547169811321,0.0,0
7207,0.4090909090909091,0.1786833855799373,0.25222567842969,0.22619047619047616,0.5660377358490566,0.3333333333333333,0
2593,0.6136363636363636,0.3510971786833856,0.39482999034645494,0.25,0.660377358490566,0.3333333333333333,1
8687,0.6136363636363636,0.3949843260188088,0.4609031427652044,0.2222222222222222,0.41509433962264153,0.0,0
1549,0.7045454545454546,0.5768025078369906,0.5947656333798134,0.19875776397515527,0.30188679245283023,0.0,1
7878,0.6136363636363636,0.46081504702194354,0.5404912581786978,0.19047619047619047,0.49056603773584906,0.0,1
2601,0.7045454545454546,0.6018808777429467,0.6136436769280275,0.19047619047619047,0.6415094339622641,0.0,1
4560,0.5,0.23432601880877743,0.2711573527834389,0.25274725274725274,0.2641509433962264,0.3333333333333333,0
6055,0.4545454545454546,0.164576802507837,0.20862383352997962,0.3,0.49056603773584906,0.3333333333333333,0
6599,0.7045454545454546,0.47648902821316613,0.6393864635846831,0.24060150375939848,0.5471698113207547,0.0,1
1147,0.24999999999999997,0.10344827586206896,0.11916764989810147,0.1558441558441558,0.7358490566037736,0.0,0
6532,0.3863636363636364,0.12695924764890282,0.18545532553898958,0.2857142857142857,0.37735849056603776,0.3333333333333333,0
1208,0.6590909090909092,0.44670846394984326,0.652043333690872,0.22556390977443608,0.6226415094339622,0.3333333333333333,1
390,0.36363636363636365,0.13322884012539185,0.15649469055025206,0.24285714285714283,0.41509433962264153,0.3333333333333333,0
2220,0.6136363636363636,0.3730407523510972,0.47892309342486317,0.2352941176470588,0.37735849056603776,0.3333333333333333,1
6324,0.6136363636363636,0.46081504702194354,0.4533948299903464,0.19047619047619047,0.13207547169811323,0.0,1
5035,0.5454545454545455,0.2938871473354232,0.2766276949479781,0.23809523809523808,0.4716981132075472,0.3333333333333333,0
3528,0.5454545454545455,0.23510971786833854,0.3275769602059423,0.2976190476190476,0.8490566037735849,0.3333333333333333,1
8290,0.4318181818181819,0.23510971786833854,0.34098466158961704,0.19047619047619047,0.339622641509434,0.0,0
7614,0.5909090909090909,0.2750783699059561,0.39638528370696124,0.2967032967032967,0.4716981132075472,0.3333333333333333,1
3294,0.6136363636363636,0.3949843260188088,0.4999463691944652,0.2222222222222222,0.39622641509433965,0.3333333333333333,0
7575,0.5,0.2884012539184953,0.3464013729486217,0.20535714285714285,0.5471698113207547,0.3333333333333333,0
785,0.24999999999999997,0.07523510971786834,0.10372197790410813,0.21428571428571427,0.169811320754717,0.0,0
4315,0.5454545454545455,0.3330721003134796,0.3812077657406414,0.21008403361344538,0.41509433962264153,0.0,0
6543,0.24999999999999997,0.06583072100313479,0.14104901855625873,0.24489795918367344,0.28301886792452835,0.0,0
8209,0.6590909090909092,0.37617554858934166,0.5168937037434302,0.26785714285714285,0.5660377358490566,0.3333333333333333,1
7893,0.34090909090909094,0.16300940438871472,0.13654403089134398,0.17582417582417584,0.6226415094339622,0.3333333333333333,0
8630,0.6590909090909092,0.47021943573667707,0.5056312345811433,0.21428571428571427,0.5094339622641509,0.0,1
5233,0.6818181818181819,0.4373040752351097,0.6241553148128285,0.24603174603174605,0.41509433962264153,0.6666666666666666,1
3535,0.8181818181818182,0.5799373040752351,0.8099324251850263,0.2642857142857143,0.8113207547169812,0.6666666666666666,1
6172,0.5454545454545455,0.25470219435736674,0.3503700525581894,0.2747252747252747,0.7547169811320755,0.3333333333333333,1
2991,0.4545454545454546,0.23040752351097177,0.260431191676499,0.21428571428571427,0.09433962264150947,0.0,0
8551,0.22727272727272727,0.043103448275862065,0.13455969108656013,0.3142857142857143,0.5849056603773585,0.0,0
2147,0.5681818181818182,0.3667711598746081,0.5180735814651936,0.20634920634920634,0.4339622641509434,0.3333333333333333,1
8725,0.7045454545454546,0.45141065830721,0.5964818191569238,0.25396825396825395,0.3207547169811321,0.3333333333333333,0
6185,0.13636363636363635,0.0219435736677116,0.035557224069505525,0.25,0.4339622641509434,0.0,0
4969,0.3863636363636364,0.15517241379310345,0.2993671564946905,0.23376623376623376,0.49056603773584906,0.3333333333333333,0
1586,0.4545454545454546,0.24686520376175547,0.2840823769173013,0.19999999999999998,0.5471698113207547,0.3333333333333333,0
8953,0.6590909090909092,0.44670846394984326,0.5603346562265364,0.22556390977443608,0.6415094339622641,0.3333333333333333,1
3509,0.31818181818181823,0.12931034482758622,0.1468411455540062,0.1948051948051948,0.41509433962264153,0.0,0
4922,0.20454545454545456,0.04702194357366771,0.11144481390110479,0.23809523809523808,0.5471698113207547,0.0,0
449,0.5227272727272727,0.3573667711598746,0.37337766813257545,0.18045112781954886,0.5849056603773585,0.3333333333333333,0
5234,0.29545454545454547,0.10971786833855798,0.1725839322106618,0.19999999999999998,0.7735849056603774,0.3333333333333333,0
4937,0.4772727272727273,0.22413793103448276,0.306231899603132,0.24175824175824173,0.0566037735849057,0.0,0
4747,0.5,0.2884012539184953,0.24155314812828488,0.20535714285714285,0.5471698113207547,0.0,1
1605,0.4318181818181819,0.2037617554858934,0.22514212163466696,0.21978021978021978,0.5283018867924528,0.3333333333333333,1
410,0.5909090909090909,0.35971786833855796,0.3775608709642819,0.22689075630252098,0.660377358490566,1.0,1
5396,0.7045454545454546,0.47648902821316613,0.5896170760484821,0.24060150375939848,0.4339622641509434,0.0,1
3416,0.5,0.1982758620689655,0.31556365976616974,0.2987012987012987,0.5094339622641509,0.0,0
8145,0.29545454545454547,0.0768025078369906,0.13729486216882977,0.2857142857142857,0.4528301886792453,0.3333333333333333,0
7949,0.3863636363636364,0.14106583072100312,0.2288962780220959,0.2571428571428571,0.5471698113207547,0.0,0
801,0.29545454545454547,0.0987460815047022,0.09900246701705459,0.2222222222222222,0.3584905660377359,0.0,0
6516,0.36363636363636365,0.11990595611285267,0.20663949372519574,0.2698412698412698,0.339622641509434,0.0,0
2227,0.5909090909090909,0.4231974921630094,0.4340341091923201,0.19285714285714287,0.5094339622641509,0.0,1
4659,0.4545454545454546,0.2797805642633229,0.32124852515284774,0.17647058823529413,0.4716981132075472,0.3333333333333333,1
8262,0.6818181818181819,0.6073667711598746,0.5277271264614395,0.17714285714285713,0.4339622641509434,0.3333333333333333,0
5854,0.6590909090909092,0.3996865203761755,0.5555078837284135,0.25210084033613445,0.7735849056603774,0.6666666666666666,1
1939,0.6818181818181819,0.6316614420062696,0.6042046551539203,0.1703296703296703,0.6981132075471698,0.6666666666666666,1
2171,0.6818181818181819,0.5587774294670846,0.5177517966319853,0.19254658385093165,0.5094339622641509,0.3333333333333333,1
1572,0.18181818181818182,0.05642633228840125,0.09616003432371555,0.1607142857142857,0.5660377358490566,0.0,0
7727,0.5,0.25235109717868337,0.2797919124745254,0.2346938775510204,0.4339622641509434,0.3333333333333333,0
6127,0.27272727272727276,0.1018808777429467,0.13252172047624156,0.18571428571428572,0.49056603773584906,0.0,0
8422,0.4318181818181819,0.18808777429467083,0.3034430977153276,0.23809523809523808,0.6792452830188679,0.0,0
4269,0.5681818181818182,0.26489028213166144,0.26847581250670394,0.2857142857142857,0.5094339622641509,0.0,1
5159,0.4545454545454546,0.2797805642633229,0.30097608066073156,0.17647058823529413,0.339622641509434,0.0,1
6010,0.4090909090909091,0.16379310344827586,0.18293467767885874,0.24675324675324675,0.4528301886792453,0.0,0
8529,0.27272727272727276,0.1018808777429467,0.10323930065429583,0.18571428571428572,0.5660377358490566,0.3333333333333333,0
3813,0.5,0.25235109717868337,0.4006757481497373,0.2346938775510204,0.4716981132075472,0.3333333333333333,0
1233,0.4318181818181819,0.17241379310344826,0.19403625442454145,0.2597402597402597,0.41509433962264153,0.0,1
4879,0.6363636363636364,0.40909090909090906,0.549179448675319,0.23015873015873015,0.39622641509433965,0.6666666666666666,1
7758,0.8181818181818182,0.5509404388714734,0.8099324251850263,0.2781954887218045,0.24528301886792453,0.6666666666666666,1
3193,0.5227272727272727,0.37617554858934166,0.31416925882226754,0.1714285714285714,0.0,0.0,0
3233,0.31818181818181823,0.09404388714733541,0.16534377346347742,0.26785714285714285,0.4528301886792453,0.6666666666666666,0
5507,0.6136363636363636,0.329153605015674,0.5314812828488683,0.26666666666666666,0.3584905660377359,0.6666666666666666,1
1030,0.4772727272727273,0.27586206896551724,0.35932639708248415,0.19642857142857142,0.7547169811320755,0.0,0
2283,0.4545454545454546,0.1810344827586207,0.21087632736243697,0.2727272727272727,0.8113207547169812,0.3333333333333333,0
6708,0.4090909090909091,0.11912225705329153,0.19720047195108872,0.33928571428571425,0.41509433962264153,0.3333333333333333,1
1611,0.4090909090909091,0.19357366771159873,0.2848332081947871,0.20879120879120877,0.4528301886792453,0.3333333333333333,0
7438,0.4545454545454546,0.23040752351097177,0.2683149200900997,0.21428571428571427,0.5471698113207547,0.3333333333333333,0
1132,0.36363636363636365,0.11990595611285267,0.22031534913654402,0.2698412698412698,0.5660377358490566,0.3333333333333333,0
5081,0.5454545454545455,0.3134796238244514,0.3651185240802317,0.2232142857142857,0.37735849056603776,0.3333333333333333,0
8506,0.5681818181818182,0.3667711598746081,0.5459616003432372,0.20634920634920634,0.4716981132075472,0.6666666666666666,1
2052,0.4318181818181819,0.18808777429467083,0.2723372305052022,0.23809523809523808,0.24528301886792453,0.3333333333333333,0
8376,0.3863636363636364,0.1974921630094044,0.20765847903035506,0.1836734693877551,0.5283018867924528,0.0,0
5807,0.5227272727272727,0.30094043887147337,0.4544674461010404,0.21428571428571427,0.49056603773584906,0.6666666666666666,0
7555,0.24999999999999997,0.12225705329153605,0.1468411455540062,0.13186813186813187,0.5471698113207547,0.0,0
7166,0.7272727272727273,0.6206896551724138,0.5746540813043012,0.19642857142857142,0.6792452830188679,0.3333333333333333,1
3412,0.7045454545454546,0.47648902821316613,0.7011691515606564,0.24060150375939848,0.22641509433962265,0.3333333333333333,0
8349,0.5681818181818182,0.38714733542319746,0.44417033143837814,0.19548872180451127,0.6792452830188679,0.3333333333333333,1
2753,0.4090909090909091,0.2084639498432602,0.306231899603132,0.19387755102040816,0.37735849056603776,0.0,0
8095,0.34090909090909094,0.16300940438871472,0.1725839322106618,0.17582417582417584,0.339622641509434,0.0,0
8605,0.6363636363636364,0.3181818181818182,0.463638313847474,0.29591836734693877,0.28301886792452835,0.3333333333333333,1
1680,0.4090909090909091,0.19357366771159873,0.1900675748149737,0.20879120879120877,0.39622641509433965,0.3333333333333333,0
6851,0.5,0.25235109717868337,0.19097929850906362,0.2346938775510204,0.6226415094339622,0.0,0
5282,0.5454545454545455,0.274294670846395,0.4334978011369731,0.25510204081632654,0.4339622641509434,0.6666666666666666,1
1272,0.3863636363636364,0.12695924764890282,0.2260002145232221,0.2857142857142857,0.3584905660377359,0.3333333333333333,0
7637,0.24999999999999997,0.1128526645768025,0.09149415424219673,0.14285714285714285,0.4528301886792453,0.0,0
7923,0.6590909090909092,0.3996865203761755,0.5683792770567414,0.25210084033613445,0.3207547169811321,0.3333333333333333,1
2599,0.4318181818181819,0.21943573667711597,0.2605384532875684,0.20408163265306123,0.7924528301886793,0.6666666666666666,0
1787,0.7272727272727273,0.49137931034482757,0.5640351818084306,0.24812030075187969,0.5283018867924528,0.3333333333333333,1
6228,0.4772727272727273,0.20689655172413793,0.2790947120025743,0.26190476190476186,0.41509433962264153,0.0,0
2797,0.5454545454545455,0.23510971786833854,0.3530515928349244,0.2976190476190476,0.5283018867924528,0.3333333333333333,1
1451,0.34090909090909094,0.1128526645768025,0.23608280596374556,0.25396825396825395,0.37735849056603776,0.3333333333333333,0
828,0.3863636363636364,0.15517241379310345,0.22406950552397298,0.23376623376623376,0.4339622641509434,0.0,0
1757,0.6363636363636364,0.40909090909090906,0.5927276627694948,0.23015873015873015,0.8867924528301887,0.3333333333333333,1
5231,0.6136363636363636,0.46081504702194354,0.5299796202938967,0.19047619047619047,0.5094339622641509,0.3333333333333333,1
8420,0.4772727272727273,0.25862068965517243,0.33926847581250663,0.2095238095238095,0.20754716981132076,0.3333333333333333,0
2695,0.4318181818181819,0.2664576802507837,0.23908613107368873,0.1680672268907563,0.660377358490566,0.3333333333333333,0
5199,0.3863636363636364,0.2115987460815047,0.17676713504236835,0.1714285714285714,0.4339622641509434,0.0,0
8381,0.5,0.27037617554858934,0.380939611712968,0.21904761904761905,0.4528301886792453,0.6666666666666666,1
6777,0.3863636363636364,0.12695924764890282,0.20765847903035506,0.2857142857142857,0.49056603773584906,0.0,0
1155,0.27272727272727276,0.12225705329153605,0.1485573313311166,0.15476190476190474,0.28301886792452835,0.0,0
6930,0.6818181818181819,0.5101880877742947,0.5975544352676176,0.2108843537414966,0.5660377358490566,0.0,1
8285,0.36363636363636365,0.14655172413793102,0.16561192749115092,0.22077922077922077,0.39622641509433965,0.3333333333333333,0
4814,0.6136363636363636,0.4169278996865204,0.41284994100611394,0.21052631578947367,0.6226415094339622,0.6666666666666666,1
285,0.5227272727272727,0.28213166144200624,0.40298187278772923,0.22857142857142856,0.6226415094339622,0.3333333333333333,1
6625,0.4318181818181819,0.21943573667711597,0.24230397940577067,0.20408163265306123,0.49056603773584906,0.0,0
6598,0.22727272727272727,0.034482758620689655,0.12040115842539953,0.39285714285714285,0.24528301886792453,0.3333333333333333,0
5243,0.5227272727272727,0.3385579937304075,0.4094175694518931,0.19047619047619047,0.6226415094339622,0.3333333333333333,1
5137,0.7272727272727273,0.49137931034482757,0.5640351818084306,0.24812030075187969,0.30188679245283023,0.3333333333333333,1
2479,0.5,0.2884012539184953,0.2970610318566985,0.20535714285714285,0.5283018867924528,0.3333333333333333,0
5333,0.4772727272727273,0.24137931034482757,0.3227501877078194,0.22448979591836732,0.6037735849056604,0.3333333333333333,0
6213,0.5909090909090909,0.4231974921630094,0.43258607744288313,0.19285714285714287,0.49056603773584906,0.0,1
537,0.4545454545454546,0.24686520376175547,0.2930923522471307,0.19999999999999998,0.4716981132075472,0.0,0
4992,0.4090909090909091,0.1042319749216301,0.27362436983803495,0.3877551020408163,0.3207547169811321,0.6666666666666666,0
5968,0.5,0.27037617554858934,0.39204118845865066,0.21904761904761905,0.6037735849056604,0.3333333333333333,0
2265,0.7045454545454546,0.5015673981191222,0.6205084200364689,0.22857142857142856,0.6226415094339622,0.3333333333333333,1
8658,0.6818181818181819,0.3887147335423197,0.6374557545854338,0.27678571428571425,0.4339622641509434,0.6666666666666666,1
4675,0.1590909090909091,0.025078369905956112,0.06575136758554113,0.2857142857142857,0.5094339622641509,0.0,0
6100,0.18181818181818182,0.028213166144200625,0.06623404483535343,0.3214285714285714,0.6037735849056604,0.0,0
48,0.5681818181818182,0.3463949843260188,0.31588544459937784,0.21848739495798317,0.49056603773584906,0.3333333333333333,1
3844,0.4090909090909091,0.14890282131661442,0.2950230612463799,0.2714285714285714,0.22641509433962265,0.0,0
6631,0.7727272727272728,0.603448275862069,0.7469698594872894,0.22727272727272724,0.5094339622641509,0.0,1
7350,0.6136363636363636,0.48275862068965514,0.6230826987021345,0.1818181818181818,0.4528301886792453,0.0,1
8503,0.6590909090909092,0.47021943573667707,0.45736350959991423,0.21428571428571427,0.5660377358490566,0.0,1
4611,0.34090909090909094,0.16300940438871472,0.17687439665343774,0.17582417582417584,0.3207547169811321,0.0,0
2874,0.09090909090909091,0.003918495297805642,0.04440630698273088,0.7142857142857142,0.339622641509434,0.3333333333333333,0
2409,0.34090909090909094,0.10031347962382445,0.1665772819907755,0.2857142857142857,0.4716981132075472,0.3333333333333333,0
5460,0.36363636363636365,0.15987460815047022,0.21940362544245412,0.20238095238095238,0.39622641509433965,0.0,0
5650,0.6818181818181819,0.4615987460815047,0.3647967392470235,0.23308270676691728,0.4339622641509434,0.3333333333333333,1
2569,0.5,0.3064263322884012,0.3784725946583718,0.19327731092436976,0.6415094339622641,0.3333333333333333,0
5512,0.34090909090909094,0.13793103448275862,0.14598305266545103,0.20779220779220778,0.5660377358490566,0.0,0
8780,0.5681818181818182,0.4075235109717868,0.4302263219993564,0.18571428571428572,0.339622641509434,0.0,0
5641,0.5227272727272727,0.3385579937304075,0.3296149308162608,0.19047619047619047,0.3584905660377359,0.0,0
3892,0.4318181818181819,0.1567398119122257,0.15756730666094604,0.2857142857142857,0.3207547169811321,0.6666666666666666,0
919,0.29545454545454547,0.10971786833855798,0.13654403089134398,0.19999999999999998,0.3584905660377359,0.3333333333333333,0
7521,0.4090909090909091,0.22335423197492163,0.21350423683363726,0.18095238095238092,0.41509433962264153,0.0,0
8271,0.5681818181818182,0.38714733542319746,0.36190067574814977,0.19548872180451127,0.5660377358490566,0.0,0
7267,0.75,0.6394984326018809,0.6597661696878687,0.20238095238095238,0.3584905660377359,0.3333333333333333,1
3525,0.5909090909090909,0.4020376175548589,0.4890593156709213,0.20300751879699247,0.49056603773584906,0.0,1
957,0.6363636363636364,0.4318181818181818,0.6067253030140513,0.21804511278195488,0.4528301886792453,0.0,0
8938,0.6818181818181819,0.48589341692789967,0.5244020165182881,0.22142857142857142,0.4339622641509434,0.0,1
8403,0.5681818181818182,0.3463949843260188,0.324251850262791,0.21848739495798317,0.4528301886792453,0.3333333333333333,0
8912,0.24999999999999997,0.05642633228840125,0.10372197790410813,0.2857142857142857,0.5283018867924528,0.6666666666666666,0
7323,0.20454545454545456,0.07053291536050156,0.07873002252493833,0.15873015873015872,0.5094339622641509,0.0,0
5815,0.22727272727272727,0.08620689655172413,0.10034323715542208,0.15714285714285714,0.41509433962264153,0.3333333333333333,0
8434,0.31818181818181823,0.10579937304075235,0.161321463048375,0.23809523809523808,0.30188679245283023,0.0,0
3514,0.6818181818181819,0.5344827586206896,0.6906575136758554,0.2012987012987013,0.6037735849056604,0.0,1
4253,0.24999999999999997,0.07523510971786834,0.08184060924595088,0.21428571428571427,0.339622641509434,0.0,0
5554,0.27272727272727276,0.1018808777429467,0.0997532982945404,0.18571428571428572,0.6415094339622641,0.0,0
3879,0.5,0.3605015673981191,0.40314276520433334,0.16428571428571426,0.49056603773584906,0.3333333333333333,0
8811,0.29545454545454547,0.0877742946708464,0.11326826128928458,0.25,0.5094339622641509,0.0,0
6501,0.18181818181818182,0.02115987460815047,0.04837498659229861,0.42857142857142855,0.4528301886792453,0.6666666666666666,0
2975,0.6818181818181819,0.2672413793103448,0.5011262469162286,0.4025974025974026,0.5660377358490566,0.6666666666666666,1
4488,0.4545454545454546,0.23040752351097177,0.20186635203260753,0.21428571428571427,0.24528301886792453,0.0,0
1046,0.7045454545454546,0.6018808777429467,0.6411026493617933,0.19047619047619047,0.5094339622641509,0.0,1
3444,0.4318181818181819,0.23510971786833854,0.2358682827416068,0.19047619047619047,0.49056603773584906,0.0,0
5772,0.3863636363636364,0.16927899686520376,0.17676713504236835,0.21428571428571427,0.39622641509433965,0.0,0
2884,0.34090909090909094,0.12539184952978055,0.159712538882334,0.22857142857142856,0.660377358490566,0.0,0
6362,0.5909090909090909,0.2962382445141066,0.3992813472058351,0.2755102040816326,0.5283018867924528,0.0,1
3386,0.5909090909090909,0.4231974921630094,0.48326718867317386,0.19285714285714287,0.7169811320754718,0.3333333333333333,1
2943,0.36363636363636365,0.13322884012539185,0.17017054596160033,0.24285714285714283,0.4528301886792453,0.3333333333333333,0
3371,0.4090909090909091,0.1786833855799373,0.22471307519038936,0.22619047619047616,0.28301886792452835,0.0,0
2733,0.5909090909090909,0.317398119122257,0.45575458543387326,0.2571428571428571,0.5849056603773585,0.0,1
2619,0.4090909090909091,0.19357366771159873,0.16357395688083234,0.20879120879120877,0.37735849056603776,0.0,1
8419,0.13636363636363635,0.0438871473354232,0.04193928992813471,0.125,0.18867924528301888,0.0,0
8636,0.6818181818181819,0.4373040752351097,0.5692910007508313,0.24603174603174605,0.4716981132075472,0.3333333333333333,1
4482,0.31818181818181823,0.11755485893416927,0.1717794701276413,0.21428571428571427,0.6037735849056604,0.3333333333333333,0
699,0.5909090909090909,0.317398119122257,0.4789230934248633,0.2571428571428571,0.6792452830188679,0.6666666666666666,0
8163,0.7272727272727273,0.5689655172413793,0.5905824305481068,0.21428571428571427,0.4339622641509434,0.0,1
4005,0.6590909090909092,0.35266457680250785,0.4847152204226107,0.2857142857142857,0.5094339622641509,0.6666666666666666,1
8337,0.7272727272727273,0.49137931034482757,0.6118202295398476,0.24812030075187969,0.3584905660377359,0.0,1
7191,0.4545454545454546,0.21394984326018807,0.24804247559798345,0.23076923076923075,0.4339622641509434,0.3333333333333333,0
7595,0.5454545454545455,0.3330721003134796,0.39327469698594875,0.21008403361344538,0.5283018867924528,0.3333333333333333,0
8756,0.5681818181818182,0.32601880877742945,0.3981551002896063,0.23214285714285712,0.169811320754717,0.6666666666666666,0
1790,0.34090909090909094,0.13793103448275862,0.17430011798777217,0.20779220779220778,0.4339622641509434,0.3333333333333333,0
465,0.5454545454545455,0.19592476489028213,0.2551753727340985,0.3571428571428571,0.7169811320754718,0.3333333333333333,1
8587,0.6590909090909092,0.49373040752351094,0.5072401587471843,0.20408163265306123,0.5660377358490566,0.3333333333333333,1
1854,0.6363636363636364,0.45454545454545453,0.5071865279416496,0.20714285714285713,0.660377358490566,0.0,1
6024,0.29545454545454547,0.0987460815047022,0.11852408023168509,0.2222222222222222,0.37735849056603776,0.0,0
5218,0.4772727272727273,0.22413793103448276,0.22246058135793198,0.24175824175824173,0.49056603773584906,0.0,0
8676,0.5,0.21630094043887146,0.22428402874611178,0.2738095238095238,0.5471698113207547,0.0,0
7346,0.5454545454545455,0.3134796238244514,0.4120454789230934,0.2232142857142857,0.6037735849056604,0.6666666666666666,1
8592,0.5,0.25235109717868337,0.27239086131073686,0.2346938775510204,0.6981132075471698,0.0,1
2351,0.5681818181818182,0.2852664576802508,0.3340126568701062,0.2653061224489796,0.28301886792452835,0.0,0
4098,0.6136363636363636,0.3949843260188088,0.3873216775715971,0.2222222222222222,0.7924528301886793,0.3333333333333333,1
7643,0.4545454545454546,0.2797805642633229,0.2818298830848439,0.17647058823529413,0.339622641509434,0.0,0
4153,0.6818181818181819,0.3887147335423197,0.5726161106939825,0.27678571428571425,0.4528301886792453,0.3333333333333333,1
6114,0.20454545454545456,0.06269592476489028,0.06639493725195753,0.17857142857142855,0.4339622641509434,0.0,0
2922,0.5681818181818182,0.42789968652037613,0.4093103078408238,0.17687074829931973,0.5660377358490566,0.0,1
8684,0.4090909090909091,0.16379310344827586,0.2950230612463799,0.24675324675324675,0.6792452830188679,0.3333333333333333,0
1726,0.1590909090909091,0.03761755485893417,0.028853373377668134,0.19047619047619047,0.3207547169811321,0.0,0
1474,0.34090909090909094,0.1755485893416928,0.19060388287032073,0.16326530612244897,0.5094339622641509,0.3333333333333333,0
3976,0.3863636363636364,0.16927899686520376,0.15842539954950122,0.21428571428571427,0.49056603773584906,0.0,0
3378,0.75,0.5329153605015674,0.6925882226751044,0.24285714285714283,0.4528301886792453,0.3333333333333333,1
3035,0.18181818181818182,0.06347962382445141,0.11257106081733347,0.14285714285714285,0.41509433962264153,0.0,0
7228,0.5909090909090909,0.35971786833855796,0.46009868068218374,0.22689075630252098,0.8490566037735849,0.0,0
4385,0.36363636363636365,0.0932601880877743,0.16561192749115092,0.346938775510204,0.6037735849056604,0.3333333333333333,1
997,0.4772727272727273,0.27586206896551724,0.3227501877078194,0.19642857142857142,0.6981132075471698,0.0,0
965,0.36363636363636365,0.14655172413793102,0.1801995065965891,0.22077922077922077,0.4528301886792453,0.0,1
7383,0.8409090909090909,0.744514106583072,0.7056741392255711,0.21714285714285714,0.4528301886792453,0.6666666666666666,1
5923,0.4545454545454546,0.24686520376175547,0.23452751260323929,0.19999999999999998,0.6415094339622641,0.3333333333333333,0
1896,0.4090909090909091,0.19357366771159873,0.24916872251421215,0.20879120879120877,0.30188679245283023,0.0,0
3928,0.5,0.3064263322884012,0.30569559154778503,0.19327731092436976,0.6226415094339622,0.6666666666666666,1
8421,0.24999999999999997,0.08463949843260188,0.1487718545532554,0.19047619047619047,0.5471698113207547,0.0,0
5404,0.6363636363636364,0.38636363636363635,0.4776359540920304,0.2436974789915966,0.4528301886792453,0.0,1
1590,0.4772727272727273,0.3620689655172414,0.30859165504665875,0.14965986394557823,0.3207547169811321,0.0,1
5771,0.4772727272727273,0.15517241379310345,0.35224713075190384,0.34920634920634924,0.5471698113207547,0.0,0
3953,0.4090909090909091,0.1786833855799373,0.21859916335943366,0.22619047619047616,0.4716981132075472,0.3333333333333333,0
2911,0.5681818181818182,0.3667711598746081,0.4023383031213129,0.20634920634920634,0.37735849056603776,0.0,0
6205,0.5,0.3244514106583072,0.3562694411670063,0.1825396825396825,0.20754716981132076,0.0,0
1406,0.3863636363636364,0.12695924764890282,0.18835138903786336,0.2857142857142857,0.5283018867924528,0.6666666666666666,1
5303,0.6363636363636364,0.47727272727272724,0.5196288748256997,0.19727891156462585,0.4528301886792453,0.0,0
455,0.4090909090909091,0.23824451410658307,0.20127641317172584,0.16964285714285712,0.6981132075471698,0.0,0
4610,0.4772727272727273,0.22413793103448276,0.3628660302477743,0.24175824175824173,0.9056603773584906,0.3333333333333333,0
453,0.5909090909090909,0.4020376175548589,0.49919553791697946,0.20300751879699247,0.4339622641509434,0.3333333333333333,0
5735,0.4772727272727273,0.27586206896551724,0.35932639708248415,0.19642857142857142,0.6415094339622641,0.0,0
6887,0.5909090909090909,0.4020376175548589,0.47602702992598944,0.20300751879699247,0.30188679245283023,0.0,0
2835,0.8181818181818182,0.6669278996865203,0.66309127963102,0.22981366459627328,0.5849056603773585,0.6666666666666666,1
7970,0.31818181818181823,0.15282131661442006,0.1355786763917194,0.1648351648351648,0.5283018867924528,0.0,0
725,0.5227272727272727,0.37617554858934166,0.281990775501448,0.1714285714285714,0.3584905660377359,0.0,0
4143,0.9090909090909092,0.7068965517241379,0.8521398691408345,0.2662337662337662,0.5471698113207547,0.0,1
758,0.3863636363636364,0.18338557993730406,0.1738710715434946,0.1978021978021978,0.5660377358490566,0.3333333333333333,0
8258,0.4545454545454546,0.26332288401253917,0.2029925989488362,0.1875,0.37735849056603776,0.0,0
1356,0.8863636363636365,0.8777429467084639,0.8590582430548106,0.20408163265306123,0.4716981132075472,0.3333333333333333,1
1448,0.5454545454545455,0.372257053291536,0.492491687225142,0.18796992481203006,0.3207547169811321,0.0,0
3142,0.36363636363636365,0.07993730407523511,0.1783760592084093,0.40476190476190477,0.4528301886792453,0.0,0
726,0.5227272727272727,0.28213166144200624,0.3605062748042476,0.22857142857142856,0.5849056603773585,0.0,1
7531,0.6136363636363636,0.4169278996865204,0.4654081304301191,0.21052631578947367,0.5471698113207547,0.3333333333333333,1
5890,0.29545454545454547,0.0768025078369906,0.20111552075512173,0.2857142857142857,0.4339622641509434,0.3333333333333333,0
6285,0.7045454545454546,0.4263322884012539,0.6925882226751044,0.2689075630252101,0.6981132075471698,0.0,1
1554,0.6136363636363636,0.48275862068965514,0.4609031427652044,0.1818181818181818,0.6415094339622641,0.0,0
881,0.5,0.2884012539184953,0.3315992706210448,0.20535714285714285,0.49056603773584906,0.3333333333333333,1
2936,0.4545454545454546,0.26332288401253917,0.33476348814759194,0.1875,0.5283018867924528,0.0,0
5570,0.3863636363636364,0.15517241379310345,0.18545532553898958,0.23376623376623376,0.49056603773584906,0.3333333333333333,0
1822,0.5681818181818182,0.3667711598746081,0.4358039257749652,0.20634920634920634,0.5471698113207547,0.0,0
3108,0.29545454545454547,0.06583072100313479,0.15606564410597445,0.3333333333333333,0.4528301886792453,0.0,0
5667,0.11363636363636362,0.028213166144200625,0.03904322642926097,0.14285714285714285,0.339622641509434,0.3333333333333333,0
3829,0.6363636363636364,0.38636363636363635,0.5336265150702563,0.2436974789915966,0.5283018867924528,0.6666666666666666,1
606,0.36363636363636365,0.1731974921630094,0.23490292824198222,0.18681318681318682,0.5660377358490566,0.0,0
3487,0.3863636363636364,0.12695924764890282,0.24048053201759087,0.2857142857142857,0.4339622641509434,0.3333333333333333,0
4872,0.4772727272727273,0.20689655172413793,0.4277593049447602,0.26190476190476186,0.37735849056603776,0.0,0
1573,0.9318181818181819,0.822884012539185,0.8686045264399871,0.24,0.7358490566037736,0.0,1
421,0.31818181818181823,0.11755485893416927,0.17017054596160033,0.21428571428571427,0.37735849056603776,0.0,0
220,0.5454545454545455,0.35266457680250785,0.3222138796524724,0.1984126984126984,0.41509433962264153,0.3333333333333333,1
3046,0.5,0.3064263322884012,0.3686045264399871,0.19327731092436976,0.6792452830188679,0.0,0
2380,0.6363636363636364,0.38636363636363635,0.42009009975329825,0.2436974789915966,0.3584905660377359,0.3333333333333333,1
5843,0.5,0.3244514106583072,0.42164539311380456,0.1825396825396825,0.339622641509434,0.3333333333333333,0
5479,0.8181818181818182,0.8119122257053292,0.7623082698702134,0.18877551020408162,0.339622641509434,0.0,0
7459,0.4545454545454546,0.1810344827586207,0.260431191676499,0.2727272727272727,0.6037735849056604,0.0,0
3494,0.4772727272727273,0.1896551724137931,0.3510672530301405,0.2857142857142857,0.5094339622641509,0.3333333333333333,0
1997,0.5227272727272727,0.30094043887147337,0.3360506274804247,0.21428571428571427,0.339622641509434,0.0,0
1690,0.4545454545454546,0.23040752351097177,0.2683149200900997,0.21428571428571427,0.39622641509433965,0.0,0
5454,0.36363636363636365,0.15987460815047022,0.1683470985734206,0.20238095238095238,0.39622641509433965,0.0,0
3383,0.18181818181818182,0.04231974921630094,0.08119703957953447,0.21428571428571427,0.30188679245283023,0.3333333333333333,0
5433,0.3863636363636364,0.14106583072100312,0.25496084951195963,0.2571428571428571,0.5283018867924528,0.6666666666666666,0
2504,0.5909090909090909,0.38087774294670845,0.4528585219349994,0.21428571428571427,0.5283018867924528,0.3333333333333333,0
6632,0.6136363636363636,0.3730407523510972,0.5374879330687545,0.2352941176470588,0.22641509433962265,0.3333333333333333,1
7861,0.4090909090909091,0.14890282131661442,0.3123458114340878,0.2714285714285714,0.5849056603773585,0.3333333333333333,0
8973,0.6818181818181819,0.36442006269592475,0.5260645714898637,0.29523809523809524,0.6981132075471698,0.6666666666666666,1
8698,0.4545454545454546,0.23040752351097177,0.235653759519468,0.21428571428571427,0.6415094339622641,0.0,0
313,0.4772727272727273,0.20689655172413793,0.3569666416389574,0.26190476190476186,0.6037735849056604,0.3333333333333333,0
5286,0.5454545454545455,0.19592476489028213,0.3114877185455326,0.3571428571428571,0.5094339622641509,0.6666666666666666,1
4612,0.4318181818181819,0.21943573667711597,0.23694089885230077,0.20408163265306123,0.4339622641509434,0.0,0
3159,0.5909090909090909,0.38087774294670845,0.46009868068218374,0.21428571428571427,0.5471698113207547,0.3333333333333333,0
979,0.5227272727272727,0.3385579937304075,0.410704708784726,0.19047619047619047,0.49056603773584906,0.3333333333333333,1
2765,0.4545454545454546,0.23040752351097177,0.23114877185455324,0.21428571428571427,0.7169811320754718,0.3333333333333333,1
2426,0.4772727272727273,0.20689655172413793,0.2554971575673066,0.26190476190476186,0.5471698113207547,0.3333333333333333,0
8534,0.29545454545454547,0.12068965517241378,0.1417998498337445,0.1818181818181818,0.6415094339622641,0.0,0
991,0.36363636363636365,0.13322884012539185,0.12184919017483642,0.24285714285714283,0.6792452830188679,0.0,0
6146,0.8863636363636365,0.9404388714733541,0.8504773141692588,0.19047619047619047,0.39622641509433965,0.0,1
5789,0.4772727272727273,0.25862068965517243,0.2802745897243376,0.2095238095238095,0.3584905660377359,0.0,0
2800,0.4772727272727273,0.22413793103448276,0.3251099431513461,0.24175824175824173,0.28301886792452835,0.0,0
1399,0.4545454545454546,0.24686520376175547,0.3539096857234796,0.19999999999999998,0.4528301886792453,0.0,0
1949,0.4090909090909091,0.19357366771159873,0.22573206049554861,0.20879120879120877,0.7169811320754718,0.3333333333333333,0
8410,0.1590909090909091,0.018808777429467086,0.05802853158854446,0.38095238095238093,0.7547169811320755,0.0,0
5837,0.6363636363636364,0.45454545454545453,0.4527512603239301,0.20714285714285713,0.20754716981132076,0.3333333333333333,1
7770,0.4318181818181819,0.1567398119122257,0.2412313632950767,0.2857142857142857,0.6981132075471698,0.6666666666666666,1
7728,0.4090909090909091,0.13401253918495298,0.18395366298401802,0.30158730158730157,0.6226415094339622,0.0,1
6962,0.5227272727272727,0.31974921630094044,0.3630805534699131,0.20168067226890757,0.5094339622641509,0.3333333333333333,1
5320,0.5681818181818182,0.32601880877742945,0.31030784082376917,0.23214285714285712,0.660377358490566,0.3333333333333333,1
886,0.22727272727272727,0.017241379310344827,0.09621366512925025,0.7857142857142857,0.5849056603773585,0.3333333333333333,0
6511,0.1590909090909091,0.03134796238244514,0.08377131824520004,0.22857142857142856,0.41509433962264153,0.3333333333333333,0
4464,0.3863636363636364,0.16927899686520376,0.17000965354499623,0.21428571428571427,0.6226415094339622,0.3333333333333333,0
4543,0.4318181818181819,0.21943573667711597,0.22621473774536094,0.20408163265306123,0.24528301886792453,0.0,0
6110,0.34090909090909094,0.07523510971786834,0.15198970288533734,0.38095238095238093,0.5094339622641509,0.3333333333333333,0
2805,0.7954545454545455,0.5642633228840125,0.7125388823340126,0.2571428571428571,0.5094339622641509,0.6666666666666666,1
5449,0.7272727272727273,0.5431034482758621,0.48262361900675743,0.22448979591836732,0.4528301886792453,0.0,1
7405,0.22727272727272727,0.07758620689655173,0.09680360399013192,0.17460317460317462,0.5660377358490566,0.3333333333333333,0
2741,0.6590909090909092,0.37617554858934166,0.43966534377346345,0.26785714285714285,0.39622641509433965,0.6666666666666666,1
4804,0.36363636363636365,0.15987460815047022,0.19478708570202724,0.20238095238095238,0.6226415094339622,0.0,0
6045,0.5227272727272727,0.37617554858934166,0.36694197146841145,0.1714285714285714,0.8490566037735849,0.6666666666666666,1
7439,0.4318181818181819,0.17241379310344826,0.22406950552397298,0.2597402597402597,0.6226415094339622,0.0,0
8140,0.29545454545454547,0.13166144200626959,0.1710822696556902,0.16666666666666666,0.28301886792452835,0.3333333333333333,0
6342,0.6363636363636364,0.40909090909090906,0.4791912474525367,0.23015873015873015,0.4716981132075472,0.6666666666666666,1
1522,0.5454545454545455,0.3330721003134796,0.38925238657084626,0.21008403361344538,0.49056603773584906,0.0,1
6885,0.18181818181818182,0.04231974921630094,0.09519467982409097,0.21428571428571427,0.4528301886792453,0.3333333333333333,0
3623,0.4318181818181819,0.14106583072100312,0.28091815939075404,0.31746031746031744,0.41509433962264153,0.3333333333333333,0
5796,0.36363636363636365,0.1865203761755486,0.15649469055025206,0.173469387755102,0.7358490566037736,0.0,0
607,0.6590909090909092,0.4231974921630094,0.5748149737209053,0.23809523809523808,0.6226415094339622,0.3333333333333333,1
3809,0.5227272727272727,0.28213166144200624,0.2794164968357825,0.22857142857142856,0.8113207547169812,0.6666666666666666,1
4773,0.34090909090909094,0.15047021943573669,0.18717151131609996,0.19047619047619047,0.39622641509433965,0.0,0
6143,0.6136363636363636,0.2852664576802508,0.5179663198541242,0.30769230769230765,0.8679245283018868,0.6666666666666666,1
4178,0.5454545454545455,0.274294670846395,0.44020165182881044,0.25510204081632654,0.49056603773584906,0.3333333333333333,1
6491,0.31818181818181823,0.10579937304075235,0.13396975222567842,0.23809523809523808,0.6415094339622641,0.0,0
7827,0.5227272727272727,0.28213166144200624,0.34892202080875256,0.22857142857142856,0.6037735849056604,0.0,1
5730,0.13636363636363635,0.0219435736677116,0.05733133111659337,0.25,0.5660377358490566,0.0,0
5173,0.5681818181818182,0.3056426332288401,0.39257749651399765,0.24761904761904763,0.49056603773584906,0.3333333333333333,1
3284,0.4318181818181819,0.2507836990595611,0.31309664271157356,0.17857142857142855,0.6037735849056604,0.0,0
1708,0.11363636363636362,0.023510971786833854,0.03228574493188888,0.1714285714285714,0.24528301886792453,0.3333333333333333,0
2768,0.4772727272727273,0.3103448275862069,0.33454896492545316,0.17460317460317462,0.4528301886792453,0.0,1
6221,0.7045454545454546,0.4263322884012539,0.5690228467231577,0.2689075630252101,0.4716981132075472,0.3333333333333333,1
1276,0.24999999999999997,0.09404388714733541,0.12495977689584897,0.1714285714285714,0.4339622641509434,0.0,0
4882,0.4545454545454546,0.24686520376175547,0.30773356215810366,0.19999999999999998,0.5471698113207547,0.0,0
2406,0.6136363636363636,0.2852664576802508,0.4714147806500053,0.30769230769230765,0.4528301886792453,0.3333333333333333,1
3292,0.4772727272727273,0.25862068965517243,0.32039043226429265,0.2095238095238095,0.7169811320754718,0.0,0
1905,0.36363636363636365,0.13322884012539185,0.19296363831384747,0.24285714285714283,0.2641509433962264,0.3333333333333333,0
7848,0.5909090909090909,0.38087774294670845,0.5368443634023383,0.21428571428571427,0.6792452830188679,0.6666666666666666,0
3676,0.6590909090909092,0.3996865203761755,0.6263005470342164,0.25210084033613445,0.30188679245283023,0.3333333333333333,1
63,0.34090909090909094,0.13793103448275862,0.17000965354499623,0.20779220779220778,0.39622641509433965,0.3333333333333333,0
2388,0.7272727272727273,0.5948275862068966,0.67199399334978,0.20496894409937885,0.5660377358490566,0.6666666666666666,1
3218,0.20454545454545456,0.05485893416927899,0.06639493725195753,0.20408163265306123,0.49056603773584906,0.3333333333333333,0
7391,0.5909090909090909,0.35971786833855796,0.41955379169795126,0.22689075630252098,0.49056603773584906,0.3333333333333333,0
110,0.5681818181818182,0.3463949843260188,0.3005470342164539,0.21848739495798317,0.339622641509434,0.0,1
6104,0.27272727272727276,0.11206896551724138,0.13043011906038832,0.16883116883116883,0.37735849056603776,0.0,0
8447,0.5909090909090909,0.4231974921630094,0.5180199506596588,0.19285714285714287,0.5283018867924528,0.0,0
3964,0.34090909090909094,0.16300940438871472,0.15542207443955808,0.17582417582417584,0.6415094339622641,0.0,0
6634,0.5,0.2884012539184953,0.3957417140405449,0.20535714285714285,0.37735849056603776,0.0,0
3612,0.5909090909090909,0.35971786833855796,0.4905073474203582,0.22689075630252098,0.6415094339622641,0.0,1
1577,0.5227272727272727,0.2445141065830721,0.41456612678322424,0.26373626373626374,0.41509433962264153,0.3333333333333333,1
817,0.4545454545454546,0.1481191222570533,0.33251099431513453,0.3333333333333333,0.37735849056603776,0.6666666666666666,1
8248,0.36363636363636365,0.15987460815047022,0.2266974149951732,0.20238095238095238,0.4528301886792453,0.0,0
4425,0.5454545454545455,0.3134796238244514,0.3490292824198219,0.2232142857142857,0.39622641509433965,0.0,0
2622,0.4318181818181819,0.2037617554858934,0.26911938217312026,0.21978021978021978,0.5849056603773585,0.0,0
2337,0.4318181818181819,0.2037617554858934,0.19510887053523543,0.21978021978021978,0.3207547169811321,0.0,0
5061,0.24999999999999997,0.04702194357366771,0.0683256462512067,0.3428571428571428,0.6226415094339622,0.3333333333333333,0
1261,0.4318181818181819,0.21943573667711597,0.3324037327040652,0.20408163265306123,0.49056603773584906,0.3333333333333333,0
2833,0.6363636363636364,0.36363636363636365,0.48385712753405563,0.2589285714285714,0.7547169811320755,0.3333333333333333,1
5700,0.5,0.3244514106583072,0.28225892952912157,0.1825396825396825,0.5283018867924528,0.0,0
4544,0.36363636363636365,0.13322884012539185,0.14828917730344313,0.24285714285714283,0.4528301886792453,0.0,0
3496,0.6136363636363636,0.4169278996865204,0.5089563445242947,0.21052631578947367,0.4339622641509434,0.6666666666666666,1
8793,0.4545454545454546,0.1810344827586207,0.22664378418963854,0.2727272727272727,0.41509433962264153,0.6666666666666666,1
8242,0.6136363636363636,0.24137931034482757,0.41885659122600016,0.3636363636363636,0.5849056603773585,0.6666666666666666,1
1507,0.4318181818181819,0.1567398119122257,0.24766705995924057,0.2857142857142857,0.49056603773584906,0.3333333333333333,1
1830,0.5227272727272727,0.26332288401253917,0.34119918481175593,0.24489795918367344,0.49056603773584906,0.3333333333333333,0
7040,0.18181818181818182,0.05642633228840125,0.07154349458328864,0.1607142857142857,0.4528301886792453,0.0,0
1031,0.5,0.23432601880877743,0.35503593263970823,0.25274725274725274,0.5471698113207547,0.3333333333333333,0
1862,0.3863636363636364,0.14106583072100312,0.17580178054274376,0.2571428571428571,0.8301886792452831,0.3333333333333333,1
3338,0.22727272727272727,0.06896551724137931,0.08323501018985305,0.19642857142857142,0.5471698113207547,0.3333333333333333,0
8918,0.4090909090909091,0.13401253918495298,0.20331438378204442,0.30158730158730157,0.5660377358490566,0.6666666666666666,0
8085,0.7727272727272728,0.6308777429467084,0.6587471843827094,0.21739130434782608,0.22641509433962265,0.3333333333333333,1
5633,0.5681818181818182,0.32601880877742945,0.46787514748471526,0.23214285714285712,0.30188679245283023,0.6666666666666666,0
7246,0.6363636363636364,0.47727272727272724,0.6456076370267081,0.19727891156462585,0.39622641509433965,0.3333333333333333,1
5874,0.5227272727272727,0.31974921630094044,0.45060602810254213,0.20168067226890757,0.6037735849056604,0.3333333333333333,0
8356,0.4090909090909091,0.23824451410658307,0.2512066931245307,0.16964285714285712,0.20754716981132076,0.0,0
8446,0.75,0.5329153605015674,0.7399978547677786,0.24285714285714283,0.3207547169811321,0.6666666666666666,0
1623,0.22727272727272727,0.06034482758620689,0.11391183095570097,0.22448979591836732,0.6037735849056604,0.0,0
4375,0.5,0.2884012539184953,0.46358468304193934,0.20535714285714285,0.41509433962264153,0.3333333333333333,0
2025,0.4772727272727273,0.22413793103448276,0.30741177732489544,0.24175824175824173,0.5660377358490566,0.0,0
1918,0.4545454545454546,0.26332288401253917,0.2536737101791269,0.1875,0.49056603773584906,0.3333333333333333,0
3408,0.31818181818181823,0.12931034482758622,0.19028209803711252,0.1948051948051948,0.39622641509433965,0.0,0
8857,0.4090909090909091,0.23824451410658307,0.25426364904000853,0.16964285714285712,0.5283018867924528,0.0,0
8077,0.4545454545454546,0.1810344827586207,0.24804247559798345,0.2727272727272727,1.0,0.0,0
569,0.6363636363636364,0.38636363636363635,0.4651936072079802,0.2436974789915966,0.7547169811320755,0.3333333333333333,1
6164,0.5,0.2884012539184953,0.2884264721656119,0.20535714285714285,0.4528301886792453,0.0,0
8165,0.5909090909090909,0.4231974921630094,0.30805534699131176,0.19285714285714287,0.5849056603773585,0.0,1
250,0.5681818181818182,0.22413793103448276,0.4609031427652044,0.33766233766233766,0.3207547169811321,0.6666666666666666,0
2999,0.6590909090909092,0.44670846394984326,0.40748686045264404,0.22556390977443608,0.3584905660377359,0.0,1
925,0.5,0.23432601880877743,0.2982945403839965,0.25274725274725274,0.11320754716981135,0.3333333333333333,1
7939,0.5909090909090909,0.35971786833855796,0.4137616647002038,0.22689075630252098,0.339622641509434,0.3333333333333333,0
6323,0.7272727272727273,0.6206896551724138,0.6224391290357181,0.19642857142857142,0.22641509433962265,0.0,1
5995,0.6363636363636364,0.4318181818181818,0.42164539311380456,0.21804511278195488,0.6415094339622641,0.3333333333333333,1
4319,0.6590909090909092,0.4231974921630094,0.5538989595623726,0.23809523809523808,0.39622641509433965,0.3333333333333333,1
5434,0.5454545454545455,0.274294670846395,0.42545318030676815,0.25510204081632654,0.6226415094339622,0.6666666666666666,1
5670,0.5909090909090909,0.35971786833855796,0.42389788694626196,0.22689075630252098,0.5283018867924528,0.3333333333333333,0
2328,0.29545454545454547,0.0987460815047022,0.12152740534162823,0.2222222222222222,0.4716981132075472,0.0,0
3191,0.24999999999999997,0.06583072100313479,0.07218706424970503,0.24489795918367344,0.5283018867924528,0.0,0
1855,0.5681818181818182,0.3463949843260188,0.42046551539204113,0.21848739495798317,0.5094339622641509,0.0,1
2891,0.11363636363636362,0.023510971786833854,0.04065215059530194,0.1714285714285714,0.49056603773584906,0.0,0
7819,0.5227272727272727,0.3573667711598746,0.4814973720905288,0.18045112781954886,0.4339622641509434,0.0,1
8782,0.5,0.34247648902821315,0.39204118845865066,0.17293233082706766,0.6037735849056604,0.0,1
7218,0.5227272727272727,0.225705329153605,0.3360506274804247,0.2857142857142857,0.41509433962264153,0.3333333333333333,1
7542,0.29545454545454547,0.0987460815047022,0.1538131502735171,0.2222222222222222,0.6981132075471698,0.3333333333333333,0
6315,0.5227272727272727,0.26332288401253917,0.32317923415209693,0.24489795918367344,0.339622641509434,0.3333333333333333,0
6284,0.4545454545454546,0.23040752351097177,0.2277700311058672,0.21428571428571427,0.6037735849056604,0.3333333333333333,0
6102,0.9545454545454546,0.8761755485893417,0.9125281561729057,0.23626373626373623,0.5094339622641509,1.0,1
2368,0.3863636363636364,0.15517241379310345,0.18738603453823874,0.23376623376623376,0.49056603773584906,0.3333333333333333,0
3471,0.36363636363636365,0.14655172413793102,0.16470020379706102,0.22077922077922077,0.5471698113207547,0.0,0
2849,0.4318181818181819,0.17241379310344826,0.3377668132575351,0.2597402597402597,0.49056603773584906,0.0,0
6530,0.3863636363636364,0.14106583072100312,0.1931781615359863,0.2571428571428571,0.6792452830188679,0.3333333333333333,0
8732,0.29545454545454547,0.0987460815047022,0.12077657406414247,0.2222222222222222,0.339622641509434,0.3333333333333333,0
3541,0.18181818181818182,0.03526645768025078,0.05561514533948299,0.2571428571428571,0.7169811320754718,0.0,0
2492,0.4772727272727273,0.20689655172413793,0.3380885980907433,0.26190476190476186,0.660377358490566,0.0,1
4599,0.34090909090909094,0.1128526645768025,0.15456398155100287,0.25396825396825395,0.20754716981132076,0.0,0
8067,0.0,0.0007836990595611285,0.0,0.14285714285714285,0.5283018867924528,0.0,0
1595,0.4090909090909091,0.2084639498432602,0.25426364904000853,0.19387755102040816,0.39622641509433965,0.0,0
1441,0.6363636363636364,0.38636363636363635,0.5009653544996245,0.2436974789915966,0.4716981132075472,0.3333333333333333,1
2774,0.27272727272727276,0.0713166144200627,0.167381744073796,0.2653061224489796,0.41509433962264153,0.0,0
1646,0.4545454545454546,0.26332288401253917,0.31899603132039045,0.1875,0.5660377358490566,0.3333333333333333,0
103,0.6818181818181819,0.5830721003134796,0.6989702885337338,0.18452380952380953,0.5094339622641509,0.0,1
2531,0.4090909090909091,0.2084639498432602,0.24203582537809717,0.19387755102040816,0.5660377358490566,0.0,0
3323,0.6818181818181819,0.48589341692789967,0.5809288855518608,0.22142857142857142,0.6037735849056604,0.3333333333333333,1
5027,0.4772727272727273,0.27586206896551724,0.3369087203689799,0.19642857142857142,0.339622641509434,0.0,0
1215,0.34090909090909094,0.1128526645768025,0.1485573313311166,0.25396825396825395,0.7924528301886793,0.3333333333333333,0
1798,0.4772727272727273,0.24137931034482757,0.33926847581250663,0.22448979591836732,0.22641509433962265,0.3333333333333333,0
4597,0.34090909090909094,0.13793103448275862,0.270406521505953,0.20779220779220778,0.5849056603773585,0.0,0
8930,0.29545454545454547,0.0768025078369906,0.16357395688083234,0.2857142857142857,0.4716981132075472,0.3333333333333333,0
6218,0.4772727272727273,0.25862068965517243,0.28971361149844466,0.2095238095238095,0.4528301886792453,0.0,0
6094,0.4090909090909091,0.1786833855799373,0.1859916335943366,0.22619047619047616,0.8490566037735849,0.3333333333333333,1
7569,0.29545454545454547,0.0877742946708464,0.09900246701705459,0.25,0.2641509433962264,0.3333333333333333,0
3295,0.5681818181818182,0.4075235109717868,0.5640888126139654,0.18571428571428572,0.4528301886792453,0.0,1
8359,0.5681818181818182,0.3463949843260188,0.4065215059530194,0.21848739495798317,0.11320754716981135,0.3333333333333333,0
1600,0.4090909090909091,0.1786833855799373,0.1594980156601952,0.22619047619047616,0.5660377358490566,0.0,1
4000,0.5,0.34247648902821315,0.38217312024026606,0.17293233082706766,0.5471698113207547,0.3333333333333333,0
2429,0.75,0.5329153605015674,0.7545854338732166,0.24285714285714283,0.4716981132075472,0.3333333333333333,1
7948,0.34090909090909094,0.0877742946708464,0.21892094819264185,0.32653061224489793,0.5094339622641509,0.3333333333333333,0
7891,0.7272727272727273,0.6206896551724138,0.6613750938539096,0.19642857142857142,0.6037735849056604,0.0,1
5916,0.8409090909090909,0.7147335423197492,0.8422181701169151,0.22619047619047616,0.5471698113207547,0.3333333333333333,1
2779,0.7272727272727273,0.5431034482758621,0.6631449104365548,0.22448979591836732,0.5660377358490566,0.0,1
408,0.3863636363636364,0.18338557993730406,0.24530730451571378,0.1978021978021978,0.9622641509433962,0.0,1
372,0.22727272727272727,0.06034482758620689,0.05845757803282205,0.22448979591836732,0.2641509433962264,0.0,0
447,0.34090909090909094,0.10031347962382445,0.16915156065644107,0.2857142857142857,0.5283018867924528,0.0,0
4398,0.5,0.23432601880877743,0.3402338303121313,0.25274725274725274,0.5094339622641509,0.3333333333333333,0
5302,0.4545454545454546,0.2797805642633229,0.20637133969752225,0.17647058823529413,0.28301886792452835,0.0,0
4293,0.31818181818181823,0.14106583072100312,0.14442775930494475,0.17857142857142855,0.5094339622641509,0.0,0
4874,0.5,0.2884012539184953,0.4191783760592085,0.20535714285714285,0.6981132075471698,0.3333333333333333,0
2921,0.5,0.21630094043887146,0.3562694411670063,0.2738095238095238,0.39622641509433965,0.3333333333333333,0
6432,0.18181818181818182,0.04231974921630094,0.06382065858629198,0.21428571428571427,0.4339622641509434,0.0,0
2771,0.4090909090909091,0.16379310344827586,0.21350423683363726,0.24675324675324675,0.37735849056603776,0.0,0
1843,0.4318181818181819,0.1567398119122257,0.32489541992920734,0.2857142857142857,0.4716981132075472,0.0,1
7223,0.31818181818181823,0.10579937304075235,0.17097500804462082,0.23809523809523808,0.6792452830188679,0.3333333333333333,0
50,0.5227272727272727,0.3385579937304075,0.40555615145339485,0.19047619047619047,0.37735849056603776,0.0,0
721,0.5454545454545455,0.25470219435736674,0.39997854767778607,0.2747252747252747,0.41509433962264153,0.6666666666666666,1
8247,0.3863636363636364,0.18338557993730406,0.1912474525367371,0.1978021978021978,0.39622641509433965,0.0,0
1642,0.6363636363636364,0.45454545454545453,0.49474418105759943,0.20714285714285713,0.5471698113207547,0.6666666666666666,1
7544,0.5,0.27037617554858934,0.31556365976616974,0.21904761904761905,0.6226415094339622,1.0,0
1745,0.22727272727272727,0.10344827586206896,0.13043011906038826,0.13095238095238093,0.5660377358490566,0.0,0
2107,0.4772727272727273,0.3103448275862069,0.39118309557009545,0.17460317460317462,0.660377358490566,0.0,1
4090,0.6818181818181819,0.48589341692789967,0.5327147913761664,0.22142857142857142,0.49056603773584906,0.3333333333333333,1
460,0.5454545454545455,0.35266457680250785,0.4549501233508527,0.1984126984126984,0.41509433962264153,0.0,0
747,0.6818181818181819,0.4373040752351097,0.5410275662340448,0.24603174603174605,0.5471698113207547,0.0,1
3042,0.34090909090909094,0.1128526645768025,0.16142872465944438,0.25396825396825395,0.339622641509434,0.0,0
5129,0.5454545454545455,0.3330721003134796,0.4174085594765633,0.21008403361344538,0.5094339622641509,0.0,1
2038,0.5227272727272727,0.28213166144200624,0.3540705781400837,0.22857142857142856,0.5660377358490566,0.0,0
1464,0.6590909090909092,0.5172413793103449,0.48793306875469267,0.1948051948051948,0.24528301886792453,0.3333333333333333,1
151,0.34090909090909094,0.12539184952978055,0.2446637348492974,0.22857142857142856,0.15094339622641512,0.0,0
516,0.4318181818181819,0.14106583072100312,0.35171082269655685,0.31746031746031744,0.5849056603773585,0.3333333333333333,0
7010,0.5227272727272727,0.31974921630094044,0.3888233401265687,0.20168067226890757,0.4339622641509434,0.0,0
526,0.5909090909090909,0.38087774294670845,0.46444277593049454,0.21428571428571427,0.3207547169811321,0.0,1
7062,0.5227272727272727,0.30094043887147337,0.31416925882226754,0.21428571428571427,0.5094339622641509,0.0,0
2648,0.4090909090909091,0.1786833855799373,0.16866888340662875,0.22619047619047616,0.49056603773584906,0.3333333333333333,0
1897,0.29545454545454547,0.10971786833855798,0.13053738067145768,0.19999999999999998,0.7358490566037736,0.3333333333333333,0
5058,0.7954545454545455,0.7335423197492162,0.8225892952912153,0.1978021978021978,0.4528301886792453,0.0,1
962,0.1590909090909091,0.050156739811912224,0.06188994958704279,0.14285714285714285,0.6037735849056604,0.0,0
781,0.5681818181818182,0.32601880877742945,0.4302263219993564,0.23214285714285712,0.3584905660377359,0.3333333333333333,1
3293,0.5,0.23432601880877743,0.31433015123887165,0.25274725274725274,0.6792452830188679,0.0,1
4841,0.8863636363636365,0.658307210031348,0.7668132575351282,0.27210884353741494,0.6226415094339622,0.6666666666666666,1
7288,0.24999999999999997,0.07523510971786834,0.11144481390110479,0.21428571428571427,0.6037735849056604,0.0,0
8505,0.5681818181818182,0.2852664576802508,0.24337659551646465,0.2653061224489796,0.5660377358490566,0.3333333333333333,1
1292,0.34090909090909094,0.1128526645768025,0.19832671886731737,0.25396825396825395,0.5660377358490566,0.3333333333333333,0
392,0.36363636363636365,0.15987460815047022,0.14281883513890378,0.20238095238095238,0.49056603773584906,0.3333333333333333,0
3342,0.22727272727272727,0.05172413793103448,0.06966641638957417,0.26190476190476186,0.37735849056603776,0.0,0
1895,0.7045454545454546,0.5015673981191222,0.6170760484822482,0.22857142857142856,0.3207547169811321,0.6666666666666666,1
357,0.29545454545454547,0.0877742946708464,0.11702241767671352,0.25,0.4339622641509434,0.0,0
3740,0.4318181818181819,0.23510971786833854,0.3206049554864314,0.19047619047619047,0.5471698113207547,0.0,0
4346,0.34090909090909094,0.1128526645768025,0.15284779577389251,0.25396825396825395,0.13207547169811323,0.3333333333333333,0
4637,0.22727272727272727,0.07758620689655173,0.11332189209481926,0.17460317460317462,0.22641509433962265,0.3333333333333333,0
7806,0.29545454545454547,0.10971786833855798,0.16282312560334655,0.19999999999999998,0.6792452830188679,0.3333333333333333,0
6275,0.1590909090909091,0.018808777429467086,0.042582859594551103,0.38095238095238093,0.6037735849056604,0.3333333333333333,0
4240,0.6136363636363636,0.3072100313479624,0.49694304408452217,0.2857142857142857,0.6037735849056604,0.6666666666666666,1
6843,0.5,0.23432601880877743,0.41054381636812176,0.25274725274725274,0.4339622641509434,0.0,0
7632,0.34090909090909094,0.13793103448275862,0.16829346776788587,0.20779220779220778,0.30188679245283023,0.3333333333333333,1
1564,0.29545454545454547,0.0877742946708464,0.12227823661911402,0.25,0.5471698113207547,0.0,0
3187,0.34090909090909094,0.1755485893416928,0.18202295398476886,0.16326530612244897,0.169811320754717,0.3333333333333333,0
5676,0.3863636363636364,0.14106583072100312,0.2346884050198434,0.2571428571428571,0.3584905660377359,0.3333333333333333,0
7365,0.5,0.3064263322884012,0.4056097822589295,0.19327731092436976,0.39622641509433965,0.0,0
7554,0.7727272727272728,0.7954545454545454,0.681272122707283,0.17241379310344826,0.5094339622641509,0.0,1
8850,0.8181818181818182,0.7249216300940439,0.6769816582645071,0.2114285714285714,0.5094339622641509,0.0,1
366,0.34090909090909094,0.16300940438871472,0.11938217312024027,0.17582417582417584,0.5660377358490566,0.0,0
4734,0.4545454545454546,0.23040752351097177,0.23678000643569666,0.21428571428571427,0.6226415094339622,0.3333333333333333,0
1458,0.3863636363636364,0.16927899686520376,0.1603561085487504,0.21428571428571427,0.39622641509433965,0.3333333333333333,0
7418,0.4318181818181819,0.23510971786833854,0.27019199828381424,0.19047619047619047,0.41509433962264153,0.3333333333333333,0
4022,0.5,0.3064263322884012,0.28965998069291,0.19327731092436976,0.5094339622641509,0.6666666666666666,0
6906,0.6363636363636364,0.45454545454545453,0.49474418105759943,0.20714285714285713,0.8490566037735849,0.0,1
2608,0.27272727272727276,0.1018808777429467,0.10951410490185563,0.18571428571428572,0.6792452830188679,0.3333333333333333,0
3610,0.6590909090909092,0.37617554858934166,0.4911509170867746,0.26785714285714285,0.4716981132075472,0.0,1
6907,0.18181818181818182,0.04231974921630094,0.0739568808323501,0.21428571428571427,0.37735849056603776,0.3333333333333333,0
1381,0.6818181818181819,0.5587774294670846,0.5792663305802852,0.19254658385093165,0.339622641509434,0.3333333333333333,1
5545,0.6136363636363636,0.46081504702194354,0.5344846079588116,0.19047619047619047,0.6792452830188679,0.3333333333333333,1
5611,0.75,0.6661442006269592,0.7509385390968573,0.19428571428571428,0.5849056603773585,0.0,1
8991,0.6363636363636364,0.47727272727272724,0.5693982623619007,0.19727891156462585,0.339622641509434,0.0,0
6982,0.4090909090909091,0.1786833855799373,0.2573206049554865,0.22619047619047616,0.49056603773584906,0.3333333333333333,0
7931,0.6136363636363636,0.4169278996865204,0.5104580070792663,0.21052631578947367,0.5283018867924528,0.3333333333333333,1
298,0.36363636363636365,0.15987460815047022,0.17017054596160033,0.20238095238095238,0.6226415094339622,0.3333333333333333,0
3805,0.4318181818181819,0.18808777429467083,0.2165611927491151,0.23809523809523808,0.2641509433962264,0.3333333333333333,0
6134,0.31818181818181823,0.09404388714733541,0.07926633058028532,0.26785714285714285,0.6981132075471698,0.3333333333333333,0
7536,0.5454545454545455,0.3134796238244514,0.3315992706210448,0.2232142857142857,0.49056603773584906,0.3333333333333333,1
1648,0.5227272727272727,0.20689655172413793,0.46219028209803714,0.3116883116883116,0.5283018867924528,0.3333333333333333,1
8907,0.6818181818181819,0.4130094043887147,0.6158425399549501,0.26050420168067223,0.4528301886792453,0.3333333333333333,1
3454,0.8181818181818182,0.7249216300940439,0.7920733669419714,0.2114285714285714,0.6226415094339622,0.6666666666666666,1
2675,0.6590909090909092,0.49373040752351094,0.5651614287246594,0.20408163265306123,0.6037735849056604,0.0,1
5865,0.36363636363636365,0.14655172413793102,0.21028638850155526,0.22077922077922077,0.4339622641509434,0.0,0
4889,0.27272727272727276,0.0713166144200627,0.09208409310307841,0.2653061224489796,0.5094339622641509,0.0,0
8295,0.5681818181818182,0.38714733542319746,0.5124959776895849,0.19548872180451127,0.4716981132075472,0.0,0
5987,0.34090909090909094,0.07523510971786834,0.1605706317708892,0.38095238095238093,0.660377358490566,1.0,0
4567,0.5227272727272727,0.26332288401253917,0.3836747827952375,0.24489795918367344,0.39622641509433965,0.0,1
2263,0.4545454545454546,0.23040752351097177,0.20074010511637885,0.21428571428571427,0.5283018867924528,0.3333333333333333,0
5071,0.4772727272727273,0.22413793103448276,0.28381422288962777,0.24175824175824173,0.49056603773584906,0.0,1
8180,0.34090909090909094,0.12539184952978055,0.13225356644856806,0.22857142857142856,0.49056603773584906,0.0,0
4534,0.29545454545454547,0.12068965517241378,0.18609889520540598,0.1818181818181818,0.4339622641509434,0.0,0
5808,0.29545454545454547,0.10971786833855798,0.1417998498337445,0.19999999999999998,0.5849056603773585,0.3333333333333333,0
8456,0.27272727272727276,0.0713166144200627,0.13182452000429046,0.2653061224489796,0.37735849056603776,0.3333333333333333,0
2704,0.6590909090909092,0.47021943573667707,0.5651614287246594,0.21428571428571427,0.49056603773584906,0.3333333333333333,1
7654,0.5681818181818182,0.32601880877742945,0.4762415531481283,0.23214285714285712,0.6415094339622641,0.3333333333333333,1
1800,0.4090909090909091,0.13401253918495298,0.129947441810576,0.30158730158730157,0.6037735849056604,0.3333333333333333,1
2373,0.34090909090909094,0.1128526645768025,0.10822696556902285,0.25396825396825395,0.6792452830188679,0.3333333333333333,0
2989,0.20454545454545456,0.07836990595611285,0.09160141585326612,0.14285714285714285,0.41509433962264153,0.0,0
1322,0.4545454545454546,0.1810344827586207,0.2300225249383246,0.2727272727272727,0.37735849056603776,0.0,0
4199,0.36363636363636365,0.10658307210031348,0.1829346776788587,0.30357142857142855,0.37735849056603776,0.0,0
1965,0.6136363636363636,0.329153605015674,0.3783117022417677,0.26666666666666666,0.4339622641509434,0.3333333333333333,1
176,0.8181818181818182,0.6089341692789968,0.7067467553362651,0.25170068027210885,0.49056603773584906,0.3333333333333333,1
2962,0.27272727272727276,0.09169278996865203,0.10114769923844255,0.20634920634920634,0.4528301886792453,0.3333333333333333,0
2938,0.5454545454545455,0.3134796238244514,0.32623619006757476,0.2232142857142857,0.4339622641509434,0.0,1
5851,0.6818181818181819,0.48589341692789967,0.5393650112624692,0.22142857142857142,0.6981132075471698,0.0,1
7864,0.6818181818181819,0.5101880877742947,0.5443526761771962,0.2108843537414966,0.39622641509433965,0.0,1
782,0.29545454545454547,0.0768025078369906,0.14480317494368763,0.2857142857142857,0.28301886792452835,0.0,0
2970,0.6590909090909092,0.47021943573667707,0.5410275662340448,0.21428571428571427,0.4716981132075472,0.6666666666666666,1
1212,0.6818181818181819,0.4615987460815047,0.4695377024562909,0.23308270676691728,0.3207547169811321,0.3333333333333333,0
7395,0.4772727272727273,0.27586206896551724,0.35224713075190384,0.19642857142857142,0.5471698113207547,0.3333333333333333,0
945,0.36363636363636365,0.10658307210031348,0.18749329614930813,0.30357142857142855,0.37735849056603776,0.0,0
5194,0.5,0.23432601880877743,0.3167971682934677,0.25274725274725274,0.4716981132075472,0.0,0
1175,0.4545454545454546,0.21394984326018807,0.19173012978654938,0.23076923076923075,0.4716981132075472,0.3333333333333333,0
2047,0.20454545454545456,0.06269592476489028,0.13289713611498444,0.17857142857142855,0.7735849056603774,0.3333333333333333,0
2033,0.5681818181818182,0.2852664576802508,0.3716614823554649,0.2653061224489796,0.5283018867924528,0.0,1
6936,0.7272727272727273,0.5689655172413793,0.6631449104365548,0.21428571428571427,0.41509433962264153,0.0,1
7462,0.4545454545454546,0.2797805642633229,0.31223854982301835,0.17647058823529413,0.339622641509434,0.0,0
4279,0.75,0.6927899686520376,0.6725303014051269,0.18681318681318682,0.5849056603773585,0.0,1
1823,0.4090909090909091,0.14890282131661442,0.2349029282419822,0.2714285714285714,0.339622641509434,0.0,0
7227,0.5454545454545455,0.3330721003134796,0.44690550252064787,0.21008403361344538,0.5094339622641509,0.6666666666666666,1
1343,0.6590909090909092,0.37617554858934166,0.5844685187171511,0.26785714285714285,0.6981132075471698,0.6666666666666666,1
4362,0.7954545454545455,0.7053291536050157,0.5928349243805642,0.20571428571428568,0.6037735849056604,0.3333333333333333,1
7954,0.27272727272727276,0.1426332288401254,0.17086774643355143,0.1326530612244898,0.5283018867924528,0.0,0
7467,0.4090909090909091,0.16379310344827586,0.24916872251421215,0.24675324675324675,0.4716981132075472,0.3333333333333333,0
3854,0.7272727272727273,0.5689655172413793,0.6259787622010081,0.21428571428571427,0.5660377358490566,0.0,1
2614,0.4090909090909091,0.16379310344827586,0.2430548106832565,0.24675324675324675,0.5283018867924528,0.3333333333333333,1
3554,0.5454545454545455,0.3134796238244514,0.3450069720047195,0.2232142857142857,0.5660377358490566,0.0,1
7013,0.5227272727272727,0.3385579937304075,0.3540705781400837,0.19047619047619047,0.7358490566037736,0.0,1
3256,0.6818181818181819,0.5101880877742947,0.6906575136758554,0.2108843537414966,0.3584905660377359,0.3333333333333333,0
982,0.31818181818181823,0.14106583072100312,0.1741928563767028,0.17857142857142855,0.41509433962264153,0.0,0
5391,0.6590909090909092,0.44670846394984326,0.468625978762201,0.22556390977443608,0.6415094339622641,0.0,1
3664,0.5227272727272727,0.31974921630094044,0.457041724766706,0.20168067226890757,0.7358490566037736,0.0,1
897,0.31818181818181823,0.09404388714733541,0.14603668347098572,0.26785714285714285,0.41509433962264153,0.0,0
7982,0.18181818181818182,0.02115987460815047,0.07202617183310094,0.42857142857142855,0.37735849056603776,0.3333333333333333,0
6008,0.6363636363636364,0.5227272727272727,0.446530086881905,0.18012422360248448,0.5283018867924528,0.3333333333333333,1
3765,0.11363636363636362,0.028213166144200625,0.03003325109943151,0.14285714285714285,0.4339622641509434,0.0,0
4097,0.5,0.18025078369905956,0.3587364582216025,0.3285714285714285,0.41509433962264153,0.6666666666666666,1
7263,0.5,0.25235109717868337,0.41054381636812176,0.2346938775510204,0.20754716981132076,0.3333333333333333,0
5721,0.3863636363636364,0.15517241379310345,0.25496084951195963,0.23376623376623376,0.39622641509433965,0.0,0
6794,0.36363636363636365,0.19984326018808776,0.1801995065965891,0.16190476190476188,0.5471698113207547,0.0,0
4582,0.20454545454545456,0.06269592476489028,0.07443955808216239,0.17857142857142855,0.6037735849056604,0.0,0
3812,0.36363636363636365,0.14655172413793102,0.21849190174836428,0.22077922077922077,0.3584905660377359,0.0,0
849,0.4545454545454546,0.1974921630094044,0.20749758661375095,0.25,0.4716981132075472,0.3333333333333333,0
7724,0.7727272727272728,0.54858934169279,0.6962887482569988,0.25,0.3584905660377359,1.0,1
3751,0.31818181818181823,0.11755485893416927,0.18143301512388715,0.21428571428571427,0.2641509433962264,0.0,0
5593,0.1590909090909091,0.03761755485893417,0.05974471736565483,0.19047619047619047,0.2641509433962264,0.3333333333333333,0
154,0.5,0.23432601880877743,0.37353856054917944,0.25274725274725274,0.5849056603773585,0.6666666666666666,1
2816,0.36363636363636365,0.1731974921630094,0.12549608495119596,0.18681318681318682,0.4528301886792453,0.6666666666666666,0
1591,0.6818181818181819,0.4373040752351097,0.6175050949265258,0.24603174603174605,0.30188679245283023,0.6666666666666666,1
163,0.5227272727272727,0.3573667711598746,0.4094175694518931,0.18045112781954886,0.6981132075471698,0.3333333333333333,1
7908,0.6590909090909092,0.4231974921630094,0.30129786549393966,0.23809523809523808,0.2641509433962264,0.6666666666666666,1
6506,0.5227272727272727,0.3385579937304075,0.36436769280274584,0.19047619047619047,0.4339622641509434,0.0,0
3045,0.5681818181818182,0.4075235109717868,0.4804247559798348,0.18571428571428572,0.5283018867924528,0.0,1
3023,0.6590909090909092,0.3996865203761755,0.5715971253888233,0.25210084033613445,0.4528301886792453,0.0,1
3495,0.5454545454545455,0.2938871473354232,0.3275769602059423,0.23809523809523808,0.6981132075471698,0.0,1
7292,0.4772727272727273,0.25862068965517243,0.32039043226429265,0.2095238095238095,0.5094339622641509,0.3333333333333333,1
2394,0.4545454545454546,0.21394984326018807,0.27394615467124317,0.23076923076923075,0.6226415094339622,0.3333333333333333,1
6812,0.7272727272727273,0.6206896551724138,0.6560656441059745,0.19642857142857142,0.0,0.0,0
4676,0.4318181818181819,0.2507836990595611,0.2927169366083878,0.17857142857142855,0.5471698113207547,0.3333333333333333,0
1086,0.022727272727272728,0.003134796238244514,0.00128713933283278,0.14285714285714285,0.5283018867924528,0.0,0
3930,0.5909090909090909,0.2962382445141066,0.3457041724766706,0.2755102040816326,0.5094339622641509,0.3333333333333333,1
5300,0.4090909090909091,0.2084639498432602,0.17478279523758444,0.19387755102040816,0.339622641509434,0.3333333333333333,0
5716,0.6818181818181819,0.48589341692789967,0.3997103936501126,0.22142857142857142,0.0566037735849057,0.0,1
6470,0.20454545454545456,0.07053291536050156,0.09964603668347098,0.15873015873015872,0.6415094339622641,0.0,0
5253,0.5,0.25235109717868337,0.3501018985305159,0.2346938775510204,0.13207547169811323,0.0,0
5020,0.3863636363636364,0.225705329153605,0.21248525152847797,0.1607142857142857,0.39622641509433965,0.0,0
1505,0.22727272727272727,0.09482758620689655,0.08323501018985305,0.14285714285714285,0.7169811320754718,0.0,0
303,0.3863636363636364,0.18338557993730406,0.21634666952697626,0.1978021978021978,0.2641509433962264,0.6666666666666666,0
3063,0.27272727272727276,0.12225705329153605,0.12345811434087739,0.15476190476190474,0.37735849056603776,0.0,0
4498,0.5227272727272727,0.28213166144200624,0.19703957953448462,0.22857142857142856,0.6037735849056604,0.0,0
8397,0.5454545454545455,0.35266457680250785,0.41472701919982835,0.1984126984126984,0.169811320754717,0.0,0
5560,0.27272727272727276,0.08150470219435736,0.1415853266116057,0.23214285714285712,0.4339622641509434,0.6666666666666666,0
4033,0.31818181818181823,0.058777429467084634,0.15649469055025206,0.42857142857142855,0.4339622641509434,0.0,0
530,0.6136363636363636,0.4169278996865204,0.4338732167757159,0.21052631578947367,0.4716981132075472,0.3333333333333333,1
1724,0.4772727272727273,0.22413793103448276,0.2779148342808109,0.24175824175824173,0.7169811320754718,0.3333333333333333,0
550,0.4772727272727273,0.29310344827586204,0.2932532446637348,0.18487394957983194,0.9056603773584906,0.6666666666666666,0
8132,0.6136363636363636,0.3730407523510972,0.4699131180950338,0.2352941176470588,0.15094339622641512,0.3333333333333333,1
3659,0.4090909090909091,0.19357366771159873,0.2216561192749115,0.20879120879120877,0.4716981132075472,0.0,0
5550,0.3863636363636364,0.1974921630094044,0.19028209803711252,0.1836734693877551,0.5471698113207547,0.0,0
260,0.7272727272727273,0.6206896551724138,0.7339375737423576,0.19642857142857142,0.15094339622641512,0.0,1
2415,0.6818181818181819,0.4373040752351097,0.595891880296042,0.24603174603174605,0.37735849056603776,0.6666666666666666,1
6229,0.3863636363636364,0.1128526645768025,0.20669312453073044,0.3214285714285714,0.5660377358490566,0.0,0
8944,0.5,0.27037617554858934,0.31186313418427536,0.21904761904761905,0.6792452830188679,0.3333333333333333,1
7173,0.5,0.23432601880877743,0.24402016518288103,0.25274725274725274,0.49056603773584906,0.6666666666666666,1
8115,0.5,0.27037617554858934,0.3464013729486217,0.21904761904761905,0.49056603773584906,0.0,0
1380,0.3863636363636364,0.15517241379310345,0.1970395795344846,0.23376623376623376,0.5283018867924528,0.0,0
6232,0.4090909090909091,0.16379310344827586,0.20025742786656653,0.24675324675324675,0.4716981132075472,0.3333333333333333,0
8831,0.29545454545454547,0.0987460815047022,0.19961385820015018,0.2222222222222222,0.5471698113207547,0.3333333333333333,0
1682,0.5227272727272727,0.28213166144200624,0.22921806285530408,0.22857142857142856,0.339622641509434,0.3333333333333333,0
5651,0.6818181818181819,0.48589341692789967,0.5027888018878043,0.22142857142857142,0.6226415094339622,0.3333333333333333,1
7744,0.4318181818181819,0.2037617554858934,0.23157781829883084,0.21978021978021978,0.49056603773584906,0.6666666666666666,0
4286,0.7272727272727273,0.5431034482758621,0.5817333476348814,0.22448979591836732,0.49056603773584906,0.0,1
4880,0.75,0.4263322884012539,0.7071758017805428,0.30357142857142855,0.6981132075471698,0.0,1
687,0.5454545454545455,0.39184952978056425,0.4750616754263649,0.17857142857142855,0.28301886792452835,0.6666666666666666,1
5927,0.5454545454545455,0.372257053291536,0.562211734420251,0.18796992481203006,0.5849056603773585,0.3333333333333333,1
3107,0.3863636363636364,0.18338557993730406,0.2771640030033251,0.1978021978021978,0.37735849056603776,0.3333333333333333,0
7695,0.5909090909090909,0.2750783699059561,0.3891451249597768,0.2967032967032967,0.41509433962264153,0.6666666666666666,1
6929,0.4772727272727273,0.1896551724137931,0.21420143730558833,0.2857142857142857,0.7547169811320755,0.6666666666666666,1
6527,0.5454545454545455,0.3330721003134796,0.3450069720047195,0.21008403361344538,0.5094339622641509,0.3333333333333333,1
4485,0.24999999999999997,0.05642633228840125,0.07540491258178698,0.2857142857142857,0.5094339622641509,0.0,0
8495,0.6818181818181819,0.5101880877742947,0.6324680896707068,0.2108843537414966,0.4528301886792453,0.0,1
3857,0.5909090909090909,0.35971786833855796,0.31674353748793305,0.22689075630252098,0.4716981132075472,0.0,0
7680,0.5,0.27037617554858934,0.3476348814759197,0.21904761904761905,0.339622641509434,0.0,1
8525,0.7272727272727273,0.5172413793103449,0.599431513461332,0.23571428571428568,0.3584905660377359,0.3333333333333333,1
1783,0.7272727272727273,0.5431034482758621,0.595891880296042,0.22448979591836732,0.37735849056603776,0.3333333333333333,1
4733,0.4090909090909091,0.2084639498432602,0.3031749436876542,0.19387755102040816,0.660377358490566,0.0,0
155,0.36363636363636365,0.1731974921630094,0.30601737638099324,0.18681318681318682,0.5283018867924528,0.0,0
5609,0.5227272727272727,0.26332288401253917,0.427437520111552,0.24489795918367344,0.6981132075471698,0.3333333333333333,1
4647,0.6136363636363636,0.3510971786833856,0.4248632414458865,0.25,0.3584905660377359,0.3333333333333333,1
5737,0.4090909090909091,0.2084639498432602,0.3378204440630699,0.19387755102040816,0.41509433962264153,0.0,0
8563,0.4090909090909091,0.2084639498432602,0.27362436983803495,0.19387755102040816,0.5471698113207547,0.0,0
3980,0.20454545454545456,0.06269592476489028,0.07497586613750938,0.17857142857142855,0.5094339622641509,0.0,0
6018,0.18181818181818182,0.04231974921630094,0.08940255282634345,0.21428571428571427,0.3584905660377359,0.3333333333333333,0
2257,0.5227272727272727,0.3573667711598746,0.34892202080875256,0.18045112781954886,0.30188679245283023,0.3333333333333333,1
8677,0.5,0.21630094043887146,0.3192641853480639,0.2738095238095238,0.5471698113207547,0.3333333333333333,0
5986,0.5,0.27037617554858934,0.34393435589402555,0.21904761904761905,0.5471698113207547,0.3333333333333333,1
2734,0.31818181818181823,0.09404388714733541,0.191086560120133,0.26785714285714285,0.30188679245283023,0.0,0
4469,0.3863636363636364,0.14106583072100312,0.22406950552397298,0.2571428571428571,0.4716981132075472,0.6666666666666666,1
3596,0.7045454545454546,0.5266457680250783,0.459186956988094,0.21768707482993194,0.4528301886792453,0.6666666666666666,1
6823,0.7045454545454546,0.45141065830721,0.5398476885122814,0.25396825396825395,0.169811320754717,0.0,1
2495,0.5681818181818182,0.3463949843260188,0.4330151238871608,0.21848739495798317,0.4339622641509434,0.0,0
729,0.7272727272727273,0.5431034482758621,0.6790732596803603,0.22448979591836732,0.4716981132075472,0.3333333333333333,1
8018,0.5909090909090909,0.35971786833855796,0.4296900139440094,0.22689075630252098,0.5471698113207547,0.3333333333333333,1
6097,0.6363636363636364,0.4318181818181818,0.5693982623619007,0.21804511278195488,0.37735849056603776,0.0,1
5095,0.13636363636363635,0.0384012539184953,0.0246701705459616,0.14285714285714285,0.41509433962264153,0.3333333333333333,0
8921,0.1590909090909091,0.03761755485893417,0.07175801780542744,0.19047619047619047,0.37735849056603776,0.3333333333333333,0
2145,0.5227272727272727,0.37617554858934166,0.29614930816260865,0.1714285714285714,0.5283018867924528,0.0,1
4372,0.5454545454545455,0.3134796238244514,0.48712860667167224,0.2232142857142857,0.3207547169811321,0.3333333333333333,1
6368,0.4772727272727273,0.1896551724137931,0.33926847581250663,0.2857142857142857,0.6415094339622641,0.0,0
6770,0.5227272727272727,0.31974921630094044,0.4596160034323715,0.20168067226890757,0.37735849056603776,0.3333333333333333,1
1034,0.5681818181818182,0.3056426332288401,0.4260431191676499,0.24761904761904763,0.4339622641509434,0.3333333333333333,0
6703,0.5227272727272727,0.28213166144200624,0.3566448568057492,0.22857142857142856,0.6415094339622641,0.6666666666666666,0
1555,0.5,0.2884012539184953,0.3871071543494583,0.20535714285714285,0.20754716981132076,0.3333333333333333,0
4951,0.13636363636363635,0.0384012539184953,0.05282634345167865,0.14285714285714285,0.28301886792452835,0.0,0
4106,0.4545454545454546,0.1974921630094044,0.1725839322106618,0.25,0.3207547169811321,0.6666666666666666,1
2832,0.36363636363636365,0.10658307210031348,0.23581465193607207,0.30357142857142855,0.5283018867924528,0.0,0
2963,0.6590909090909092,0.5407523510971787,0.6150380778719295,0.18633540372670807,0.660377358490566,0.0,1
6117,0.6363636363636364,0.4318181818181818,0.5274053416282312,0.21804511278195488,0.3207547169811321,0.3333333333333333,1
6616,0.4772727272727273,0.24137931034482757,0.2779148342808109,0.22448979591836732,0.5849056603773585,0.0,0
6888,0.20454545454545456,0.05485893416927899,0.07443955808216239,0.20408163265306123,0.7169811320754718,0.3333333333333333,0
8521,0.31818181818181823,0.11755485893416927,0.14281883513890378,0.21428571428571427,0.5660377358490566,0.0,0
7047,0.5,0.25235109717868337,0.29582752332940043,0.2346938775510204,0.6981132075471698,0.0,0
1236,0.4772727272727273,0.25862068965517243,0.3227501877078194,0.2095238095238095,0.4528301886792453,0.0,1
8266,0.3863636363636364,0.14106583072100312,0.17966319854124208,0.2571428571428571,0.22641509433962265,0.0,0
8089,0.29545454545454547,0.0877742946708464,0.10876327362436984,0.25,0.4716981132075472,0.0,0
546,0.31818181818181823,0.12931034482758622,0.18947763595409203,0.1948051948051948,0.3584905660377359,0.0,0
6562,0.9545454545454546,0.9772727272727272,0.8963852837069614,0.21182266009852216,0.7358490566037736,0.3333333333333333,1
5909,0.34090909090909094,0.13793103448275862,0.2420894561836319,0.20779220779220778,0.5849056603773585,0.0,0
2191,0.6818181818181819,0.4130094043887147,0.6441059744717366,0.26050420168067223,0.5660377358490566,0.6666666666666666,1
4002,0.6363636363636364,0.4318181818181818,0.5507347420358253,0.21804511278195488,0.6226415094339622,0.0,1
5087,0.1590909090909091,0.018808777429467086,0.06274804247559798,0.38095238095238093,0.660377358490566,0.0,0
5951,0.5,0.2884012539184953,0.3303657620937466,0.20535714285714285,0.7358490566037736,0.0,1
1880,0.6590909090909092,0.47021943573667707,0.6279094712002574,0.21428571428571427,0.6037735849056604,0.0,1
4781,0.4090909090909091,0.2084639498432602,0.2777003110586721,0.19387755102040816,0.22641509433962265,0.0,0
6712,0.4772727272727273,0.1896551724137931,0.3121312882119489,0.2857142857142857,0.8113207547169812,0.0,1
6014,0.5909090909090909,0.46551724137931033,0.5122278236619113,0.17532467532467533,0.339622641509434,0.3333333333333333,0
1313,0.5227272727272727,0.3573667711598746,0.32832779148342817,0.18045112781954886,0.4716981132075472,0.0,1
7009,0.22727272727272727,0.07758620689655173,0.08972433765955165,0.17460317460317462,0.24528301886792453,0.0,0
491,0.7272727272727273,0.46551724137931033,0.5622653652257857,0.26190476190476186,0.41509433962264153,0.3333333333333333,1
4250,0.22727272727272727,0.06896551724137931,0.0802853158854446,0.19642857142857142,0.6226415094339622,0.0,0
1352,0.20454545454545456,0.03134796238244514,0.07014909363938646,0.3571428571428571,0.6037735849056604,0.3333333333333333,0
563,0.31818181818181823,0.10579937304075235,0.17741070470878473,0.23809523809523808,0.4339622641509434,0.3333333333333333,0
4149,0.29545454545454547,0.0987460815047022,0.15831813793843186,0.2222222222222222,0.6981132075471698,0.0,0
4665,0.6590909090909092,0.47021943573667707,0.4251850262790947,0.21428571428571427,0.41509433962264153,0.3333333333333333,0
8959,0.4090909090909091,0.22335423197492163,0.21859916335943366,0.18095238095238092,0.4716981132075472,0.0,0
6710,0.4090909090909091,0.13401253918495298,0.2878901641102649,0.30158730158730157,0.4528301886792453,0.3333333333333333,0
5921,0.6590909090909092,0.4231974921630094,0.5715971253888233,0.23809523809523808,0.5471698113207547,0.3333333333333333,1
7242,0.5454545454545455,0.35266457680250785,0.38388930601737636,0.1984126984126984,0.5094339622641509,0.3333333333333333,0
4786,0.4318181818181819,0.2037617554858934,0.18223747720690764,0.21978021978021978,0.5660377358490566,0.0,0
5268,0.36363636363636365,0.19984326018808776,0.25496084951195963,0.16190476190476188,0.3584905660377359,0.0,0
5448,0.7045454545454546,0.7021943573667712,0.6428188351389037,0.16326530612244897,0.39622641509433965,0.0,0
4753,0.5681818181818182,0.32601880877742945,0.4260431191676499,0.23214285714285712,0.2641509433962264,0.6666666666666666,1
143,0.4772727272727273,0.25862068965517243,0.28145446744610103,0.2095238095238095,0.5471698113207547,0.3333333333333333,1
6636,0.6363636363636364,0.36363636363636365,0.560066502198863,0.2589285714285714,0.8867924528301887,0.0,1
2594,0.7727272727272728,0.49373040752351094,0.6024348385712753,0.27777777777777773,0.8490566037735849,0.6666666666666666,1
5417,0.5,0.2884012539184953,0.3883406628767564,0.20535714285714285,0.6415094339622641,0.6666666666666666,0
6786,0.27272727272727276,0.08150470219435736,0.10323930065429583,0.23214285714285712,0.15094339622641512,0.3333333333333333,0
2847,0.7045454545454546,0.5266457680250783,0.6445350209160141,0.21768707482993194,0.18867924528301888,0.0,1
7686,0.29545454545454547,0.10971786833855798,0.10275662340448352,0.19999999999999998,0.5283018867924528,0.3333333333333333,0
6042,0.6590909090909092,0.3996865203761755,0.5538989595623726,0.25210084033613445,0.6226415094339622,0.6666666666666666,1
7033,0.3863636363636364,0.16927899686520376,0.20669312453073044,0.21428571428571427,0.4716981132075472,0.0,0
93,0.7272727272727273,0.5172413793103449,0.6613750938539096,0.23571428571428568,0.6037735849056604,0.3333333333333333,1
6007,0.5227272727272727,0.28213166144200624,0.44030891343987977,0.22857142857142856,0.3584905660377359,0.3333333333333333,1
8273,0.20454545454545456,0.06269592476489028,0.10608173334763488,0.17857142857142855,0.5283018867924528,0.0,0
700,0.7045454545454546,0.6269592476489028,0.6359540920304623,0.18285714285714286,0.339622641509434,0.3333333333333333,1
7604,0.3863636363636364,0.23981191222570533,0.21924273302585004,0.15126050420168066,0.6792452830188679,0.0,0
4184,0.34090909090909094,0.16300940438871472,0.2643998712860667,0.17582417582417584,0.3207547169811321,0.0,0
2203,0.22727272727272727,0.043103448275862065,0.12453073045157137,0.3142857142857143,0.5471698113207547,0.0,0
2640,0.3863636363636364,0.1128526645768025,0.19028209803711252,0.3214285714285714,0.4339622641509434,0.3333333333333333,0
6377,0.34090909090909094,0.16300940438871472,0.12281454467446101,0.17582417582417584,0.5849056603773585,0.6666666666666666,0
5976,0.34090909090909094,0.1128526645768025,0.20862383352997962,0.25396825396825395,0.28301886792452835,0.0,0
953,0.24999999999999997,0.08463949843260188,0.08441488791161644,0.19047619047619047,0.30188679245283023,0.3333333333333333,0
8555,0.6363636363636364,0.36363636363636365,0.4900783009760806,0.2589285714285714,0.4339622641509434,0.3333333333333333,1
217,0.6363636363636364,0.4318181818181818,0.5056312345811433,0.21804511278195488,0.37735849056603776,0.0,1
5985,0.9090909090909092,0.8996865203761755,0.926901212056205,0.20918367346938774,0.339622641509434,0.3333333333333333,1
861,0.5454545454545455,0.2938871473354232,0.31416925882226754,0.23809523809523808,0.6037735849056604,0.0,1
4233,0.3863636363636364,0.12695924764890282,0.30129786549393966,0.2857142857142857,0.4528301886792453,0.3333333333333333,0
736,0.36363636363636365,0.19984326018808776,0.24584361257106083,0.16190476190476188,0.5660377358490566,0.0,0
3008,0.3863636363636364,0.23981191222570533,0.19897028853373377,0.15126050420168066,0.4528301886792453,0.3333333333333333,0
269,0.6818181818181819,0.5587774294670846,0.5144266866888341,0.19254658385093165,0.41509433962264153,0.3333333333333333,1
7797,0.5,0.3064263322884012,0.3772390861310737,0.19327731092436976,0.41509433962264153,0.0,0
2770,0.22727272727272727,0.05172413793103448,0.11627158639922772,0.26190476190476186,0.30188679245283023,0.3333333333333333,0
5756,0.6363636363636364,0.45454545454545453,0.6611605706317708,0.20714285714285713,0.41509433962264153,0.0,1
5882,0.5227272727272727,0.26332288401253917,0.3090207014909364,0.24489795918367344,0.6226415094339622,0.3333333333333333,1
4932,0.5909090909090909,0.35971786833855796,0.5020916014158533,0.22689075630252098,0.6226415094339622,0.0,1
8543,0.7272727272727273,0.6724137931034483,0.744556473238228,0.18131868131868129,0.37735849056603776,0.0,1
2193,0.5,0.27037617554858934,0.3501018985305159,0.21904761904761905,0.5660377358490566,0.0,1
5877,0.34090909090909094,0.1755485893416928,0.20604955486431403,0.16326530612244897,0.39622641509433965,0.0,0
3719,0.5681818181818182,0.26489028213166144,0.41907111444813905,0.2857142857142857,0.5471698113207547,0.3333333333333333,1
532,0.5227272727272727,0.3385579937304075,0.2613965461761235,0.19047619047619047,0.5849056603773585,0.3333333333333333,1
1840,0.4772727272727273,0.25862068965517243,0.2460581357931996,0.2095238095238095,0.49056603773584906,0.3333333333333333,1
8980,0.6818181818181819,0.5587774294670846,0.630805534699131,0.19254658385093165,0.39622641509433965,0.3333333333333333,1
2444,0.36363636363636365,0.14655172413793102,0.1400836640566341,0.22077922077922077,0.37735849056603776,0.3333333333333333,0
2055,0.4545454545454546,0.21394984326018807,0.3471522042261075,0.23076923076923075,0.6037735849056604,0.6666666666666666,0
4446,0.6136363636363636,0.3072100313479624,0.28971361149844466,0.2857142857142857,0.5471698113207547,0.3333333333333333,1
8453,0.36363636363636365,0.1731974921630094,0.21302155958382493,0.18681318681318682,0.5283018867924528,0.0,0
3887,0.18181818181818182,0.04231974921630094,0.058511208838356754,0.21428571428571427,0.7547169811320755,0.3333333333333333,0
3675,0.5454545454545455,0.35266457680250785,0.36243698380349676,0.1984126984126984,0.8301886792452831,0.0,1
8257,0.4318181818181819,0.2037617554858934,0.22514212163466696,0.21978021978021978,0.5849056603773585,0.0,0
706,0.6818181818181819,0.5587774294670846,0.6906575136758554,0.19254658385093165,0.4528301886792453,0.6666666666666666,1
5884,0.5227272727272727,0.31974921630094044,0.404269012120562,0.20168067226890757,0.5094339622641509,0.0,0
5155,0.5,0.25235109717868337,0.3377668132575351,0.2346938775510204,0.6415094339622641,0.6666666666666666,1
6303,0.5454545454545455,0.2938871473354232,0.3235546497908398,0.23809523809523808,0.339622641509434,0.3333333333333333,1
1470,0.3863636363636364,0.15517241379310345,0.17966319854124208,0.23376623376623376,0.5283018867924528,0.0,0
5166,0.8863636363636365,0.8150470219435736,0.7367800064356966,0.21978021978021978,0.5660377358490566,0.0,1
2148,0.27272727272727276,0.0713166144200627,0.1443741284994101,0.2653061224489796,0.5660377358490566,0.3333333333333333,0
7814,0.75,0.5329153605015674,0.6542958275233293,0.24285714285714283,0.8490566037735849,0.3333333333333333,1
4718,0.4545454545454546,0.21394984326018807,0.2953448460795881,0.23076923076923075,0.39622641509433965,0.0,0
5332,0.5454545454545455,0.372257053291536,0.41472701919982835,0.18796992481203006,0.4528301886792453,1.0,1
1876,0.5909090909090909,0.38087774294670845,0.46444277593049454,0.21428571428571427,0.5471698113207547,0.0,1
6648,0.6136363636363636,0.46081504702194354,0.4488898423254317,0.19047619047619047,0.6226415094339622,0.0,1
1214,0.36363636363636365,0.13322884012539185,0.16561192749115092,0.24285714285714283,0.37735849056603776,0.3333333333333333,0
1129,0.09090909090909091,0.023510971786833854,0.035020916014158535,0.11904761904761904,0.5471698113207547,0.0,0
7813,0.4772727272727273,0.1896551724137931,0.26375630161965036,0.2857142857142857,0.4528301886792453,0.6666666666666666,0
8322,0.4090909090909091,0.16379310344827586,0.2501877078193714,0.24675324675324675,0.5849056603773585,0.6666666666666666,0
4960,0.5227272727272727,0.30094043887147337,0.3321892094819263,0.21428571428571427,0.39622641509433965,0.0,1
7063,0.4090909090909091,0.19357366771159873,0.23694089885230077,0.20879120879120877,0.20754716981132076,0.0,0
1457,0.34090909090909094,0.16300940438871472,0.2017590904215381,0.17582417582417584,0.3584905660377359,0.0,0
8979,0.5,0.3605015673981191,0.42411241016840073,0.16428571428571426,0.5094339622641509,0.0,0
3576,0.5454545454545455,0.2938871473354232,0.37316314491043656,0.23809523809523808,0.5849056603773585,0.0,1
6639,0.24999999999999997,0.07523510971786834,0.10629625656977366,0.21428571428571427,0.49056603773584906,0.0,0
4547,0.4318181818181819,0.23510971786833854,0.34098466158961704,0.19047619047619047,0.49056603773584906,0.0,0
755,0.4318181818181819,0.23510971786833854,0.23801351496299475,0.19047619047619047,0.7169811320754718,0.6666666666666666,0
4017,0.7954545454545455,0.6489028213166144,0.6507561943580393,0.2236024844720497,0.5660377358490566,0.6666666666666666,1
8118,0.4318181818181819,0.18808777429467083,0.2465944438485466,0.23809523809523808,0.30188679245283023,0.0,0
2100,0.6818181818181819,0.5101880877742947,0.5809288855518608,0.2108843537414966,0.6981132075471698,0.3333333333333333,1
4462,0.5909090909090909,0.2962382445141066,0.50353963316529,0.2755102040816326,0.6415094339622641,0.6666666666666666,1
1911,0.4318181818181819,0.21943573667711597,0.33562158103614714,0.20408163265306123,0.6037735849056604,0.0,0
1192,0.5,0.23432601880877743,0.3871071543494583,0.25274725274725274,0.3207547169811321,0.3333333333333333,0
778,0.4772727272727273,0.3103448275862069,0.36640566341306446,0.17460317460317462,0.39622641509433965,0.0,0
4411,0.8181818181818182,0.5799373040752351,0.7285744931888877,0.2642857142857143,0.5471698113207547,0.3333333333333333,1
5842,0.5227272727272727,0.31974921630094044,0.3682291108012442,0.20168067226890757,0.4716981132075472,0.0,1
2842,0.6363636363636364,0.40909090909090906,0.42009009975329825,0.23015873015873015,0.37735849056603776,0.3333333333333333,1
4404,0.75,0.5595611285266457,0.719939933497801,0.2312925170068027,0.7358490566037736,0.3333333333333333,1
503,0.5,0.27037617554858934,0.3007615574385927,0.21904761904761905,0.39622641509433965,0.0,0
4807,0.5227272727272727,0.26332288401253917,0.2794164968357825,0.24489795918367344,0.30188679245283023,0.0,0
7003,0.6363636363636364,0.40909090909090906,0.4651936072079802,0.23015873015873015,0.5471698113207547,0.3333333333333333,1
5989,0.7045454545454546,0.47648902821316613,0.4832135578676392,0.24060150375939848,0.5471698113207547,1.0,1
3470,0.5681818181818182,0.3463949843260188,0.4316207229432586,0.21848739495798317,0.8867924528301887,0.3333333333333333,1
1411,0.6363636363636364,0.45454545454545453,0.3812077657406414,0.20714285714285713,0.8113207547169812,0.0,1
893,0.4772727272727273,0.25862068965517243,0.3168507990990025,0.2095238095238095,0.6037735849056604,0.0,0
1235,0.3863636363636364,0.15517241379310345,0.24627265901533843,0.23376623376623376,0.6226415094339622,0.3333333333333333,0
8721,0.36363636363636365,0.15987460815047022,0.16925882226751043,0.20238095238095238,0.49056603773584906,0.0,0
3199,0.5,0.23432601880877743,0.3266652365118524,0.25274725274725274,0.8113207547169812,0.6666666666666666,1
2607,0.34090909090909094,0.1755485893416928,0.196610533090207,0.16326530612244897,0.6226415094339622,0.0,0
5432,0.4772727272727273,0.22413793103448276,0.2354392362973292,0.24175824175824173,0.5471698113207547,0.3333333333333333,1
2949,0.27272727272727276,0.0713166144200627,0.10811970395795345,0.2653061224489796,0.49056603773584906,0.3333333333333333,0
662,0.4545454545454546,0.21394984326018807,0.3651721548857664,0.23076923076923075,0.39622641509433965,0.0,0
1009,0.4318181818181819,0.17241379310344826,0.24766705995924057,0.2597402597402597,0.8867924528301887,0.0,1
3586,0.6136363636363636,0.3949843260188088,0.4849297436447495,0.2222222222222222,0.6415094339622641,0.0,1
7568,0.20454545454545456,0.05485893416927899,0.0739032500268154,0.20408163265306123,0.39622641509433965,0.0,0
3399,0.6363636363636364,0.36363636363636365,0.49474418105759943,0.2589285714285714,0.8867924528301887,0.3333333333333333,1
7869,0.5,0.2884012539184953,0.2773248954199292,0.20535714285714285,0.3584905660377359,0.3333333333333333,0
6990,0.5,0.3064263322884012,0.38340662876756404,0.19327731092436976,0.4716981132075472,0.3333333333333333,0
6789,0.31818181818181823,0.164576802507837,0.13316529014265793,0.1530612244897959,0.4339622641509434,0.3333333333333333,0
4452,0.6363636363636364,0.36363636363636365,0.49318888769709324,0.2589285714285714,0.5849056603773585,0.0,0
1145,0.4545454545454546,0.21394984326018807,0.2097500804462083,0.23076923076923075,0.22641509433962265,0.0,0
8843,0.4545454545454546,0.23040752351097177,0.34827845114233613,0.21428571428571427,0.49056603773584906,0.0,0
6376,0.4090909090909091,0.19357366771159873,0.20433336908720368,0.20879120879120877,0.5660377358490566,0.0,0
5116,0.22727272727272727,0.06034482758620689,0.08677464335514319,0.22448979591836732,0.30188679245283023,0.0,0
7752,0.4545454545454546,0.1974921630094044,0.29872358682827416,0.25,0.5660377358490566,0.3333333333333333,1
5461,0.22727272727272727,0.06034482758620689,0.10093317601630375,0.22448979591836732,0.5283018867924528,0.3333333333333333,0
2072,0.5681818181818182,0.3463949843260188,0.4260431191676499,0.21848739495798317,0.5283018867924528,0.3333333333333333,1
7000,0.4318181818181819,0.21943573667711597,0.2734098466158962,0.20408163265306123,0.6037735849056604,0.6666666666666666,0
6810,0.5,0.3064263322884012,0.3599699667489006,0.19327731092436976,0.5094339622641509,0.3333333333333333,0
5305,0.3863636363636364,0.16927899686520376,0.18352461653974045,0.21428571428571427,0.4716981132075472,0.6666666666666666,0
6579,0.5,0.2884012539184953,0.34516786442132363,0.20535714285714285,0.3584905660377359,0.3333333333333333,0
4311,0.31818181818181823,0.12931034482758622,0.15729915263327254,0.1948051948051948,0.5094339622641509,0.0,0
6574,0.5909090909090909,0.4231974921630094,0.4962994744181056,0.19285714285714287,0.7358490566037736,0.3333333333333333,1
6733,0.5227272727272727,0.31974921630094044,0.3360506274804247,0.20168067226890757,0.28301886792452835,0.3333333333333333,0
6220,0.6590909090909092,0.49373040752351094,0.529765097071758,0.20408163265306123,0.5471698113207547,0.3333333333333333,1
3886,0.5909090909090909,0.25391849529780564,0.44417033143837814,0.3214285714285714,0.6981132075471698,0.3333333333333333,1
1016,0.7272727272727273,0.5689655172413793,0.6525260109406842,0.21428571428571427,0.5283018867924528,0.0,1
5524,0.4772727272727273,0.17241379310344826,0.26257642389788693,0.3142857142857143,0.49056603773584906,0.3333333333333333,0
1285,0.11363636363636362,0.032915360501567396,0.04451356859380027,0.12244897959183672,0.28301886792452835,0.0,0
7961,0.5227272727272727,0.2445141065830721,0.3656548321355787,0.26373626373626374,0.5283018867924528,0.3333333333333333,1
1612,0.4545454545454546,0.2797805642633229,0.34377346347742144,0.17647058823529413,0.5660377358490566,0.0,0
242,0.5909090909090909,0.2962382445141066,0.5136758554113482,0.2755102040816326,0.4339622641509434,0.6666666666666666,1
1884,0.5681818181818182,0.3056426332288401,0.36608387857985625,0.24761904761904763,0.6037735849056604,0.3333333333333333,0
6821,0.4545454545454546,0.1481191222570533,0.2536737101791269,0.3333333333333333,0.5660377358490566,0.3333333333333333,0
1110,0.7272727272727273,0.5948275862068966,0.5445671993993348,0.20496894409937885,0.18867924528301888,0.0,1
7962,0.7045454545454546,0.47648902821316613,0.6393864635846831,0.24060150375939848,0.6981132075471698,0.3333333333333333,1
1251,0.6136363636363636,0.4169278996865204,0.5029496943044084,0.21052631578947367,0.41509433962264153,0.0,1
5493,0.3863636363636364,0.14106583072100312,0.1690442990453717,0.2571428571428571,0.6037735849056604,0.0,0
565,0.6590909090909092,0.37617554858934166,0.5120669312453072,0.26785714285714285,0.6415094339622641,0.6666666666666666,1
3562,0.4318181818181819,0.21943573667711597,0.23479566663091278,0.20408163265306123,0.28301886792452835,0.3333333333333333,0
2023,0.75,0.6661442006269592,0.6214737745360935,0.19428571428571428,0.7735849056603774,0.3333333333333333,1
8288,0.31818181818181823,0.12931034482758622,0.1548857663842111,0.1948051948051948,0.49056603773584906,0.0,0
3353,0.34090909090909094,0.12539184952978055,0.15370588866244772,0.22857142857142856,0.5094339622641509,0.0,0
7002,0.5909090909090909,0.4866771159874608,0.44851442668668884,0.16770186335403728,0.41509433962264153,0.0,0
2985,0.5454545454545455,0.3330721003134796,0.44154242196717797,0.21008403361344538,0.3584905660377359,0.0,1
3013,0.6590909090909092,0.47021943573667707,0.4380564196074225,0.21428571428571427,0.8113207547169812,0.3333333333333333,1
1153,1.0,0.9169278996865203,0.9746326289820874,0.24725274725274726,0.4528301886792453,0.6666666666666666,1
4692,0.3863636363636364,0.1974921630094044,0.14587579105438161,0.1836734693877551,0.37735849056603776,0.0,0
6685,0.1590909090909091,0.03761755485893417,0.0558832993671565,0.19047619047619047,0.09433962264150947,0.0,0
6891,0.4772727272727273,0.22413793103448276,0.3192105545425292,0.24175824175824173,0.4716981132075472,0.0,1
11,0.24999999999999997,0.09404388714733541,0.15005899388608818,0.1714285714285714,0.5094339622641509,0.0,0
5389,0.8181818181818182,0.5799373040752351,0.8099324251850263,0.2642857142857143,0.28301886792452835,1.0,1
912,0.5227272727272727,0.26332288401253917,0.4312989381100505,0.24489795918367344,0.5094339622641509,0.3333333333333333,0
1487,0.36363636363636365,0.15987460815047022,0.12731953233937573,0.20238095238095238,0.4339622641509434,0.0,0
1582,0.3863636363636364,0.2115987460815047,0.22406950552397298,0.1714285714285714,0.3584905660377359,0.0,0
194,0.4090909090909091,0.13401253918495298,0.2603775608709643,0.30158730158730157,0.37735849056603776,0.6666666666666666,0
6781,0.5,0.3064263322884012,0.34146733883942937,0.19327731092436976,0.6226415094339622,0.3333333333333333,0
3652,0.8409090909090909,0.8338557993730408,0.7117880510565268,0.19387755102040816,0.5471698113207547,0.3333333333333333,1
2453,0.6590909090909092,0.44670846394984326,0.402660087954521,0.22556390977443608,0.5849056603773585,0.3333333333333333,1
1737,0.3863636363636364,0.14106583072100312,0.2501340770138367,0.2571428571428571,0.24528301886792453,0.3333333333333333,0
2159,0.9772727272727273,1.0,1.0000000000000002,0.2167487684729064,0.5094339622641509,0.3333333333333333,1
4855,0.5909090909090909,0.3385579937304075,0.4861632521720476,0.24107142857142855,0.39622641509433965,0.0,1
1699,0.24999999999999997,0.09404388714733541,0.09728628123994423,0.1714285714285714,0.2641509433962264,0.0,0
797,0.29545454545454547,0.0877742946708464,0.15231148771854552,0.25,0.5471698113207547,0.0,0
3524,0.4090909090909091,0.2084639498432602,0.25222567842969,0.19387755102040816,0.41509433962264153,0.3333333333333333,0
4513,0.5227272727272727,0.31974921630094044,0.2884264721656119,0.20168067226890757,0.41509433962264153,0.0,0
4999,0.6818181818181819,0.5101880877742947,0.5426901212056205,0.2108843537414966,0.5283018867924528,0.6666666666666666,1
2603,0.5,0.27037617554858934,0.3106296256569774,0.21904761904761905,0.6792452830188679,0.3333333333333333,1
3585,0.5681818181818182,0.4075235109717868,0.41628231256033466,0.18571428571428572,0.41509433962264153,0.0,0
1042,0.4318181818181819,0.18808777429467083,0.2927169366083878,0.23809523809523808,0.5283018867924528,0.3333333333333333,0
4038,0.27272727272727276,0.08150470219435736,0.15134613321892096,0.23214285714285712,0.24528301886792453,0.0,0
5535,0.4318181818181819,0.17241379310344826,0.29057170438699986,0.2597402597402597,0.6792452830188679,0.6666666666666666,1
5893,0.6590909090909092,0.49373040752351094,0.6214737745360935,0.20408163265306123,0.7924528301886793,0.3333333333333333,1
4255,0.8181818181818182,0.7249216300940439,0.8396975222567843,0.2114285714285714,0.49056603773584906,0.0,1
4001,0.4545454545454546,0.23040752351097177,0.2300225249383246,0.21428571428571427,0.6226415094339622,0.6666666666666666,0
1860,0.5,0.23432601880877743,0.37107154349458327,0.25274725274725274,0.4339622641509434,0.3333333333333333,0
7476,0.5909090909090909,0.35971786833855796,0.5701490936393864,0.22689075630252098,0.5094339622641509,0.3333333333333333,1
2015,0.5,0.27037617554858934,0.23661911401909258,0.21904761904761905,0.22641509433962265,0.6666666666666666,0
6999,0.4090909090909091,0.1786833855799373,0.25528263434516785,0.22619047619047616,0.37735849056603776,0.0,0
4995,0.34090909090909094,0.18808777429467083,0.22063713396975224,0.15238095238095237,0.3207547169811321,0.3333333333333333,0
890,0.4545454545454546,0.26332288401253917,0.27394615467124317,0.1875,0.4339622641509434,0.3333333333333333,0
854,0.6363636363636364,0.45454545454545453,0.4791912474525367,0.20714285714285713,0.4528301886792453,0.0,0
5232,0.5227272727272727,0.31974921630094044,0.39654617612356535,0.20168067226890757,0.5283018867924528,0.0,0
4046,0.6590909090909092,0.4231974921630094,0.5973399120454789,0.23809523809523808,0.4716981132075472,0.6666666666666666,1
5054,0.31818181818181823,0.0822884012539185,0.1846508634559691,0.3061224489795918,0.6226415094339622,0.3333333333333333,0
2754,0.4772727272727273,0.25862068965517243,0.31449104365547575,0.2095238095238095,0.3207547169811321,0.0,0
1043,0.5909090909090909,0.38087774294670845,0.4065215059530194,0.21428571428571427,0.2641509433962264,0.0,1
2702,0.6590909090909092,0.4231974921630094,0.5458543387321677,0.23809523809523808,0.28301886792452835,0.6666666666666666,1
6597,0.6590909090909092,0.4231974921630094,0.6295183953662984,0.23809523809523808,0.6981132075471698,0.0,1
6126,0.6818181818181819,0.4615987460815047,0.5526654510350746,0.23308270676691728,0.5660377358490566,0.3333333333333333,1
4528,0.5227272727272727,0.3385579937304075,0.2652579641746219,0.19047619047619047,0.5094339622641509,0.0,1
4475,0.3863636363636364,0.18338557993730406,0.28488683900032175,0.1978021978021978,0.5849056603773585,0.0,0
3165,0.4545454545454546,0.21394984326018807,0.19173012978654938,0.23076923076923075,0.4716981132075472,0.0,0
8526,0.6363636363636364,0.4318181818181818,0.5973935428510135,0.21804511278195488,0.6415094339622641,0.3333333333333333,1
3714,0.24999999999999997,0.06583072100313479,0.13654403089134395,0.24489795918367344,0.6792452830188679,0.0,0
2412,0.5909090909090909,0.2962382445141066,0.4774750616754263,0.2755102040816326,0.5660377358490566,0.3333333333333333,1
3130,0.6818181818181819,0.5587774294670846,0.7072830633916121,0.19254658385093165,0.30188679245283023,0.0,0
5403,0.4318181818181819,0.2037617554858934,0.22728735385605492,0.21978021978021978,0.3207547169811321,0.3333333333333333,0
2851,0.29545454545454547,0.10971786833855798,0.10125496084951195,0.19999999999999998,0.5471698113207547,0.0,0
5725,0.31818181818181823,0.15282131661442006,0.14603668347098572,0.1648351648351648,0.5094339622641509,0.0,0
3868,0.7045454545454546,0.6018808777429467,0.7303443097715328,0.19047619047619047,0.22641509433962265,0.0,0
483,0.5681818181818182,0.3463949843260188,0.4051271050091172,0.21848739495798317,0.339622641509434,0.6666666666666666,1
228,0.4772727272727273,0.29310344827586204,0.3109514104901856,0.18487394957983194,0.6226415094339622,0.0,0
3955,0.7045454545454546,0.45141065830721,0.6359540920304623,0.25396825396825395,0.41509433962264153,0.0,1
3110,0.4090909090909091,0.1786833855799373,0.22675104580070793,0.22619047619047616,0.5283018867924528,0.3333333333333333,0
4282,0.5681818181818182,0.38714733542319746,0.49436876541885655,0.19548872180451127,0.3584905660377359,0.0,0
2014,0.36363636363636365,0.11990595611285267,0.2111981121956452,0.2698412698412698,0.6037735849056604,0.3333333333333333,0
8927,0.4545454545454546,0.21394984326018807,0.30548106832564625,0.23076923076923075,0.4716981132075472,0.0,0
3210,0.4545454545454546,0.23040752351097177,0.33926847581250674,0.21428571428571427,0.660377358490566,0.0,0
7301,0.20454545454545456,0.05485893416927899,0.09428295613000107,0.20408163265306123,0.660377358490566,0.0,0
160,0.29545454545454547,0.06583072100313479,0.09674997318459723,0.3333333333333333,0.39622641509433965,0.0,0
265,0.3863636363636364,0.15517241379310345,0.2520647860130859,0.23376623376623376,0.4339622641509434,0.0,0
4823,0.5681818181818182,0.3463949843260188,0.39257749651399765,0.21848739495798317,0.3207547169811321,0.0,0
7099,0.6818181818181819,0.5344827586206896,0.6740319639600987,0.2012987012987013,0.30188679245283023,0.0,1
7715,0.6136363636363636,0.3510971786833856,0.426364904000858,0.25,0.37735849056603776,0.6666666666666666,1
7248,0.3863636363636364,0.15517241379310345,0.19607422503486002,0.23376623376623376,0.4339622641509434,0.0,0
7204,0.36363636363636365,0.15987460815047022,0.2531374021237799,0.20238095238095238,0.660377358490566,0.0,0
8479,0.5681818181818182,0.4482758620689655,0.4260431191676499,0.16883116883116883,0.4716981132075472,0.3333333333333333,0
5486,0.4772727272727273,0.27586206896551724,0.2849941006113912,0.19642857142857142,0.4339622641509434,0.0,0
7971,0.5,0.23432601880877743,0.33406628767564095,0.25274725274725274,0.5660377358490566,0.6666666666666666,0
6013,0.6590909090909092,0.44670846394984326,0.5136758554113482,0.22556390977443608,0.6792452830188679,0.3333333333333333,1
8128,0.5227272727272727,0.26332288401253917,0.3772390861310736,0.24489795918367344,0.37735849056603776,0.0,1
6995,0.4545454545454546,0.1810344827586207,0.2728199077550144,0.2727272727272727,0.39622641509433965,0.0,0
5697,0.3863636363636364,0.225705329153605,0.1420143730558833,0.1607142857142857,0.41509433962264153,0.3333333333333333,0
8498,0.3863636363636364,0.2115987460815047,0.25303014051271044,0.1714285714285714,0.7547169811320755,0.0,0
2787,0.3863636363636364,0.1128526645768025,0.18545532553898958,0.3214285714285714,0.49056603773584906,0.3333333333333333,1
3643,0.5227272727272727,0.3573667711598746,0.48922020808752553,0.18045112781954886,0.07547169811320759,0.0,0
3599,0.7272727272727273,0.4396551724137931,0.6773034430977154,0.27731092436974786,0.4716981132075472,0.6666666666666666,1
4399,0.22727272727272727,0.09482758620689655,0.123350852729808,0.14285714285714285,0.4339622641509434,0.3333333333333333,0
1065,0.4090909090909091,0.23824451410658307,0.3928456505416711,0.16964285714285712,0.3584905660377359,0.3333333333333333,0
3776,0.3863636363636364,0.16927899686520376,0.21731202402660088,0.21428571428571427,0.5283018867924528,0.3333333333333333,0
2286,0.6136363636363636,0.3510971786833856,0.543494583288641,0.25,0.5283018867924528,0.3333333333333333,1
6573,0.5227272727272727,0.26332288401253917,0.2395151775179663,0.24489795918367344,0.5094339622641509,0.0,0
7495,0.4545454545454546,0.1481191222570533,0.3043548214094175,0.3333333333333333,0.5849056603773585,0.3333333333333333,0
4214,0.4318181818181819,0.23510971786833854,0.25839322106618046,0.19047619047619047,0.6981132075471698,0.0,0
3455,0.29545454545454547,0.13166144200626959,0.09825163573956881,0.16666666666666666,0.5094339622641509,0.0,0
4451,0.5227272727272727,0.28213166144200624,0.4248632414458866,0.22857142857142856,0.4528301886792453,0.6666666666666666,1
3133,0.4772727272727273,0.22413793103448276,0.3628660302477743,0.24175824175824173,0.5471698113207547,0.6666666666666666,1
8582,0.27272727272727276,0.12225705329153605,0.13112731953233936,0.15476190476190474,0.4339622641509434,0.0,0
738,0.6363636363636364,0.36363636363636365,0.5989488362115198,0.2589285714285714,0.5660377358490566,0.0,1
7989,0.3863636363636364,0.225705329153605,0.3003325109943151,0.1607142857142857,0.4339622641509434,0.3333333333333333,0
8137,0.7954545454545455,0.677115987460815,0.7627373163144909,0.21428571428571427,0.4339622641509434,0.3333333333333333,1
8448,0.5909090909090909,0.4020376175548589,0.44851442668668884,0.20300751879699247,0.3207547169811321,0.3333333333333333,1
7268,0.4772727272727273,0.24137931034482757,0.29679287782902497,0.22448979591836732,0.5660377358490566,0.3333333333333333,0
8696,0.5,0.34247648902821315,0.5042904644427759,0.17293233082706766,0.49056603773584906,0.3333333333333333,0
639,0.24999999999999997,0.04702194357366771,0.1172369408988523,0.3428571428571428,0.24528301886792453,0.0,0
2730,0.5681818181818182,0.32601880877742945,0.4622975437091065,0.23214285714285712,0.4528301886792453,0.6666666666666666,1
6472,0.6590909090909092,0.4231974921630094,0.5265472487396761,0.23809523809523808,0.4528301886792453,0.3333333333333333,1
5787,0.4545454545454546,0.3126959247648903,0.30097608066073156,0.15789473684210528,0.5849056603773585,0.0,0
1728,0.4545454545454546,0.1974921630094044,0.24353748793306876,0.25,0.37735849056603776,0.6666666666666666,0
2505,0.31818181818181823,0.10579937304075235,0.1420143730558833,0.23809523809523808,0.660377358490566,0.3333333333333333,0
1669,0.7727272727272728,0.6308777429467084,0.6587471843827094,0.21739130434782608,0.49056603773584906,0.0,1
915,0.75,0.5062695924764891,0.6998820122278235,0.2556390977443609,0.4528301886792453,1.0,1
3182,0.22727272727272727,0.09482758620689655,0.15343773463477423,0.14285714285714285,0.22641509433962265,0.0,0
8464,0.1590909090909091,0.018808777429467086,0.028424326933390538,0.38095238095238093,0.4339622641509434,0.3333333333333333,0
6056,0.4318181818181819,0.21943573667711597,0.18116486109621366,0.20408163265306123,0.41509433962264153,0.3333333333333333,0
4076,0.4545454545454546,0.2797805642633229,0.29872358682827416,0.17647058823529413,0.6415094339622641,0.0,0
5988,0.5909090909090909,0.4231974921630094,0.4905073474203582,0.19285714285714287,0.5094339622641509,0.0,1
7442,0.3863636363636364,0.14106583072100312,0.19510887053523543,0.2571428571428571,0.30188679245283023,0.0,0
819,0.4318181818181819,0.2037617554858934,0.1790196288748257,0.21978021978021978,0.4528301886792453,0.3333333333333333,1
8741,0.4545454545454546,0.1810344827586207,0.2626836855089564,0.2727272727272727,0.49056603773584906,0.0,1
2304,0.6136363636363636,0.43887147335423193,0.50445135685938,0.19999999999999998,0.3584905660377359,0.0,1
6827,0.20454545454545456,0.05485893416927899,0.07765740641424435,0.20408163265306123,0.8113207547169812,0.3333333333333333,0
1125,0.3863636363636364,0.0987460815047022,0.2211734420250992,0.3673469387755102,0.7358490566037736,0.0,1
4009,0.6136363636363636,0.3949843260188088,0.4999463691944652,0.2222222222222222,0.24528301886792453,0.0,1
1435,0.4772727272727273,0.27586206896551724,0.22246058135793198,0.19642857142857142,0.2641509433962264,0.0,0
2420,0.5,0.23432601880877743,0.3266652365118524,0.25274725274725274,0.5660377358490566,0.6666666666666666,1
2882,0.29545454545454547,0.0987460815047022,0.19060388287032068,0.2222222222222222,0.6792452830188679,0.3333333333333333,0
3011,0.7727272727272728,0.6308777429467084,0.5311058672101254,0.21739130434782608,0.3584905660377359,0.0,1
4971,0.5909090909090909,0.3385579937304075,0.3819049662125925,0.24107142857142855,0.4528301886792453,0.6666666666666666,1
8834,0.34090909090909094,0.15047021943573669,0.159712538882334,0.19047619047619047,0.3584905660377359,0.3333333333333333,0
3897,0.6363636363636364,0.3409090909090909,0.3920948192641853,0.27619047619047615,0.49056603773584906,0.3333333333333333,1
8336,0.20454545454545456,0.05485893416927899,0.07712109835889736,0.20408163265306123,0.3584905660377359,0.0,0
4561,0.5681818181818182,0.3463949843260188,0.42185991633594344,0.21848739495798317,0.5471698113207547,0.0,1
4349,0.29545454545454547,0.13166144200626959,0.15156065644105976,0.16666666666666666,0.339622641509434,0.3333333333333333,0
2776,0.5454545454545455,0.3330721003134796,0.48712860667167224,0.21008403361344538,0.8867924528301887,0.3333333333333333,1
2966,0.4318181818181819,0.1567398119122257,0.22514212163466696,0.2857142857142857,0.7169811320754718,0.0,0
3780,0.31818181818181823,0.12931034482758622,0.13396975222567842,0.1948051948051948,0.4528301886792453,0.0,0
4633,0.4545454545454546,0.3126959247648903,0.32124852515284774,0.15789473684210528,0.5471698113207547,0.3333333333333333,0
8341,0.5454545454545455,0.372257053291536,0.410704708784726,0.18796992481203006,0.5660377358490566,0.0,1
2574,0.6363636363636364,0.40909090909090906,0.5865064893274697,0.23015873015873015,0.24528301886792453,0.3333333333333333,1
6283,0.31818181818181823,0.11755485893416927,0.16534377346347742,0.21428571428571427,0.660377358490566,0.0,0
3192,0.3863636363636364,0.1128526645768025,0.21731202402660088,0.3214285714285714,0.6792452830188679,0.0,0
2260,0.5,0.27037617554858934,0.26375630161965036,0.21904761904761905,0.4528301886792453,0.6666666666666666,0
7424,0.1590909090909091,0.03134796238244514,0.07047087847259466,0.22857142857142856,0.41509433962264153,0.0,0
8159,0.34090909090909094,0.10031347962382445,0.196610533090207,0.2857142857142857,0.4339622641509434,0.3333333333333333,0
3946,0.5909090909090909,0.35971786833855796,0.5759412206371339,0.22689075630252098,0.6981132075471698,0.3333333333333333,1
6159,0.34090909090909094,0.10031347962382445,0.1725839322106618,0.2857142857142857,0.5094339622641509,0.3333333333333333,0
8223,0.4545454545454546,0.24686520376175547,0.19060388287032073,0.19999999999999998,0.6981132075471698,0.0,0
7209,0.5909090909090909,0.4020376175548589,0.4745789981765526,0.20300751879699247,0.4339622641509434,0.0,1
3169,0.5681818181818182,0.2852664576802508,0.3521398691408345,0.2653061224489796,0.7924528301886793,0.6666666666666666,1
7084,0.31818181818181823,0.07053291536050156,0.11305373806714576,0.3571428571428571,0.7358490566037736,0.6666666666666666,0
4546,0.6818181818181819,0.5344827586206896,0.42963638313847474,0.2012987012987013,0.5283018867924528,0.0,1
5671,0.5454545454545455,0.35266457680250785,0.4388608816904429,0.1984126984126984,0.4716981132075472,0.3333333333333333,0
4432,0.5681818181818182,0.26489028213166144,0.4553255389895956,0.2857142857142857,0.339622641509434,0.6666666666666666,1
6246,0.5909090909090909,0.38087774294670845,0.3138474739890593,0.21428571428571427,0.7547169811320755,0.0,1
8859,0.4772727272727273,0.17241379310344826,0.2979727555507884,0.3142857142857143,0.3584905660377359,0.3333333333333333,1
1187,0.6590909090909092,0.5407523510971787,0.6649147270191997,0.18633540372670807,0.5849056603773585,0.3333333333333333,1
1601,0.7954545454545455,0.7053291536050157,0.820658586291966,0.20571428571428568,0.6415094339622641,0.0,1
7456,0.5227272727272727,0.30094043887147337,0.41199184811755873,0.21428571428571427,0.339622641509434,0.0,1
1460,0.36363636363636365,0.13322884012539185,0.1829346776788587,0.24285714285714283,0.5471698113207547,0.0,0
7152,0.31818181818181823,0.18808777429467083,0.14040544888984233,0.13392857142857142,0.6037735849056604,0.3333333333333333,0
7409,0.34090909090909094,0.1755485893416928,0.17687439665343774,0.16326530612244897,0.660377358490566,0.0,0
5059,0.5,0.27037617554858934,0.3180306768207658,0.21904761904761905,0.660377358490566,0.3333333333333333,1
6414,0.5227272727272727,0.26332288401253917,0.3450606028102542,0.24489795918367344,0.6226415094339622,0.0,1
4601,0.4090909090909091,0.16379310344827586,0.25630161965032716,0.24675324675324675,0.660377358490566,0.6666666666666666,1
8351,0.7045454545454546,0.5015673981191222,0.5947656333798134,0.22857142857142856,0.5660377358490566,0.6666666666666666,1
7866,0.5,0.3064263322884012,0.26498981014694845,0.19327731092436976,0.6037735849056604,0.3333333333333333,0
8366,0.6590909090909092,0.44670846394984326,0.5265472487396761,0.22556390977443608,0.4339622641509434,0.3333333333333333,1
4444,0.4090909090909091,0.08934169278996865,0.27158639922771644,0.45238095238095233,0.28301886792452835,0.3333333333333333,0
6592,0.24999999999999997,0.06583072100313479,0.07797919124745255,0.24489795918367344,0.5094339622641509,0.0,0
4316,0.7045454545454546,0.5517241379310345,0.5827523329400407,0.20779220779220778,0.7169811320754718,0.0,1
346,0.34090909090909094,0.13793103448275862,0.13482784511423362,0.20779220779220778,0.39622641509433965,0.0,0
8681,0.22727272727272727,0.05172413793103448,0.09031427652043335,0.26190476190476186,0.3207547169811321,0.0,0
3084,0.6136363636363636,0.46081504702194354,0.36780006435696666,0.19047619047619047,0.30188679245283023,0.3333333333333333,0
7203,0.6363636363636364,0.40909090909090906,0.4574171404054488,0.23015873015873015,0.6792452830188679,0.3333333333333333,1
8004,0.7045454545454546,0.6018808777429467,0.5449962458436126,0.19047619047619047,0.09433962264150947,0.3333333333333333,0
2239,0.3863636363636364,0.16927899686520376,0.24530730451571378,0.21428571428571427,0.39622641509433965,0.3333333333333333,0
1754,0.6136363636363636,0.3730407523510972,0.4428831921055454,0.2352941176470588,0.5094339622641509,0.3333333333333333,1
8599,0.5,0.1622257053291536,0.3007615574385927,0.365079365079365,0.5471698113207547,0.0,1
8829,0.5227272727272727,0.28213166144200624,0.4609031427652043,0.22857142857142856,0.5283018867924528,0.6666666666666666,0
3924,0.4090909090909091,0.14890282131661442,0.20331438378204442,0.2714285714285714,0.7169811320754718,0.3333333333333333,1
8876,0.5,0.23432601880877743,0.2612892845650542,0.25274725274725274,0.4339622641509434,0.3333333333333333,1
4443,0.5,0.21630094043887146,0.28349243805641966,0.2738095238095238,0.5283018867924528,0.6666666666666666,1
5415,0.13636363636363635,0.0438871473354232,0.0614609031427652,0.125,0.49056603773584906,0.0,0
1229,0.4772727272727273,0.24137931034482757,0.28853373377668134,0.22448979591836732,0.5849056603773585,0.0,0
339,0.6590909090909092,0.47021943573667707,0.5796417462190282,0.21428571428571427,0.9433962264150944,0.0,1
3221,0.6136363636363636,0.46081504702194354,0.47742143086989164,0.19047619047619047,0.4528301886792453,0.0,0
8989,0.22727272727272727,0.05172413793103448,0.09739354285101362,0.26190476190476186,0.3584905660377359,0.0,0
4691,0.5909090909090909,0.4020376175548589,0.447066394937252,0.20300751879699247,0.339622641509434,0.0,0
4762,0.36363636363636365,0.14655172413793102,0.1537595194679824,0.22077922077922077,0.6226415094339622,0.6666666666666666,0
2650,0.18181818181818182,0.0493730407523511,0.05658049983910758,0.1836734693877551,0.41509433962264153,0.3333333333333333,0
1674,0.13636363636363635,0.027429467084639496,0.05320175909042153,0.19999999999999998,0.41509433962264153,0.3333333333333333,0
6646,0.7045454545454546,0.5768025078369906,0.598198004934034,0.19875776397515527,0.5283018867924528,0.3333333333333333,1
4759,0.34090909090909094,0.1128526645768025,0.15198970288533734,0.25396825396825395,0.41509433962264153,0.0,0
7001,0.4090909090909091,0.11912225705329153,0.1482891773034431,0.33928571428571425,0.4339622641509434,0.3333333333333333,0
225,0.4772727272727273,0.20689655172413793,0.3121312882119489,0.26190476190476186,0.6037735849056604,0.0,0
7181,0.4318181818181819,0.21943573667711597,0.20798026386356322,0.20408163265306123,0.4528301886792453,0.3333333333333333,0
4065,0.4090909090909091,0.16379310344827586,0.1421752654724874,0.24675324675324675,0.7924528301886793,0.3333333333333333,0
1825,0.4090909090909091,0.13401253918495298,0.2797382816689906,0.30158730158730157,0.30188679245283023,0.0,0
4736,0.7272727272727273,0.5948275862068966,0.6631449104365548,0.20496894409937885,0.7547169811320755,0.0,1
2967,0.22727272727272727,0.06896551724137931,0.09680360399013192,0.19642857142857142,0.7547169811320755,0.3333333333333333,0
1109,0.9545454545454546,0.8087774294670846,0.9171404054488898,0.25595238095238093,0.5471698113207547,0.6666666666666666,1
247,0.6363636363636364,0.3409090909090909,0.4745253673710179,0.27619047619047615,0.4716981132075472,0.6666666666666666,1
6514,0.3863636363636364,0.15517241379310345,0.1545639815510029,0.23376623376623376,0.28301886792452835,0.0,0
8467,0.29545454545454547,0.0987460815047022,0.15756730666094604,0.2222222222222222,0.339622641509434,0.3333333333333333,0
775,0.36363636363636365,0.14655172413793102,0.1838464013729486,0.22077922077922077,0.5471698113207547,0.3333333333333333,0
6380,0.4545454545454546,0.1974921630094044,0.29647109299581675,0.25,0.41509433962264153,0.0,0
5100,0.4545454545454546,0.23040752351097177,0.3246272659015338,0.21428571428571427,0.3207547169811321,0.3333333333333333,1
7219,0.4090909090909091,0.14890282131661442,0.20025742786656653,0.2714285714285714,0.7358490566037736,0.3333333333333333,1
4680,0.22727272727272727,0.06896551724137931,0.09149415424219673,0.19642857142857142,0.5471698113207547,0.0,0
7133,0.06818181818181818,0.012539184952978056,0.02692266437841897,0.14285714285714285,0.5094339622641509,0.0,0
8993,0.5,0.23432601880877743,0.3180306768207658,0.25274725274725274,0.5471698113207547,0.6666666666666666,1
7993,0.18181818181818182,0.028213166144200625,0.08119703957953447,0.3214285714285714,0.4339622641509434,0.0,0
2168,0.36363636363636365,0.15987460815047022,0.23125603346562262,0.20238095238095238,0.6037735849056604,0.3333333333333333,0
7556,0.5227272727272727,0.28213166144200624,0.2910007508312774,0.22857142857142856,0.6415094339622641,0.3333333333333333,1
3588,0.5,0.3244514106583072,0.5104580070792663,0.1825396825396825,0.6792452830188679,0.0,0
5895,0.22727272727272727,0.07758620689655173,0.0926740319639601,0.17460317460317462,0.660377358490566,0.0,0
3795,0.20454545454545456,0.03134796238244514,0.06639493725195753,0.3571428571428571,0.4339622641509434,0.0,0
4456,0.5,0.23432601880877743,0.36490400085809294,0.25274725274725274,0.5471698113207547,0.3333333333333333,0
1092,0.6136363636363636,0.329153605015674,0.38131502735171074,0.26666666666666666,0.7358490566037736,0.3333333333333333,1
8296,0.22727272727272727,0.08620689655172413,0.08264507132897136,0.15714285714285714,0.3584905660377359,0.0,0
4201,0.6363636363636364,0.47727272727272724,0.570953555722407,0.19727891156462585,0.9056603773584906,0.3333333333333333,0
3308,0.5681818181818182,0.26489028213166144,0.3967606993457041,0.2857142857142857,0.5471698113207547,0.3333333333333333,1
4964,0.1590909090909091,0.0438871473354232,0.054167113590046126,0.16326530612244897,0.39622641509433965,0.0,0
6297,0.5681818181818182,0.32601880877742945,0.4079159068969216,0.23214285714285712,0.30188679245283023,0.3333333333333333,1
2584,0.3863636363636364,0.18338557993730406,0.1777324895419929,0.1978021978021978,0.3584905660377359,0.3333333333333333,0
6331,0.4318181818181819,0.23510971786833854,0.2508849082913225,0.19047619047619047,0.5849056603773585,0.0,0
3115,0.3863636363636364,0.12695924764890282,0.15842539954950122,0.2857142857142857,0.41509433962264153,0.3333333333333333,1
7549,0.20454545454545456,0.03134796238244514,0.06371339697522256,0.3571428571428571,0.4528301886792453,0.0,0
6721,0.6136363636363636,0.4169278996865204,0.5104580070792663,0.21052631578947367,0.37735849056603776,0.0,0
46,0.4545454545454546,0.23040752351097177,0.2536737101791269,0.21428571428571427,0.41509433962264153,0.6666666666666666,0
7178,0.6363636363636364,0.40909090909090906,0.5305159283492438,0.23015873015873015,0.22641509433962265,0.0,1
5729,0.31818181818181823,0.164576802507837,0.20476241553148128,0.1530612244897959,0.5660377358490566,0.0,0
4371,0.5454545454545455,0.3134796238244514,0.44154242196717797,0.2232142857142857,0.4716981132075472,0.0,0
1972,0.5,0.3244514106583072,0.28225892952912157,0.1825396825396825,0.6037735849056604,0.0,1
3521,0.5,0.3605015673981191,0.3278987450391505,0.16428571428571426,0.39622641509433965,0.0,0
2625,0.5227272727272727,0.28213166144200624,0.4210018234473881,0.22857142857142856,0.5094339622641509,0.0,0
5147,0.5681818181818182,0.42789968652037613,0.44417033143837814,0.17687074829931973,0.6981132075471698,0.0,1
7118,0.6363636363636364,0.45454545454545453,0.5227394615467125,0.20714285714285713,0.20754716981132076,0.0,1
3118,0.4090909090909091,0.13401253918495298,0.259358575565805,0.30158730158730157,0.39622641509433965,0.0,0
5849,0.4090909090909091,0.19357366771159873,0.2165611927491151,0.20879120879120877,0.49056603773584906,0.0,0
7431,0.13636363636363635,0.027429467084639496,0.03593263970824842,0.19999999999999998,0.3207547169811321,0.0,0
1774,0.7954545454545455,0.5924764890282131,0.6449640673602917,0.24489795918367344,0.4339622641509434,0.3333333333333333,1
4885,0.4090909090909091,0.19357366771159873,0.31947870857020266,0.20879120879120877,0.39622641509433965,0.0,0
2602,0.5909090909090909,0.3385579937304075,0.3152955057384962,0.24107142857142855,0.5094339622641509,0.3333333333333333,1
1786,0.5454545454545455,0.2938871473354232,0.39327469698594875,0.23809523809523808,0.6792452830188679,0.3333333333333333,1
5595,0.3863636363636364,0.15517241379310345,0.1931781615359863,0.23376623376623376,0.37735849056603776,0.3333333333333333,0
76,0.6136363636363636,0.3949843260188088,0.42786656655582966,0.2222222222222222,0.5471698113207547,0.0,0
816,0.3863636363636364,0.14106583072100312,0.21248525152847797,0.2571428571428571,0.6037735849056604,0.3333333333333333,0
5764,0.1590909090909091,0.03134796238244514,0.08420036468947763,0.22857142857142856,0.5660377358490566,0.0,0
3139,0.4318181818181819,0.1567398119122257,0.2551753727340985,0.2857142857142857,0.5094339622641509,0.6666666666666666,1
6697,0.6590909090909092,0.3056426332288401,0.5136758554113482,0.3296703296703296,0.6415094339622641,0.6666666666666666,1
3259,0.34090909090909094,0.0877742946708464,0.14598305266545103,0.32653061224489793,0.5094339622641509,0.3333333333333333,0
2781,0.3863636363636364,0.12695924764890282,0.19028209803711252,0.2857142857142857,0.5660377358490566,0.3333333333333333,0
896,0.7727272727272728,0.603448275862069,0.6718867317387107,0.22727272727272724,0.5471698113207547,0.3333333333333333,1
4373,0.6590909090909092,0.37617554858934166,0.5812506703850692,0.26785714285714285,0.30188679245283023,0.0,1
3563,0.31818181818181823,0.14106583072100312,0.1476456076370267,0.17857142857142855,0.8301886792452831,0.0,0
7673,0.5681818181818182,0.3667711598746081,0.41488791161643246,0.20634920634920634,0.28301886792452835,0.3333333333333333,1
4812,0.5,0.2884012539184953,0.29459401480210234,0.20535714285714285,0.6792452830188679,0.0,0
4585,0.5454545454545455,0.21551724137931033,0.42411241016840073,0.3246753246753247,0.41509433962264153,0.6666666666666666,1
5031,0.6136363636363636,0.3949843260188088,0.3332618255926204,0.2222222222222222,0.5471698113207547,0.0,1
7988,0.4090909090909091,0.19357366771159873,0.21554220744395577,0.20879120879120877,0.4528301886792453,0.0,0
6950,0.4772727272727273,0.24137931034482757,0.32628982087310954,0.22448979591836732,0.39622641509433965,0.0,0
668,0.36363636363636365,0.14655172413793102,0.22852086238335298,0.22077922077922077,0.5094339622641509,0.0,0
8854,0.4772727272727273,0.22413793103448276,0.31449104365547575,0.24175824175824173,0.4716981132075472,0.3333333333333333,0
4685,0.75,0.6927899686520376,0.6232972219242733,0.18681318681318682,0.3207547169811321,0.0,1
6245,0.31818181818181823,0.09404388714733541,0.18786871178805106,0.26785714285714285,0.5471698113207547,0.3333333333333333,1
4758,0.27272727272727276,0.09169278996865203,0.13112731953233936,0.20634920634920634,0.5660377358490566,0.0,0
4252,0.5681818181818182,0.38714733542319746,0.4790303550359326,0.19548872180451127,0.4339622641509434,0.0,0
5748,0.5681818181818182,0.38714733542319746,0.46369194465300867,0.19548872180451127,0.4528301886792453,0.0,0
5124,0.34090909090909094,0.13793103448275862,0.1657191891022203,0.20779220779220778,0.6037735849056604,0.3333333333333333,0
1971,0.27272727272727276,0.1018808777429467,0.11857771103721979,0.18571428571428572,0.5660377358490566,0.0,0
3966,0.5909090909090909,0.3385579937304075,0.38045693446315565,0.24107142857142855,0.37735849056603776,0.0,0
5354,0.8636363636363636,0.5807210031347962,0.7662769494797812,0.2932330827067669,0.4716981132075472,0.6666666666666666,1
2878,0.6136363636363636,0.3949843260188088,0.39482999034645494,0.2222222222222222,0.5849056603773585,0.0,0
4963,0.6818181818181819,0.5587774294670846,0.5111015767456827,0.19254658385093165,0.5283018867924528,0.0,1
289,0.6818181818181819,0.5587774294670846,0.529389681433015,0.19254658385093165,0.28301886792452835,0.3333333333333333,0
129,0.5227272727272727,0.3385579937304075,0.3708033894669097,0.19047619047619047,0.339622641509434,0.0,0
1527,0.5,0.25235109717868337,0.3871071543494583,0.2346938775510204,0.4528301886792453,0.0,0
8360,0.6136363636363636,0.3510971786833856,0.40834495334119914,0.25,0.6792452830188679,0.3333333333333333,1
2195,0.31818181818181823,0.14106583072100312,0.19349994636919446,0.17857142857142855,0.3207547169811321,0.0,0
301,0.7045454545454546,0.6018808777429467,0.6187922342593586,0.19047619047619047,0.5660377358490566,0.0,1
3426,0.5454545454545455,0.2938871473354232,0.39997854767778607,0.23809523809523808,0.5849056603773585,0.0,1
3251,0.7272727272727273,0.5689655172413793,0.6843827094282956,0.21428571428571427,0.5660377358490566,0.0,1
4227,0.7727272727272728,0.54858934169279,0.6456076370267081,0.25,0.41509433962264153,0.6666666666666666,1
8856,0.7954545454545455,0.6489028213166144,0.7144695913332617,0.2236024844720497,0.37735849056603776,0.3333333333333333,1
364,0.4318181818181819,0.2037617554858934,0.28520862383352996,0.21978021978021978,0.169811320754717,0.3333333333333333,0
6715,0.4545454545454546,0.164576802507837,0.2750724015874718,0.3,0.4528301886792453,0.0,0
2919,0.29545454545454547,0.13166144200626959,0.1290357181164861,0.16666666666666666,0.5849056603773585,0.0,0
908,0.3863636363636364,0.1128526645768025,0.12656870106188994,0.3214285714285714,0.4528301886792453,0.0,0
2464,0.7045454545454546,0.5015673981191222,0.6359540920304623,0.22857142857142856,0.24528301886792453,0.3333333333333333,1
2752,0.3863636363636364,0.15517241379310345,0.1671135900461225,0.23376623376623376,0.5471698113207547,0.3333333333333333,0
7811,0.4545454545454546,0.13166144200626959,0.2547999570953555,0.375,0.5471698113207547,1.0,0
1405,0.5909090909090909,0.317398119122257,0.34860023597554435,0.2571428571428571,0.4339622641509434,0.0,1
8880,0.36363636363636365,0.14655172413793102,0.23125603346562262,0.22077922077922077,0.4716981132075472,0.6666666666666666,0
1966,0.7045454545454546,0.4263322884012539,0.47634881475919766,0.2689075630252101,0.660377358490566,0.3333333333333333,1
8508,0.3863636363636364,0.15517241379310345,0.17676713504236835,0.23376623376623376,0.5094339622641509,0.3333333333333333,1
8867,0.6136363636363636,0.4169278996865204,0.46841145554006225,0.21052631578947367,0.3584905660377359,0.0,1
2491,0.4318181818181819,0.17241379310344826,0.27984554328006006,0.2597402597402597,0.5471698113207547,0.3333333333333333,0
470,0.5227272727272727,0.28213166144200624,0.34892202080875256,0.22857142857142856,0.3584905660377359,0.3333333333333333,0
420,0.24999999999999997,0.03761755485893417,0.09406843290786229,0.42857142857142855,0.49056603773584906,0.3333333333333333,0
3430,0.4090909090909091,0.2084639498432602,0.28992813472058343,0.19387755102040816,0.6037735849056604,0.0,0
8005,0.4090909090909091,0.13401253918495298,0.21961814866459292,0.30158730158730157,0.6037735849056604,0.3333333333333333,0
8892,0.3863636363636364,0.1974921630094044,0.3128821194894348,0.1836734693877551,0.49056603773584906,0.0,0
3696,0.20454545454545456,0.05485893416927899,0.07336694197146841,0.20408163265306123,0.660377358490566,0.0,0
5144,0.75,0.5595611285266457,0.7545854338732166,0.2312925170068027,0.5094339622641509,0.3333333333333333,1
263,0.5454545454545455,0.2938871473354232,0.35171082269655685,0.23809523809523808,0.41509433962264153,0.0,1
1354,0.6136363636363636,0.3949843260188088,0.4669097929850906,0.2222222222222222,0.8679245283018868,0.3333333333333333,1
7984,0.7272727272727273,0.46551724137931033,0.6135900461224927,0.26190476190476186,0.37735849056603776,0.0,1
6757,0.7045454545454546,0.6018808777429467,0.6136436769280275,0.19047619047619047,0.6792452830188679,0.0,1
4243,0.4545454545454546,0.21394984326018807,0.26718867317387107,0.23076923076923075,0.4339622641509434,0.3333333333333333,0
7206,0.7727272727272728,0.5211598746081505,0.7976509707175802,0.2631578947368421,0.2641509433962264,0.0,1
6373,0.4545454545454546,0.21394984326018807,0.3403947227287354,0.23076923076923075,0.339622641509434,0.3333333333333333,0
2395,0.6590909090909092,0.37617554858934166,0.4847152204226107,0.26785714285714285,0.660377358490566,0.6666666666666666,1
1998,0.5909090909090909,0.4020376175548589,0.48326718867317386,0.20300751879699247,0.7735849056603774,0.3333333333333333,1
894,0.29545454545454547,0.0987460815047022,0.1545639815510029,0.2222222222222222,0.6981132075471698,0.3333333333333333,0
1161,0.4545454545454546,0.1810344827586207,0.260431191676499,0.2727272727272727,0.018867924528301883,0.3333333333333333,0
5480,0.6363636363636364,0.5,0.5647323822803817,0.1883116883116883,0.28301886792452835,0.3333333333333333,0
8079,0.6818181818181819,0.5344827586206896,0.5526654510350746,0.2012987012987013,0.4528301886792453,0.0,0
4678,0.5,0.21630094043887146,0.2810254210018234,0.2738095238095238,0.39622641509433965,0.0,0
6500,0.36363636363636365,0.11990595611285267,0.1473774536093532,0.2698412698412698,0.7169811320754718,0.3333333333333333,0
8724,0.7727272727272728,0.7405956112852664,0.716936608387858,0.18518518518518517,0.7358490566037736,0.0,1
5861,0.6136363636363636,0.3730407523510972,0.5374879330687545,0.2352941176470588,0.5471698113207547,0.6666666666666666,1
7608,0.5,0.3244514106583072,0.3377668132575351,0.1825396825396825,0.3207547169811321,0.6666666666666666,0
5073,0.36363636363636365,0.11990595611285267,0.22578569130108336,0.2698412698412698,0.339622641509434,0.0,0
6223,0.5454545454545455,0.372257053291536,0.2953984768851228,0.18796992481203006,0.3207547169811321,0.3333333333333333,0
4467,0.5227272727272727,0.30094043887147337,0.43516035610854864,0.21428571428571427,0.6037735849056604,0.3333333333333333,0
6345,0.34090909090909094,0.0877742946708464,0.14169258822267508,0.32653061224489793,0.5849056603773585,0.3333333333333333,0
6326,0.7727272727272728,0.5760188087774294,0.593049447602703,0.23809523809523808,0.2641509433962264,0.6666666666666666,1
5240,0.4772727272727273,0.25862068965517243,0.2389788694626193,0.2095238095238095,0.5849056603773585,0.3333333333333333,1
5515,0.7727272727272728,0.6857366771159874,0.6887804354821409,0.19999999999999998,0.41509433962264153,0.0,1
1171,0.8409090909090909,0.6253918495297806,0.7260538453287568,0.2585034013605442,0.6981132075471698,0.6666666666666666,1
5691,0.6818181818181819,0.4615987460815047,0.6374557545854338,0.23308270676691728,0.28301886792452835,0.3333333333333333,1
8105,0.8636363636363636,0.8863636363636364,0.8917730344309771,0.1921182266009852,0.4339622641509434,0.0,1
7596,0.4090909090909091,0.14890282131661442,0.21961814866459292,0.2714285714285714,0.41509433962264153,0.3333333333333333,0
4667,0.18181818181818182,0.03526645768025078,0.05706317708891988,0.2571428571428571,0.7358490566037736,0.0,0
2931,0.3863636363636364,0.1974921630094044,0.30322857449318885,0.1836734693877551,0.7169811320754718,0.0,0
4060,0.6136363636363636,0.3730407523510972,0.3918266652365119,0.2352941176470588,0.9056603773584906,0.3333333333333333,1
6137,0.06818181818181818,0.006269592476489028,0.03378740748686045,0.2857142857142857,0.11320754716981135,0.0,0
798,0.4318181818181819,0.18808777429467083,0.2605384532875684,0.23809523809523808,0.4716981132075472,0.0,0
183,0.4318181818181819,0.18808777429467083,0.2991526332725517,0.23809523809523808,0.5283018867924528,0.3333333333333333,1
515,0.27272727272727276,0.08150470219435736,0.12624691622868175,0.23214285714285712,0.7169811320754718,0.3333333333333333,1
6588,0.11363636363636362,0.018808777429467086,0.04419178376059209,0.21428571428571427,0.20754716981132076,0.0,0
7271,0.29545454545454547,0.06583072100313479,0.12528156172905716,0.3333333333333333,0.5283018867924528,0.3333333333333333,0
8119,0.5454545454545455,0.2938871473354232,0.27796846508634554,0.23809523809523808,0.660377358490566,0.3333333333333333,1
2946,0.6590909090909092,0.5407523510971787,0.5796417462190282,0.18633540372670807,0.7735849056603774,0.0,1
3666,0.4772727272727273,0.22413793103448276,0.21302155958382493,0.24175824175824173,0.6981132075471698,0.0,1
1639,0.4318181818181819,0.14106583072100312,0.19403625442454145,0.31746031746031744,0.49056603773584906,0.3333333333333333,1
2251,0.5454545454545455,0.274294670846395,0.4576316636275878,0.25510204081632654,0.6981132075471698,0.0,1
2423,0.34090909090909094,0.12539184952978055,0.159712538882334,0.22857142857142856,0.5660377358490566,0.3333333333333333,0
986,0.3863636363636364,0.16927899686520376,0.1970395795344846,0.21428571428571427,0.2641509433962264,0.3333333333333333,0
4417,0.31818181818181823,0.09404388714733541,0.159712538882334,0.26785714285714285,0.660377358490566,0.3333333333333333,0
8437,0.5454545454545455,0.39184952978056425,0.45226858307411766,0.17857142857142855,0.37735849056603776,0.3333333333333333,0
3913,0.4318181818181819,0.21943573667711597,0.27448246272659016,0.20408163265306123,0.28301886792452835,0.0,0
5876,0.34090909090909094,0.10031347962382445,0.196610533090207,0.2857142857142857,0.660377358490566,0.3333333333333333,0
3578,0.22727272727272727,0.043103448275862065,0.06671672208516571,0.3142857142857143,0.3584905660377359,0.0,0
1279,0.5909090909090909,0.38087774294670845,0.4572026171833101,0.21428571428571427,0.5471698113207547,0.3333333333333333,1
2141,0.4545454545454546,0.2797805642633229,0.30773356215810366,0.17647058823529413,0.41509433962264153,0.0,0
8504,0.5227272727272727,0.2445141065830721,0.26911938217312026,0.26373626373626374,0.4716981132075472,0.0,0
2862,0.31818181818181823,0.11755485893416927,0.19349994636919446,0.21428571428571427,0.6792452830188679,0.0,0
1429,0.4545454545454546,0.1810344827586207,0.2334012656870106,0.2727272727272727,0.4528301886792453,0.3333333333333333,0
7279,0.5,0.3064263322884012,0.3377668132575351,0.19327731092436976,0.28301886792452835,0.0,0
5496,0.5,0.27037617554858934,0.40314276520433334,0.21904761904761905,0.6037735849056604,0.6666666666666666,0
2027,0.6818181818181819,0.4130094043887147,0.6657191891022203,0.26050420168067223,0.5471698113207547,0.6666666666666666,1
658,0.5681818181818182,0.38714733542319746,0.3577174729164432,0.19548872180451127,0.37735849056603776,0.0,1
1466,1.0,0.9874608150470219,0.9480853802424112,0.22959183673469388,0.6037735849056604,0.3333333333333333,1
5452,0.4318181818181819,0.2037617554858934,0.2680467660624263,0.21978021978021978,0.49056603773584906,0.6666666666666666,1
2357,0.5,0.2884012539184953,0.37107154349458327,0.20535714285714285,0.3584905660377359,0.0,0
5828,0.5227272727272727,0.3385579937304075,0.34634774214308695,0.19047619047619047,0.5660377358490566,0.3333333333333333,0
2198,0.7272727272727273,0.5689655172413793,0.6666845436018448,0.21428571428571427,0.5094339622641509,0.0,1
7091,0.7272727272727273,0.5431034482758621,0.6171296792877828,0.22448979591836732,0.4716981132075472,0.0,1
7937,0.4090909090909091,0.19357366771159873,0.18701061889949588,0.20879120879120877,0.339622641509434,0.0,0
7022,0.1590909090909091,0.050156739811912224,0.06575136758554113,0.14285714285714285,0.7358490566037736,0.0,0
4770,0.6818181818181819,0.5101880877742947,0.585916550466588,0.2108843537414966,0.5660377358490566,0.3333333333333333,1
876,0.7954545454545455,0.677115987460815,0.67199399334978,0.21428571428571427,0.4528301886792453,0.0,1
977,0.24999999999999997,0.09404388714733541,0.11401909256677034,0.1714285714285714,0.2641509433962264,0.0,0
1626,0.5,0.18025078369905956,0.42411241016840073,0.3285714285714285,0.5660377358490566,0.3333333333333333,1
7799,0.34090909090909094,0.1128526645768025,0.17601630376488253,0.25396825396825395,0.6226415094339622,0.3333333333333333,0
5017,0.31818181818181823,0.10579937304075235,0.2160248846937681,0.23809523809523808,0.6792452830188679,0.0,0
3583,0.34090909090909094,0.13793103448275862,0.20519146197575888,0.20779220779220778,0.660377358490566,0.0,0
281,0.5,0.25235109717868337,0.2970610318566985,0.2346938775510204,0.660377358490566,0.3333333333333333,1
3826,0.36363636363636365,0.19984326018808776,0.20937466480746542,0.16190476190476188,0.3207547169811321,0.0,0
8371,0.5227272727272727,0.3385579937304075,0.2395151775179663,0.19047619047619047,0.7169811320754718,0.0,0
4891,0.7727272727272728,0.6857366771159874,0.7807572669741499,0.19999999999999998,0.5849056603773585,0.6666666666666666,1
4628,0.4545454545454546,0.23040752351097177,0.34827845114233613,0.21428571428571427,0.3207547169811321,0.0,0
8704,0.31818181818181823,0.12931034482758622,0.18867317387107155,0.1948051948051948,0.5849056603773585,0.3333333333333333,0
83,0.3863636363636364,0.18338557993730406,0.2346884050198434,0.1978021978021978,0.5849056603773585,0.0,0
54,0.5454545454545455,0.274294670846395,0.3128284886839,0.25510204081632654,0.28301886792452835,0.0,0
7208,0.5454545454545455,0.3330721003134796,0.38254853587900894,0.21008403361344538,0.5660377358490566,0.3333333333333333,0
3433,0.6136363636363636,0.3730407523510972,0.45489649254531805,0.2352941176470588,0.37735849056603776,0.3333333333333333,1
113,0.4318181818181819,0.2037617554858934,0.3774536093532125,0.21978021978021978,0.339622641509434,0.3333333333333333,1
277,0.5,0.23432601880877743,0.3007615574385927,0.25274725274725274,0.6226415094339622,0.3333333333333333,0
5138,0.5681818181818182,0.3463949843260188,0.43859272766276947,0.21848739495798317,0.49056603773584906,0.0,0
2043,0.4090909090909091,0.22335423197492163,0.2675104580070793,0.18095238095238092,0.660377358490566,0.0,0
3164,0.3863636363636364,0.16927899686520376,0.2288962780220959,0.21428571428571427,0.41509433962264153,0.0,0
6167,0.13636363636363635,0.027429467084639496,0.03856054917944868,0.19999999999999998,0.6037735849056604,0.0,0
2669,0.5681818181818182,0.3056426332288401,0.28381422288962777,0.24761904761904763,0.49056603773584906,0.6666666666666666,0
589,0.6136363636363636,0.3949843260188088,0.4714147806500053,0.2222222222222222,0.3584905660377359,0.3333333333333333,0
7443,0.18181818181818182,0.02115987460815047,0.03341199184811756,0.42857142857142855,0.41509433962264153,0.0,0
1361,0.7954545454545455,0.5642633228840125,0.6411026493617934,0.2571428571428571,0.7358490566037736,0.6666666666666666,1
1250,0.4545454545454546,0.21394984326018807,0.3516571918910222,0.23076923076923075,0.4528301886792453,0.6666666666666666,0
1396,0.4772727272727273,0.22413793103448276,0.3097715327684222,0.24175824175824173,0.4716981132075472,0.3333333333333333,0
3223,0.4772727272727273,0.27586206896551724,0.31331116593371233,0.19642857142857142,0.28301886792452835,0.0,0
3941,0.24999999999999997,0.09404388714733541,0.11916764989810147,0.1714285714285714,0.6037735849056604,0.0,0
7904,0.36363636363636365,0.1865203761755486,0.14555400622117345,0.173469387755102,0.6226415094339622,0.0,1
4249,0.8409090909090909,0.6253918495297806,0.7382816689906682,0.2585034013605442,0.6792452830188679,0.0,1
4244,0.36363636363636365,0.14655172413793102,0.16378848010297115,0.22077922077922077,0.37735849056603776,0.3333333333333333,0
6135,0.24999999999999997,0.09404388714733541,0.09599914190711145,0.1714285714285714,0.5283018867924528,0.3333333333333333,0
7211,0.34090909090909094,0.13793103448275862,0.11080124423468841,0.20779220779220778,0.28301886792452835,0.3333333333333333,0
2724,0.6818181818181819,0.4373040752351097,0.5643033358361041,0.24603174603174605,0.20754716981132076,0.3333333333333333,1
981,0.4772727272727273,0.24137931034482757,0.3439879866995602,0.22448979591836732,0.4528301886792453,0.3333333333333333,0
921,0.7045454545454546,0.47648902821316613,0.5535771747291645,0.24060150375939848,0.6226415094339622,0.3333333333333333,1
4412,0.7954545454545455,0.6206896551724138,0.5754585433873216,0.23376623376623376,0.4528301886792453,0.0,1
2806,0.4772727272727273,0.25862068965517243,0.2873538560549179,0.2095238095238095,0.5094339622641509,0.0,0
1293,0.4545454545454546,0.26332288401253917,0.2514212163466695,0.1875,0.5283018867924528,0.6666666666666666,0
3497,0.4545454545454546,0.2797805642633229,0.3291322535664486,0.17647058823529413,0.4528301886792453,0.0,0
8281,0.4545454545454546,0.26332288401253917,0.2750724015874718,0.1875,0.5283018867924528,0.0,0
3222,0.6590909090909092,0.49373040752351094,0.4847152204226107,0.20408163265306123,0.5094339622641509,0.0,1
4664,0.36363636363636365,0.13322884012539185,0.1546712431620723,0.24285714285714283,0.4528301886792453,0.0,0
6108,0.4090909090909091,0.1786833855799373,0.24916872251421215,0.22619047619047616,0.49056603773584906,0.0,0
1067,0.31818181818181823,0.09404388714733541,0.10661804140298187,0.26785714285714285,0.39622641509433965,0.3333333333333333,0
2990,0.5227272727272727,0.18808777429467083,0.3746648074654081,0.3428571428571428,0.660377358490566,0.6666666666666666,1
8301,0.4090909090909091,0.13401253918495298,0.17783975115306233,0.30158730158730157,0.7169811320754718,0.3333333333333333,0
411,0.36363636363636365,0.14655172413793102,0.19661053309020698,0.22077922077922077,0.4716981132075472,0.3333333333333333,0
6277,0.6363636363636364,0.36363636363636365,0.5056312345811433,0.2589285714285714,0.6792452830188679,0.3333333333333333,1
8390,0.4318181818181819,0.2037617554858934,0.32918588437198326,0.21978021978021978,0.39622641509433965,0.6666666666666666,1
7216,0.5,0.25235109717868337,0.29459401480210234,0.2346938775510204,0.339622641509434,0.0,0
7317,0.4318181818181819,0.28213166144200624,0.2562479888447925,0.15873015873015872,0.5471698113207547,0.0,0
5747,0.29545454545454547,0.0987460815047022,0.1410490185562587,0.2222222222222222,0.4528301886792453,0.0,0
4107,0.5454545454545455,0.274294670846395,0.43617934141370807,0.25510204081632654,0.5283018867924528,0.3333333333333333,1
8904,0.8636363636363636,0.7029780564263323,0.7851013622224605,0.24223602484472048,0.39622641509433965,1.0,1
879,0.36363636363636365,0.14655172413793102,0.17108226965569026,0.22077922077922077,0.7169811320754718,0.3333333333333333,0
6356,0.5454545454545455,0.2938871473354232,0.26858307411777327,0.23809523809523808,0.6037735849056604,0.6666666666666666,1
1508,0.5,0.27037617554858934,0.2884264721656119,0.21904761904761905,0.2641509433962264,0.3333333333333333,1
1084,0.4545454545454546,0.1810344827586207,0.20862383352997962,0.2727272727272727,0.3207547169811321,0.6666666666666666,1
8664,0.34090909090909094,0.13793103448275862,0.24294754907218705,0.20779220779220778,0.5471698113207547,0.3333333333333333,0
2207,0.3863636363636364,0.18338557993730406,0.18352461653974045,0.1978021978021978,0.8301886792452831,0.3333333333333333,0
6590,0.6818181818181819,0.4615987460815047,0.5476777861203475,0.23308270676691728,0.3584905660377359,0.3333333333333333,1
3274,0.27272727272727276,0.11206896551724138,0.11857771103721979,0.16883116883116883,0.4339622641509434,0.0,0
1686,0.27272727272727276,0.0713166144200627,0.1471629303872144,0.2653061224489796,0.3584905660377359,0.6666666666666666,0
2478,0.6363636363636364,0.5454545454545454,0.6082805963745576,0.1726190476190476,0.4339622641509434,0.0,0
3476,0.6590909090909092,0.44670846394984326,0.39461546712431617,0.22556390977443608,0.41509433962264153,0.0,1
7565,0.5,0.23432601880877743,0.30322857449318885,0.25274725274725274,0.49056603773584906,0.0,0
6813,0.3863636363636364,0.18338557993730406,0.2742679395044514,0.1978021978021978,0.22641509433962265,0.3333333333333333,0
7159,0.3863636363636364,0.225705329153605,0.23661911401909258,0.1607142857142857,0.37735849056603776,0.0,0
5483,0.34090909090909094,0.16300940438871472,0.13396975222567842,0.17582417582417584,0.6037735849056604,0.0,0
2477,0.5,0.2884012539184953,0.2884264721656119,0.20535714285714285,0.5660377358490566,0.3333333333333333,0
6743,0.6818181818181819,0.4615987460815047,0.5609782258929529,0.23308270676691728,0.15094339622641512,0.0,1
5249,0.5454545454545455,0.23510971786833854,0.39997854767778607,0.2976190476190476,0.4528301886792453,0.0,1
7028,0.24999999999999997,0.08463949843260188,0.11530623189960314,0.19047619047619047,0.5471698113207547,0.0,0
7410,0.24999999999999997,0.08463949843260188,0.11401909256677034,0.19047619047619047,0.6415094339622641,0.0,0
3582,0.4772727272727273,0.24137931034482757,0.18470449426150382,0.22448979591836732,0.4339622641509434,0.3333333333333333,0
2853,0.4318181818181819,0.28213166144200624,0.29700740105116374,0.15873015873015872,0.6415094339622641,0.0,0
1263,0.6818181818181819,0.4615987460815047,0.6740319639600987,0.23308270676691728,0.7924528301886793,0.3333333333333333,1
201,0.5227272727272727,0.16927899686520376,0.4544674461010404,0.38095238095238093,0.5283018867924528,0.6666666666666666,1
2937,0.36363636363636365,0.0932601880877743,0.1473774536093532,0.346938775510204,0.6981132075471698,0.3333333333333333,0
5902,0.4090909090909091,0.19357366771159873,0.17478279523758444,0.20879120879120877,0.20754716981132076,0.3333333333333333,0
616,0.36363636363636365,0.13322884012539185,0.21393328327791483,0.24285714285714283,0.7169811320754718,0.0,0
8982,0.36363636363636365,0.11990595611285267,0.2148450069720047,0.2698412698412698,0.5849056603773585,0.3333333333333333,0
6447,0.75,0.5595611285266457,0.6050627480424756,0.2312925170068027,0.30188679245283023,0.3333333333333333,1
7578,0.29545454545454547,0.0768025078369906,0.12603239300654295,0.2857142857142857,0.28301886792452835,0.0,0
7684,0.6363636363636364,0.4318181818181818,0.4823018341735493,0.21804511278195488,0.5849056603773585,0.3333333333333333,1
864,0.7045454545454546,0.47648902821316613,0.6136436769280275,0.24060150375939848,0.6037735849056604,0.3333333333333333,1
3537,0.6136363636363636,0.4169278996865204,0.53298294540384,0.21052631578947367,0.5471698113207547,0.3333333333333333,1
8481,0.5909090909090909,0.35971786833855796,0.493403410919232,0.22689075630252098,0.5094339622641509,0.0,1
5792,0.5454545454545455,0.35266457680250785,0.3530515928349244,0.1984126984126984,0.5660377358490566,0.6666666666666666,1
5,0.6363636363636364,0.36363636363636365,0.42475597983481717,0.2589285714285714,0.6226415094339622,0.0,1
8781,0.24999999999999997,0.06583072100313479,0.07797919124745255,0.24489795918367344,0.18867924528301888,0.3333333333333333,0
3332,0.7045454545454546,0.5517241379310345,0.5123887160785154,0.20779220779220778,0.41509433962264153,0.0,1
592,0.5454545454545455,0.2938871473354232,0.43617934141370807,0.23809523809523808,0.41509433962264153,0.3333333333333333,0
8293,0.4772727272727273,0.24137931034482757,0.3935428510136222,0.22448979591836732,0.4716981132075472,0.3333333333333333,1
1687,0.4090909090909091,0.19357366771159873,0.2094282956130001,0.20879120879120877,0.5660377358490566,0.3333333333333333,0
7703,0.7045454545454546,0.4263322884012539,0.5226858307411777,0.2689075630252101,0.41509433962264153,0.3333333333333333,1
4406,0.6590909090909092,0.4231974921630094,0.5812506703850692,0.23809523809523808,0.3584905660377359,0.3333333333333333,1
5569,0.7272727272727273,0.5948275862068966,0.6525260109406842,0.20496894409937885,0.5471698113207547,0.3333333333333333,1
4083,0.4545454545454546,0.24686520376175547,0.21650756194358037,0.19999999999999998,0.4716981132075472,0.6666666666666666,0
3440,0.5454545454545455,0.3330721003134796,0.48712860667167224,0.21008403361344538,0.6037735849056604,0.3333333333333333,0
4397,0.27272727272727276,0.11206896551724138,0.20015016625549717,0.16883116883116883,0.41509433962264153,0.0,0
7655,0.6363636363636364,0.40909090909090906,0.4356430333583611,0.23015873015873015,0.7735849056603774,0.6666666666666666,1
3320,0.34090909090909094,0.12539184952978055,0.16314491043655474,0.22857142857142856,0.7169811320754718,0.3333333333333333,0
1074,0.31818181818181823,0.12931034482758622,0.17741070470878473,0.1948051948051948,0.5849056603773585,0.0,0
984,0.5,0.2884012539184953,0.34393435589402555,0.20535714285714285,0.7735849056603774,0.0,1
8265,0.75,0.47962382445141066,0.5576531159498015,0.2698412698412698,0.39622641509433965,0.3333333333333333,1
4167,0.4545454545454546,0.21394984326018807,0.25817869784404157,0.23076923076923075,0.3207547169811321,0.0,0
2840,0.7272727272727273,0.5431034482758621,0.6489863777753941,0.22448979591836732,0.7547169811320755,0.6666666666666666,1
7286,0.36363636363636365,0.14655172413793102,0.22396224391290354,0.22077922077922077,0.4339622641509434,0.0,0
2199,0.29545454545454547,0.0987460815047022,0.16357395688083234,0.2222222222222222,0.7358490566037736,0.0,0
2387,0.4545454545454546,0.24686520376175547,0.16582645071328972,0.19999999999999998,0.49056603773584906,0.3333333333333333,0
8701,0.4090909090909091,0.19357366771159873,0.3143837820444063,0.20879120879120877,0.7169811320754718,0.0,0
1383,0.5909090909090909,0.3385579937304075,0.5122278236619113,0.24107142857142855,0.39622641509433965,0.0,0
7485,0.34090909090909094,0.1128526645768025,0.1296792877829025,0.25396825396825395,0.28301886792452835,0.3333333333333333,0
8610,0.13636363636363635,0.027429467084639496,0.0430655368443634,0.19999999999999998,0.49056603773584906,0.0,0
8762,0.4545454545454546,0.24686520376175547,0.4068432907862276,0.19999999999999998,0.5283018867924528,0.3333333333333333,0
2371,0.29545454545454547,0.13166144200626959,0.14630483749865922,0.16666666666666666,0.49056603773584906,0.3333333333333333,0
1363,0.4090909090909091,0.2084639498432602,0.259358575565805,0.19387755102040816,0.20754716981132076,0.0,0
5745,0.27272727272727276,0.061128526645768025,0.08511208838356753,0.3095238095238095,0.37735849056603776,0.0,0
402,0.34090909090909094,0.1128526645768025,0.13826021666845437,0.25396825396825395,0.4339622641509434,0.0,0
2259,0.34090909090909094,0.12539184952978055,0.13482784511423362,0.22857142857142856,0.4339622641509434,0.0,0
3867,0.6363636363636364,0.45454545454545453,0.577174729164432,0.20714285714285713,0.4339622641509434,0.0,0
4630,0.36363636363636365,0.15987460815047022,0.19569880939611714,0.20238095238095238,0.5094339622641509,0.0,0
8112,0.13636363636363635,0.0384012539184953,0.05695591547785048,0.14285714285714285,0.41509433962264153,0.0,0
3413,0.5681818181818182,0.3667711598746081,0.3033358361042583,0.20634920634920634,0.5471698113207547,0.3333333333333333,1
4423,0.6136363636363636,0.3949843260188088,0.6260860238120777,0.2222222222222222,0.39622641509433965,0.0,0
2123,0.29545454545454547,0.0768025078369906,0.14029818727877294,0.2857142857142857,0.5471698113207547,0.3333333333333333,0
3560,0.75,0.6661442006269592,0.7399978547677786,0.19428571428571428,0.5094339622641509,0.3333333333333333,1
7270,0.20454545454545456,0.06269592476489028,0.09750080446208302,0.17857142857142855,0.5471698113207547,0.0,0
5355,0.3863636363636364,0.15517241379310345,0.184489971039365,0.23376623376623376,0.660377358490566,0.3333333333333333,0
4713,0.31818181818181823,0.14106583072100312,0.17017054596160033,0.17857142857142855,0.7924528301886793,0.0,0
8758,0.5909090909090909,0.317398119122257,0.4890593156709213,0.2571428571428571,0.6037735849056604,0.0,1
5007,0.18181818181818182,0.05642633228840125,0.06816475383460259,0.1607142857142857,0.6981132075471698,0.0,0
3226,0.6136363636363636,0.3949843260188088,0.35879008902713716,0.2222222222222222,0.30188679245283023,0.0,1
2694,0.13636363636363635,0.016457680250783698,0.058082162394079165,0.3333333333333333,0.3584905660377359,0.0,0
2164,0.4090909090909091,0.2084639498432602,0.32661160570631764,0.19387755102040816,0.5283018867924528,0.3333333333333333,0
6895,0.06818181818181818,0.01567398119122257,0.033358361042582864,0.11428571428571428,0.4528301886792453,0.0,0
6260,0.22727272727272727,0.07758620689655173,0.1292502413386249,0.17460317460317462,0.30188679245283023,0.0,0
5739,0.4545454545454546,0.21394984326018807,0.2750724015874718,0.23076923076923075,0.6226415094339622,0.0,1
7603,0.36363636363636365,0.1865203761755486,0.20299259894883623,0.173469387755102,0.6792452830188679,0.0,0
2976,0.8409090909090909,0.5658307210031348,0.6669526976295184,0.2857142857142857,0.4339622641509434,0.6666666666666666,1
2934,0.4318181818181819,0.18808777429467083,0.27019199828381424,0.23809523809523808,0.6792452830188679,0.0,0
8808,0.6818181818181819,0.36442006269592475,0.5543280060066501,0.29523809523809524,0.5471698113207547,0.3333333333333333,1
8483,0.6136363636363636,0.3510971786833856,0.4984447066394938,0.25,0.49056603773584906,0.3333333333333333,1
4816,0.5,0.21630094043887146,0.2785584039472273,0.2738095238095238,0.6226415094339622,0.6666666666666666,1
2397,0.6818181818181819,0.4373040752351097,0.575941220637134,0.24603174603174605,0.6981132075471698,0.3333333333333333,1
1647,0.4545454545454546,0.1810344827586207,0.25930494476027033,0.2727272727272727,0.5094339622641509,0.3333333333333333,1
1410,0.7045454545454546,0.5266457680250783,0.6067789338195859,0.21768707482993194,0.4528301886792453,0.0,1
7916,0.4318181818181819,0.21943573667711597,0.2551753727340985,0.20408163265306123,0.7924528301886793,0.3333333333333333,0
6612,0.20454545454545456,0.07836990595611285,0.08302048696771426,0.14285714285714285,0.13207547169811323,0.0,0
1516,0.4545454545454546,0.24686520376175547,0.36742464871822367,0.19999999999999998,0.6792452830188679,0.0,0
6173,0.4318181818181819,0.23510971786833854,0.2036897994207873,0.19047619047619047,0.5283018867924528,0.3333333333333333,0
4267,0.5,0.3064263322884012,0.3513354070578141,0.19327731092436976,0.5094339622641509,0.3333333333333333,0
1677,0.4772727272727273,0.17241379310344826,0.3546068861954307,0.3142857142857143,0.24528301886792453,0.3333333333333333,0
5005,0.20454545454545456,0.04702194357366771,0.06854016947334549,0.23809523809523808,0.4716981132075472,0.3333333333333333,0
4018,0.27272727272727276,0.04075235109717868,0.13252172047624156,0.46428571428571425,0.37735849056603776,0.3333333333333333,0
7675,0.6590909090909092,0.3996865203761755,0.5715971253888233,0.25210084033613445,0.13207547169811323,0.3333333333333333,1
3311,0.5,0.27037617554858934,0.32419821945725624,0.21904761904761905,0.6792452830188679,0.0,1
2354,0.13636363636363635,0.0219435736677116,0.03593263970824842,0.25,0.37735849056603776,0.3333333333333333,0
4020,0.24999999999999997,0.09404388714733541,0.12946476456076372,0.1714285714285714,0.4716981132075472,0.3333333333333333,0
5207,0.36363636363636365,0.15987460815047022,0.20390432264292607,0.20238095238095238,0.28301886792452835,0.3333333333333333,0
4138,0.36363636363636365,0.15987460815047022,0.1610533090207015,0.20238095238095238,0.39622641509433965,0.3333333333333333,0
3815,0.36363636363636365,0.1731974921630094,0.22578569130108336,0.18681318681318682,0.339622641509434,0.0,0
6217,0.5,0.25235109717868337,0.38217312024026606,0.2346938775510204,0.5471698113207547,0.6666666666666666,0
6824,0.20454545454545456,0.05485893416927899,0.07229432586077443,0.20408163265306123,0.3207547169811321,0.0,0
7249,0.4318181818181819,0.18808777429467083,0.16507561943580393,0.23809523809523808,0.5094339622641509,0.3333333333333333,0
8442,0.1590909090909091,0.050156739811912224,0.05245092781293575,0.14285714285714285,0.3207547169811321,0.0,0
1259,0.8181818181818182,0.7249216300940439,0.7900890271371876,0.2114285714285714,0.5471698113207547,0.3333333333333333,1
1789,0.5227272727272727,0.28213166144200624,0.2910007508312774,0.22857142857142856,0.5660377358490566,0.0,0
4128,0.4772727272727273,0.24137931034482757,0.37112517430011804,0.22448979591836732,0.5849056603773585,0.3333333333333333,1
8444,0.31818181818181823,0.12931034482758622,0.12190282098037114,0.1948051948051948,0.41509433962264153,0.0,0
3114,0.4090909090909091,0.2084639498432602,0.17070685401694732,0.19387755102040816,0.5283018867924528,0.3333333333333333,0
5911,0.7272727272727273,0.5689655172413793,0.645446744610104,0.21428571428571427,0.4339622641509434,0.6666666666666666,1
3407,0.5681818181818182,0.26489028213166144,0.4581143408774,0.2857142857142857,0.7169811320754718,0.6666666666666666,1
1203,0.22727272727272727,0.08620689655172413,0.057277700311058666,0.15714285714285714,0.6226415094339622,0.0,0
6663,0.24999999999999997,0.05642633228840125,0.12560334656226535,0.2857142857142857,0.49056603773584906,0.3333333333333333,0
4103,0.7727272727272728,0.5760188087774294,0.7582323286495762,0.23809523809523808,0.5849056603773585,0.3333333333333333,1
3242,0.6363636363636364,0.5,0.560066502198863,0.1883116883116883,0.339622641509434,0.6666666666666666,1
2402,0.5681818181818182,0.32601880877742945,0.2740534162823125,0.23214285714285712,0.2641509433962264,0.3333333333333333,1
5942,0.5227272727272727,0.3385579937304075,0.38753620079373585,0.19047619047619047,0.7924528301886793,0.0,1
3122,0.75,0.6128526645768024,0.6852944331223855,0.21118012422360247,0.5283018867924528,0.3333333333333333,1
3803,0.4772727272727273,0.27586206896551724,0.41006113911830955,0.19642857142857142,0.6037735849056604,0.3333333333333333,0
5107,0.3863636363636364,0.1974921630094044,0.1912474525367371,0.1836734693877551,0.41509433962264153,0.0,0
1138,0.6363636363636364,0.40909090909090906,0.5009653544996245,0.23015873015873015,0.6415094339622641,0.3333333333333333,1
1931,0.6590909090909092,0.44670846394984326,0.5506811112302906,0.22556390977443608,0.6037735849056604,0.0,0
1936,0.29545454545454547,0.10971786833855798,0.08473667274482463,0.19999999999999998,0.5094339622641509,0.0,0
8600,0.34090909090909094,0.1128526645768025,0.23779899174085595,0.25396825396825395,0.49056603773584906,0.3333333333333333,0
1810,0.7954545454545455,0.677115987460815,0.7994207873002251,0.21428571428571427,0.2641509433962264,0.0,1
8778,0.8181818181818182,0.7249216300940439,0.7702456290893489,0.2114285714285714,0.8490566037735849,0.3333333333333333,1
5592,0.18181818181818182,0.04231974921630094,0.05658049983910758,0.21428571428571427,0.4528301886792453,0.0,0
4322,0.4090909090909091,0.2084639498432602,0.2848332081947871,0.19387755102040816,0.6037735849056604,0.0,0
2656,0.8181818181818182,0.5799373040752351,0.7702456290893489,0.2642857142857143,0.9245283018867925,0.0,1
6276,0.4545454545454546,0.24686520376175547,0.2953448460795881,0.19999999999999998,0.20754716981132076,0.3333333333333333,0
972,0.36363636363636365,0.15987460815047022,0.20663949372519574,0.20238095238095238,0.3207547169811321,0.0,0
1000,0.4545454545454546,0.21394984326018807,0.2750724015874718,0.23076923076923075,0.6415094339622641,0.3333333333333333,0
8361,0.36363636363636365,0.1865203761755486,0.17472916443204978,0.173469387755102,0.20754716981132076,0.0,0
927,0.4318181818181819,0.17241379310344826,0.12860667167220852,0.2597402597402597,0.5094339622641509,0.6666666666666666,0
3255,0.29545454545454547,0.12068965517241378,0.15231148771854552,0.1818181818181818,0.49056603773584906,0.0,0
5983,0.29545454545454547,0.0877742946708464,0.11476992384425615,0.25,0.5283018867924528,0.0,0
4998,0.11363636363636362,0.014106583072100312,0.030998605599056095,0.2857142857142857,0.169811320754717,0.3333333333333333,0
4626,0.4090909090909091,0.16379310344827586,0.2980800171618577,0.24675324675324675,0.5283018867924528,0.0,0
6341,0.6363636363636364,0.36363636363636365,0.4823018341735493,0.2589285714285714,0.22641509433962265,1.0,1
1061,0.6136363636363636,0.3730407523510972,0.5164646572991526,0.2352941176470588,0.49056603773584906,0.0,0
8041,0.6590909090909092,0.5407523510971787,0.5345918695698809,0.18633540372670807,0.7735849056603774,0.3333333333333333,1
5102,0.4772727272727273,0.22413793103448276,0.3675855411348279,0.24175824175824173,0.8679245283018868,0.0,0
7475,0.5454545454545455,0.3134796238244514,0.3061246379920627,0.2232142857142857,0.5660377358490566,0.0,1
3225,0.6818181818181819,0.48589341692789967,0.5426901212056205,0.22142857142857142,0.339622641509434,0.3333333333333333,1
6427,0.4545454545454546,0.164576802507837,0.33476348814759194,0.3,0.5471698113207547,0.0,1
6680,0.6363636363636364,0.5,0.5647323822803817,0.1883116883116883,0.9811320754716981,0.3333333333333333,1
3103,0.5681818181818182,0.38714733542319746,0.5069183739139761,0.19548872180451127,0.5849056603773585,0.0,0
1294,0.6590909090909092,0.4231974921630094,0.4461010404376273,0.23809523809523808,0.20754716981132076,0.3333333333333333,1
1645,0.8409090909090909,0.6849529780564263,0.7158639922771639,0.2360248447204969,0.49056603773584906,0.3333333333333333,1
5023,0.5227272727272727,0.30094043887147337,0.404269012120562,0.21428571428571427,0.30188679245283023,0.0,0
8313,0.3863636363636364,0.12695924764890282,0.16325217204762413,0.2857142857142857,0.5283018867924528,0.3333333333333333,0
5868,0.3863636363636364,0.1974921630094044,0.15649469055025206,0.1836734693877551,0.660377358490566,0.0,0
7719,0.4545454545454546,0.26332288401253917,0.2728199077550144,0.1875,0.5849056603773585,0.0,0
3587,0.6136363636363636,0.3510971786833856,0.5089563445242947,0.25,0.41509433962264153,0.3333333333333333,1
6440,0.36363636363636365,0.14655172413793102,0.18749329614930813,0.22077922077922077,0.7547169811320755,0.3333333333333333,0
165,0.9090909090909092,0.8996865203761755,0.8301512388716079,0.20918367346938774,0.5094339622641509,0.0,1
1491,0.11363636363636362,0.009404388714733543,0.023919339268475816,0.42857142857142855,0.4716981132075472,0.0,0
7165,0.5,0.2884012539184953,0.2662233186742464,0.20535714285714285,0.49056603773584906,0.0,0
7802,0.5,0.2884012539184953,0.2884264721656119,0.20535714285714285,0.20754716981132076,0.3333333333333333,0
6079,0.6136363636363636,0.3949843260188088,0.40383996567628444,0.2222222222222222,0.4716981132075472,0.3333333333333333,1
4025,0.5681818181818182,0.3667711598746081,0.4246487182237477,0.20634920634920634,0.4716981132075472,0.3333333333333333,1
2948,0.5227272727272727,0.2445141065830721,0.30773356215810366,0.26373626373626374,0.41509433962264153,0.3333333333333333,0
2121,0.5454545454545455,0.3330721003134796,0.3812077657406414,0.21008403361344538,0.339622641509434,0.3333333333333333,0
1773,0.18181818181818182,0.03526645768025078,0.06140727233723052,0.2571428571428571,0.41509433962264153,0.0,0
7929,0.5909090909090909,0.38087774294670845,0.5382923951517752,0.21428571428571427,0.6415094339622641,0.3333333333333333,1
1636,0.27272727272727276,0.09169278996865203,0.13252172047624156,0.20634920634920634,0.4716981132075472,0.0,0
1959,0.5681818181818182,0.3667711598746081,0.33540705781400837,0.20634920634920634,0.5283018867924528,0.0,1
2890,0.5,0.27037617554858934,0.29459401480210234,0.21904761904761905,0.4339622641509434,0.3333333333333333,0
8847,0.6363636363636364,0.5,0.5227394615467125,0.1883116883116883,0.7358490566037736,0.3333333333333333,1
1066,0.7045454545454546,0.5517241379310345,0.6256569773678,0.20779220779220778,0.660377358490566,0.0,1
1553,0.27272727272727276,0.09169278996865203,0.22524938324573635,0.20634920634920634,0.7358490566037736,0.0,0
1391,0.4772727272727273,0.22413793103448276,0.23661911401909255,0.24175824175824173,0.5471698113207547,0.0,0
1320,0.5,0.21630094043887146,0.3513354070578141,0.2738095238095238,0.6981132075471698,0.6666666666666666,0
3144,0.36363636363636365,0.13322884012539185,0.26498981014694833,0.24285714285714283,0.7547169811320755,0.0,0
8466,0.5,0.23432601880877743,0.3575029496943044,0.25274725274725274,0.5471698113207547,0.0,0
904,0.4318181818181819,0.2037617554858934,0.28091815939075404,0.21978021978021978,0.5660377358490566,0.0,0
7657,0.6590909090909092,0.4231974921630094,0.41231363295076695,0.23809523809523808,0.5283018867924528,0.0,1
4745,0.5681818181818182,0.32601880877742945,0.4790303550359326,0.23214285714285712,0.4716981132075472,0.0,1
457,0.7272727272727273,0.646551724137931,0.5941220637133969,0.18857142857142856,0.49056603773584906,0.3333333333333333,1
1486,0.34090909090909094,0.18808777429467083,0.19918481175587258,0.15238095238095237,0.4528301886792453,0.3333333333333333,0
8,0.36363636363636365,0.1865203761755486,0.17746433551431942,0.173469387755102,0.6981132075471698,0.0,0
2723,0.6818181818181819,0.4373040752351097,0.5892416604097392,0.24603174603174605,0.4716981132075472,0.6666666666666666,1
1796,0.6818181818181819,0.3887147335423197,0.41301083342271805,0.27678571428571425,0.37735849056603776,0.3333333333333333,1
872,0.4090909090909091,0.19357366771159873,0.22573206049554861,0.20879120879120877,0.339622641509434,0.3333333333333333,1
2678,0.31818181818181823,0.09404388714733541,0.11385820015016625,0.26785714285714285,0.49056603773584906,0.6666666666666666,0
5312,0.6590909090909092,0.49373040752351094,0.6279094712002574,0.20408163265306123,0.4528301886792453,0.3333333333333333,1
4849,0.5454545454545455,0.3330721003134796,0.43617934141370807,0.21008403361344538,0.41509433962264153,0.3333333333333333,0
5991,0.4318181818181819,0.21943573667711597,0.3281132682612893,0.20408163265306123,0.37735849056603776,0.3333333333333333,0
489,0.36363636363636365,0.1865203761755486,0.18475812506703854,0.173469387755102,0.3584905660377359,0.0,0
7524,0.29545454545454547,0.0768025078369906,0.07422503486002359,0.2857142857142857,0.7169811320754718,0.0,0
7276,0.4545454545454546,0.1974921630094044,0.2334012656870106,0.25,0.39622641509433965,0.3333333333333333,1
8210,0.4545454545454546,0.1481191222570533,0.3043548214094175,0.3333333333333333,0.4339622641509434,0.3333333333333333,1
2767,0.5,0.3064263322884012,0.31556365976616974,0.19327731092436976,0.2641509433962264,0.0,0
7738,0.4772727272727273,0.25862068965517243,0.23189960313203906,0.2095238095238095,0.3207547169811321,0.0,0
1557,0.6363636363636364,0.36363636363636365,0.5538453287568379,0.2589285714285714,0.4716981132075472,0.6666666666666666,1
5408,0.3863636363636364,0.0987460815047022,0.20862383352997962,0.3673469387755102,0.39622641509433965,0.3333333333333333,0
6494,0.3863636363636364,0.12695924764890282,0.1661482355464979,0.2857142857142857,0.4528301886792453,0.3333333333333333,0
4463,0.8636363636363636,0.6418495297805642,0.6742464871822375,0.2653061224489796,0.5283018867924528,0.6666666666666666,1
4714,0.27272727272727276,0.09169278996865203,0.15692373699452966,0.20634920634920634,0.5849056603773585,0.6666666666666666,0
124,0.5454545454545455,0.274294670846395,0.3758446851871715,0.25510204081632654,0.28301886792452835,0.6666666666666666,1
2638,0.6136363636363636,0.46081504702194354,0.47742143086989164,0.19047619047619047,0.22641509433962265,0.0,0
5106,0.09090909090909091,0.01959247648902821,0.04574707712109836,0.14285714285714285,0.6792452830188679,0.3333333333333333,0
8474,0.4772727272727273,0.1896551724137931,0.27083556795023067,0.2857142857142857,0.7358490566037736,0.3333333333333333,1
4473,0.5681818181818182,0.2852664576802508,0.403732704065215,0.2653061224489796,0.4528301886792453,0.3333333333333333,1
2011,0.5,0.23432601880877743,0.28472594658371775,0.25274725274725274,0.3584905660377359,0.6666666666666666,1
7369,0.5227272727272727,0.28213166144200624,0.4016947334548965,0.22857142857142856,0.5849056603773585,0.3333333333333333,0
6545,0.4318181818181819,0.23510971786833854,0.22514212163466696,0.19047619047619047,0.6037735849056604,0.0,0
6353,0.36363636363636365,0.19984326018808776,0.20390432264292607,0.16190476190476188,0.41509433962264153,0.0,0
5856,0.24999999999999997,0.09404388714733541,0.09149415424219673,0.1714285714285714,0.4339622641509434,0.0,0
2458,0.5227272727272727,0.26332288401253917,0.45832886409953877,0.24489795918367344,0.5849056603773585,0.0,1
353,0.5909090909090909,0.44435736677115983,0.5440845221495226,0.1836734693877551,0.5094339622641509,0.0,1
5763,0.7954545454545455,0.5360501567398119,0.6430333583610426,0.2706766917293233,0.5471698113207547,1.0,1
3817,0.31818181818181823,0.164576802507837,0.10822696556902285,0.1530612244897959,0.660377358490566,0.3333333333333333,0
4174,0.4318181818181819,0.17241379310344826,0.21227072830633917,0.2597402597402597,0.2641509433962264,0.6666666666666666,1
3713,0.36363636363636365,0.15987460815047022,0.14281883513890378,0.20238095238095238,0.4528301886792453,0.0,0
969,0.7045454545454546,0.6018808777429467,0.57931996138582,0.19047619047619047,0.4528301886792453,0.0,1
8837,0.20454545454545456,0.05485893416927899,0.07819371446959134,0.20408163265306123,0.39622641509433965,0.0,0
8228,0.7045454545454546,0.5015673981191222,0.5535771747291645,0.22857142857142856,0.5283018867924528,0.6666666666666666,1
6408,0.29545454545454547,0.0877742946708464,0.09750080446208302,0.25,0.5283018867924528,0.0,0
8339,0.18181818181818182,0.04231974921630094,0.06478601308591656,0.21428571428571427,0.3584905660377359,0.0,0
2930,0.5454545454545455,0.23510971786833854,0.3034430977153276,0.2976190476190476,0.4716981132075472,0.3333333333333333,1
4271,0.6818181818181819,0.5101880877742947,0.5310522364045908,0.2108843537414966,0.5471698113207547,0.0,1
6364,0.75,0.6927899686520376,0.6761771961814866,0.18681318681318682,0.3207547169811321,0.3333333333333333,1
4059,0.7272727272727273,0.5689655172413793,0.6596052772712646,0.21428571428571427,0.37735849056603776,0.0,1
5826,0.8409090909090909,0.6253918495297806,0.7973828166899066,0.2585034013605442,0.4528301886792453,0.3333333333333333,1
5519,0.5227272727272727,0.28213166144200624,0.3720905287997426,0.22857142857142856,0.4716981132075472,0.3333333333333333,0
1013,0.4090909090909091,0.13401253918495298,0.2165611927491151,0.30158730158730157,0.5660377358490566,0.3333333333333333,0
8081,0.6363636363636364,0.5,0.42942185991633597,0.1883116883116883,0.41509433962264153,0.3333333333333333,1
4092,0.4318181818181819,0.2037617554858934,0.29057170438699986,0.21978021978021978,0.7358490566037736,0.3333333333333333,0
4799,0.4090909090909091,0.16379310344827586,0.15032714791376167,0.24675324675324675,0.39622641509433965,0.6666666666666666,0
6163,0.6136363636363636,0.48275862068965514,0.5134613321892095,0.1818181818181818,0.49056603773584906,0.3333333333333333,1
560,0.36363636363636365,0.15987460815047022,0.17017054596160033,0.20238095238095238,0.6415094339622641,0.0,0
1961,0.36363636363636365,0.0932601880877743,0.1838464013729486,0.346938775510204,0.5471698113207547,0.6666666666666666,1
1158,0.75,0.799373040752351,0.7673495655904752,0.16190476190476188,0.3584905660377359,0.3333333333333333,1
4941,0.5681818181818182,0.26489028213166144,0.38978869462619326,0.2857142857142857,0.22641509433962265,0.3333333333333333,1
1631,0.5227272727272727,0.30094043887147337,0.3708033894669097,0.21428571428571427,0.4339622641509434,0.3333333333333333,1
1654,0.34090909090909094,0.12539184952978055,0.1717258393221066,0.22857142857142856,0.22641509433962265,0.0,0
7726,0.7954545454545455,0.6206896551724138,0.7241231363295075,0.23376623376623376,0.6415094339622641,0.6666666666666666,1
3121,0.34090909090909094,0.15047021943573669,0.17086774643355143,0.19047619047619047,0.39622641509433965,0.0,0
2161,0.7727272727272728,0.5760188087774294,0.6362222460581357,0.23809523809523808,0.6037735849056604,0.3333333333333333,1
6234,0.36363636363636365,0.13322884012539185,0.12367263756301619,0.24285714285714283,0.7735849056603774,0.0,0
5014,0.6590909090909092,0.49373040752351094,0.5506811112302906,0.20408163265306123,0.28301886792452835,0.6666666666666666,1
3748,0.7272727272727273,0.5948275862068966,0.5693446315563659,0.20496894409937885,0.5660377358490566,0.6666666666666666,1
8008,0.5454545454545455,0.35266457680250785,0.29405770674675535,0.1984126984126984,0.6037735849056604,0.0,0
5070,0.36363636363636365,0.21316614420062696,0.16925882226751043,0.15178571428571427,0.6981132075471698,0.0,0
1228,0.4772727272727273,0.24137931034482757,0.2849941006113912,0.22448979591836732,0.7547169811320755,0.0,0
717,0.4545454545454546,0.13166144200626959,0.24916872251421215,0.375,0.41509433962264153,0.3333333333333333,0
1252,0.6590909090909092,0.47021943573667707,0.5345918695698809,0.21428571428571427,0.5283018867924528,0.3333333333333333,1
2595,0.5454545454545455,0.274294670846395,0.4482462726590153,0.25510204081632654,0.3207547169811321,0.0,0
1496,0.6590909090909092,0.47021943573667707,0.5667703528907004,0.21428571428571427,0.5283018867924528,0.0,1
1882,0.27272727272727276,0.061128526645768025,0.13182452000429046,0.3095238095238095,0.28301886792452835,0.3333333333333333,0
7747,0.8181818181818182,0.7249216300940439,0.7146841145554006,0.2114285714285714,0.4716981132075472,0.3333333333333333,1
4125,0.4318181818181819,0.2507836990595611,0.3055883299367157,0.17857142857142855,0.30188679245283023,0.3333333333333333,0
2284,0.5,0.21630094043887146,0.27362436983803495,0.2738095238095238,0.4528301886792453,0.6666666666666666,0
2981,0.4090909090909091,0.19357366771159873,0.23795988415746006,0.20879120879120877,0.6415094339622641,0.3333333333333333,1
4139,0.7272727272727273,0.5431034482758621,0.5711144481390111,0.22448979591836732,0.5094339622641509,0.0,1
4264,0.22727272727272727,0.06034482758620689,0.10329293145983053,0.22448979591836732,0.2641509433962264,0.0,0
5632,0.3863636363636364,0.225705329153605,0.2260002145232221,0.1607142857142857,0.24528301886792453,0.3333333333333333,0
1311,0.8409090909090909,0.8636363636363636,0.7871929636383138,0.18719211822660098,0.5283018867924528,0.3333333333333333,1
613,0.18181818181818182,0.04231974921630094,0.05995924058779363,0.21428571428571427,0.8679245283018868,0.3333333333333333,0
3685,0.3863636363636364,0.1974921630094044,0.25303014051271044,0.1836734693877551,0.20754716981132076,0.3333333333333333,0
835,0.3863636363636364,0.1128526645768025,0.19028209803711252,0.3214285714285714,0.4528301886792453,0.3333333333333333,0
126,0.5681818181818182,0.2445141065830721,0.37026708141156284,0.3095238095238095,0.7358490566037736,0.3333333333333333,1
2476,0.8409090909090909,0.7147335423197492,0.6547248739676069,0.22619047619047616,0.37735849056603776,0.0,1
2899,0.6136363636363636,0.3510971786833856,0.49093639386463594,0.25,0.5471698113207547,0.6666666666666666,1
4732,0.18181818181818182,0.0493730407523511,0.03486002359755443,0.1836734693877551,0.6037735849056604,0.3333333333333333,0
3089,0.34090909090909094,0.0877742946708464,0.12367263756301619,0.32653061224489793,0.49056603773584906,0.3333333333333333,0
1080,0.4318181818181819,0.1567398119122257,0.21763380885980907,0.2857142857142857,0.24528301886792453,0.3333333333333333,1
310,0.5,0.25235109717868337,0.3390003217848332,0.2346938775510204,0.6226415094339622,0.6666666666666666,0
1144,0.3863636363636364,0.15517241379310345,0.20379706103185669,0.23376623376623376,0.4339622641509434,0.3333333333333333,0
7978,0.4318181818181819,0.29780564263322884,0.3098787943794916,0.15037593984962405,0.4339622641509434,0.3333333333333333,0
6099,0.6363636363636364,0.3409090909090909,0.5398476885122815,0.27619047619047615,0.6226415094339622,0.6666666666666666,1
8136,0.7045454545454546,0.5015673981191222,0.6651292502413386,0.22857142857142856,0.9811320754716981,1.0,1
3617,0.4090909090909091,0.16379310344827586,0.27362436983803495,0.24675324675324675,0.4339622641509434,0.0,0
8691,0.5454545454545455,0.274294670846395,0.3691408344953341,0.25510204081632654,0.39622641509433965,0.3333333333333333,1
5315,0.3863636363636364,0.2115987460815047,0.17097500804462082,0.1714285714285714,0.49056603773584906,0.0,0
5381,0.4318181818181819,0.18808777429467083,0.1961814866459294,0.23809523809523808,0.9056603773584906,0.0,0
7501,0.36363636363636365,0.10658307210031348,0.17381744073795985,0.30357142857142855,0.6037735849056604,0.6666666666666666,1
1891,0.5227272727272727,0.3385579937304075,0.41714040544888986,0.19047619047619047,0.6037735849056604,0.0,1
5438,0.6136363636363636,0.48275862068965514,0.38582001501662555,0.1818181818181818,0.3207547169811321,0.3333333333333333,0
7137,0.3863636363636364,0.15517241379310345,0.17290571704386998,0.23376623376623376,0.5471698113207547,0.6666666666666666,0
5316,0.6590909090909092,0.49373040752351094,0.5957309878794379,0.20408163265306123,0.9056603773584906,0.6666666666666666,1
2451,0.5227272727272727,0.28213166144200624,0.33991204547892306,0.22857142857142856,0.4716981132075472,0.3333333333333333,0
4748,0.36363636363636365,0.1865203761755486,0.2166684543601845,0.173469387755102,0.4528301886792453,0.0,0
2307,0.3863636363636364,0.1128526645768025,0.24434195001608924,0.3214285714285714,0.3584905660377359,0.6666666666666666,1
830,0.5681818181818182,0.3463949843260188,0.47205835031642174,0.21848739495798317,0.5660377358490566,0.0,1
4739,0.34090909090909094,0.15047021943573669,0.20004290464442775,0.19047619047619047,0.3207547169811321,0.0,0
28,0.34090909090909094,0.13793103448275862,0.1219564517859058,0.20779220779220778,0.5471698113207547,0.0,0
8533,0.34090909090909094,0.1128526645768025,0.13396975222567842,0.25396825396825395,0.5471698113207547,0.3333333333333333,0
4429,0.29545454545454547,0.0987460815047022,0.16958060710071868,0.2222222222222222,0.24528301886792453,0.0,0
8935,0.31818181818181823,0.0822884012539185,0.2039579534484608,0.3061224489795918,0.4716981132075472,0.0,0
3619,0.4772727272727273,0.13793103448275862,0.27083556795023067,0.39285714285714285,0.8301886792452831,0.3333333333333333,1
1302,0.7045454545454546,0.37617554858934166,0.5261182022953985,0.30476190476190473,0.4528301886792453,0.3333333333333333,1
7771,0.6818181818181819,0.5101880877742947,0.5925667703528907,0.2108843537414966,0.24528301886792453,0.6666666666666666,1
5016,0.27272727272727276,0.04075235109717868,0.08790089027137186,0.46428571428571425,0.660377358490566,0.3333333333333333,0
3352,0.7272727272727273,0.5689655172413793,0.7003110586721012,0.21428571428571427,0.4716981132075472,0.3333333333333333,1
4449,0.4772727272727273,0.25862068965517243,0.2743752011155207,0.2095238095238095,0.24528301886792453,0.3333333333333333,0
3584,0.6590909090909092,0.35266457680250785,0.5362007937359218,0.2857142857142857,0.18867924528301888,0.6666666666666666,1
641,0.5,0.2884012539184953,0.3291322535664486,0.20535714285714285,0.20754716981132076,0.3333333333333333,0
5470,0.6136363636363636,0.3510971786833856,0.42786656655582966,0.25,0.6226415094339622,0.6666666666666666,1
3180,0.29545454545454547,0.10971786833855798,0.13053738067145768,0.19999999999999998,0.5094339622641509,0.3333333333333333,0
4629,0.4090909090909091,0.19357366771159873,0.2399978547677786,0.20879120879120877,0.4528301886792453,0.3333333333333333,0
2480,0.5454545454545455,0.35266457680250785,0.343666201866352,0.1984126984126984,0.49056603773584906,0.0,1
1638,0.7272727272727273,0.49137931034482757,0.6790732596803603,0.24812030075187969,0.5283018867924528,0.0,1
3243,0.5454545454545455,0.35266457680250785,0.4120454789230934,0.1984126984126984,0.5471698113207547,0.3333333333333333,1
5275,0.22727272727272727,0.034482758620689655,0.08264507132897136,0.39285714285714285,0.5660377358490566,0.3333333333333333,0
5175,0.4318181818181819,0.2507836990595611,0.343129893811005,0.17857142857142855,0.5660377358490566,0.0,0
924,0.3863636363636364,0.18338557993730406,0.16518288104687331,0.1978021978021978,0.8301886792452831,0.0,0
7502,0.4545454545454546,0.1974921630094044,0.25930494476027033,0.25,0.4528301886792453,0.6666666666666666,0
7924,0.4318181818181819,0.23510971786833854,0.3216775715971254,0.19047619047619047,0.6981132075471698,0.3333333333333333,1
2969,0.6363636363636364,0.40909090909090906,0.3967606993457041,0.23015873015873015,0.4339622641509434,0.0,1
1073,0.24999999999999997,0.05642633228840125,0.08055346991311808,0.2857142857142857,0.5283018867924528,0.3333333333333333,0
4387,0.4090909090909091,0.19357366771159873,0.1676498981014695,0.20879120879120877,0.4339622641509434,0.3333333333333333,1
4899,0.75,0.5329153605015674,0.6305910114769924,0.24285714285714283,0.0566037735849057,1.0,1
838,0.4772727272727273,0.15517241379310345,0.29679287782902497,0.34920634920634924,0.5283018867924528,0.0,1
3733,0.4318181818181819,0.17241379310344826,0.22728735385605492,0.2597402597402597,0.7169811320754718,0.0,0
4328,0.5,0.3244514106583072,0.28225892952912157,0.1825396825396825,0.5660377358490566,0.0,1
5881,0.6136363636363636,0.48275862068965514,0.6080660731524187,0.1818181818181818,0.6792452830188679,0.0,1
45,0.4318181818181819,0.2037617554858934,0.2283599699667489,0.21978021978021978,0.20754716981132076,0.3333333333333333,0
2529,0.18181818181818182,0.028213166144200625,0.06478601308591656,0.3214285714285714,0.6792452830188679,0.0,0
2766,0.36363636363636365,0.11990595611285267,0.2111981121956452,0.2698412698412698,0.5283018867924528,0.0,1
6642,0.3863636363636364,0.15517241379310345,0.20476241553148128,0.23376623376623376,0.28301886792452835,0.0,0
2715,0.4318181818181819,0.2037617554858934,0.3034430977153276,0.21978021978021978,0.6037735849056604,0.0,0
1122,0.5454545454545455,0.2938871473354232,0.44556473238228034,0.23809523809523808,0.7358490566037736,0.3333333333333333,1
3305,0.4090909090909091,0.16379310344827586,0.23082698702134505,0.24675324675324675,0.37735849056603776,0.0,0
3577,0.20454545454545456,0.04702194357366771,0.06210447280918159,0.23809523809523808,0.5094339622641509,0.0,0
7139,0.4318181818181819,0.17241379310344826,0.13289713611498444,0.2597402597402597,0.49056603773584906,0.3333333333333333,0
6939,0.6363636363636364,0.5227272727272727,0.5973935428510135,0.18012422360248448,0.7924528301886793,0.0,1
1694,0.34090909090909094,0.12539184952978055,0.1434087739997855,0.22857142857142856,0.22641509433962265,0.3333333333333333,0
4379,0.6363636363636364,0.3409090909090909,0.4776359540920304,0.27619047619047615,0.3207547169811321,0.3333333333333333,1
6337,0.29545454545454547,0.0877742946708464,0.09524831062962565,0.25,0.15094339622641512,0.6666666666666666,0
1567,0.5227272727272727,0.3385579937304075,0.4016947334548965,0.19047619047619047,0.4528301886792453,0.0,1
371,0.29545454545454547,0.10971786833855798,0.1710822696556902,0.19999999999999998,0.5849056603773585,0.3333333333333333,0
8864,0.22727272727272727,0.06896551724137931,0.11391183095570097,0.19642857142857142,0.2641509433962264,0.3333333333333333,0
2537,0.4545454545454546,0.21394984326018807,0.2716936608387859,0.23076923076923075,0.6415094339622641,0.3333333333333333,1
8176,0.6363636363636364,0.36363636363636365,0.5476241553148129,0.2589285714285714,0.7169811320754718,0.0,1
1610,0.5,0.27037617554858934,0.3488683900032178,0.21904761904761905,0.4339622641509434,0.3333333333333333,1
7550,0.4545454545454546,0.26332288401253917,0.25029496943044083,0.1875,0.49056603773584906,0.0,0
8194,0.3863636363636364,0.2115987460815047,0.21151989702885335,0.1714285714285714,0.5660377358490566,0.0,0
8981,0.36363636363636365,0.14655172413793102,0.19661053309020698,0.22077922077922077,0.41509433962264153,0.0,0
495,0.5227272727272727,0.31974921630094044,0.3321892094819263,0.20168067226890757,0.39622641509433965,0.3333333333333333,0
703,0.36363636363636365,0.11990595611285267,0.25860774428831923,0.2698412698412698,0.7358490566037736,0.0,0
6868,0.5,0.25235109717868337,0.4068432907862276,0.2346938775510204,0.5660377358490566,0.0,0
6316,0.5227272727272727,0.3573667711598746,0.34119918481175593,0.18045112781954886,0.37735849056603776,0.0,1
509,0.5454545454545455,0.39184952978056425,0.3275769602059423,0.17857142857142855,0.6037735849056604,0.3333333333333333,0
3518,0.7045454545454546,0.5517241379310345,0.5638742893918266,0.20779220779220778,0.339622641509434,0.3333333333333333,1
2655,0.34090909090909094,0.10031347962382445,0.20604955486431403,0.2857142857142857,0.4528301886792453,0.0,0
1526,0.36363636363636365,0.14655172413793102,0.1537595194679824,0.22077922077922077,0.39622641509433965,0.3333333333333333,0
6035,0.8636363636363636,0.7029780564263323,0.7223533197468625,0.24223602484472048,0.49056603773584906,0.6666666666666666,1
7422,0.4090909090909091,0.1786833855799373,0.29094712002574286,0.22619047619047616,0.41509433962264153,0.0,0
3213,0.5,0.2884012539184953,0.3303657620937466,0.20535714285714285,0.28301886792452835,0.0,1
6101,0.36363636363636365,0.13322884012539185,0.30510565268690326,0.24285714285714283,0.4339622641509434,0.0,1
4958,0.5,0.21630094043887146,0.3969752225678429,0.2738095238095238,0.7169811320754718,0.6666666666666666,1
5340,0.5909090909090909,0.35971786833855796,0.48761128392148456,0.22689075630252098,0.49056603773584906,0.3333333333333333,1
5556,0.36363636363636365,0.15987460815047022,0.18111123029067894,0.20238095238095238,0.7924528301886793,0.3333333333333333,0
7135,0.5454545454545455,0.35266457680250785,0.40936393864635845,0.1984126984126984,0.5660377358490566,0.3333333333333333,0
1337,0.4090909090909091,0.19357366771159873,0.2094282956130001,0.20879120879120877,0.4528301886792453,0.0,0
974,0.4090909090909091,0.16379310344827586,0.1645929421859916,0.24675324675324675,0.660377358490566,0.3333333333333333,0
2325,0.9090909090909092,0.8675548589341693,0.8631341842754479,0.21693121693121692,0.5094339622641509,0.6666666666666666,1
7547,0.4545454545454546,0.26332288401253917,0.2097500804462083,0.1875,0.41509433962264153,0.0,0
992,0.20454545454545456,0.07053291536050156,0.1050091172369409,0.15873015873015872,0.4528301886792453,0.0,0
6372,0.6363636363636364,0.47727272727272724,0.5818406092459508,0.19727891156462585,0.41509433962264153,0.3333333333333333,1
3031,0.31818181818181823,0.11755485893416927,0.1540813043011906,0.21428571428571427,0.5660377358490566,0.0,0
7366,0.3863636363636364,0.1974921630094044,0.3138474739890593,0.1836734693877551,0.4339622641509434,0.0,0
6665,0.6136363636363636,0.46081504702194354,0.4533948299903464,0.19047619047619047,0.5283018867924528,0.6666666666666666,1
7333,0.13636363636363635,0.0384012539184953,0.05019843398047839,0.14285714285714285,0.5660377358490566,0.0,0
1967,0.22727272727272727,0.06896551724137931,0.11273195323393756,0.19642857142857142,0.3207547169811321,0.0,0
2726,0.3863636363636364,0.2115987460815047,0.22406950552397298,0.1714285714285714,0.5660377358490566,0.0,0
2519,0.5681818181818182,0.3667711598746081,0.34098466158961704,0.20634920634920634,0.6415094339622641,0.0,0
7068,0.5681818181818182,0.3463949843260188,0.36468947763595405,0.21848739495798317,0.5660377358490566,0.3333333333333333,0
4783,0.6363636363636364,0.38636363636363635,0.6005041295720261,0.2436974789915966,0.3584905660377359,0.0,1
7766,0.11363636363636362,0.018808777429467086,0.029389681433015125,0.21428571428571427,0.28301886792452835,0.3333333333333333,0
5645,0.4318181818181819,0.2507836990595611,0.29057170438699986,0.17857142857142855,0.6981132075471698,0.0,0
7226,0.5,0.3244514106583072,0.39327469698594875,0.1825396825396825,0.37735849056603776,0.6666666666666666,0
6801,0.5681818181818182,0.4075235109717868,0.4246487182237477,0.18571428571428572,0.5660377358490566,0.3333333333333333,1
3456,0.4318181818181819,0.23510971786833854,0.2980800171618577,0.19047619047619047,0.39622641509433965,0.0,0
572,0.20454545454545456,0.04702194357366771,0.07283063391612142,0.23809523809523808,0.39622641509433965,0.0,0
8922,0.31818181818181823,0.09404388714733541,0.22004719510887052,0.26785714285714285,0.5660377358490566,0.0,0
3538,0.4318181818181819,0.2037617554858934,0.17687439665343774,0.21978021978021978,0.4339622641509434,0.0,0
8106,0.3863636363636364,0.16927899686520376,0.2337230505202188,0.21428571428571427,0.22641509433962265,0.0,0
7299,0.4090909090909091,0.19357366771159873,0.2481497372090529,0.20879120879120877,0.5283018867924528,0.0,0
3027,0.5454545454545455,0.3134796238244514,0.3235546497908398,0.2232142857142857,0.4528301886792453,0.6666666666666666,0
397,0.4090909090909091,0.25313479623824453,0.35310522364045904,0.15966386554621848,0.6037735849056604,0.0,0
1933,0.5681818181818182,0.4075235109717868,0.47345275126032393,0.18571428571428572,0.6792452830188679,0.0,1
396,0.4772727272727273,0.27586206896551724,0.2908934892202081,0.19642857142857142,0.4528301886792453,0.0,0
5886,0.5909090909090909,0.38087774294670845,0.50353963316529,0.21428571428571427,0.3584905660377359,0.0,0
2022,0.7272727272727273,0.49137931034482757,0.670224176767135,0.24812030075187969,0.7358490566037736,0.3333333333333333,1
598,0.7954545454545455,0.5360501567398119,0.7569451893167436,0.2706766917293233,0.7735849056603774,0.6666666666666666,1
8940,0.3863636363636364,0.16927899686520376,0.2839214845006972,0.21428571428571427,0.5283018867924528,0.3333333333333333,0
3671,0.75,0.47962382445141066,0.64882548535879,0.2698412698412698,0.39622641509433965,0.3333333333333333,1
1307,0.5454545454545455,0.372257053291536,0.5219886302692266,0.18796992481203006,0.5660377358490566,0.0,0
1777,0.4090909090909091,0.2084639498432602,0.2777003110586721,0.19387755102040816,0.07547169811320759,0.3333333333333333,0
7415,0.4772727272727273,0.20689655172413793,0.3380885980907433,0.26190476190476186,0.6226415094339622,0.3333333333333333,1
7607,0.5,0.2884012539184953,0.29212699774750617,0.20535714285714285,0.49056603773584906,0.0,1
4754,0.31818181818181823,0.07053291536050156,0.17660624262576424,0.3571428571428571,0.6981132075471698,0.6666666666666666,0
7525,0.4090909090909091,0.16379310344827586,0.2349029282419822,0.24675324675324675,0.8113207547169812,0.0,0
4775,0.6136363636363636,0.46081504702194354,0.593049447602703,0.19047619047619047,0.5283018867924528,0.0,1
7831,0.5909090909090909,0.46551724137931033,0.41955379169795126,0.17532467532467533,0.49056603773584906,0.3333333333333333,1
7777,0.5909090909090909,0.44435736677115983,0.45141049018556256,0.1836734693877551,0.5283018867924528,0.0,0
2631,0.8409090909090909,0.7147335423197492,0.7973828166899066,0.22619047619047616,0.5660377358490566,0.0,1
2898,0.4545454545454546,0.24686520376175547,0.2840823769173013,0.19999999999999998,0.5094339622641509,0.3333333333333333,1
825,0.4545454545454546,0.26332288401253917,0.23227501877078194,0.1875,0.30188679245283023,0.0,0
506,1.0,0.9874608150470219,0.9094712002574278,0.22959183673469388,0.3207547169811321,0.3333333333333333,1
8372,0.31818181818181823,0.14106583072100312,0.08167971682934677,0.17857142857142855,0.37735849056603776,0.0,0
196,0.5454545454545455,0.25470219435736674,0.281990775501448,0.2747252747252747,0.5283018867924528,0.0,1
8807,0.34090909090909094,0.13793103448275862,0.11423361578890914,0.20779220779220778,0.49056603773584906,0.0,0
4946,0.5454545454545455,0.23510971786833854,0.39327469698594875,0.2976190476190476,0.39622641509433965,0.3333333333333333,0
8142,0.3863636363636364,0.18338557993730406,0.15746004504987665,0.1978021978021978,0.3584905660377359,0.3333333333333333,0
752,0.7727272727272728,0.6308777429467084,0.6681325753512818,0.21739130434782608,0.6415094339622641,0.3333333333333333,1
2435,0.6590909090909092,0.5172413793103449,0.6584790303550359,0.1948051948051948,0.339622641509434,0.3333333333333333,0
7591,0.3863636363636364,0.16927899686520376,0.30805534699131176,0.21428571428571427,0.49056603773584906,0.3333333333333333,0
358,0.5909090909090909,0.4231974921630094,0.3905931567092138,0.19285714285714287,0.41509433962264153,0.0,1
2212,0.5681818181818182,0.38714733542319746,0.4581143408774,0.19548872180451127,0.5094339622641509,0.3333333333333333,1
8697,0.4772727272727273,0.3103448275862069,0.22246058135793198,0.17460317460317462,0.3584905660377359,0.0,0
3047,0.5227272727272727,0.3385579937304075,0.4428831921055454,0.19047619047619047,0.30188679245283023,0.3333333333333333,0
4930,0.5681818181818182,0.3056426332288401,0.5334119918481175,0.24761904761904763,0.5283018867924528,0.3333333333333333,1
2894,0.4772727272727273,0.29310344827586204,0.34634774214308695,0.18487394957983194,0.41509433962264153,0.0,0
1119,0.7045454545454546,0.47648902821316613,0.6874396653437734,0.24060150375939848,0.37735849056603776,0.0,1
6057,0.4318181818181819,0.21943573667711597,0.27984554328006006,0.20408163265306123,0.5094339622641509,0.0,0
646,0.6818181818181819,0.48589341692789967,0.6407808645285852,0.22142857142857142,0.39622641509433965,0.3333333333333333,1
2988,0.7045454545454546,0.4012539184952978,0.6256569773678,0.2857142857142857,0.30188679245283023,0.6666666666666666,1
8391,0.5454545454545455,0.21551724137931033,0.3034430977153276,0.3246753246753247,0.30188679245283023,0.6666666666666666,0
1360,0.7727272727272728,0.603448275862069,0.5986806821838464,0.22727272727272724,0.7547169811320755,0.3333333333333333,1
5495,0.36363636363636365,0.1731974921630094,0.22487396760699346,0.18681318681318682,0.4339622641509434,0.0,0
6040,0.5,0.3244514106583072,0.3167971682934677,0.1825396825396825,0.20754716981132076,0.0,0
5779,0.09090909090909091,0.023510971786833854,0.02858521934999464,0.11904761904761904,0.660377358490566,0.0,0
1869,0.29545454545454547,0.1426332288401254,0.12077657406414247,0.15384615384615383,0.169811320754717,0.0,0
1900,0.31818181818181823,0.17633228840125392,0.1540813043011906,0.14285714285714285,0.5849056603773585,0.0,0
549,0.5227272727272727,0.2445141065830721,0.35793199613858195,0.26373626373626374,0.39622641509433965,0.6666666666666666,1
4284,0.6818181818181819,0.5587774294670846,0.6191676498981015,0.19254658385093165,0.6415094339622641,0.0,1
2083,0.5227272727272727,0.30094043887147337,0.415853266116057,0.21428571428571427,0.3207547169811321,0.0,0
4574,0.7045454545454546,0.5768025078369906,0.5947656333798134,0.19875776397515527,0.41509433962264153,0.3333333333333333,1
3670,0.6363636363636364,0.40909090909090906,0.508741821302156,0.23015873015873015,0.3207547169811321,0.0,0
1653,0.6136363636363636,0.3510971786833856,0.3002252493832457,0.25,0.3207547169811321,0.3333333333333333,1
8347,0.6136363636363636,0.4169278996865204,0.5389895956237262,0.21052631578947367,0.5094339622641509,0.0,0
8260,0.75,0.5062695924764891,0.5704172476670599,0.2556390977443609,0.660377358490566,0.6666666666666666,1
79,0.29545454545454547,0.0877742946708464,0.13579319961385822,0.25,0.24528301886792453,0.0,0
3288,0.5227272727272727,0.3385579937304075,0.37337766813257545,0.19047619047619047,0.13207547169811323,0.3333333333333333,0
5846,0.5454545454545455,0.35266457680250785,0.46165397404269015,0.1984126984126984,0.7358490566037736,0.0,1
5412,0.6590909090909092,0.5172413793103449,0.5538989595623726,0.1948051948051948,0.5660377358490566,0.3333333333333333,1
1561,0.7727272727272728,0.54858934169279,0.6700096535449962,0.25,0.37735849056603776,0.3333333333333333,1
8928,0.3863636363636364,0.1128526645768025,0.18062855304086667,0.3214285714285714,0.49056603773584906,0.0,0
468,0.31818181818181823,0.07053291536050156,0.14523222138796524,0.3571428571428571,0.6037735849056604,0.3333333333333333,0
3760,0.6363636363636364,0.40909090909090906,0.5818406092459508,0.23015873015873015,0.6415094339622641,0.3333333333333333,1
8715,0.6818181818181819,0.5101880877742947,0.6042046551539203,0.2108843537414966,0.339622641509434,0.3333333333333333,1
6967,0.4318181818181819,0.18808777429467083,0.281990775501448,0.23809523809523808,0.6037735849056604,0.0,0
6502,0.3863636363636364,0.16927899686520376,0.21731202402660088,0.21428571428571427,0.6792452830188679,0.0,0
7564,0.3863636363636364,0.1974921630094044,0.1120883835675212,0.1836734693877551,0.7358490566037736,0.3333333333333333,0
8875,0.7727272727272728,0.658307210031348,0.6981658264507132,0.20833333333333331,0.8113207547169812,0.3333333333333333,1
6210,0.7045454545454546,0.5266457680250783,0.5278343880725088,0.21768707482993194,0.6037735849056604,0.3333333333333333,1
5628,0.8636363636363636,0.6724137931034483,0.7307197254102755,0.2532467532467532,0.6981132075471698,0.0,1
8842,0.18181818181818182,0.0493730407523511,0.06816475383460259,0.1836734693877551,0.30188679245283023,0.0,0
7075,0.75,0.5595611285266457,0.6944116700632843,0.2312925170068027,0.660377358490566,0.6666666666666666,1
3891,0.29545454545454547,0.06583072100313479,0.11627158639922772,0.3333333333333333,0.20754716981132076,0.0,0
7160,0.5227272727272727,0.31974921630094044,0.23436662018663523,0.20168067226890757,0.3207547169811321,0.3333333333333333,0
1240,0.6363636363636364,0.38636363636363635,0.4371983267188674,0.2436974789915966,0.39622641509433965,0.3333333333333333,1
5612,0.36363636363636365,0.1731974921630094,0.2157567306660946,0.18681318681318682,0.49056603773584906,0.6666666666666666,0
8752,0.4545454545454546,0.21394984326018807,0.2300225249383246,0.23076923076923075,0.4716981132075472,0.3333333333333333,0
4509,0.5681818181818182,0.42789968652037613,0.3270406521505953,0.17687074829931973,0.7735849056603774,0.3333333333333333,1
7741,0.4545454545454546,0.1974921630094044,0.30998605599056095,0.25,0.3584905660377359,0.0,0
3174,0.1590909090909091,0.03134796238244514,0.06832564625120668,0.22857142857142856,0.13207547169811323,0.6666666666666666,0
8297,0.4772727272727273,0.3103448275862069,0.2684758125067038,0.17460317460317462,0.30188679245283023,0.0,0
6767,0.4090909090909091,0.22335423197492163,0.3408773999785477,0.18095238095238092,0.37735849056603776,0.0,0
4632,0.36363636363636365,0.11990595611285267,0.19114019092566772,0.2698412698412698,0.41509433962264153,0.0,0
7494,0.36363636363636365,0.11990595611285267,0.11729057170438699,0.2698412698412698,0.6037735849056604,0.0,0
8653,0.6590909090909092,0.4231974921630094,0.529765097071758,0.23809523809523808,0.5094339622641509,0.6666666666666666,1
1957,0.4545454545454546,0.1481191222570533,0.21312882119489435,0.3333333333333333,0.660377358490566,0.6666666666666666,0
5336,0.4318181818181819,0.2037617554858934,0.2605384532875684,0.21978021978021978,0.4528301886792453,0.3333333333333333,0
5292,0.75,0.6661442006269592,0.719939933497801,0.19428571428571428,0.24528301886792453,0.0,1
693,0.18181818181818182,0.06347962382445141,0.08409310307840824,0.14285714285714285,0.4339622641509434,0.0,0
8388,0.6363636363636364,0.4318181818181818,0.3532124852515285,0.21804511278195488,0.7735849056603774,0.6666666666666666,1
5176,0.6363636363636364,0.5,0.6300547034216454,0.1883116883116883,0.6226415094339622,0.3333333333333333,1
3283,0.5909090909090909,0.317398119122257,0.34425614072723376,0.2571428571428571,0.5283018867924528,0.3333333333333333,1
5446,0.8409090909090909,0.7147335423197492,0.7973828166899066,0.22619047619047616,0.6226415094339622,0.0,1
3715,0.5681818181818182,0.32601880877742945,0.2754478172262148,0.23214285714285712,0.5849056603773585,0.0,1
6084,0.75,0.6394984326018809,0.6615896170760486,0.20238095238095238,0.5660377358490566,0.3333333333333333,1
1310,0.6363636363636364,0.45454545454545453,0.49785476777861204,0.20714285714285713,0.339622641509434,0.0,1
2299,0.75,0.5862068965517241,0.6524723801351497,0.22077922077922077,0.5849056603773585,0.3333333333333333,1
8770,0.5909090909090909,0.35971786833855796,0.4658908076799314,0.22689075630252098,0.660377358490566,0.6666666666666666,1
4723,0.5227272727272727,0.225705329153605,0.3038721441596053,0.2857142857142857,0.28301886792452835,0.3333333333333333,1
617,0.24999999999999997,0.08463949843260188,0.12174192856376703,0.19047619047619047,0.6226415094339622,0.0,0
8424,0.5909090909090909,0.35971786833855796,0.35584039472272877,0.22689075630252098,0.3584905660377359,0.6666666666666666,1
7801,0.5454545454545455,0.3330721003134796,0.47103936501126253,0.21008403361344538,0.5283018867924528,0.6666666666666666,1
5250,0.6818181818181819,0.4615987460815047,0.43794915799635314,0.23308270676691728,0.5283018867924528,0.0,1
3952,0.29545454545454547,0.0768025078369906,0.1245307304515714,0.2857142857142857,0.2641509433962264,0.0,0
7382,0.4090909090909091,0.22335423197492163,0.23082698702134505,0.18095238095238092,0.3584905660377359,0.0,0
8070,0.4772727272727273,0.22413793103448276,0.25195752440201646,0.24175824175824173,0.339622641509434,0.0,0
8148,0.6818181818181819,0.4373040752351097,0.6175050949265258,0.24603174603174605,0.5094339622641509,0.6666666666666666,1
799,0.6818181818181819,0.4130094043887147,0.687332403732704,0.26050420168067223,0.660377358490566,0.3333333333333333,1
2760,0.4772727272727273,0.3103448275862069,0.3239300654295828,0.17460317460317462,0.6792452830188679,0.3333333333333333,0
4074,0.34090909090909094,0.13793103448275862,0.1605706317708892,0.20779220779220778,0.4339622641509434,0.0,0
8375,0.5454545454545455,0.25470219435736674,0.410704708784726,0.2747252747252747,0.7547169811320755,0.3333333333333333,1
8235,0.36363636363636365,0.15987460815047022,0.17381744073795985,0.20238095238095238,0.5660377358490566,0.3333333333333333,0
6981,0.22727272727272727,0.06896551724137931,0.12040115842539953,0.19642857142857142,0.8113207547169812,0.3333333333333333,0
5379,0.8181818181818182,0.6379310344827586,0.7980263863563231,0.24025974025974026,0.6037735849056604,0.3333333333333333,1
6244,0.6136363636363636,0.3510971786833856,0.4533948299903464,0.25,0.4339622641509434,0.0,1
4577,0.27272727272727276,0.09169278996865203,0.12694411670063285,0.20634920634920634,0.39622641509433965,0.0,0
1247,0.5,0.23432601880877743,0.34393435589402555,0.25274725274725274,0.6226415094339622,0.0,1
4363,0.7727272727272728,0.6308777429467084,0.6305910114769924,0.21739130434782608,0.6226415094339622,0.3333333333333333,1
4883,0.6363636363636364,0.40909090909090906,0.5211841681862062,0.23015873015873015,0.4339622641509434,0.0,1
3896,0.5454545454545455,0.274294670846395,0.37852622546390646,0.25510204081632654,0.6226415094339622,0.0,1
3260,0.22727272727272727,0.07758620689655173,0.08323501018985305,0.17460317460317462,0.4339622641509434,0.3333333333333333,0
4170,0.5454545454545455,0.2938871473354232,0.3315992706210448,0.23809523809523808,0.4339622641509434,0.0,0
4434,0.4545454545454546,0.1810344827586207,0.2615574385927276,0.2727272727272727,0.5283018867924528,0.3333333333333333,1
7717,0.4090909090909091,0.1786833855799373,0.20840931030784082,0.22619047619047616,0.6037735849056604,0.3333333333333333,0
4870,0.13636363636363635,0.027429467084639496,0.04456719939933498,0.19999999999999998,0.339622641509434,0.0,0
8735,0.4772727272727273,0.15517241379310345,0.27673495655904756,0.34920634920634924,0.39622641509433965,0.3333333333333333,0
3635,0.6136363636363636,0.3730407523510972,0.4999463691944652,0.2352941176470588,0.5094339622641509,0.3333333333333333,1
7101,0.5,0.3064263322884012,0.3513354070578141,0.19327731092436976,0.5471698113207547,0.0,0
7453,0.6818181818181819,0.48589341692789967,0.5792663305802852,0.22142857142857142,0.6226415094339622,0.0,1
4216,0.3863636363636364,0.12695924764890282,0.22406950552397298,0.2857142857142857,0.41509433962264153,0.6666666666666666,0
6103,0.6363636363636364,0.5454545454545454,0.5958382494905072,0.1726190476190476,0.6037735849056604,0.0,0
1894,0.4318181818181819,0.1567398119122257,0.2090528799742572,0.2857142857142857,0.5849056603773585,0.6666666666666666,0
870,0.5227272727272727,0.2445141065830721,0.410704708784726,0.26373626373626374,0.660377358490566,0.3333333333333333,1
3410,0.4318181818181819,0.1567398119122257,0.2551753727340985,0.2857142857142857,0.6981132075471698,0.3333333333333333,0
276,0.75,0.5329153605015674,0.6688834066287676,0.24285714285714283,0.39622641509433965,0.0,1
2065,0.3863636363636364,0.15517241379310345,0.13043011906038832,0.23376623376623376,0.660377358490566,0.3333333333333333,0
5678,0.34090909090909094,0.13793103448275862,0.2146304837498659,0.20779220779220778,0.4339622641509434,0.0,0
4156,0.22727272727272727,0.05172413793103448,0.09562372626836856,0.26190476190476186,0.22641509433962265,0.3333333333333333,0
3390,0.27272727272727276,0.11206896551724138,0.13182452000429046,0.16883116883116883,0.7169811320754718,0.0,0
1216,0.36363636363636365,0.1865203761755486,0.22122707283063395,0.173469387755102,0.5094339622641509,0.0,0
7951,0.4318181818181819,0.2037617554858934,0.2723372305052022,0.21978021978021978,0.4528301886792453,0.0,0
4703,0.4772727272727273,0.27586206896551724,0.3699452965783546,0.19642857142857142,0.4339622641509434,0.3333333333333333,0
7396,0.4090909090909091,0.14890282131661442,0.20127641317172584,0.2714285714285714,0.4716981132075472,0.3333333333333333,1
7031,0.4772727272727273,0.1896551724137931,0.3298294540383997,0.2857142857142857,0.28301886792452835,0.0,0
75,0.5909090909090909,0.4231974921630094,0.5296042046551539,0.19285714285714287,0.24528301886792453,0.0,0
6869,0.31818181818181823,0.10579937304075235,0.15649469055025206,0.23809523809523808,0.6792452830188679,0.0,0
7762,0.5227272727272727,0.30094043887147337,0.34634774214308695,0.21428571428571427,0.6415094339622641,0.0,1
947,0.4772727272727273,0.25862068965517243,0.30151238871607855,0.2095238095238095,0.2641509433962264,0.3333333333333333,0
2822,0.75,0.45297805642633227,0.7436447495441382,0.2857142857142857,0.5283018867924528,0.6666666666666666,1
326,0.4545454545454546,0.24686520376175547,0.28520862383352996,0.19999999999999998,0.5471698113207547,0.6666666666666666,1
7403,0.5227272727272727,0.2445141065830721,0.4068432907862276,0.26373626373626374,0.5283018867924528,0.3333333333333333,0
6617,0.4318181818181819,0.17241379310344826,0.27984554328006006,0.2597402597402597,0.37735849056603776,0.3333333333333333,1
1828,0.4090909090909091,0.14890282131661442,0.2512066931245307,0.2714285714285714,0.660377358490566,0.6666666666666666,0
5743,0.4772727272727273,0.25862068965517243,0.31331116593371233,0.2095238095238095,0.7358490566037736,0.0,1
3994,0.31818181818181823,0.11755485893416927,0.11788051056526869,0.21428571428571427,0.6037735849056604,0.0,0
3105,0.20454545454545456,0.07053291536050156,0.06907647752869248,0.15873015873015872,0.30188679245283023,0.3333333333333333,0
3683,0.5454545454545455,0.35266457680250785,0.4603132039043226,0.1984126984126984,0.4716981132075472,0.0,0
2973,0.5454545454545455,0.3134796238244514,0.4281347205835031,0.2232142857142857,0.339622641509434,0.6666666666666666,1
600,0.75,0.6128526645768024,0.7491150917086774,0.21118012422360247,0.13207547169811323,0.0,1
8027,0.4090909090909091,0.22335423197492163,0.2583395902606457,0.18095238095238092,0.4716981132075472,0.0,0
3726,0.5681818181818182,0.38714733542319746,0.410704708784726,0.19548872180451127,0.5094339622641509,0.0,1
8383,0.4090909090909091,0.1786833855799373,0.30826987021345065,0.22619047619047616,0.6415094339622641,0.3333333333333333,0
5538,0.6590909090909092,0.5407523510971787,0.5201115520755121,0.18633540372670807,0.41509433962264153,0.0,1
8011,0.6818181818181819,0.4130094043887147,0.5360399013193178,0.26050420168067223,0.37735849056603776,0.0,1
4878,0.4545454545454546,0.24686520376175547,0.3313847473989059,0.19999999999999998,0.37735849056603776,0.3333333333333333,0
6407,0.5681818181818182,0.32601880877742945,0.3005470342164539,0.23214285714285712,0.6037735849056604,0.0,0
2060,0.3863636363636364,0.14106583072100312,0.24820336801458756,0.2571428571428571,0.3584905660377359,0.6666666666666666,0
2827,0.6136363636363636,0.46081504702194354,0.38131502735171074,0.19047619047619047,0.37735849056603776,0.3333333333333333,1
5529,0.75,0.47962382445141066,0.5321248525152847,0.2698412698412698,0.37735849056603776,0.0,1
7259,0.20454545454545456,0.04702194357366771,0.08731095141049018,0.23809523809523808,0.4528301886792453,0.3333333333333333,0
3662,0.22727272727272727,0.06034482758620689,0.115681647538346,0.22448979591836732,0.3584905660377359,0.0,0
1355,0.3863636363636364,0.12695924764890282,0.1371876005577604,0.2857142857142857,0.07547169811320759,0.0,0
3606,0.24999999999999997,0.12225705329153605,0.12624691622868175,0.13186813186813187,0.339622641509434,0.0,0
1243,0.5681818181818182,0.42789968652037613,0.46787514748471526,0.17687074829931973,0.5471698113207547,0.3333333333333333,0
3372,0.36363636363636365,0.1731974921630094,0.18840501984339805,0.18681318681318682,0.49056603773584906,0.3333333333333333,0
3049,0.6590909090909092,0.4231974921630094,0.5265472487396761,0.23809523809523808,0.4716981132075472,0.3333333333333333,1
1459,0.5227272727272727,0.26332288401253917,0.31030784082376917,0.24489795918367344,0.41509433962264153,0.6666666666666666,0
7169,0.20454545454545456,0.03918495297805642,0.11573527834388073,0.2857142857142857,0.4716981132075472,0.3333333333333333,0
6605,0.36363636363636365,0.13322884012539185,0.19387536200793737,0.24285714285714283,0.37735849056603776,0.6666666666666666,0
6972,0.5227272727272727,0.28213166144200624,0.3309020701490937,0.22857142857142856,0.4716981132075472,0.3333333333333333,0
4010,0.5,0.3785266457680251,0.2563552504558618,0.1564625850340136,0.8490566037735849,0.0,1
1291,0.5454545454545455,0.35266457680250785,0.40400085809288855,0.1984126984126984,0.49056603773584906,0.0,1
6752,0.5227272727272727,0.3385579937304075,0.3154563981551003,0.19047619047619047,0.660377358490566,0.0,0
8594,0.29545454545454547,0.0877742946708464,0.14630483749865922,0.25,0.5471698113207547,0.0,0
827,0.5227272727272727,0.3385579937304075,0.37852622546390646,0.19047619047619047,0.3584905660377359,0.0,0
3189,0.6590909090909092,0.5407523510971787,0.5812506703850692,0.18633540372670807,0.6037735849056604,0.0,0
4952,0.5,0.34247648902821315,0.3797061031856698,0.17293233082706766,0.4528301886792453,0.0,0
7461,0.6136363636363636,0.3730407523510972,0.5479995709535557,0.2352941176470588,0.4716981132075472,0.3333333333333333,1
4121,0.34090909090909094,0.12539184952978055,0.1845972326504344,0.22857142857142856,0.339622641509434,0.0,0
5474,0.31818181818181823,0.11755485893416927,0.16775715971253888,0.21428571428571427,0.2641509433962264,0.0,0
1711,0.5,0.23432601880877743,0.3587364582216025,0.25274725274725274,0.5094339622641509,0.6666666666666666,1
5133,0.4090909090909091,0.14890282131661442,0.23795988415746006,0.2714285714285714,0.5660377358490566,0.3333333333333333,0
6702,0.6818181818181819,0.48589341692789967,0.5260645714898637,0.22142857142857142,0.6037735849056604,0.3333333333333333,0
7642,0.5,0.2884012539184953,0.2773248954199292,0.20535714285714285,0.4339622641509434,0.3333333333333333,0
2879,0.5227272727272727,0.28213166144200624,0.3708033894669097,0.22857142857142856,0.5660377358490566,0.0,1
2362,0.5454545454545455,0.2938871473354232,0.2900353963316529,0.23809523809523808,0.6981132075471698,0.0,1
146,0.7045454545454546,0.47648902821316613,0.5038077871929636,0.24060150375939848,0.6792452830188679,0.3333333333333333,1
84,0.34090909090909094,0.10031347962382445,0.1468411455540062,0.2857142857142857,0.20754716981132076,0.0,0
7530,0.36363636363636365,0.15987460815047022,0.12276091386892632,0.20238095238095238,0.5283018867924528,0.0,0
8032,0.22727272727272727,0.08620689655172413,0.148128284886839,0.15714285714285714,0.6226415094339622,0.0,0
5589,0.27272727272727276,0.09169278996865203,0.08162608602381208,0.20634920634920634,0.4716981132075472,0.3333333333333333,0
3884,0.4090909090909091,0.1786833855799373,0.27260538453287564,0.22619047619047616,0.3207547169811321,0.3333333333333333,1
8340,0.5227272727272727,0.225705329153605,0.29614930816260865,0.2857142857142857,0.4339622641509434,0.3333333333333333,0
807,0.6590909090909092,0.47021943573667707,0.5571168078944545,0.21428571428571427,0.24528301886792453,0.0,0
4124,0.6590909090909092,0.5642633228840125,0.5008044620830204,0.17857142857142855,0.41509433962264153,0.0,1
5709,0.34090909090909094,0.16300940438871472,0.1957524402016518,0.17582417582417584,0.5094339622641509,0.6666666666666666,0
813,0.31818181818181823,0.14106583072100312,0.19993564303335837,0.17857142857142855,0.660377358490566,0.0,0
2585,0.18181818181818182,0.03526645768025078,0.06188994958704279,0.2571428571428571,0.7547169811320755,0.0,0
1351,0.1590909090909091,0.050156739811912224,0.05202188136865816,0.14285714285714285,0.5283018867924528,0.0,0
5834,0.5681818181818182,0.3056426332288401,0.47484715220422613,0.24761904761904763,0.39622641509433965,0.3333333333333333,1
1371,0.18181818181818182,0.05642633228840125,0.04644427759304945,0.1607142857142857,0.5849056603773585,0.0,0
2092,0.5681818181818182,0.3667711598746081,0.5613000107261611,0.20634920634920634,0.5660377358490566,0.3333333333333333,1
1987,0.6136363636363636,0.4169278996865204,0.3918266652365119,0.21052631578947367,0.5283018867924528,0.3333333333333333,1
4978,0.22727272727272727,0.05172413793103448,0.08087525474632629,0.26190476190476186,0.660377358490566,0.3333333333333333,0
2653,0.6136363636363636,0.48275862068965514,0.36780006435696666,0.1818181818181818,0.49056603773584906,0.0,1
1546,0.7045454545454546,0.45141065830721,0.5758875898315993,0.25396825396825395,0.6981132075471698,0.6666666666666666,1
1096,0.4090909090909091,0.16379310344827586,0.2787192963638314,0.24675324675324675,0.37735849056603776,0.0,0
1621,0.1590909090909091,0.05642633228840125,0.04816046337015982,0.12698412698412698,0.3584905660377359,0.0,0
4840,0.5,0.2884012539184953,0.36243698380349676,0.20535714285714285,0.6981132075471698,0.0,0
5192,0.6590909090909092,0.49373040752351094,0.587686367049233,0.20408163265306123,0.5471698113207547,0.0,1
670,0.7954545454545455,0.7335423197492162,0.7530837713182451,0.1978021978021978,0.41509433962264153,0.0,1
3739,0.4090909090909091,0.14890282131661442,0.16051700096535448,0.2714285714285714,0.7735849056603774,0.3333333333333333,1
8719,0.3863636363636364,0.18338557993730406,0.2520647860130859,0.1978021978021978,0.28301886792452835,0.0,0
1515,0.5227272727272727,0.2445141065830721,0.34248632414458857,0.26373626373626374,0.5660377358490566,0.6666666666666666,1
6719,0.5,0.23432601880877743,0.3895741714040545,0.25274725274725274,0.4716981132075472,0.3333333333333333,1
4695,0.7272727272727273,0.5431034482758621,0.7357073903250027,0.22448979591836732,0.4528301886792453,0.3333333333333333,1
7104,0.5227272727272727,0.26332288401253917,0.32575351281776244,0.24489795918367344,0.5283018867924528,0.3333333333333333,0
2783,0.5454545454545455,0.274294670846395,0.32489541992920734,0.25510204081632654,0.49056603773584906,0.6666666666666666,1
4653,0.6136363636363636,0.4169278996865204,0.5239729700740104,0.21052631578947367,0.6037735849056604,0.0,1
5283,0.36363636363636365,0.11990595611285267,0.1902284672315778,0.2698412698412698,0.37735849056603776,0.0,0
6654,0.4090909090909091,0.14890282131661442,0.191086560120133,0.2714285714285714,0.5094339622641509,0.3333333333333333,0
520,0.6363636363636364,0.3409090909090909,0.5973935428510135,0.27619047619047615,0.5849056603773585,0.3333333333333333,1
7265,0.31818181818181823,0.14106583072100312,0.12109835889735063,0.17857142857142855,0.3207547169811321,0.0,0
8728,0.22727272727272727,0.07758620689655173,0.14930816260860238,0.17460317460317462,0.5283018867924528,0.0,0
1050,0.5454545454545455,0.3330721003134796,0.2752869248096106,0.21008403361344538,0.37735849056603776,0.3333333333333333,0
2521,0.4772727272727273,0.24137931034482757,0.32039043226429265,0.22448979591836732,0.5094339622641509,0.3333333333333333,1
5619,0.4090909090909091,0.16379310344827586,0.24203582537809717,0.24675324675324675,0.6226415094339622,0.0,1
960,0.6818181818181819,0.4615987460815047,0.687332403732704,0.23308270676691728,0.660377358490566,0.3333333333333333,1
6186,0.29545454545454547,0.0877742946708464,0.11927491150917086,0.25,0.49056603773584906,0.0,0
2929,0.7272727272727273,0.646551724137931,0.7392470234902928,0.18857142857142856,0.30188679245283023,0.3333333333333333,0
574,0.27272727272727276,0.09169278996865203,0.1116057063177089,0.20634920634920634,0.5849056603773585,0.0,0
8379,0.8181818181818182,0.6379310344827586,0.7761986485037005,0.24025974025974026,0.6792452830188679,0.0,1
3160,0.4090909090909091,0.1786833855799373,0.14013729486216883,0.22619047619047616,0.30188679245283023,0.0,0
4915,0.4090909090909091,0.2084639498432602,0.20331438378204442,0.19387755102040816,0.4528301886792453,0.3333333333333333,0
8240,0.6136363636363636,0.4169278996865204,0.5104580070792663,0.21052631578947367,0.6415094339622641,0.3333333333333333,1
932,0.34090909090909094,0.0877742946708464,0.15628016732811328,0.32653061224489793,0.6415094339622641,0.3333333333333333,0
647,0.5909090909090909,0.4020376175548589,0.4181057599485144,0.20300751879699247,0.4528301886792453,0.0,1
877,0.31818181818181823,0.14106583072100312,0.13075190389359648,0.17857142857142855,0.6037735849056604,0.0,0
3337,0.5227272727272727,0.225705329153605,0.3617934141370803,0.2857142857142857,0.5094339622641509,0.6666666666666666,1
756,0.5681818181818182,0.3463949843260188,0.3967606993457041,0.21848739495798317,0.5660377358490566,0.0,1
4366,0.5227272727272727,0.28213166144200624,0.3836747827952375,0.22857142857142856,0.5471698113207547,0.6666666666666666,0
3968,0.6363636363636364,0.40909090909090906,0.5305159283492438,0.23015873015873015,0.339622641509434,0.0,1
3759,0.36363636363636365,0.21316614420062696,0.25860774428831923,0.15178571428571427,0.39622641509433965,0.0,0
7676,0.7727272727272728,0.658307210031348,0.5705245092781294,0.20833333333333331,0.18867924528301888,0.0,1
8641,0.6590909090909092,0.5172413793103449,0.5619435803925774,0.1948051948051948,0.39622641509433965,0.3333333333333333,1
4616,0.6136363636363636,0.329153605015674,0.44588651721548855,0.26666666666666666,0.660377358490566,0.6666666666666666,1
4454,0.7045454545454546,0.5266457680250783,0.6308055346991311,0.21768707482993194,0.4528301886792453,0.6666666666666666,1
1205,0.5227272727272727,0.30094043887147337,0.38110050412957197,0.21428571428571427,0.4716981132075472,0.3333333333333333,1
6621,0.75,0.6394984326018809,0.634237906253352,0.20238095238095238,0.3584905660377359,0.0,1
6304,0.4090909090909091,0.22335423197492163,0.2349029282419822,0.18095238095238092,0.5094339622641509,0.0,0
4589,0.29545454545454547,0.05485893416927899,0.13804569344631554,0.39999999999999997,0.660377358490566,0.3333333333333333,0
5298,0.34090909090909094,0.13793103448275862,0.14598305266545103,0.20779220779220778,0.5094339622641509,0.0,0
5629,0.3863636363636364,0.15517241379310345,0.20765847903035506,0.23376623376623376,0.6226415094339622,0.0,0
3680,0.6818181818181819,0.4615987460815047,0.5726161106939825,0.23308270676691728,0.4716981132075472,0.3333333333333333,1
8022,0.6136363636363636,0.329153605015674,0.3708033894669098,0.26666666666666666,0.5094339622641509,0.3333333333333333,1
7141,0.4545454545454546,0.21394984326018807,0.2559262040115843,0.23076923076923075,0.339622641509434,1.0,0
926,0.31818181818181823,0.12931034482758622,0.13396975222567842,0.1948051948051948,0.6792452830188679,0.0,0
2984,0.6363636363636364,0.3409090909090909,0.4589724337659552,0.27619047619047615,0.3584905660377359,0.0,1
2287,0.5,0.1982758620689655,0.21688297758232328,0.2987012987012987,0.41509433962264153,0.6666666666666666,1
8648,0.7045454545454546,0.5015673981191222,0.5964818191569238,0.22857142857142856,0.15094339622641512,0.0,1
293,0.4545454545454546,0.1974921630094044,0.2750724015874718,0.25,0.7169811320754718,0.0,0
4027,0.31818181818181823,0.12931034482758622,0.161321463048375,0.1948051948051948,0.6037735849056604,0.0,0
116,0.27272727272727276,0.11206896551724138,0.12833851764453502,0.16883116883116883,0.5283018867924528,0.0,0
5903,0.34090909090909094,0.1755485893416928,0.196610533090207,0.16326530612244897,0.6037735849056604,0.0,0
989,0.20454545454545456,0.04702194357366771,0.07604848224820336,0.23809523809523808,0.6226415094339622,0.0,0
7222,0.22727272727272727,0.043103448275862065,0.11686152526010941,0.3142857142857143,0.24528301886792453,0.0,0
3864,0.6590909090909092,0.4231974921630094,0.589295291215274,0.23809523809523808,0.6415094339622641,0.0,1
193,0.5681818181818182,0.3056426332288401,0.4497479352139869,0.24761904761904763,0.39622641509433965,0.3333333333333333,1
4064,0.34090909090909094,0.15047021943573669,0.1116593371232436,0.19047619047619047,0.4716981132075472,0.3333333333333333,0
3224,0.3863636363636364,0.14106583072100312,0.161321463048375,0.2571428571428571,0.5660377358490566,0.0,0
8998,0.5227272727272727,0.28213166144200624,0.41714040544888986,0.22857142857142856,0.3584905660377359,0.3333333333333333,0
3229,0.4545454545454546,0.23040752351097177,0.25254746326289823,0.21428571428571427,0.6792452830188679,0.6666666666666666,1
2103,0.7727272727272728,0.603448275862069,0.6625013407701383,0.22727272727272724,0.6792452830188679,0.6666666666666666,1
3961,0.5,0.27037617554858934,0.4154778504773141,0.21904761904761905,0.6037735849056604,0.0,1
5459,0.3863636363636364,0.18338557993730406,0.2810254210018234,0.1978021978021978,0.5283018867924528,0.0,0
7925,0.5909090909090909,0.35971786833855796,0.468786871178805,0.22689075630252098,0.4339622641509434,0.3333333333333333,0
858,0.6590909090909092,0.49373040752351094,0.5635525045586184,0.20408163265306123,0.5094339622641509,0.0,0
235,0.4090909090909091,0.22335423197492163,0.259358575565805,0.18095238095238092,0.7924528301886793,0.0,0
199,0.29545454545454547,0.13166144200626959,0.12152740534162823,0.16666666666666666,0.5283018867924528,0.0,0
8417,0.4772727272727273,0.27586206896551724,0.2271800922449855,0.19642857142857142,0.39622641509433965,0.0,0
6622,0.31818181818181823,0.12931034482758622,0.16212592513139548,0.1948051948051948,0.5094339622641509,0.0,0
10,0.31818181818181823,0.11755485893416927,0.16212592513139548,0.21428571428571427,0.24528301886792453,0.3333333333333333,0
328,0.5227272727272727,0.30094043887147337,0.3360506274804247,0.21428571428571427,0.4716981132075472,0.3333333333333333,0
5904,0.29545454545454547,0.0438871473354232,0.161321463048375,0.5,0.339622641509434,0.3333333333333333,0
751,0.36363636363636365,0.10658307210031348,0.12276091386892632,0.30357142857142855,0.5094339622641509,0.0,0
262,0.13636363636363635,0.0109717868338558,0.04569344631556366,0.5,0.5094339622641509,0.0,0
821,0.24999999999999997,0.07523510971786834,0.07990990024670169,0.21428571428571427,0.39622641509433965,0.0,0
4638,0.5909090909090909,0.38087774294670845,0.5325002681540276,0.21428571428571427,0.28301886792452835,0.0,1
4606,0.5454545454545455,0.35266457680250785,0.3114877185455326,0.1984126984126984,0.4528301886792453,0.3333333333333333,1
5125,0.5227272727272727,0.26332288401253917,0.34119918481175593,0.24489795918367344,0.39622641509433965,0.3333333333333333,1
8669,0.6818181818181819,0.5344827586206896,0.5825914405234366,0.2012987012987013,0.41509433962264153,0.3333333333333333,1
8251,0.27272727272727276,0.04075235109717868,0.11578890914941542,0.46428571428571425,0.4716981132075472,0.3333333333333333,0
5934,0.4090909090909091,0.22335423197492163,0.1921055454252923,0.18095238095238092,0.49056603773584906,0.3333333333333333,0
8378,0.5454545454545455,0.3134796238244514,0.3852300761557439,0.2232142857142857,0.4339622641509434,0.0,0
1827,0.6590909090909092,0.47021943573667707,0.5185026279094712,0.21428571428571427,0.39622641509433965,0.3333333333333333,1
6805,0.7272727272727273,0.5431034482758621,0.6861525260109407,0.22448979591836732,0.5660377358490566,0.0,1
3356,0.5,0.27037617554858934,0.31309664271157356,0.21904761904761905,0.4528301886792453,0.0,0
2170,0.75,0.5329153605015674,0.7436447495441382,0.24285714285714283,0.5849056603773585,0.6666666666666666,1
8166,0.4090909090909091,0.22335423197492163,0.3215166791805213,0.18095238095238092,0.3584905660377359,0.3333333333333333,0
5310,0.5227272727272727,0.3385579937304075,0.42357610211305374,0.19047619047619047,0.18867924528301888,0.6666666666666666,0
5979,0.5909090909090909,0.4020376175548589,0.4499624584361257,0.20300751879699247,0.4716981132075472,0.0,1
1659,0.6136363636363636,0.3949843260188088,0.48643140619972103,0.2222222222222222,0.4716981132075472,0.0,1
1857,0.5909090909090909,0.2750783699059561,0.35584039472272877,0.2967032967032967,0.5660377358490566,0.0,1
3919,0.34090909090909094,0.13793103448275862,0.12538882334012658,0.20779220779220778,0.660377358490566,0.6666666666666666,0
4256,0.6590909090909092,0.44670846394984326,0.5748149737209053,0.22556390977443608,0.6415094339622641,0.3333333333333333,0
7810,0.09090909090909091,0.01567398119122257,0.03126675962672959,0.17857142857142855,0.6226415094339622,0.0,0
7354,0.34090909090909094,0.13793103448275862,0.12796310200579214,0.20779220779220778,0.5283018867924528,0.3333333333333333,0
2701,0.29545454545454547,0.12068965517241378,0.13954735600128715,0.1818181818181818,0.4528301886792453,0.0,0
204,0.36363636363636365,0.15987460815047022,0.15102434838571271,0.20238095238095238,0.28301886792452835,0.0,0
2697,0.5227272727272727,0.3385579937304075,0.38110050412957197,0.19047619047619047,0.5660377358490566,0.3333333333333333,1
4908,0.13636363636363635,0.0219435736677116,0.053577174729164435,0.25,0.169811320754717,0.0,0
1892,0.7045454545454546,0.45141065830721,0.6084951195966963,0.25396825396825395,0.4716981132075472,0.3333333333333333,1
4967,0.5,0.3064263322884012,0.36243698380349676,0.19327731092436976,0.5471698113207547,0.3333333333333333,0
524,0.6136363636363636,0.4169278996865204,0.5720261718331009,0.21052631578947367,0.3584905660377359,0.0,1
5002,0.5,0.27037617554858934,0.3784725946583718,0.21904761904761905,0.5283018867924528,0.0,1
3153,0.4090909090909091,0.19357366771159873,0.25324466373484933,0.20879120879120877,0.6981132075471698,0.3333333333333333,1
5164,0.36363636363636365,0.14655172413793102,0.20299259894883623,0.22077922077922077,0.37735849056603776,0.6666666666666666,0
5009,0.4090909090909091,0.13401253918495298,0.19923844256140727,0.30158730158730157,0.4716981132075472,0.0,0
153,0.6363636363636364,0.5,0.32366191140190925,0.1883116883116883,0.30188679245283023,0.3333333333333333,1
1075,0.20454545454545456,0.023510971786833854,0.05245092781293575,0.47619047619047616,0.6415094339622641,0.3333333333333333,0
6317,0.4545454545454546,0.23040752351097177,0.31674353748793305,0.21428571428571427,0.41509433962264153,0.3333333333333333,0
7616,0.18181818181818182,0.03526645768025078,0.0686474310844149,0.2571428571428571,0.13207547169811323,0.0,0
1413,0.4772727272727273,0.20689655172413793,0.3687654188565912,0.26190476190476186,0.6415094339622641,0.3333333333333333,0
1535,0.4090909090909091,0.13401253918495298,0.15440308913439882,0.30158730158730157,0.30188679245283023,0.3333333333333333,0
887,0.7045454545454546,0.5517241379310345,0.5587257320604955,0.20779220779220778,0.5471698113207547,0.3333333333333333,1
6508,0.5,0.27037617554858934,0.39327469698594875,0.21904761904761905,0.5283018867924528,0.3333333333333333,0
1649,0.4545454545454546,0.1974921630094044,0.313364796739247,0.25,0.37735849056603776,0.3333333333333333,0
2791,0.5909090909090909,0.4020376175548589,0.5339482999034645,0.20300751879699247,0.4528301886792453,0.0,0
8573,0.6590909090909092,0.5407523510971787,0.5651614287246594,0.18633540372670807,0.4716981132075472,0.0,1
7562,0.4545454545454546,0.21394984326018807,0.27619864850370046,0.23076923076923075,0.5471698113207547,0.0,0
3981,0.4772727272727273,0.3103448275862069,0.3675855411348279,0.17460317460317462,0.5094339622641509,0.3333333333333333,1
4146,0.36363636363636365,0.21316614420062696,0.19752225678429688,0.15178571428571427,0.4339622641509434,0.0,0
3291,0.7045454545454546,0.5517241379310345,0.47120025742786653,0.20779220779220778,0.6037735849056604,0.0,1
348,0.7045454545454546,0.47648902821316613,0.6513997640244555,0.24060150375939848,0.5094339622641509,0.0,1
5457,0.4090909090909091,0.1786833855799373,0.21452322213879652,0.22619047619047616,0.4716981132075472,0.0,0
4070,0.6818181818181819,0.48589341692789967,0.6391183095570094,0.22142857142857142,0.39622641509433965,0.0,1
8848,0.3863636363636364,0.16927899686520376,0.2018663520326075,0.21428571428571427,0.6415094339622641,0.3333333333333333,0
105,0.4772727272727273,0.25862068965517243,0.33336908720368974,0.2095238095238095,0.4716981132075472,0.3333333333333333,0
27,0.7272727272727273,0.49137931034482757,0.5941220637133969,0.24812030075187969,0.7547169811320755,0.3333333333333333,1
2906,0.5909090909090909,0.44435736677115983,0.5006435696664164,0.1836734693877551,0.5849056603773585,0.6666666666666666,1
3363,0.6136363636363636,0.46081504702194354,0.3527834388072508,0.19047619047619047,0.22641509433962265,0.3333333333333333,0
1628,0.36363636363636365,0.1731974921630094,0.2567842969001395,0.18681318681318682,0.6226415094339622,0.0,0
1592,0.3863636363636364,0.1974921630094044,0.18062855304086667,0.1836734693877551,0.4528301886792453,0.6666666666666666,1
8674,0.7954545454545455,0.5642633228840125,0.727984554328006,0.2571428571428571,0.5471698113207547,0.6666666666666666,1
4552,0.4772727272727273,0.29310344827586204,0.19532339375737423,0.18487394957983194,0.5471698113207547,0.0,0
6263,0.5909090909090909,0.4231974921630094,0.49195537916979515,0.19285714285714287,0.6792452830188679,0.3333333333333333,1
7429,0.4318181818181819,0.1567398119122257,0.3109514104901856,0.2857142857142857,0.5471698113207547,0.6666666666666666,1
4705,0.5,0.27037617554858934,0.3871071543494583,0.21904761904761905,0.5471698113207547,0.6666666666666666,1
2173,0.3863636363636364,0.18338557993730406,0.1738710715434946,0.1978021978021978,0.4339622641509434,0.0,0
2066,0.4318181818181819,0.23510971786833854,0.2626836855089564,0.19047619047619047,0.6415094339622641,0.0,0
8718,0.4318181818181819,0.18808777429467083,0.22514212163466696,0.23809523809523808,0.3584905660377359,0.0,0
2501,0.34090909090909094,0.15047021943573669,0.15198970288533734,0.19047619047619047,0.7735849056603774,0.0,0
3303,0.6136363636363636,0.3949843260188088,0.47291644320497694,0.2222222222222222,0.4339622641509434,0.3333333333333333,0
5104,0.5681818181818182,0.2852664576802508,0.3995495012335085,0.2653061224489796,0.5849056603773585,0.3333333333333333,1
7247,0.7045454545454546,0.4263322884012539,0.57931996138582,0.2689075630252101,0.3207547169811321,0.3333333333333333,1
5156,0.5227272727272727,0.30094043887147337,0.40555615145339485,0.21428571428571427,0.4716981132075472,0.6666666666666666,0
3611,0.5681818181818182,0.3463949843260188,0.4860023597554435,0.21848739495798317,0.4528301886792453,0.0,0
4211,0.75,0.6128526645768024,0.6214737745360935,0.21118012422360247,0.660377358490566,0.3333333333333333,1
2156,0.5681818181818182,0.3463949843260188,0.3786334870749758,0.21848739495798317,0.4716981132075472,0.0,1
4557,0.20454545454545456,0.023510971786833854,0.08731095141049018,0.47619047619047616,0.6792452830188679,0.0,0
8175,0.18181818181818182,0.05642633228840125,0.062372626836855086,0.1607142857142857,0.4528301886792453,0.0,0
8134,0.5909090909090909,0.3385579937304075,0.34425614072723376,0.24107142857142855,0.5660377358490566,0.3333333333333333,1
8634,0.24999999999999997,0.06583072100313479,0.07926633058028532,0.24489795918367344,0.37735849056603776,0.3333333333333333,0
433,0.5454545454545455,0.274294670846395,0.3021023275769602,0.25510204081632654,0.6226415094339622,0.6666666666666666,1
6411,0.5,0.18025078369905956,0.2995280489112946,0.3285714285714285,0.41509433962264153,0.3333333333333333,1
1068,0.6590909090909092,0.37617554858934166,0.6037756087096428,0.26785714285714285,0.6226415094339622,0.6666666666666666,1
417,0.5681818181818182,0.3056426332288401,0.4120991097286282,0.24761904761904763,0.6981132075471698,0.3333333333333333,1
645,0.6590909090909092,0.44670846394984326,0.5362007937359218,0.22556390977443608,0.49056603773584906,0.0,0
3794,0.5,0.1982758620689655,0.30569559154778503,0.2987012987012987,0.39622641509433965,0.3333333333333333,1
5335,0.3863636363636364,0.2115987460815047,0.21634666952697626,0.1714285714285714,0.49056603773584906,0.0,0
2334,0.4090909090909091,0.1786833855799373,0.2603775608709643,0.22619047619047616,0.6037735849056604,0.0,0
8500,0.36363636363636365,0.1731974921630094,0.19661053309020698,0.18681318681318682,0.4716981132075472,0.0,0
1064,0.6136363636363636,0.48275862068965514,0.5209696449640674,0.1818181818181818,0.5660377358490566,0.0,1
5646,0.7727272727272728,0.54858934169279,0.7413386249061461,0.25,0.18867924528301888,0.3333333333333333,1
8000,0.29545454545454547,0.0987460815047022,0.12077657406414247,0.2222222222222222,0.4528301886792453,0.0,0
8652,0.5,0.3244514106583072,0.36243698380349676,0.1825396825396825,0.8867924528301887,0.0,0
1269,0.5,0.2884012539184953,0.2970610318566985,0.20535714285714285,0.37735849056603776,0.0,0
5547,0.6590909090909092,0.47021943573667707,0.5860774428831921,0.21428571428571427,0.41509433962264153,0.0,1
4050,0.4772727272727273,0.22413793103448276,0.2861739783331545,0.24175824175824173,0.2641509433962264,0.6666666666666666,0
652,0.4772727272727273,0.27586206896551724,0.35814651936072084,0.19642857142857142,0.3584905660377359,0.0,0
2979,0.6363636363636364,0.5454545454545454,0.6424970503056955,0.1726190476190476,0.6037735849056604,0.0,1
7290,0.6818181818181819,0.5344827586206896,0.6042046551539203,0.2012987012987013,0.41509433962264153,0.0,1
1312,0.4772727272727273,0.1896551724137931,0.30269226643784186,0.2857142857142857,0.39622641509433965,0.0,1
3727,0.5909090909090909,0.317398119122257,0.3978333154563981,0.2571428571428571,0.5849056603773585,0.3333333333333333,1
2876,0.6363636363636364,0.5,0.5756194358039257,0.1883116883116883,0.6792452830188679,0.3333333333333333,1
1625,0.36363636363636365,0.1731974921630094,0.20937466480746542,0.18681318681318682,0.8113207547169812,0.0,0
5967,0.34090909090909094,0.15047021943573669,0.25839322106618046,0.19047619047619047,0.7169811320754718,0.0,0
452,0.4772727272727273,0.3448275862068965,0.37348492974364467,0.15714285714285714,0.339622641509434,0.0,0
7174,0.4545454545454546,0.1974921630094044,0.3246272659015338,0.25,0.6037735849056604,0.3333333333333333,0
2046,0.6818181818181819,0.5101880877742947,0.5426901212056205,0.2108843537414966,0.6415094339622641,0.3333333333333333,1
3527,0.4772727272727273,0.24137931034482757,0.3675855411348279,0.22448979591836732,0.5283018867924528,0.6666666666666666,0
29,0.34090909090909094,0.12539184952978055,0.1794486753191033,0.22857142857142856,0.7358490566037736,0.3333333333333333,1
6166,0.5,0.25235109717868337,0.2859594551110157,0.2346938775510204,0.5849056603773585,0.3333333333333333,1
1940,0.6818181818181819,0.4373040752351097,0.4911509170867746,0.24603174603174605,0.28301886792452835,0.0,1
8109,0.4090909090909091,0.2084639498432602,0.3052129142979727,0.19387755102040816,0.6981132075471698,0.0,0
1922,0.6590909090909092,0.47021943573667707,0.5957309878794379,0.21428571428571427,0.41509433962264153,0.3333333333333333,1
6559,0.6136363636363636,0.4169278996865204,0.6230826987021345,0.21052631578947367,0.3584905660377359,0.3333333333333333,0
1785,0.34090909090909094,0.1755485893416928,0.19832671886731737,0.16326530612244897,0.4716981132075472,0.0,0
5006,0.4545454545454546,0.2962382445141066,0.2683149200900997,0.16666666666666666,0.4528301886792453,0.0,0
2194,0.7954545454545455,0.6489028213166144,0.7125388823340126,0.2236024844720497,0.4528301886792453,0.3333333333333333,1
8149,0.4772727272727273,0.27586206896551724,0.33336908720368974,0.19642857142857142,0.4339622641509434,0.0,0
6439,0.20454545454545456,0.03134796238244514,0.07336694197146841,0.3571428571428571,0.5283018867924528,0.0,0
5202,0.5454545454545455,0.274294670846395,0.46165397404269015,0.25510204081632654,0.4339622641509434,0.0,1
3326,0.7954545454545455,0.6206896551724138,0.7627373163144909,0.23376623376623376,0.6415094339622641,0.0,1
2547,0.5454545454545455,0.2938871473354232,0.31416925882226754,0.23809523809523808,0.5283018867924528,0.0,1
6071,0.6136363636363636,0.4169278996865204,0.4383782044406307,0.21052631578947367,0.6981132075471698,0.6666666666666666,1
3050,0.4318181818181819,0.17241379310344826,0.2541027566234044,0.2597402597402597,0.49056603773584906,0.3333333333333333,0
3324,0.4318181818181819,0.2037617554858934,0.24766705995924057,0.21978021978021978,0.6037735849056604,0.3333333333333333,0
2641,0.4090909090909091,0.14890282131661442,0.20025742786656653,0.2714285714285714,0.28301886792452835,0.3333333333333333,0
8395,0.5454545454545455,0.3330721003134796,0.45629089348922025,0.21008403361344538,0.5283018867924528,0.0,1
2110,0.3863636363636364,0.18338557993730406,0.20090099753298296,0.1978021978021978,0.4339622641509434,0.0,0
6811,0.4772727272727273,0.27586206896551724,0.3038721441596053,0.19642857142857142,0.4339622641509434,0.0,0
2001,0.7727272727272728,0.54858934169279,0.7037970610318567,0.25,0.6792452830188679,0.0,1
1029,0.34090909090909094,0.15047021943573669,0.1434087739997855,0.19047619047619047,0.4716981132075472,0.0,0
7859,0.4772727272727273,0.3103448275862069,0.4053416282312561,0.17460317460317462,0.3207547169811321,0.0,0
8074,0.7954545454545455,0.6489028213166144,0.7608066073152419,0.2236024844720497,0.5660377358490566,0.6666666666666666,1
309,0.6136363636363636,0.43887147335423193,0.4113482784511423,0.19999999999999998,0.5849056603773585,0.3333333333333333,1
6998,0.8181818181818182,0.6669278996865203,0.7940577067467552,0.22981366459627328,0.3584905660377359,0.3333333333333333,1
5777,0.34090909090909094,0.07523510971786834,0.15198970288533734,0.38095238095238093,0.4716981132075472,0.3333333333333333,0
6318,0.5,0.23432601880877743,0.3167971682934677,0.25274725274725274,0.6226415094339622,0.3333333333333333,0
2310,0.31818181818181823,0.11755485893416927,0.15166791805212915,0.21428571428571427,0.6226415094339622,0.3333333333333333,0
5430,0.5,0.3064263322884012,0.2711573527834389,0.19327731092436976,0.49056603773584906,0.0,1
3774,0.36363636363636365,0.13322884012539185,0.2166684543601845,0.24285714285714283,0.339622641509434,0.6666666666666666,0
4058,0.5909090909090909,0.3385579937304075,0.5325002681540276,0.24107142857142855,0.5849056603773585,0.0,1
3702,0.7272727272727273,0.5172413793103449,0.5835031642175266,0.23571428571428568,0.5094339622641509,0.0,1
4159,0.75,0.6661442006269592,0.6761771961814866,0.19428571428571428,0.7358490566037736,0.0,1
6261,0.5227272727272727,0.225705329153605,0.21892094819264188,0.2857142857142857,0.7358490566037736,0.3333333333333333,1
8862,0.5909090909090909,0.317398119122257,0.4181057599485144,0.2571428571428571,0.5660377358490566,0.0,1
227,0.36363636363636365,0.11990595611285267,0.20937466480746542,0.2698412698412698,0.6415094339622641,0.3333333333333333,0
5850,0.5909090909090909,0.35971786833855796,0.4296900139440094,0.22689075630252098,0.5283018867924528,0.0,1
527,0.6363636363636364,0.40909090909090906,0.5460688619543066,0.23015873015873015,0.339622641509434,0.0,1
5115,0.4090909090909091,0.25313479623824453,0.3235546497908398,0.15966386554621848,0.6037735849056604,0.3333333333333333,0
7463,0.5227272727272727,0.30094043887147337,0.4004075941220637,0.21428571428571427,0.4339622641509434,0.3333333333333333,0
8779,0.5909090909090909,0.3385579937304075,0.470234902928242,0.24107142857142855,0.4339622641509434,0.3333333333333333,1
1712,0.5681818181818182,0.3667711598746081,0.4595087418213022,0.20634920634920634,0.037735849056603765,0.3333333333333333,1
885,0.22727272727272727,0.08620689655172413,0.053148128284886846,0.15714285714285714,0.4339622641509434,0.0,0
5093,0.6363636363636364,0.40909090909090906,0.4776359540920304,0.23015873015873015,0.49056603773584906,0.3333333333333333,1
2932,0.31818181818181823,0.15282131661442006,0.16775715971253888,0.1648351648351648,0.37735849056603776,0.0,0
5494,0.5681818181818182,0.4075235109717868,0.4358039257749652,0.18571428571428572,0.3207547169811321,0.3333333333333333,0
4383,0.6818181818181819,0.4373040752351097,0.5443526761771962,0.24603174603174605,0.4716981132075472,0.0,1
1369,0.7272727272727273,0.5431034482758621,0.6365976616968787,0.22448979591836732,0.6037735849056604,0.3333333333333333,1
2709,0.7272727272727273,0.5431034482758621,0.6295183953662984,0.22448979591836732,0.4528301886792453,0.0,1
8200,0.75,0.6661442006269592,0.6068861954306555,0.19428571428571428,0.4528301886792453,0.3333333333333333,0
6296,0.5454545454545455,0.3330721003134796,0.48846937681003966,0.21008403361344538,0.49056603773584906,0.0,0
427,0.4545454545454546,0.21394984326018807,0.25930494476027033,0.23076923076923075,0.3584905660377359,0.0,0
3721,0.4090909090909091,0.1786833855799373,0.2766813257535128,0.22619047619047616,0.4716981132075472,0.3333333333333333,0
3297,0.4090909090909091,0.1786833855799373,0.2766813257535128,0.22619047619047616,0.5849056603773585,0.0,0
8158,0.5454545454545455,0.2938871473354232,0.4267939504451357,0.23809523809523808,0.5094339622641509,0.0,1
3059,0.4545454545454546,0.23040752351097177,0.4158532661160571,0.21428571428571427,0.37735849056603776,0.3333333333333333,0
7844,0.5681818181818182,0.32601880877742945,0.36747827952375844,0.23214285714285712,0.3584905660377359,0.0,1
5347,0.5227272727272727,0.26332288401253917,0.30773356215810366,0.24489795918367344,0.2641509433962264,0.3333333333333333,0
2424,0.5,0.27037617554858934,0.4191783760592085,0.21904761904761905,0.15094339622641512,0.3333333333333333,0
3351,0.5454545454545455,0.25470219435736674,0.3289177303443097,0.2747252747252747,0.20754716981132076,0.3333333333333333,1
3043,0.6818181818181819,0.4373040752351097,0.687332403732704,0.24603174603174605,0.8490566037735849,0.0,1
2544,0.4090909090909091,0.19357366771159873,0.19923844256140727,0.20879120879120877,0.28301886792452835,0.3333333333333333,0
5757,0.27272727272727276,0.12225705329153605,0.15831813793843186,0.15476190476190474,0.6037735849056604,0.3333333333333333,0
7559,0.31818181818181823,0.12931034482758622,0.15327684221817012,0.1948051948051948,0.5849056603773585,0.0,0
6732,0.34090909090909094,0.13793103448275862,0.196610533090207,0.20779220779220778,0.49056603773584906,0.3333333333333333,0
6457,0.5681818181818182,0.3463949843260188,0.4860023597554435,0.21848739495798317,0.49056603773584906,0.6666666666666666,1
1206,0.27272727272727276,0.08150470219435736,0.08999249168722515,0.23214285714285712,0.41509433962264153,0.0,0
7548,0.6590909090909092,0.47021943573667707,0.5426364904000858,0.21428571428571427,0.39622641509433965,0.0,1
6610,0.34090909090909094,0.12539184952978055,0.14512495977689585,0.22857142857142856,0.4716981132075472,0.0,0
3614,0.5454545454545455,0.3330721003134796,0.44154242196717797,0.21008403361344538,0.660377358490566,0.0,1
6699,0.7954545454545455,0.5360501567398119,0.6855089563445241,0.2706766917293233,0.30188679245283023,0.3333333333333333,1
1973,0.5227272727272727,0.31974921630094044,0.3617934141370803,0.20168067226890757,0.4716981132075472,0.0,0
5191,0.4090909090909091,0.19357366771159873,0.31030784082376917,0.20879120879120877,0.3207547169811321,0.3333333333333333,0
7857,0.5454545454545455,0.35266457680250785,0.39863777753941865,0.1984126984126984,0.5660377358490566,0.0,1
4793,0.22727272727272727,0.06034482758620689,0.115681647538346,0.22448979591836732,0.5660377358490566,0.3333333333333333,0
4356,0.4318181818181819,0.17241379310344826,0.281990775501448,0.2597402597402597,0.28301886792452835,0.0,0
58,0.4318181818181819,0.2507836990595611,0.28520862383352996,0.17857142857142855,0.6226415094339622,0.3333333333333333,0
5254,0.4772727272727273,0.24137931034482757,0.31331116593371233,0.22448979591836732,0.3207547169811321,0.0,0
4888,0.4772727272727273,0.3103448275862069,0.3168507990990025,0.17460317460317462,0.5660377358490566,0.0,1
5585,0.5,0.21630094043887146,0.2575887589831599,0.2738095238095238,0.5849056603773585,0.3333333333333333,1
6555,0.4545454545454546,0.26332288401253917,0.29647109299581675,0.1875,0.28301886792452835,0.0,1
3030,0.5227272727272727,0.28213166144200624,0.3913976187922342,0.22857142857142856,0.5094339622641509,0.0,1
8919,0.1590909090909091,0.0438871473354232,0.05802853158854446,0.16326530612244897,0.5283018867924528,0.0,0
5096,0.6136363636363636,0.43887147335423193,0.34077013836747827,0.19999999999999998,0.4528301886792453,0.0,0
3097,0.5454545454545455,0.3330721003134796,0.46701705459616005,0.21008403361344538,0.24528301886792453,0.0,0
5067,0.6136363636363636,0.3949843260188088,0.41435160356108547,0.2222222222222222,0.6981132075471698,0.6666666666666666,1
3220,0.4318181818181819,0.1567398119122257,0.24230397940577067,0.2857142857142857,0.37735849056603776,0.6666666666666666,0
3506,0.5227272727272727,0.28213166144200624,0.4905073474203583,0.22857142857142856,0.37735849056603776,0.0,1
1033,0.8409090909090909,0.744514106583072,0.7606993457041725,0.21714285714285714,0.4339622641509434,0.6666666666666666,1
4886,0.34090909090909094,0.12539184952978055,0.13911830955700955,0.22857142857142856,0.339622641509434,0.0,0
8818,0.4772727272727273,0.3103448275862069,0.38528370696127845,0.17460317460317462,0.49056603773584906,0.0,0
3613,0.4318181818181819,0.2037617554858934,0.2551753727340985,0.21978021978021978,0.41509433962264153,0.3333333333333333,0
8740,0.22727272727272727,0.05172413793103448,0.10683256462512065,0.26190476190476186,0.7547169811320755,0.0,0
4907,0.5681818181818182,0.5094043887147335,0.46369194465300867,0.14857142857142858,0.24528301886792453,0.0,0
3486,0.34090909090909094,0.0877742946708464,0.0919232006864743,0.32653061224489793,0.37735849056603776,0.0,0
7843,0.6363636363636364,0.36363636363636365,0.4745253673710179,0.2589285714285714,0.6226415094339622,0.6666666666666666,1
8513,0.13636363636363635,0.0219435736677116,0.05582966856162179,0.25,0.49056603773584906,0.0,0
5443,0.7727272727272728,0.658307210031348,0.5911723694089884,0.20833333333333331,0.22641509433962265,0.3333333333333333,1
6023,0.22727272727272727,0.06896551724137931,0.1044728091815939,0.19642857142857142,0.4528301886792453,0.3333333333333333,0
6707,0.06818181818181818,0.0,0.010189853051592836,0.0,0.7169811320754718,0.0,0
8597,0.29545454545454547,0.06583072100313479,0.161321463048375,0.3333333333333333,0.6226415094339622,0.3333333333333333,0
6320,0.27272727272727276,0.1018808777429467,0.11230290678965997,0.18571428571428572,0.49056603773584906,0.0,0
5041,0.5227272727272727,0.26332288401253917,0.34634774214308695,0.24489795918367344,0.4528301886792453,0.3333333333333333,1
4453,0.6136363636363636,0.43887147335423193,0.47892309342486317,0.19999999999999998,0.6037735849056604,0.0,1
4541,0.4772727272727273,0.3103448275862069,0.2849941006113912,0.17460317460317462,0.49056603773584906,0.0,0
1037,0.8181818181818182,0.6379310344827586,0.6551539204118845,0.24025974025974026,0.5094339622641509,0.3333333333333333,1
3710,0.6818181818181819,0.5101880877742947,0.6507561943580393,0.2108843537414966,0.5849056603773585,0.6666666666666666,1
256,0.5,0.2884012539184953,0.37230505202188136,0.20535714285714285,0.4339622641509434,0.3333333333333333,0
3273,0.31818181818181823,0.10579937304075235,0.16453931138045694,0.23809523809523808,0.5094339622641509,0.6666666666666666,0
5537,0.5454545454545455,0.2938871473354232,0.33562158103614714,0.23809523809523808,0.339622641509434,0.0,1
2053,0.4545454545454546,0.24686520376175547,0.239032500268154,0.19999999999999998,0.37735849056603776,0.6666666666666666,0
631,0.5681818181818182,0.26489028213166144,0.44556473238228034,0.2857142857142857,0.5471698113207547,1.0,1
1679,0.6818181818181819,0.3887147335423197,0.5526654510350746,0.27678571428571425,0.37735849056603776,0.3333333333333333,1
2030,0.4545454545454546,0.24686520376175547,0.2469162286817548,0.19999999999999998,0.3584905660377359,0.3333333333333333,0
2042,0.3863636363636364,0.18338557993730406,0.1545639815510029,0.1978021978021978,0.2641509433962264,0.3333333333333333,0
4555,0.5909090909090909,0.317398119122257,0.447066394937252,0.2571428571428571,0.28301886792452835,0.3333333333333333,1
3503,0.4318181818181819,0.17241379310344826,0.1715113160999678,0.2597402597402597,0.5849056603773585,0.3333333333333333,0
6254,0.4090909090909091,0.14890282131661442,0.19516250134077012,0.2714285714285714,0.3584905660377359,0.0,0
2738,0.36363636363636365,0.10658307210031348,0.19569880939611714,0.30357142857142855,0.4716981132075472,0.0,0
8094,0.4545454545454546,0.21394984326018807,0.29196610533090206,0.23076923076923075,0.4716981132075472,0.3333333333333333,0
7423,0.4545454545454546,0.1974921630094044,0.2412849941006114,0.25,0.5094339622641509,0.0,0
8253,0.7727272727272728,0.5760188087774294,0.6700096535449962,0.23809523809523808,0.7924528301886793,0.6666666666666666,1
2662,0.18181818181818182,0.03526645768025078,0.054167113590046126,0.2571428571428571,0.5094339622641509,0.0,0
804,0.6136363636363636,0.4169278996865204,0.4488898423254317,0.21052631578947367,0.39622641509433965,0.6666666666666666,1
5969,0.5681818181818182,0.4075235109717868,0.4511423361578891,0.18571428571428572,0.37735849056603776,0.3333333333333333,1
6734,0.5454545454545455,0.274294670846395,0.3865708462941113,0.25510204081632654,0.3207547169811321,0.3333333333333333,1
553,0.7045454545454546,0.47648902821316613,0.6479673924702349,0.24060150375939848,0.5471698113207547,0.6666666666666666,1
5362,0.31818181818181823,0.10579937304075235,0.15810361471629303,0.23809523809523808,0.7924528301886793,0.0,0
7786,0.5,0.3064263322884012,0.3069291000750831,0.19327731092436976,0.5471698113207547,0.0,0
6230,0.5227272727272727,0.28213166144200624,0.3926847581250671,0.22857142857142856,0.4528301886792453,0.3333333333333333,0
3417,0.5454545454545455,0.21551724137931033,0.37852622546390646,0.3246753246753247,0.37735849056603776,0.3333333333333333,1
7192,0.4772727272727273,0.22413793103448276,0.23779899174085595,0.24175824175824173,0.169811320754717,0.3333333333333333,0
3204,0.18181818181818182,0.028213166144200625,0.04644427759304945,0.3214285714285714,0.339622641509434,0.0,0
2324,0.4545454545454546,0.21394984326018807,0.263809932425185,0.23076923076923075,0.4339622641509434,0.0,0
6713,0.5227272727272727,0.28213166144200624,0.3206049554864314,0.22857142857142856,0.6226415094339622,0.3333333333333333,1
2557,0.4318181818181819,0.23510971786833854,0.2777003110586721,0.19047619047619047,0.7169811320754718,0.0,1
2244,0.29545454545454547,0.0877742946708464,0.08698916657728199,0.25,0.4528301886792453,0.3333333333333333,0
1815,0.5909090909090909,0.44435736677115983,0.458650648932747,0.1836734693877551,0.2641509433962264,0.0,0
184,0.31818181818181823,0.164576802507837,0.15247238013514963,0.1530612244897959,0.4528301886792453,0.0,0
5371,0.1590909090909091,0.03134796238244514,0.07004183202831707,0.22857142857142856,0.3207547169811321,0.0,0
6489,0.4090909090909091,0.14890282131661442,0.19821945725624798,0.2714285714285714,0.4339622641509434,0.3333333333333333,0
3798,0.1590909090909091,0.0438871473354232,0.052879974257213344,0.16326530612244897,0.7358490566037736,0.3333333333333333,0
6145,0.5909090909090909,0.317398119122257,0.4658908076799314,0.2571428571428571,0.6792452830188679,0.3333333333333333,1
6894,0.5227272727272727,0.2445141065830721,0.27812935750294965,0.26373626373626374,0.11320754716981135,0.6666666666666666,0
2221,0.4318181818181819,0.21943573667711597,0.2551753727340985,0.20408163265306123,0.41509433962264153,0.3333333333333333,0
2417,0.5909090909090909,0.3385579937304075,0.47168293467767886,0.24107142857142855,0.5660377358490566,0.3333333333333333,1
4437,0.3863636363636364,0.2115987460815047,0.27812935750294976,0.1714285714285714,0.7547169811320755,0.0,0
283,0.4772727272727273,0.3103448275862069,0.2554971575673066,0.17460317460317462,0.28301886792452835,0.0,0
1955,0.6590909090909092,0.5172413793103449,0.5168937037434302,0.1948051948051948,0.5283018867924528,0.0,0
3068,0.5,0.2884012539184953,0.28225892952912157,0.20535714285714285,0.5283018867924528,0.3333333333333333,1
5188,0.6363636363636364,0.5,0.5522900353963316,0.1883116883116883,0.6792452830188679,0.3333333333333333,1
6287,0.31818181818181823,0.164576802507837,0.18143301512388715,0.1530612244897959,0.4528301886792453,0.0,0
2140,0.4090909090909091,0.1786833855799373,0.1645929421859916,0.22619047619047616,0.7924528301886793,0.3333333333333333,0
5531,0.4772727272727273,0.22413793103448276,0.331009331760163,0.24175824175824173,0.6226415094339622,0.3333333333333333,0
4797,0.27272727272727276,0.0713166144200627,0.11927491150917086,0.2653061224489796,0.4528301886792453,0.3333333333333333,0
2700,0.4545454545454546,0.164576802507837,0.3471522042261075,0.3,0.339622641509434,0.6666666666666666,0
845,0.5681818181818182,0.3463949843260188,0.4999463691944652,0.21848739495798317,0.4339622641509434,0.0,0
496,0.5681818181818182,0.3463949843260188,0.49018556258715007,0.21848739495798317,0.5660377358490566,0.6666666666666666,1
840,0.5227272727272727,0.30094043887147337,0.44674461010404376,0.21428571428571427,0.41509433962264153,0.3333333333333333,0
7234,0.36363636363636365,0.15987460815047022,0.24766705995924057,0.20238095238095238,0.5094339622641509,0.0,0
4604,0.36363636363636365,0.1865203761755486,0.14190711144481388,0.173469387755102,0.5471698113207547,0.0,0
4859,0.22727272727272727,0.08620689655172413,0.08618470449426151,0.15714285714285714,0.5094339622641509,0.0,0
8368,0.36363636363636365,0.15987460815047022,0.18749329614930813,0.20238095238095238,0.39622641509433965,0.3333333333333333,0
4145,0.3863636363636364,0.1974921630094044,0.2346884050198434,0.1836734693877551,0.7735849056603774,0.3333333333333333,0
7225,0.5681818181818182,0.4482758620689655,0.5236511852408023,0.16883116883116883,0.8490566037735849,0.0,0
1763,0.18181818181818182,0.04231974921630094,0.06430333583610426,0.21428571428571427,0.6415094339622641,0.3333333333333333,0
1093,0.20454545454545456,0.07053291536050156,0.10125496084951195,0.15873015873015872,0.5094339622641509,0.0,0
2393,0.7727272727272728,0.603448275862069,0.7882655797490078,0.22727272727272724,0.39622641509433965,0.0,1
3536,0.5,0.27037617554858934,0.21071543494583286,0.21904761904761905,0.7547169811320755,0.0,0
8667,0.34090909090909094,0.10031347962382445,0.23265043440952482,0.2857142857142857,0.169811320754717,0.0,0
1111,0.4090909090909091,0.2084639498432602,0.24713075190389358,0.19387755102040816,0.4528301886792453,0.0,0
5908,0.4318181818181819,0.12539184952978055,0.2927169366083878,0.3571428571428571,0.24528301886792453,0.6666666666666666,0
2391,0.6136363636363636,0.3949843260188088,0.44138152955057386,0.2222222222222222,0.28301886792452835,0.3333333333333333,1
5561,0.4772727272727273,0.3103448275862069,0.35814651936072084,0.17460317460317462,0.5471698113207547,0.0,0
4950,0.7954545454545455,0.5642633228840125,0.6411026493617934,0.2571428571428571,0.6226415094339622,0.6666666666666666,1
1421,0.6363636363636364,0.45454545454545453,0.49318888769709324,0.20714285714285713,0.4528301886792453,0.0,1
5663,0.4318181818181819,0.1567398119122257,0.33991204547892306,0.2857142857142857,0.5849056603773585,0.0,0
5888,0.5227272727272727,0.3385579937304075,0.41199184811755873,0.19047619047619047,0.4716981132075472,0.6666666666666666,0
6519,0.6590909090909092,0.44670846394984326,0.5619435803925774,0.22556390977443608,0.4528301886792453,0.0,1
2293,0.8636363636363636,0.7641065830721003,0.7495441381529551,0.22285714285714286,0.15094339622641512,0.0,1
6905,0.4772727272727273,0.25862068965517243,0.39590260645714903,0.2095238095238095,0.49056603773584906,0.0,0
1715,0.3863636363636364,0.15517241379310345,0.20379706103185669,0.23376623376623376,0.7169811320754718,0.0,0
2241,0.4545454545454546,0.164576802507837,0.16920519146197574,0.3,0.22641509433962265,0.3333333333333333,0
6422,0.4545454545454546,0.164576802507837,0.2277700311058672,0.3,0.169811320754717,0.3333333333333333,0
1461,0.7954545454545455,0.677115987460815,0.6990239193392686,0.21428571428571427,0.41509433962264153,0.0,1
4321,0.6363636363636364,0.40909090909090906,0.5414029818727877,0.23015873015873015,0.37735849056603776,1.0,1
7351,0.4318181818181819,0.23510971786833854,0.20261718331009332,0.19047619047619047,0.6226415094339622,0.3333333333333333,0
1710,0.3863636363636364,0.15517241379310345,0.184489971039365,0.23376623376623376,0.6226415094339622,0.0,0
4219,0.5,0.3244514106583072,0.367371017912689,0.1825396825396825,0.8301886792452831,0.0,0
6031,0.24999999999999997,0.03761755485893417,0.04773141692588222,0.42857142857142855,0.4339622641509434,0.3333333333333333,0
6314,0.8181818181818182,0.6669278996865203,0.7107154349458329,0.22981366459627328,0.30188679245283023,0.6666666666666666,1
1218,0.34090909090909094,0.1128526645768025,0.19146197575887589,0.25396825396825395,0.30188679245283023,0.3333333333333333,0
7588,0.7045454545454546,0.47648902821316613,0.5913332618255925,0.24060150375939848,0.30188679245283023,0.6666666666666666,1
7514,0.5,0.34247648902821315,0.4376810039686796,0.17293233082706766,0.4716981132075472,0.0,0
8084,0.24999999999999997,0.05642633228840125,0.11594980156601951,0.2857142857142857,0.5471698113207547,0.0,0
7953,0.31818181818181823,0.10579937304075235,0.1661482355464979,0.23809523809523808,0.5471698113207547,0.6666666666666666,0
7731,0.4545454545454546,0.23040752351097177,0.28520862383352996,0.21428571428571427,0.4528301886792453,0.0,0
5972,0.5681818181818182,0.3463949843260188,0.5501448031749436,0.21848739495798317,0.4528301886792453,0.0,1
4920,0.8181818181818182,0.6669278996865203,0.633326182559262,0.22981366459627328,0.5471698113207547,0.3333333333333333,1
8246,0.6136363636363636,0.3949843260188088,0.5119596696342379,0.2222222222222222,0.5471698113207547,0.0,1
464,0.7045454545454546,0.47648902821316613,0.4849297436447495,0.24060150375939848,0.3584905660377359,0.0,1
3855,0.36363636363636365,0.13322884012539185,0.14555400622117345,0.24285714285714283,0.5471698113207547,0.3333333333333333,0
3849,0.5227272727272727,0.31974921630094044,0.3476348814759198,0.20168067226890757,0.30188679245283023,0.0,0
6328,0.6136363636363636,0.3510971786833856,0.5419929207336693,0.25,0.6037735849056604,0.6666666666666666,1
7100,0.36363636363636365,0.15987460815047022,0.20299259894883623,0.20238095238095238,0.5094339622641509,0.0,0
7012,0.5681818181818182,0.3463949843260188,0.3744502842432693,0.21848739495798317,0.4339622641509434,0.3333333333333333,0
6239,0.3863636363636364,0.14106583072100312,0.20379706103185669,0.2571428571428571,0.28301886792452835,0.3333333333333333,0
3212,0.4545454545454546,0.24686520376175547,0.21988630269226642,0.19999999999999998,0.49056603773584906,0.0,0
5397,0.5681818181818182,0.3056426332288401,0.4344095248310629,0.24761904761904763,0.7358490566037736,0.3333333333333333,1
3816,0.5909090909090909,0.4020376175548589,0.4905073474203582,0.20300751879699247,0.4716981132075472,0.0,0
558,0.24999999999999997,0.10344827586206896,0.09342486324144587,0.1558441558441558,0.5660377358490566,0.0,0
360,0.11363636363636362,0.028213166144200625,0.04033036576209375,0.14285714285714285,0.2641509433962264,0.0,0
8988,0.6136363636363636,0.3730407523510972,0.4023383031213129,0.2352941176470588,0.5283018867924528,0.6666666666666666,1
934,0.7272727272727273,0.6982758620689655,0.6383674782795237,0.17460317460317462,0.49056603773584906,0.0,0
728,0.4090909090909091,0.19357366771159873,0.28381422288962777,0.20879120879120877,0.339622641509434,0.6666666666666666,0
7148,0.6590909090909092,0.37617554858934166,0.6423897886946262,0.26785714285714285,0.11320754716981135,1.0,1
3540,0.29545454545454547,0.0768025078369906,0.1320390432264293,0.2857142857142857,0.4528301886792453,0.0,0
3053,0.34090909090909094,0.16300940438871472,0.19146197575887589,0.17582417582417584,0.6415094339622641,0.0,0
5201,0.5909090909090909,0.4231974921630094,0.4267939504451357,0.19285714285714287,0.5283018867924528,0.0,0
8707,0.6363636363636364,0.3409090909090909,0.40764775286924804,0.27619047619047615,0.4716981132075472,0.6666666666666666,1
2018,0.1590909090909091,0.0438871473354232,0.11380456934463155,0.16326530612244897,0.28301886792452835,0.0,0
6695,0.5454545454545455,0.372257053291536,0.2699238442561407,0.18796992481203006,0.6037735849056604,0.0,0
2913,0.7727272727272728,0.6857366771159874,0.7807572669741499,0.19999999999999998,0.30188679245283023,0.6666666666666666,1
2907,0.5681818181818182,0.3463949843260188,0.31309664271157356,0.21848739495798317,0.6415094339622641,0.0,1
6259,0.5,0.1982758620689655,0.31186313418427536,0.2987012987012987,0.660377358490566,0.6666666666666666,1
2761,0.31818181818181823,0.12931034482758622,0.10259573098787944,0.1948051948051948,0.37735849056603776,0.0,0
8298,0.5,0.23432601880877743,0.19467982409095783,0.25274725274725274,0.6037735849056604,0.6666666666666666,0
628,0.27272727272727276,0.09169278996865203,0.11927491150917086,0.20634920634920634,0.6415094339622641,0.3333333333333333,0
7646,0.5,0.3064263322884012,0.3291322535664486,0.19327731092436976,0.5660377358490566,0.0,0
949,0.6363636363636364,0.38636363636363635,0.4760806607315242,0.2436974789915966,0.6037735849056604,0.3333333333333333,1
803,0.5,0.23432601880877743,0.3464013729486217,0.25274725274725274,0.5283018867924528,0.3333333333333333,1
4470,0.5909090909090909,0.38087774294670845,0.470234902928242,0.21428571428571427,0.49056603773584906,1.0,1
8214,0.6363636363636364,0.40909090909090906,0.5678429690013944,0.23015873015873015,0.7358490566037736,0.0,1
3389,0.5454545454545455,0.25470219435736674,0.36109621366512923,0.2747252747252747,0.41509433962264153,0.6666666666666666,1
3967,0.20454545454545456,0.05485893416927899,0.06639493725195753,0.20408163265306123,0.5094339622641509,0.0,0
868,0.5681818181818182,0.32601880877742945,0.403732704065215,0.23214285714285712,0.6037735849056604,0.3333333333333333,1
7697,0.5,0.3064263322884012,0.25265472487396756,0.19327731092436976,0.6226415094339622,0.3333333333333333,0
2315,0.4318181818181819,0.18808777429467083,0.2605384532875684,0.23809523809523808,0.6037735849056604,0.3333333333333333,1
6061,0.8181818181818182,0.6089341692789968,0.6948407165075619,0.25170068027210885,0.6226415094339622,0.6666666666666666,1
5284,0.27272727272727276,0.08150470219435736,0.0997532982945404,0.23214285714285712,0.7169811320754718,0.3333333333333333,0
6628,0.4772727272727273,0.3103448275862069,0.28145446744610103,0.17460317460317462,0.49056603773584906,0.0,0
7807,0.24999999999999997,0.05642633228840125,0.1120883835675212,0.2857142857142857,0.5660377358490566,0.3333333333333333,0
5659,0.5909090909090909,0.46551724137931033,0.5049876649147269,0.17532467532467533,0.3584905660377359,0.0,0
5648,0.6590909090909092,0.44670846394984326,0.44931888876970927,0.22556390977443608,0.5094339622641509,0.6666666666666666,1
4096,0.36363636363636365,0.15987460815047022,0.17472916443204978,0.20238095238095238,0.6792452830188679,0.3333333333333333,0
1953,0.6590909090909092,0.44670846394984326,0.6279094712002574,0.22556390977443608,0.9622641509433962,0.0,1
1152,0.4545454545454546,0.23040752351097177,0.33251099431513453,0.21428571428571427,0.5660377358490566,0.0,0
4196,0.4772727272727273,0.1896551724137931,0.2672959347849405,0.2857142857142857,0.30188679245283023,0.3333333333333333,0
5236,0.4318181818181819,0.2037617554858934,0.2669741499517323,0.21978021978021978,0.28301886792452835,0.0,0
4700,0.6590909090909092,0.49373040752351094,0.5185026279094712,0.20408163265306123,0.6415094339622641,1.0,1
8743,0.4772727272727273,0.29310344827586204,0.33454896492545316,0.18487394957983194,0.5283018867924528,0.6666666666666666,0
1906,0.4772727272727273,0.25862068965517243,0.3439879866995602,0.2095238095238095,0.3584905660377359,0.0,0
4206,0.34090909090909094,0.06269592476489028,0.14512495977689585,0.45714285714285713,0.7547169811320755,0.0,0
4942,0.4545454545454546,0.1481191222570533,0.3336372412313633,0.3333333333333333,0.24528301886792453,0.3333333333333333,0
6363,0.3863636363636364,0.16927899686520376,0.15649469055025206,0.21428571428571427,0.30188679245283023,0.0,0
5309,0.5454545454545455,0.2938871473354232,0.374503915048804,0.23809523809523808,0.3207547169811321,0.3333333333333333,0
7428,0.27272727272727276,0.1018808777429467,0.12206371339697522,0.18571428571428572,0.37735849056603776,0.3333333333333333,0
7517,0.5454545454545455,0.25470219435736674,0.39997854767778607,0.2747252747252747,0.6226415094339622,0.3333333333333333,1
2510,0.4318181818181819,0.2037617554858934,0.2551753727340985,0.21978021978021978,0.28301886792452835,0.0,0
552,0.5909090909090909,0.2750783699059561,0.4774750616754263,0.2967032967032967,0.6792452830188679,0.6666666666666666,1
6338,0.6818181818181819,0.4373040752351097,0.5526654510350746,0.24603174603174605,0.7358490566037736,0.6666666666666666,1
1566,0.4545454545454546,0.26332288401253917,0.362919661053309,0.1875,0.660377358490566,0.0,0
4769,0.75,0.5329153605015674,0.6597661696878687,0.24285714285714283,0.3584905660377359,0.3333333333333333,1
5043,0.31818181818181823,0.18808777429467083,0.12109835889735063,0.13392857142857142,0.5094339622641509,0.0,0
6799,0.31818181818181823,0.12931034482758622,0.21361149844470664,0.1948051948051948,0.24528301886792453,0.0,0
8861,0.34090909090909094,0.10031347962382445,0.15628016732811328,0.2857142857142857,0.39622641509433965,0.0,0
1230,0.7272727272727273,0.5948275862068966,0.6365976616968787,0.20496894409937885,0.39622641509433965,0.0,1
6914,0.75,0.5329153605015674,0.6196503271479137,0.24285714285714283,0.24528301886792453,0.0,1
6989,0.4545454545454546,0.1974921630094044,0.28971361149844466,0.25,0.24528301886792453,0.3333333333333333,0
3219,0.5909090909090909,0.35971786833855796,0.4615467124316207,0.22689075630252098,0.660377358490566,0.3333333333333333,1
2581,0.4545454545454546,0.2797805642633229,0.2840823769173013,0.17647058823529413,0.4716981132075472,0.0,0
8815,0.31818181818181823,0.12931034482758622,0.10903142765204334,0.1948051948051948,0.8113207547169812,0.0,0
4824,0.20454545454545456,0.04702194357366771,0.11305373806714576,0.23809523809523808,0.49056603773584906,0.3333333333333333,0
4721,0.27272727272727276,0.1018808777429467,0.10254210018234473,0.18571428571428572,0.5094339622641509,0.0,0
1583,0.6590909090909092,0.44670846394984326,0.42840287461117665,0.22556390977443608,0.8113207547169812,0.0,1
2546,0.6363636363636364,0.40909090909090906,0.5398476885122815,0.23015873015873015,0.5094339622641509,0.3333333333333333,1
7343,0.4772727272727273,0.25862068965517243,0.22010082591440525,0.2095238095238095,0.5471698113207547,0.0,0
3360,0.9090909090909092,0.9639498432601881,0.8367478279523757,0.19523809523809524,0.4716981132075472,0.0,1
4603,0.5681818181818182,0.32601880877742945,0.41349351067253026,0.23214285714285712,0.28301886792452835,0.0,1
482,0.13636363636363635,0.0219435736677116,0.04869677142550681,0.25,0.22641509433962265,0.0,0
4822,0.31818181818181823,0.10579937304075235,0.16856162179555936,0.23809523809523808,0.4528301886792453,0.3333333333333333,0
6602,0.29545454545454547,0.13166144200626959,0.20562050842003646,0.16666666666666666,0.6037735849056604,0.0,0
5304,0.34090909090909094,0.13793103448275862,0.16314491043655474,0.20779220779220778,0.6792452830188679,0.0,0
5042,0.4090909090909091,0.19357366771159873,0.21961814866459292,0.20879120879120877,0.5283018867924528,0.0,0
318,0.7045454545454546,0.47648902821316613,0.5741714040544889,0.24060150375939848,0.39622641509433965,0.3333333333333333,1
6839,0.13636363636363635,0.016457680250783698,0.06258715005899389,0.3333333333333333,0.3584905660377359,0.0,0
6201,0.6363636363636364,0.38636363636363635,0.49941006113911834,0.2436974789915966,0.49056603773584906,0.3333333333333333,0
2084,0.5227272727272727,0.3573667711598746,0.38496192212807034,0.18045112781954886,0.5849056603773585,0.0,1
1675,0.36363636363636365,0.15987460815047022,0.20937466480746542,0.20238095238095238,0.6226415094339622,0.3333333333333333,0
5578,0.27272727272727276,0.061128526645768025,0.12136651292502412,0.3095238095238095,0.6792452830188679,0.0,0
8827,0.5,0.2884012539184953,0.27485787836533304,0.20535714285714285,0.660377358490566,0.3333333333333333,1
7172,0.5454545454545455,0.4114420062695925,0.4066823983696235,0.17006802721088435,0.5849056603773585,0.3333333333333333,1
6095,0.3863636363636364,0.18338557993730406,0.20669312453073044,0.1978021978021978,0.5094339622641509,0.0,0
3244,0.6363636363636364,0.40909090909090906,0.6611605706317708,0.23015873015873015,0.6792452830188679,0.3333333333333333,0
253,0.7954545454545455,0.7617554858934169,0.7453609353212485,0.19047619047619047,0.41509433962264153,0.3333333333333333,1
2036,0.5454545454545455,0.39184952978056425,0.5072401587471843,0.17857142857142855,0.4716981132075472,0.3333333333333333,1
1837,0.24999999999999997,0.10344827586206896,0.1050091172369409,0.1558441558441558,0.7169811320754718,0.3333333333333333,0
1944,0.3863636363636364,0.14106583072100312,0.23179234152096967,0.2571428571428571,0.37735849056603776,0.3333333333333333,0
5794,0.3863636363636364,0.14106583072100312,0.21634666952697626,0.2571428571428571,0.41509433962264153,0.3333333333333333,0
1584,0.5681818181818182,0.2852664576802508,0.4330151238871608,0.2653061224489796,0.24528301886792453,0.3333333333333333,1
6270,0.5909090909090909,0.4020376175548589,0.4253459186956988,0.20300751879699247,0.5849056603773585,0.0,1
7321,0.5227272727272727,0.2445141065830721,0.2910007508312774,0.26373626373626374,0.4716981132075472,0.3333333333333333,1
2039,0.4545454545454546,0.26332288401253917,0.3798133647967392,0.1875,0.5660377358490566,0.0,0
4180,0.6818181818181819,0.5830721003134796,0.6391183095570094,0.18452380952380953,0.4528301886792453,0.0,0
3370,0.6363636363636364,0.5681818181818181,0.5289606349887375,0.1657142857142857,0.4716981132075472,0.3333333333333333,0
2711,0.29545454545454547,0.0987460815047022,0.13128821194894347,0.2222222222222222,0.4528301886792453,0.0,0
6336,0.4545454545454546,0.23040752351097177,0.21988630269226642,0.21428571428571427,0.3207547169811321,0.0,0
5915,0.5454545454545455,0.35266457680250785,0.45226858307411766,0.1984126984126984,0.28301886792452835,0.0,1
7840,0.18181818181818182,0.028213166144200625,0.08409310307840824,0.3214285714285714,0.6415094339622641,0.0,0
2794,0.6363636363636364,0.4318181818181818,0.4356430333583611,0.21804511278195488,0.41509433962264153,0.0,1
7113,0.5227272727272727,0.28213166144200624,0.3720905287997426,0.22857142857142856,0.30188679245283023,0.0,0
5982,0.34090909090909094,0.15047021943573669,0.20261718331009332,0.19047619047619047,0.5660377358490566,0.0,0
4222,0.31818181818181823,0.11755485893416927,0.11627158639922772,0.21428571428571427,0.5094339622641509,0.0,0
5339,0.18181818181818182,0.02115987460815047,0.06575136758554112,0.42857142857142855,0.6792452830188679,0.0,0
8299,0.7045454545454546,0.5768025078369906,0.4866459294218599,0.19875776397515527,0.5849056603773585,0.3333333333333333,0
370,0.5454545454545455,0.21551724137931033,0.3503700525581894,0.3246753246753247,0.5094339622641509,0.3333333333333333,0
8478,0.5454545454545455,0.2938871473354232,0.3959562372626837,0.23809523809523808,0.5471698113207547,0.0,1
332,0.18181818181818182,0.03526645768025078,0.06816475383460259,0.2571428571428571,0.30188679245283023,0.0,0
4352,0.7045454545454546,0.5768025078369906,0.6393864635846831,0.19875776397515527,0.5660377358490566,0.3333333333333333,0
8426,0.3863636363636364,0.1974921630094044,0.2337230505202188,0.1836734693877551,0.6226415094339622,0.0,0
1027,0.5681818181818182,0.32601880877742945,0.3828166899066824,0.23214285714285712,0.6792452830188679,0.3333333333333333,1
5539,0.6818181818181819,0.5830721003134796,0.6989702885337338,0.18452380952380953,0.18867924528301888,0.0,1
6735,0.5681818181818182,0.4482758620689655,0.4330151238871608,0.16883116883116883,0.20754716981132076,0.0,0
7221,0.6136363636363636,0.3949843260188088,0.41284994100611394,0.2222222222222222,0.22641509433962265,0.0,1
2740,0.29545454545454547,0.0877742946708464,0.11702241767671352,0.25,0.5094339622641509,0.3333333333333333,0
5450,0.9090909090909092,0.7390282131661442,0.9027137187600557,0.2546583850931677,0.6981132075471698,0.6666666666666666,1
7664,0.7954545454545455,0.6206896551724138,0.7994207873002251,0.23376623376623376,0.7169811320754718,0.6666666666666666,1
1542,0.5681818181818182,0.42789968652037613,0.47484715220422613,0.17687074829931973,0.30188679245283023,0.0,0
3184,0.6590909090909092,0.47021943573667707,0.45575458543387326,0.21428571428571427,0.7547169811320755,0.0,1
6160,0.4545454545454546,0.24686520376175547,0.23452751260323929,0.19999999999999998,0.4339622641509434,0.0,1
7917,0.4545454545454546,0.1974921630094044,0.3291322535664486,0.25,0.3207547169811321,0.3333333333333333,1
1980,0.22727272727272727,0.06034482758620689,0.11273195323393756,0.22448979591836732,0.39622641509433965,0.0,0
8204,0.5,0.23432601880877743,0.29459401480210234,0.25274725274725274,0.4716981132075472,0.3333333333333333,0
3735,0.34090909090909094,0.18808777429467083,0.20862383352997962,0.15238095238095237,0.4528301886792453,0.0,0
8047,0.6590909090909092,0.37617554858934166,0.5120669312453072,0.26785714285714285,0.28301886792452835,0.3333333333333333,1
1052,0.5454545454545455,0.274294670846395,0.3181915692373699,0.25510204081632654,0.5849056603773585,0.3333333333333333,1
973,0.5,0.3064263322884012,0.398208731095141,0.19327731092436976,0.3584905660377359,0.3333333333333333,0
8710,0.31818181818181823,0.09404388714733541,0.15649469055025206,0.26785714285714285,0.5094339622641509,0.3333333333333333,0
6505,0.6590909090909092,0.37617554858934166,0.42357610211305374,0.26785714285714285,0.49056603773584906,0.3333333333333333,1
7712,0.3863636363636364,0.18338557993730406,0.23179234152096967,0.1978021978021978,0.169811320754717,0.0,0
1209,0.11363636363636362,0.032915360501567396,0.04129572026171832,0.12244897959183672,0.4528301886792453,0.0,0
1765,0.5,0.27037617554858934,0.4352139869140834,0.21904761904761905,0.4716981132075472,0.3333333333333333,0
2418,0.4090909090909091,0.2084639498432602,0.22980800171618576,0.19387755102040816,0.49056603773584906,0.0,1
1759,0.29545454545454547,0.12068965517241378,0.1620722943258608,0.1818181818181818,0.4339622641509434,0.0,0
1799,0.34090909090909094,0.13793103448275862,0.16400300332510995,0.20779220779220778,0.20754716981132076,0.3333333333333333,0
8259,0.4318181818181819,0.14106583072100312,0.22299688941327897,0.31746031746031744,0.5471698113207547,0.0,0
5684,0.34090909090909094,0.1128526645768025,0.14426686688834064,0.25396825396825395,0.4528301886792453,0.0,0
7482,0.5681818181818182,0.4890282131661442,0.5194679824090958,0.15476190476190474,0.4528301886792453,0.0,0
3625,0.4545454545454546,0.3126959247648903,0.3448997103936502,0.15789473684210528,0.7169811320754718,0.0,0
823,0.4090909090909091,0.2084639498432602,0.2430548106832565,0.19387755102040816,0.5094339622641509,0.3333333333333333,0
4115,0.7045454545454546,0.5768025078369906,0.6599806929100075,0.19875776397515527,0.6415094339622641,0.0,1
2533,0.5227272727272727,0.28213166144200624,0.26397082484178913,0.22857142857142856,0.339622641509434,0.3333333333333333,1
3475,0.24999999999999997,0.06583072100313479,0.07283063391612142,0.24489795918367344,0.339622641509434,0.0,0
6262,0.6818181818181819,0.5830721003134796,0.6175050949265258,0.18452380952380953,0.41509433962264153,0.6666666666666666,1
5964,0.34090909090909094,0.0877742946708464,0.21892094819264185,0.32653061224489793,0.4339622641509434,0.6666666666666666,0
8451,0.36363636363636365,0.11990595611285267,0.1546712431620723,0.2698412698412698,0.169811320754717,0.3333333333333333,0
385,0.5,0.27037617554858934,0.2970610318566985,0.21904761904761905,0.4339622641509434,0.6666666666666666,0
1767,0.34090909090909094,0.15047021943573669,0.2275018770781937,0.19047619047619047,0.49056603773584906,0.3333333333333333,0
3894,0.5227272727272727,0.30094043887147337,0.3605062748042476,0.21428571428571427,0.6415094339622641,0.0,0
8060,0.5,0.2884012539184953,0.3760055776037756,0.20535714285714285,0.24528301886792453,0.3333333333333333,0
2254,0.4318181818181819,0.17241379310344826,0.2401587471843827,0.2597402597402597,0.4528301886792453,0.3333333333333333,1
2773,0.5909090909090909,0.4020376175548589,0.40507347420358253,0.20300751879699247,0.6037735849056604,0.0,0
4861,0.5,0.1982758620689655,0.31556365976616974,0.2987012987012987,0.4339622641509434,0.3333333333333333,1
5265,0.6136363636363636,0.26332288401253917,0.49694304408452217,0.3333333333333333,0.49056603773584906,0.6666666666666666,1
6608,0.5,0.3064263322884012,0.34270084736672746,0.19327731092436976,0.5849056603773585,0.3333333333333333,1
2489,0.5227272727272727,0.28213166144200624,0.3502091601415853,0.22857142857142856,0.39622641509433965,0.6666666666666666,0
7990,0.6363636363636364,0.38636363636363635,0.49163359433658693,0.2436974789915966,0.5849056603773585,1.0,1
5993,0.5681818181818182,0.3056426332288401,0.3549286710286389,0.24761904761904763,0.339622641509434,0.0,0
2926,0.7045454545454546,0.5266457680250783,0.5827523329400407,0.21768707482993194,0.41509433962264153,0.0,1
850,0.7727272727272728,0.49373040752351094,0.649361793414137,0.27777777777777773,0.6037735849056604,0.0,1
7372,0.29545454545454547,0.12068965517241378,0.10651077979191247,0.1818181818181818,0.8679245283018868,0.0,0
5172,0.7272727272727273,0.5948275862068966,0.645446744610104,0.20496894409937885,0.49056603773584906,0.0,1
4494,0.4318181818181819,0.1567398119122257,0.22406950552397298,0.2857142857142857,0.49056603773584906,0.3333333333333333,0
3252,0.24999999999999997,0.07523510971786834,0.12367263756301619,0.21428571428571427,0.7358490566037736,0.0,0
7791,0.7272727272727273,0.5948275862068966,0.7144695913332617,0.20496894409937885,0.4716981132075472,0.0,1
233,0.5454545454545455,0.25470219435736674,0.2913761664700204,0.2747252747252747,0.4339622641509434,0.0,0
5083,0.7045454545454546,0.5015673981191222,0.5621581036147163,0.22857142857142856,0.6226415094339622,0.0,1
4237,0.3863636363636364,0.16927899686520376,0.1912474525367371,0.21428571428571427,0.37735849056603776,0.3333333333333333,0
5798,0.31818181818181823,0.10579937304075235,0.1355786763917194,0.23809523809523808,0.39622641509433965,0.0,0
5500,0.5454545454545455,0.25470219435736674,0.402660087954521,0.2747252747252747,0.3584905660377359,0.3333333333333333,1
1664,0.4545454545454546,0.23040752351097177,0.2626836855089564,0.21428571428571427,0.41509433962264153,0.0,0
3058,0.5681818181818182,0.3056426332288401,0.44417033143837814,0.24761904761904763,0.3584905660377359,0.6666666666666666,1
6022,0.7954545454545455,0.5642633228840125,0.8225892952912153,0.2571428571428571,0.2641509433962264,0.0,1
4079,0.5,0.25235109717868337,0.3562694411670063,0.2346938775510204,0.3207547169811321,0.0,0
8320,0.5681818181818182,0.3463949843260188,0.3284350530944975,0.21848739495798317,0.4528301886792453,0.3333333333333333,1
663,0.6363636363636364,0.5,0.5678429690013944,0.1883116883116883,0.4339622641509434,0.3333333333333333,1
6258,0.24999999999999997,0.09404388714733541,0.09535557224069505,0.1714285714285714,0.4716981132075472,0.0,0
903,0.5,0.3064263322884012,0.45124959776895845,0.19327731092436976,0.5094339622641509,0.3333333333333333,0
3472,0.4772727272727273,0.24137931034482757,0.28381422288962777,0.22448979591836732,0.6037735849056604,0.3333333333333333,0
1983,0.4318181818181819,0.21943573667711597,0.24981229218062853,0.20408163265306123,0.39622641509433965,0.3333333333333333,0
5187,0.34090909090909094,0.15047021943573669,0.15799635310522364,0.19047619047619047,0.6037735849056604,0.0,0
578,0.5909090909090909,0.4866771159874608,0.47602702992598944,0.16770186335403728,0.5849056603773585,0.0,1
5947,0.4318181818181819,0.14106583072100312,0.2036897994207873,0.31746031746031744,0.49056603773584906,0.0,0
189,0.5681818181818182,0.3667711598746081,0.5585112088383568,0.20634920634920634,0.37735849056603776,0.3333333333333333,1
2916,0.4772727272727273,0.24137931034482757,0.39826236190067577,0.22448979591836732,0.4716981132075472,0.0,0
8955,0.34090909090909094,0.16300940438871472,0.21806285530408667,0.17582417582417584,0.5283018867924528,0.3333333333333333,0
8364,0.5,0.27037617554858934,0.3464013729486217,0.21904761904761905,0.5660377358490566,0.0,0
505,0.34090909090909094,0.1128526645768025,0.159712538882334,0.25396825396825395,0.8679245283018868,0.0,0
1760,0.75,0.5062695924764891,0.5448889842325432,0.2556390977443609,0.660377358490566,0.3333333333333333,1
44,0.5227272727272727,0.3949843260188088,0.4184275447817226,0.16326530612244897,0.4716981132075472,0.0,0
7534,0.6136363636363636,0.3072100313479624,0.5074546819693231,0.2857142857142857,0.6037735849056604,0.3333333333333333,1
3725,0.4318181818181819,0.21943573667711597,0.2669741499517323,0.20408163265306123,0.5660377358490566,0.0,0
2383,0.6136363636363636,0.4169278996865204,0.5495012335085272,0.21052631578947367,0.5660377358490566,0.0,0
1032,0.36363636363636365,0.07993730407523511,0.1801995065965891,0.40476190476190477,0.5283018867924528,0.0,0
7472,0.20454545454545456,0.05485893416927899,0.09052879974257214,0.20408163265306123,0.4339622641509434,0.0,0
3552,0.5454545454545455,0.25470219435736674,0.43617934141370807,0.2747252747252747,0.4339622641509434,0.0,0
3400,0.6136363636363636,0.4169278996865204,0.4699131180950338,0.21052631578947367,0.4339622641509434,0.0,1
1913,0.7045454545454546,0.5768025078369906,0.57931996138582,0.19875776397515527,0.5849056603773585,0.0,1
8227,0.5681818181818182,0.38714733542319746,0.46369194465300867,0.19548872180451127,0.4339622641509434,0.3333333333333333,0
8035,0.4318181818181819,0.21943573667711597,0.24766705995924057,0.20408163265306123,0.22641509433962265,0.0,0
4024,0.34090909090909094,0.10031347962382445,0.10994315134613321,0.2857142857142857,0.37735849056603776,0.0,0
3876,0.24999999999999997,0.05642633228840125,0.08441488791161644,0.2857142857142857,0.5094339622641509,0.0,0
6350,0.8409090909090909,0.7147335423197492,0.7545854338732167,0.22619047619047616,0.5471698113207547,0.3333333333333333,1
2567,0.5909090909090909,0.3385579937304075,0.47168293467767886,0.24107142857142855,0.660377358490566,0.0,1
5778,0.4318181818181819,0.2507836990595611,0.2541027566234044,0.17857142857142855,0.8113207547169812,0.0,0
3100,0.6363636363636364,0.38636363636363635,0.4620830204869677,0.2436974789915966,0.5849056603773585,0.0,0
7909,0.31818181818181823,0.058777429467084634,0.13236082805963745,0.42857142857142855,0.4339622641509434,0.0,0
4768,0.6590909090909092,0.35266457680250785,0.5233294004075941,0.2857142857142857,0.24528301886792453,0.3333333333333333,1
6586,0.5909090909090909,0.25391849529780564,0.34136007722836004,0.3214285714285714,0.6037735849056604,0.6666666666666666,1
3368,0.27272727272727276,0.0713166144200627,0.07953448460795881,0.2653061224489796,0.7358490566037736,0.0,0
4420,0.3863636363636364,0.16927899686520376,0.21055454252922878,0.21428571428571427,0.6037735849056604,0.0,0
7976,0.31818181818181823,0.10579937304075235,0.10259573098787944,0.23809523809523808,0.7547169811320755,0.3333333333333333,0
2873,0.22727272727272727,0.02586206896551724,0.09444384854660517,0.5238095238095237,0.0566037735849057,0.6666666666666666,0
5084,0.29545454545454547,0.12068965517241378,0.11476992384425615,0.1818181818181818,0.6792452830188679,0.0,0
3553,0.6136363636363636,0.43887147335423193,0.49694304408452217,0.19999999999999998,0.4339622641509434,0.6666666666666666,0
2077,0.4318181818181819,0.18808777429467083,0.33562158103614714,0.23809523809523808,0.5849056603773585,0.3333333333333333,1
2356,0.31818181818181823,0.09404388714733541,0.1371876005577604,0.26785714285714285,0.5283018867924528,0.3333333333333333,0
8939,0.4090909090909091,0.2084639498432602,0.19516250134077012,0.19387755102040816,0.5283018867924528,0.3333333333333333,1
1170,0.31818181818181823,0.10579937304075235,0.1540813043011906,0.23809523809523808,0.49056603773584906,0.3333333333333333,0
5847,0.24999999999999997,0.05642633228840125,0.07604848224820336,0.2857142857142857,0.4339622641509434,0.0,0
6311,0.7954545454545455,0.7899686520376176,0.5735278343880725,0.1836734693877551,0.49056603773584906,0.6666666666666666,1
104,0.36363636363636365,0.14655172413793102,0.1801995065965891,0.22077922077922077,0.5094339622641509,0.6666666666666666,0
8332,0.4545454545454546,0.24686520376175547,0.2818298830848439,0.19999999999999998,0.39622641509433965,0.0,0
3804,0.4318181818181819,0.18808777429467083,0.2111981121956452,0.23809523809523808,0.8490566037735849,0.3333333333333333,0
8255,0.5681818181818182,0.4075235109717868,0.3605062748042476,0.18571428571428572,0.5094339622641509,0.0,0
434,0.8409090909090909,0.7147335423197492,0.8299903464550037,0.22619047619047616,0.6981132075471698,0.3333333333333333,1
4821,0.24999999999999997,0.08463949843260188,0.10758339590260645,0.19047619047619047,0.28301886792452835,0.3333333333333333,0
16,0.4318181818181819,0.2507836990595611,0.21763380885980907,0.17857142857142855,0.6792452830188679,0.3333333333333333,0
7622,0.5681818181818182,0.3667711598746081,0.3786334870749758,0.20634920634920634,0.39622641509433965,0.3333333333333333,1
623,0.4318181818181819,0.21943573667711597,0.2948621688297758,0.20408163265306123,0.5094339622641509,0.0,0
4334,0.5,0.27037617554858934,0.27609138689263113,0.21904761904761905,0.5094339622641509,0.0,1
6922,0.6590909090909092,0.49373040752351094,0.5555078837284135,0.20408163265306123,0.4716981132075472,0.0,0
655,0.31818181818181823,0.0822884012539185,0.12672959347849405,0.3061224489795918,0.3584905660377359,0.0,0
967,0.34090909090909094,0.07523510971786834,0.15284779577389251,0.38095238095238093,0.4339622641509434,0.3333333333333333,0
2411,0.31818181818181823,0.09404388714733541,0.2031534913654403,0.26785714285714285,0.3584905660377359,0.3333333333333333,0
696,0.1590909090909091,0.018808777429467086,0.06832564625120668,0.38095238095238093,0.18867924528301888,0.3333333333333333,0
2590,0.4318181818181819,0.2037617554858934,0.1961814866459294,0.21978021978021978,0.5660377358490566,0.3333333333333333,0
1744,0.29545454545454547,0.0768025078369906,0.16807894454574707,0.2857142857142857,0.39622641509433965,0.3333333333333333,0
1387,0.4545454545454546,0.24686520376175547,0.34827845114233613,0.19999999999999998,0.4716981132075472,0.3333333333333333,1
2696,0.4772727272727273,0.22413793103448276,0.3888233401265687,0.24175824175824173,0.37735849056603776,0.0,0
2841,0.3863636363636364,0.1974921630094044,0.23565375951946796,0.1836734693877551,0.6226415094339622,0.0,0
5781,0.29545454545454547,0.06583072100313479,0.15906896921591762,0.3333333333333333,0.7169811320754718,0.0,0
1113,0.5909090909090909,0.44435736677115983,0.4267939504451357,0.1836734693877551,0.7735849056603774,0.0,1
7708,0.8409090909090909,0.8338557993730408,0.6710286388501554,0.19387755102040816,0.6037735849056604,0.0,1
2667,0.36363636363636365,0.14655172413793102,0.1719939933497801,0.22077922077922077,0.41509433962264153,0.3333333333333333,0
5575,0.4545454545454546,0.24686520376175547,0.2930923522471307,0.19999999999999998,0.2641509433962264,0.0,0
2802,0.4772727272727273,0.27586206896551724,0.4053416282312561,0.19642857142857142,0.6415094339622641,0.3333333333333333,0
8312,0.4318181818181819,0.18808777429467083,0.2036897994207873,0.23809523809523808,0.37735849056603776,0.3333333333333333,0
3831,0.18181818181818182,0.07053291536050156,0.05658049983910758,0.12857142857142856,0.37735849056603776,0.0,0
580,0.5,0.1982758620689655,0.39450820551324683,0.2987012987012987,0.6037735849056604,0.3333333333333333,1
4066,0.18181818181818182,0.05642633228840125,0.0686474310844149,0.1607142857142857,0.28301886792452835,0.0,0
4415,0.20454545454545456,0.023510971786833854,0.07819371446959134,0.47619047619047616,0.7735849056603774,0.3333333333333333,0
1509,0.4772727272727273,0.22413793103448276,0.2861739783331545,0.24175824175824173,0.39622641509433965,0.3333333333333333,1
1714,0.09090909090909091,0.01959247648902821,0.03314383782044406,0.14285714285714285,0.5660377358490566,0.0,0
536,0.36363636363636365,0.1865203761755486,0.23672637563016197,0.173469387755102,0.39622641509433965,0.0,0
8828,0.29545454545454547,0.0877742946708464,0.12603239300654295,0.25,0.4716981132075472,0.3333333333333333,0
7376,0.20454545454545456,0.06269592476489028,0.14576852944331223,0.17857142857142855,0.13207547169811323,0.0,0
1867,0.20454545454545456,0.04702194357366771,0.08570202724444921,0.23809523809523808,0.24528301886792453,0.0,0
2122,0.3863636363636364,0.14106583072100312,0.19414351603561084,0.2571428571428571,0.4716981132075472,0.3333333333333333,0
1082,0.27272727272727276,0.05094043887147335,0.12485251528477959,0.37142857142857144,0.6226415094339622,0.3333333333333333,0
2034,0.4090909090909091,0.22335423197492163,0.32661160570631764,0.18095238095238092,0.2641509433962264,0.3333333333333333,0
6563,0.5454545454545455,0.2938871473354232,0.3476885122814545,0.23809523809523808,0.8113207547169812,0.3333333333333333,1
88,0.36363636363636365,0.11990595611285267,0.12640780864528584,0.2698412698412698,0.28301886792452835,0.0,0
3993,0.22727272727272727,0.06896551724137931,0.11922128070363616,0.19642857142857142,0.30188679245283023,0.0,0
4101,0.6136363636363636,0.3730407523510972,0.4654081304301191,0.2352941176470588,0.3584905660377359,0.0,1
5170,0.5909090909090909,0.317398119122257,0.4818191569237369,0.2571428571428571,0.41509433962264153,0.3333333333333333,1
940,0.7727272727272728,0.5211598746081505,0.7394615467124316,0.2631578947368421,0.5660377358490566,0.6666666666666666,1
6753,0.5,0.3244514106583072,0.3760055776037756,0.1825396825396825,0.4528301886792453,0.0,0
3910,0.4318181818181819,0.1567398119122257,0.20690764775286924,0.2857142857142857,0.4716981132075472,0.3333333333333333,1
3452,0.5227272727272727,0.31974921630094044,0.2910007508312774,0.20168067226890757,0.37735849056603776,0.0,0
5673,0.5909090909090909,0.35971786833855796,0.5151238871607852,0.22689075630252098,0.37735849056603776,0.3333333333333333,1
6994,0.3863636363636364,0.08463949843260188,0.17676713504236835,0.42857142857142855,0.6037735849056604,0.3333333333333333,0
4254,0.29545454545454547,0.0987460815047022,0.1342915370588866,0.2222222222222222,0.339622641509434,0.3333333333333333,0
6526,0.7954545454545455,0.6206896551724138,0.7820444063069826,0.23376623376623376,0.5660377358490566,0.0,1
8236,0.4772727272727273,0.24137931034482757,0.23189960313203906,0.22448979591836732,0.5094339622641509,0.3333333333333333,1
8237,0.6136363636363636,0.46081504702194354,0.5254746326289821,0.19047619047619047,0.2641509433962264,0.3333333333333333,1
64,0.4772727272727273,0.24137931034482757,0.32746969859487285,0.22448979591836732,0.41509433962264153,0.0,0
6240,0.20454545454545456,0.08620689655172413,0.09321034001930709,0.12987012987012986,0.7358490566037736,0.0,0
7613,0.6136363636363636,0.5047021943573667,0.38131502735171074,0.17391304347826086,0.4528301886792453,0.0,0
6366,0.3863636363636364,0.15517241379310345,0.184489971039365,0.23376623376623376,0.37735849056603776,0.0,0
3489,0.6136363636363636,0.43887147335423193,0.42185991633594344,0.19999999999999998,0.5283018867924528,0.3333333333333333,1
5774,0.6136363636363636,0.3730407523510972,0.38582001501662555,0.2352941176470588,0.4716981132075472,0.3333333333333333,1
5015,0.5227272727272727,0.31974921630094044,0.37981336479673933,0.20168067226890757,0.660377358490566,0.3333333333333333,1
8229,0.5227272727272727,0.3385579937304075,0.3090207014909364,0.19047619047619047,0.37735849056603776,0.0,0
2798,0.7727272727272728,0.5211598746081505,0.7000429046444278,0.2631578947368421,0.39622641509433965,0.3333333333333333,1
955,0.6136363636363636,0.3949843260188088,0.5600128713933282,0.2222222222222222,0.4339622641509434,0.3333333333333333,1
1336,0.5,0.3244514106583072,0.3501018985305159,0.1825396825396825,0.7358490566037736,0.3333333333333333,1
1038,0.3863636363636364,0.14106583072100312,0.21634666952697626,0.2571428571428571,0.49056603773584906,0.3333333333333333,0
3749,0.31818181818181823,0.12931034482758622,0.1468411455540062,0.1948051948051948,0.5283018867924528,0.6666666666666666,0
3074,0.5454545454545455,0.2938871473354232,0.2605384532875684,0.23809523809523808,0.169811320754717,0.3333333333333333,1
418,0.3863636363636364,0.18338557993730406,0.18545532553898958,0.1978021978021978,0.4528301886792453,0.3333333333333333,0
4981,0.29545454545454547,0.0987460815047022,0.10200579212699774,0.2222222222222222,0.339622641509434,0.3333333333333333,0
2236,0.4090909090909091,0.23824451410658307,0.3418963852837069,0.16964285714285712,0.4528301886792453,0.3333333333333333,0
8797,0.75,0.5329153605015674,0.6123565375951946,0.24285714285714283,0.41509433962264153,0.0,1
3600,0.8181818181818182,0.5219435736677116,0.7603239300654296,0.2936507936507936,0.41509433962264153,0.3333333333333333,1
1909,0.5227272727272727,0.3573667711598746,0.5085272980800172,0.18045112781954886,0.7735849056603774,0.3333333333333333,0
5686,0.6136363636363636,0.48275862068965514,0.4533948299903464,0.1818181818181818,0.49056603773584906,0.3333333333333333,1
7319,0.3863636363636364,0.16927899686520376,0.258822267510458,0.21428571428571427,0.6226415094339622,0.0,0
2636,0.7727272727272728,0.6857366771159874,0.6437305588329937,0.19999999999999998,0.3584905660377359,0.3333333333333333,1
2823,0.3863636363636364,0.12695924764890282,0.21441596052772713,0.2857142857142857,0.28301886792452835,0.3333333333333333,1
6847,0.4772727272727273,0.20689655172413793,0.3180306768207659,0.26190476190476186,0.7547169811320755,0.3333333333333333,1
1219,0.4772727272727273,0.24137931034482757,0.2731953233937574,0.22448979591836732,0.339622641509434,0.3333333333333333,1
8643,0.5681818181818182,0.4482758620689655,0.4832135578676392,0.16883116883116883,0.28301886792452835,0.0,0
2443,0.4545454545454546,0.23040752351097177,0.288587364582216,0.21428571428571427,0.6415094339622641,0.0,1
3286,0.4772727272727273,0.27586206896551724,0.27555507883728414,0.19642857142857142,0.339622641509434,0.0,0
3799,0.31818181818181823,0.12931034482758622,0.15086345596910866,0.1948051948051948,0.5094339622641509,0.0,0
4875,0.20454545454545456,0.05485893416927899,0.07014909363938646,0.20408163265306123,0.4339622641509434,0.3333333333333333,0
6742,0.4772727272727273,0.1896551724137931,0.20948192641853478,0.2857142857142857,0.4528301886792453,0.0,1
6012,0.7272727272727273,0.49137931034482757,0.6295183953662984,0.24812030075187969,0.49056603773584906,0.3333333333333333,1
5109,0.22727272727272727,0.05172413793103448,0.08264507132897136,0.26190476190476186,0.3584905660377359,0.3333333333333333,0
6973,0.6136363636363636,0.26332288401253917,0.40383996567628444,0.3333333333333333,0.5283018867924528,0.3333333333333333,1
8763,0.5681818181818182,0.3667711598746081,0.3828166899066824,0.20634920634920634,0.7547169811320755,0.0,0
862,0.4772727272727273,0.29310344827586204,0.36404590796953773,0.18487394957983194,0.4339622641509434,0.0,0
8749,0.4772727272727273,0.20689655172413793,0.3758446851871715,0.26190476190476186,0.4528301886792453,0.0,0
757,0.6363636363636364,0.40909090909090906,0.5756194358039257,0.23015873015873015,0.339622641509434,0.3333333333333333,1
3437,0.4772727272727273,0.25862068965517243,0.39826236190067577,0.2095238095238095,0.28301886792452835,0.3333333333333333,0
1060,0.4090909090909091,0.1786833855799373,0.21044728091815937,0.22619047619047616,0.24528301886792453,0.3333333333333333,0
7023,0.6363636363636364,0.3181818181818182,0.4760806607315242,0.29591836734693877,0.8301886792452831,0.6666666666666666,1
1051,0.6136363636363636,0.3949843260188088,0.4939397189745789,0.2222222222222222,0.4528301886792453,0.3333333333333333,1
296,0.22727272727272727,0.043103448275862065,0.08913439879866994,0.3142857142857143,0.6415094339622641,0.0,0
5296,0.20454545454545456,0.03918495297805642,0.0680038614179985,0.2857142857142857,0.5283018867924528,0.0,0
4677,0.5454545454545455,0.372257053291536,0.39327469698594875,0.18796992481203006,0.339622641509434,0.3333333333333333,0
2909,0.4318181818181819,0.18808777429467083,0.2927169366083878,0.23809523809523808,0.5283018867924528,0.3333333333333333,0
6535,0.31818181818181823,0.11755485893416927,0.11144481390110479,0.21428571428571427,0.3207547169811321,0.0,0
8126,0.4772727272727273,0.24137931034482757,0.2932532446637348,0.22448979591836732,0.4528301886792453,0.3333333333333333,0
1927,0.7272727272727273,0.46551724137931033,0.7215488576638421,0.26190476190476186,0.4339622641509434,0.3333333333333333,1
3230,0.5681818181818182,0.32601880877742945,0.47484715220422613,0.23214285714285712,0.5660377358490566,0.0,1
5784,0.4090909090909091,0.25313479623824453,0.2777003110586721,0.15966386554621848,0.7547169811320755,0.0,0
7107,0.6363636363636364,0.38636363636363635,0.5958382494905072,0.2436974789915966,0.3584905660377359,0.3333333333333333,1
6096,0.31818181818181823,0.058777429467084634,0.10661804140298187,0.42857142857142855,0.5471698113207547,0.6666666666666666,0
5827,0.6363636363636364,0.38636363636363635,0.5165182881046874,0.2436974789915966,0.4716981132075472,1.0,1
1099,0.5227272727272727,0.30094043887147337,0.2884264721656119,0.21428571428571427,0.5471698113207547,0.3333333333333333,1
8231,0.18181818181818182,0.0493730407523511,0.10822696556902285,0.1836734693877551,0.3584905660377359,0.0,0
2473,0.24999999999999997,0.07523510971786834,0.08055346991311808,0.21428571428571427,0.30188679245283023,0.0,0
4459,0.22727272727272727,0.07758620689655173,0.10624262576423898,0.17460317460317462,0.660377358490566,0.3333333333333333,0
6736,0.31818181818181823,0.0822884012539185,0.15247238013514963,0.3061224489795918,0.5094339622641509,0.3333333333333333,0
5751,0.4318181818181819,0.18808777429467083,0.24766705995924057,0.23809523809523808,0.4339622641509434,0.3333333333333333,0
5918,0.6136363636363636,0.4169278996865204,0.5074546819693231,0.21052631578947367,0.3584905660377359,0.3333333333333333,1
6541,0.6363636363636364,0.29545454545454547,0.6082805963745576,0.31868131868131866,0.49056603773584906,1.0,1
4307,0.29545454545454547,0.0987460815047022,0.11401909256677034,0.2222222222222222,0.41509433962264153,0.3333333333333333,0
7820,0.4090909090909091,0.14890282131661442,0.1666309127963102,0.2714285714285714,0.6037735849056604,0.3333333333333333,0
1249,0.5227272727272727,0.3385579937304075,0.37595194679824095,0.19047619047619047,0.37735849056603776,0.0,1
7339,0.5227272727272727,0.30094043887147337,0.30129786549393966,0.21428571428571427,0.39622641509433965,0.0,1
7757,0.6363636363636364,0.3181818181818182,0.4589724337659552,0.29591836734693877,0.37735849056603776,0.6666666666666666,1
1131,0.4318181818181819,0.29780564263322884,0.3163144910436555,0.15037593984962405,0.39622641509433965,0.0,0
5384,0.6590909090909092,0.37617554858934166,0.4267939504451357,0.26785714285714285,0.7735849056603774,0.0,1
2340,0.6590909090909092,0.49373040752351094,0.49436876541885655,0.20408163265306123,0.4716981132075472,0.3333333333333333,1
1589,0.5,0.21630094043887146,0.3204976938753621,0.2738095238095238,0.5283018867924528,0.3333333333333333,0
4448,0.4772727272727273,0.20689655172413793,0.37230505202188136,0.26190476190476186,0.49056603773584906,0.6666666666666666,1
5830,0.36363636363636365,0.15987460815047022,0.17655261182022952,0.20238095238095238,0.41509433962264153,0.3333333333333333,0
5306,0.4545454545454546,0.26332288401253917,0.2773248954199292,0.1875,0.37735849056603776,0.3333333333333333,0
1141,0.5,0.3605015673981191,0.3007615574385927,0.16428571428571426,0.6037735849056604,0.0,1
6666,0.5681818181818182,0.38714733542319746,0.4762415531481283,0.19548872180451127,0.3584905660377359,0.3333333333333333,0
4720,0.31818181818181823,0.0822884012539185,0.13236082805963745,0.3061224489795918,0.15094339622641512,0.0,0
7433,0.4318181818181819,0.23510971786833854,0.3002252493832457,0.19047619047619047,0.2641509433962264,0.3333333333333333,0
3927,0.6590909090909092,0.5642633228840125,0.5506811112302906,0.17857142857142855,0.5849056603773585,0.0,1
1221,0.4318181818181819,0.29780564263322884,0.2777003110586721,0.15037593984962405,0.5471698113207547,0.0,0
7943,0.4772727272727273,0.3103448275862069,0.3569666416389574,0.17460317460317462,0.5283018867924528,0.3333333333333333,0
561,0.36363636363636365,0.15987460815047022,0.2376380993242518,0.20238095238095238,0.6981132075471698,0.3333333333333333,0
7734,0.6818181818181819,0.48589341692789967,0.3947227287353856,0.22142857142857142,0.3207547169811321,0.3333333333333333,1
2086,0.6590909090909092,0.5172413793103449,0.5474632628982087,0.1948051948051948,0.6226415094339622,0.3333333333333333,1
197,0.27272727272727276,0.061128526645768025,0.09417569451893167,0.3095238095238095,0.22641509433962265,0.3333333333333333,0
3069,0.5,0.23432601880877743,0.28349243805641966,0.25274725274725274,0.41509433962264153,0.6666666666666666,1
5364,0.29545454545454547,0.0877742946708464,0.13804569344631554,0.25,0.30188679245283023,0.0,0
5140,0.31818181818181823,0.09404388714733541,0.1468411455540062,0.26785714285714285,0.5471698113207547,0.0,0
6756,0.5227272727272727,0.31974921630094044,0.28456505416711353,0.20168067226890757,0.6792452830188679,0.0,0
7484,0.36363636363636365,0.1731974921630094,0.19661053309020698,0.18681318681318682,0.7358490566037736,0.0,0
414,0.4545454545454546,0.2962382445141066,0.3403947227287354,0.16666666666666666,0.6981132075471698,0.0,0
7258,0.4318181818181819,0.1567398119122257,0.2605384532875684,0.2857142857142857,0.4528301886792453,0.0,0
1238,0.5,0.3244514106583072,0.28349243805641966,0.1825396825396825,0.18867924528301888,0.0,0
7500,0.6590909090909092,0.47021943573667707,0.45092781293575024,0.21428571428571427,0.5471698113207547,0.0,1
3315,0.5227272727272727,0.2445141065830721,0.3913976187922342,0.26373626373626374,0.39622641509433965,0.6666666666666666,0
5898,0.4772727272727273,0.22413793103448276,0.3121312882119489,0.24175824175824173,0.28301886792452835,0.3333333333333333,1
6446,0.7272727272727273,0.5948275862068966,0.5746540813043012,0.20496894409937885,0.20754716981132076,0.0,1
7972,0.6590909090909092,0.5172413793103449,0.5152847795773892,0.1948051948051948,0.3584905660377359,0.0,1
1587,0.34090909090909094,0.10031347962382445,0.1605706317708892,0.2857142857142857,0.41509433962264153,0.6666666666666666,0
6307,0.5681818181818182,0.3667711598746081,0.4232543172798455,0.20634920634920634,0.4339622641509434,0.6666666666666666,1
914,0.4545454545454546,0.24686520376175547,0.3539096857234796,0.19999999999999998,0.37735849056603776,0.0,0
4531,0.27272727272727276,0.09169278996865203,0.11230290678965997,0.20634920634920634,0.22641509433962265,0.0,0
203,0.6818181818181819,0.5344827586206896,0.6590689692159176,0.2012987012987013,0.5471698113207547,0.3333333333333333,1
4566,0.5681818181818182,0.32601880877742945,0.43859272766276947,0.23214285714285712,0.4339622641509434,0.0,1
5610,0.20454545454545456,0.04702194357366771,0.06961278558403947,0.23809523809523808,0.5283018867924528,0.0,0
7014,0.5909090909090909,0.2750783699059561,0.36452858521934994,0.2967032967032967,0.3584905660377359,0.0,0
3971,0.4318181818181819,0.18808777429467083,0.2626836855089564,0.23809523809523808,0.41509433962264153,0.0,0
7710,0.6363636363636364,0.5681818181818181,0.5911723694089884,0.1657142857142857,0.5471698113207547,0.0,1
5773,0.6363636363636364,0.4318181818181818,0.42786656655582966,0.21804511278195488,0.49056603773584906,0.6666666666666666,1
2082,0.4090909090909091,0.2084639498432602,0.19821945725624798,0.19387755102040816,0.5094339622641509,0.0,0
1258,0.4090909090909091,0.1786833855799373,0.306231899603132,0.22619047619047616,0.7358490566037736,0.0,1
5440,0.6136363636363636,0.3730407523510972,0.5029496943044084,0.2352941176470588,0.5660377358490566,1.0,1
1917,0.34090909090909094,0.1128526645768025,0.10651077979191248,0.25396825396825395,0.24528301886792453,0.6666666666666666,0
6790,0.22727272727272727,0.043103448275862065,0.07556580499839108,0.3142857142857143,0.28301886792452835,0.3333333333333333,0
8169,0.24999999999999997,0.09404388714733541,0.0921377239086131,0.1714285714285714,0.5471698113207547,0.3333333333333333,0
5733,0.7954545454545455,0.6206896551724138,0.7472916443204978,0.23376623376623376,0.5849056603773585,0.3333333333333333,1
632,0.36363636363636365,0.1731974921630094,0.19114019092566772,0.18681318681318682,0.6792452830188679,0.0,0
8110,0.6590909090909092,0.5172413793103449,0.5490721870642497,0.1948051948051948,0.4528301886792453,0.3333333333333333,1
4364,0.3863636363636364,0.15517241379310345,0.28295613000107267,0.23376623376623376,0.2641509433962264,0.0,0
1914,0.5454545454545455,0.3134796238244514,0.34634774214308695,0.2232142857142857,0.6037735849056604,0.0,1
2000,0.75,0.6128526645768024,0.7308806178268797,0.21118012422360247,0.5094339622641509,0.0,1
692,0.36363636363636365,0.0932601880877743,0.16378848010297115,0.346938775510204,0.4339622641509434,0.3333333333333333,0
4600,0.6363636363636364,0.47727272727272724,0.5460688619543066,0.19727891156462585,0.339622641509434,0.3333333333333333,0
8170,0.27272727272727276,0.08150470219435736,0.1687761450176982,0.23214285714285712,0.5094339622641509,0.0,0
1186,0.8181818181818182,0.6089341692789968,0.7027780757266974,0.25170068027210885,0.4339622641509434,0.6666666666666666,1
1575,0.5454545454545455,0.274294670846395,0.253834602595731,0.25510204081632654,0.24528301886792453,0.3333333333333333,0
4466,0.4772727272727273,0.3103448275862069,0.3687654188565912,0.17460317460317462,0.3207547169811321,0.0,0
4287,0.36363636363636365,0.19984326018808776,0.204816046337016,0.16190476190476188,0.5094339622641509,0.3333333333333333,0
4690,0.8863636363636365,0.7210031347962382,0.7989917408559476,0.24844720496894407,0.5094339622641509,0.3333333333333333,1
299,0.5,0.25235109717868337,0.3007615574385927,0.2346938775510204,0.39622641509433965,0.0,0
5990,0.5,0.27037617554858934,0.31186313418427536,0.21904761904761905,0.3584905660377359,0.0,0
2384,0.5,0.3064263322884012,0.42287890164110264,0.19327731092436976,0.339622641509434,0.0,0
5618,0.36363636363636365,0.15987460815047022,0.1902284672315778,0.20238095238095238,0.39622641509433965,0.0,0
958,0.5,0.25235109717868337,0.35503593263970823,0.2346938775510204,0.7924528301886793,0.3333333333333333,1
3477,0.3863636363636364,0.16927899686520376,0.24337659551646465,0.21428571428571427,0.4339622641509434,0.3333333333333333,0
3736,0.24999999999999997,0.05642633228840125,0.10693982623619008,0.2857142857142857,0.5849056603773585,0.3333333333333333,0
8097,0.4545454545454546,0.1974921630094044,0.3178697844041617,0.25,0.49056603773584906,0.3333333333333333,0
7630,0.6136363636363636,0.4169278996865204,0.5074546819693231,0.21052631578947367,0.18867924528301888,0.3333333333333333,0
3316,0.5454545454545455,0.3134796238244514,0.38925238657084626,0.2232142857142857,0.5283018867924528,0.0,0
7700,0.5909090909090909,0.5078369905956113,0.5773892523865708,0.1607142857142857,0.6226415094339622,0.3333333333333333,0
7582,0.4090909090909091,0.1786833855799373,0.21859916335943366,0.22619047619047616,0.39622641509433965,0.3333333333333333,0
4134,0.20454545454545456,0.07836990595611285,0.1050091172369409,0.14285714285714285,0.5094339622641509,0.3333333333333333,0
8539,0.7045454545454546,0.5266457680250783,0.713182452000429,0.21768707482993194,0.39622641509433965,0.3333333333333333,1
963,0.24999999999999997,0.09404388714733541,0.11659337123243592,0.1714285714285714,0.4716981132075472,0.3333333333333333,0
6141,0.4545454545454546,0.1974921630094044,0.2716936608387859,0.25,0.49056603773584906,0.3333333333333333,1
7895,0.5681818181818182,0.3463949843260188,0.3033358361042583,0.21848739495798317,0.5283018867924528,0.0,1
4684,0.4772727272727273,0.27586206896551724,0.272015445671994,0.19642857142857142,0.4528301886792453,0.3333333333333333,0
5654,0.6136363636363636,0.3072100313479624,0.551002896063499,0.2857142857142857,0.39622641509433965,0.6666666666666666,1
7371,0.5227272727272727,0.31974921630094044,0.457041724766706,0.20168067226890757,0.6037735849056604,0.3333333333333333,0
2481,0.4090909090909091,0.22335423197492163,0.23694089885230077,0.18095238095238092,0.5471698113207547,0.0,0
8153,0.4772727272727273,0.24137931034482757,0.18116486109621366,0.22448979591836732,0.6981132075471698,0.3333333333333333,0
5590,0.4318181818181819,0.1567398119122257,0.27984554328006006,0.2857142857142857,0.4339622641509434,0.3333333333333333,0
2297,0.5454545454545455,0.3134796238244514,0.3651185240802317,0.2232142857142857,0.5094339622641509,0.0,1
2852,0.31818181818181823,0.12931034482758622,0.07685294433122386,0.1948051948051948,0.30188679245283023,0.0,0
1803,0.5454545454545455,0.274294670846395,0.33025850048267724,0.25510204081632654,0.8113207547169812,0.6666666666666666,1
7720,0.8181818181818182,0.6379310344827586,0.7345275126032392,0.24025974025974026,0.49056603773584906,0.0,1
8490,0.09090909090909091,0.003918495297805642,0.023758446851871715,0.7142857142857142,0.3584905660377359,0.3333333333333333,0
5476,0.4545454545454546,0.24686520376175547,0.29421859916335946,0.19999999999999998,0.41509433962264153,0.0,0
7528,0.5681818181818182,0.3056426332288401,0.3716614823554649,0.24761904761904763,0.4339622641509434,0.0,1
5235,0.5909090909090909,0.317398119122257,0.43113804569344627,0.2571428571428571,0.4528301886792453,0.6666666666666666,1
3729,0.18181818181818182,0.014106583072100312,0.06478601308591656,0.6428571428571428,0.3584905660377359,0.3333333333333333,0
2471,0.22727272727272727,0.06034482758620689,0.09090421538131502,0.22448979591836732,0.4528301886792453,0.0,0
7838,0.5227272727272727,0.2445141065830721,0.3386249061460903,0.26373626373626374,0.6037735849056604,0.3333333333333333,0
5428,0.5681818181818182,0.4075235109717868,0.34098466158961704,0.18571428571428572,0.4716981132075472,0.0,1
8997,0.31818181818181823,0.10579937304075235,0.15569022846723157,0.23809523809523808,0.6415094339622641,0.0,0
191,0.5,0.2884012539184953,0.33283277914834286,0.20535714285714285,0.30188679245283023,0.3333333333333333,0
6175,0.7727272727272728,0.54858934169279,0.6662554971575673,0.25,0.5849056603773585,0.3333333333333333,1
3147,0.4090909090909091,0.1786833855799373,0.1961814866459294,0.22619047619047616,0.5283018867924528,0.0,0
3731,0.4318181818181819,0.21943573667711597,0.1961814866459294,0.20408163265306123,0.6792452830188679,0.3333333333333333,0
3158,0.36363636363636365,0.19984326018808776,0.2111981121956452,0.16190476190476188,0.3584905660377359,0.3333333333333333,0
8090,0.22727272727272727,0.06034482758620689,0.05668776145017698,0.22448979591836732,0.41509433962264153,0.3333333333333333,0
2758,0.34090909090909094,0.12539184952978055,0.15027351710822695,0.22857142857142856,0.5094339622641509,0.0,0
1846,0.3863636363636364,0.18338557993730406,0.22406950552397298,0.1978021978021978,0.660377358490566,0.3333333333333333,0
1521,0.5681818181818182,0.3463949843260188,0.44138152955057386,0.21848739495798317,0.5471698113207547,0.6666666666666666,1
8868,0.31818181818181823,0.10579937304075235,0.1476456076370267,0.23809523809523808,0.6037735849056604,0.0,0
1306,0.1590909090909091,0.025078369905956112,0.05073474203582538,0.2857142857142857,0.28301886792452835,0.0,0
6512,0.24999999999999997,0.07523510971786834,0.12689048589509813,0.21428571428571427,0.5471698113207547,0.3333333333333333,0
6403,0.4090909090909091,0.14890282131661442,0.20840931030784082,0.2714285714285714,0.37735849056603776,0.3333333333333333,0
8450,0.5227272727272727,0.3385579937304075,0.3952590367907326,0.19047619047619047,0.5094339622641509,0.0,0
2136,0.6136363636363636,0.4169278996865204,0.39482999034645494,0.21052631578947367,0.2641509433962264,0.0,1
4239,0.27272727272727276,0.09169278996865203,0.10951410490185563,0.20634920634920634,0.660377358490566,0.3333333333333333,0
3490,0.6363636363636364,0.4318181818181818,0.5616217955593693,0.21804511278195488,0.6415094339622641,0.0,1
127,0.22727272727272727,0.05172413793103448,0.07910543816368121,0.26190476190476186,0.4339622641509434,0.0,0
8399,0.4772727272727273,0.17241379310344826,0.26965569022846725,0.3142857142857143,0.3207547169811321,0.3333333333333333,0
4474,0.24999999999999997,0.06583072100313479,0.10436554757052449,0.24489795918367344,0.3207547169811321,0.3333333333333333,0
993,0.3863636363636364,0.14106583072100312,0.2018663520326075,0.2571428571428571,0.5094339622641509,0.3333333333333333,0
2348,0.6136363636363636,0.3510971786833856,0.49243805641960736,0.25,0.30188679245283023,0.0,1
6766,0.5909090909090909,0.35971786833855796,0.47602702992598944,0.22689075630252098,0.4528301886792453,0.6666666666666666,1
5699,0.7045454545454546,0.5768025078369906,0.5501448031749436,0.19875776397515527,0.660377358490566,0.3333333333333333,1
8602,0.20454545454545456,0.03918495297805642,0.10554542529228789,0.2857142857142857,0.37735849056603776,0.3333333333333333,0
1952,0.4545454545454546,0.21394984326018807,0.18159390754049126,0.23076923076923075,0.4528301886792453,0.0,0
910,0.5909090909090909,0.317398119122257,0.4065215059530194,0.2571428571428571,0.7924528301886793,0.6666666666666666,1
7150,0.75,0.47962382445141066,0.6816475383460259,0.2698412698412698,0.3584905660377359,0.3333333333333333,1
6729,0.11363636363636362,0.018808777429467086,0.04322642926096751,0.21428571428571427,0.6792452830188679,0.3333333333333333,0
7070,0.6363636363636364,0.47727272727272724,0.5678429690013944,0.19727891156462585,0.24528301886792453,0.0,1
939,0.6136363636363636,0.3949843260188088,0.543494583288641,0.2222222222222222,0.6037735849056604,0.3333333333333333,1
4643,0.8863636363636365,0.7210031347962382,0.8890914941542422,0.24844720496894407,0.339622641509434,0.6666666666666666,1
1753,0.27272727272727276,0.1018808777429467,0.16947334548964924,0.18571428571428572,0.5849056603773585,0.0,0
6771,0.5227272727272727,0.30094043887147337,0.28971361149844477,0.21428571428571427,0.339622641509434,0.6666666666666666,0
377,0.4772727272727273,0.27586206896551724,0.37348492974364467,0.19642857142857142,0.7169811320754718,0.0,0
6474,0.5909090909090909,0.317398119122257,0.5397404269012119,0.2571428571428571,0.41509433962264153,0.3333333333333333,1
3793,0.6136363636363636,0.46081504702194354,0.6305910114769924,0.19047619047619047,0.39622641509433965,0.3333333333333333,1
5806,0.75,0.5595611285266457,0.6214737745360935,0.2312925170068027,0.49056603773584906,0.3333333333333333,1
3066,0.5909090909090909,0.35971786833855796,0.3949372519575244,0.22689075630252098,0.4716981132075472,0.0,0
3310,0.3863636363636364,0.12695924764890282,0.18352461653974045,0.2857142857142857,0.6415094339622641,0.0,0
1709,0.27272727272727276,0.09169278996865203,0.1715649469055025,0.20634920634920634,0.30188679245283023,0.0,0
2172,0.5,0.34247648902821315,0.46975222567842967,0.17293233082706766,0.2641509433962264,0.0,0
7115,0.31818181818181823,0.0822884012539185,0.09535557224069505,0.3061224489795918,0.39622641509433965,0.0,0
2333,0.29545454545454547,0.12068965517241378,0.0922449855196825,0.1818181818181818,0.339622641509434,0.0,0
6509,0.4545454545454546,0.1810344827586207,0.22551753727340984,0.2727272727272727,0.37735849056603776,0.3333333333333333,0
6456,0.4545454545454546,0.26332288401253917,0.31899603132039045,0.1875,0.5660377358490566,0.3333333333333333,0
5238,0.22727272727272727,0.06034482758620689,0.1292502413386249,0.22448979591836732,0.39622641509433965,0.3333333333333333,0
8129,0.6136363636363636,0.43887147335423193,0.4804247559798348,0.19999999999999998,0.2641509433962264,0.3333333333333333,1
7449,0.6363636363636364,0.5,0.5320712217097501,0.1883116883116883,0.5283018867924528,0.3333333333333333,0
2332,0.3863636363636364,0.16927899686520376,0.24530730451571378,0.21428571428571427,0.5660377358490566,0.3333333333333333,0
3672,0.11363636363636362,0.009404388714733543,0.04676606242625764,0.42857142857142855,0.41509433962264153,0.3333333333333333,0
4235,0.7272727272727273,0.6206896551724138,0.7516357395688084,0.19642857142857142,0.3584905660377359,0.0,1
4655,0.6590909090909092,0.5172413793103449,0.5136758554113482,0.1948051948051948,0.6226415094339622,0.0,1
4760,0.27272727272727276,0.061128526645768025,0.10533090207014909,0.3095238095238095,0.4528301886792453,0.6666666666666666,0
6404,0.36363636363636365,0.13322884012539185,0.2668132575351282,0.24285714285714283,0.30188679245283023,0.3333333333333333,0
7021,0.4772727272727273,0.20689655172413793,0.3109514104901856,0.26190476190476186,0.3207547169811321,0.3333333333333333,1
7768,0.6818181818181819,0.48589341692789967,0.5676284457792556,0.22142857142857142,0.4716981132075472,0.0,1
8712,0.5681818181818182,0.3056426332288401,0.4762415531481283,0.24761904761904763,0.39622641509433965,0.0,0
7789,0.5909090909090909,0.3385579937304075,0.5325002681540276,0.24107142857142855,0.4528301886792453,0.0,1
7087,0.6363636363636364,0.47727272727272724,0.5989488362115198,0.19727891156462585,0.49056603773584906,0.3333333333333333,1
1419,0.22727272727272727,0.07758620689655173,0.08854445993778827,0.17460317460317462,0.6037735849056604,0.0,0
5344,0.5909090909090909,0.317398119122257,0.33701598198004934,0.2571428571428571,0.5849056603773585,0.3333333333333333,1
1536,0.1590909090909091,0.03134796238244514,0.042582859594551103,0.22857142857142856,0.37735849056603776,0.0,0
686,0.5681818181818182,0.38714733542319746,0.5780328220529872,0.19548872180451127,0.13207547169811323,0.3333333333333333,0
4806,0.7272727272727273,0.25862068965517243,0.6012013300439772,0.47142857142857136,0.39622641509433965,0.6666666666666666,1
1040,0.20454545454545456,0.08620689655172413,0.09642818835138904,0.12987012987012986,0.3207547169811321,0.3333333333333333,0
3750,0.27272727272727276,0.061128526645768025,0.07186527941649684,0.3095238095238095,0.4716981132075472,0.3333333333333333,0
1164,0.6136363636363636,0.3072100313479624,0.48192641853480644,0.2857142857142857,0.339622641509434,0.6666666666666666,0
8326,0.4545454545454546,0.1974921630094044,0.31449104365547575,0.25,0.49056603773584906,0.0,0
1332,0.5227272727272727,0.3573667711598746,0.2562479888447925,0.18045112781954886,0.5660377358490566,0.0,0
1581,0.5,0.25235109717868337,0.258822267510458,0.2346938775510204,0.5660377358490566,0.3333333333333333,1
6549,0.6590909090909092,0.49373040752351094,0.6391719403625442,0.20408163265306123,0.39622641509433965,0.0,1
2782,0.4772727272727273,0.29310344827586204,0.3498873753083771,0.18487394957983194,0.6415094339622641,0.0,0
1191,0.7727272727272728,0.658307210031348,0.7263219993564303,0.20833333333333331,0.6792452830188679,0.3333333333333333,1
3647,0.24999999999999997,0.1128526645768025,0.14362329722192427,0.14285714285714285,0.4716981132075472,0.0,0
1368,0.5227272727272727,0.30094043887147337,0.44931888876970927,0.21428571428571427,0.8301886792452831,0.3333333333333333,1
3119,0.36363636363636365,0.1731974921630094,0.21028638850155526,0.18681318681318682,0.28301886792452835,0.0,0
6037,0.6818181818181819,0.5587774294670846,0.6175050949265258,0.19254658385093165,0.07547169811320759,0.0,1
5386,0.5,0.3064263322884012,0.36490400085809294,0.19327731092436976,0.660377358490566,0.3333333333333333,1
4860,0.36363636363636365,0.14655172413793102,0.21302155958382493,0.22077922077922077,0.6415094339622641,0.3333333333333333,0
8877,0.7272727272727273,0.49137931034482757,0.6242089456183633,0.24812030075187969,0.4339622641509434,0.0,1
7155,0.31818181818181823,0.10579937304075235,0.1484500697200472,0.23809523809523808,0.4339622641509434,0.0,0
4500,0.5681818181818182,0.32601880877742945,0.33959026064571485,0.23214285714285712,0.49056603773584906,0.6666666666666666,1
1315,0.36363636363636365,0.14655172413793102,0.16378848010297115,0.22077922077922077,0.5849056603773585,0.3333333333333333,0
4911,0.5681818181818182,0.3463949843260188,0.3744502842432693,0.21848739495798317,0.39622641509433965,0.0,1
3289,0.5227272727272727,0.31974921630094044,0.2922878901641103,0.20168067226890757,0.6037735849056604,0.0,1
2613,0.3863636363636364,0.225705329153605,0.14008366405663414,0.1607142857142857,0.49056603773584906,0.0,0
4365,0.5681818181818182,0.3667711598746081,0.46648074654081306,0.20634920634920634,0.6037735849056604,0.0,0
2554,0.6363636363636364,0.47727272727272724,0.41697951303228575,0.19727891156462585,0.5094339622641509,0.0,1
5914,0.75,0.5062695924764891,0.6615896170760486,0.2556390977443609,0.49056603773584906,0.0,1
7652,0.7045454545454546,0.7021943573667712,0.6411026493617933,0.16326530612244897,0.4528301886792453,0.0,1
7202,0.5227272727272727,0.3385579937304075,0.3926847581250671,0.19047619047619047,0.6981132075471698,0.0,0
8007,0.6136363636363636,0.3730407523510972,0.4023383031213129,0.2352941176470588,0.6792452830188679,0.3333333333333333,1
1297,0.36363636363636365,0.10658307210031348,0.12093746648074652,0.30357142857142855,0.4528301886792453,0.0,0
6580,0.3863636363636364,0.0987460815047022,0.21441596052772713,0.3673469387755102,0.37735849056603776,0.3333333333333333,0
4084,0.5,0.396551724137931,0.3784725946583718,0.14935064935064934,0.8301886792452831,0.0,0
376,0.7272727272727273,0.5431034482758621,0.6188994958704279,0.22448979591836732,0.6981132075471698,0.3333333333333333,1
2746,0.27272727272727276,0.0713166144200627,0.10254210018234473,0.2653061224489796,0.5660377358490566,0.0,0
7055,0.36363636363636365,0.14655172413793102,0.14281883513890378,0.22077922077922077,0.5660377358490566,0.6666666666666666,0
4590,0.4545454545454546,0.26332288401253917,0.25817869784404157,0.1875,0.49056603773584906,0.3333333333333333,0
4179,0.36363636363636365,0.11990595611285267,0.12184919017483642,0.2698412698412698,0.5094339622641509,0.6666666666666666,0
3073,0.31818181818181823,0.0822884012539185,0.09696449640673603,0.3061224489795918,0.5660377358490566,0.3333333333333333,0
6761,0.5227272727272727,0.225705329153605,0.31931781615359855,0.2857142857142857,0.5094339622641509,0.6666666666666666,1
3325,0.5454545454545455,0.2938871473354232,0.37852622546390646,0.23809523809523808,0.6037735849056604,0.3333333333333333,1
7599,0.5681818181818182,0.2852664576802508,0.4497479352139869,0.2653061224489796,0.3207547169811321,0.6666666666666666,0
1756,0.7272727272727273,0.5689655172413793,0.5445671993993348,0.21428571428571427,0.6226415094339622,0.0,1
4510,0.27272727272727276,0.11206896551724138,0.1736565483213558,0.16883116883116883,0.4716981132075472,0.0,0
5075,0.6136363636363636,0.43887147335423193,0.5570095462833851,0.19999999999999998,0.7358490566037736,0.0,1
4550,0.9318181818181819,0.9874608150470219,0.9068969215917623,0.19999999999999998,0.5094339622641509,0.0,1
3679,0.7954545454545455,0.7335423197492162,0.7183310093317602,0.1978021978021978,0.4339622641509434,0.6666666666666666,1
7892,0.27272727272727276,0.12225705329153605,0.16807894454574707,0.15476190476190474,0.22641509433962265,0.0,0
3641,0.6590909090909092,0.5642633228840125,0.5394186420680038,0.17857142857142855,0.5849056603773585,0.0,1
6759,0.5227272727272727,0.2445141065830721,0.3566448568057492,0.26373626373626374,0.37735849056603776,0.6666666666666666,0
22,0.6818181818181819,0.5101880877742947,0.6042046551539203,0.2108843537414966,0.5660377358490566,0.3333333333333333,1
786,0.13636363636363635,0.027429467084639496,0.0498230183417355,0.19999999999999998,0.5471698113207547,0.0,0
8649,0.5454545454545455,0.2938871473354232,0.36243698380349676,0.23809523809523808,0.5094339622641509,0.0,0
4955,0.6136363636363636,0.329153605015674,0.5269762951839536,0.26666666666666666,0.24528301886792453,0.0,1
1432,0.34090909090909094,0.13793103448275862,0.20347527619864852,0.20779220779220778,0.4528301886792453,0.0,0
8056,0.5,0.2884012539184953,0.429046444277593,0.20535714285714285,0.3207547169811321,0.3333333333333333,0
5666,0.5909090909090909,0.317398119122257,0.4137616647002038,0.2571428571428571,0.339622641509434,0.3333333333333333,0
8786,0.5909090909090909,0.38087774294670845,0.4427222996889414,0.21428571428571427,0.6792452830188679,0.0,1
508,0.34090909090909094,0.15047021943573669,0.15713826021666844,0.19047619047619047,0.5660377358490566,0.0,0
7887,0.4318181818181819,0.2037617554858934,0.3045157138260217,0.21978021978021978,0.39622641509433965,0.3333333333333333,0
2643,0.5,0.3244514106583072,0.39450820551324683,0.1825396825396825,0.6037735849056604,0.3333333333333333,0
1253,0.36363636363636365,0.15987460815047022,0.2768422181701169,0.20238095238095238,0.6981132075471698,0.0,0
7980,0.20454545454545456,0.04702194357366771,0.056205084200364686,0.23809523809523808,0.37735849056603776,0.3333333333333333,0
7094,0.31818181818181823,0.12931034482758622,0.16856162179555936,0.1948051948051948,0.339622641509434,0.3333333333333333,0
5206,0.3863636363636364,0.15517241379310345,0.19221280703636168,0.23376623376623376,0.37735849056603776,0.6666666666666666,0
4648,0.4090909090909091,0.13401253918495298,0.17783975115306233,0.30158730158730157,0.37735849056603776,0.3333333333333333,1
6705,0.29545454545454547,0.12068965517241378,0.18684972648289175,0.1818181818181818,0.41509433962264153,0.0,0
65,0.34090909090909094,0.10031347962382445,0.1468411455540062,0.2857142857142857,0.49056603773584906,0.3333333333333333,1
5472,0.6363636363636364,0.40909090909090906,0.5585112088383567,0.23015873015873015,0.8113207547169812,0.3333333333333333,1
6818,0.6136363636363636,0.2852664576802508,0.5164646572991526,0.30769230769230765,0.660377358490566,0.3333333333333333,1
8465,0.5681818181818182,0.26489028213166144,0.4079159068969216,0.2857142857142857,0.7924528301886793,0.6666666666666666,1
6793,0.3863636363636364,0.18338557993730406,0.2539954950123351,0.1978021978021978,0.4528301886792453,0.0,0
8792,0.6818181818181819,0.4615987460815047,0.551002896063499,0.23308270676691728,0.7169811320754718,1.0,1
8023,0.6363636363636364,0.40909090909090906,0.42475597983481717,0.23015873015873015,0.37735849056603776,0.3333333333333333,1
6879,0.34090909090909094,0.12539184952978055,0.25496084951195963,0.22857142857142856,0.5660377358490566,0.3333333333333333,0
3330,0.31818181818181823,0.15282131661442006,0.15569022846723157,0.1648351648351648,0.39622641509433965,0.3333333333333333,0
2202,0.4545454545454546,0.21394984326018807,0.3471522042261075,0.23076923076923075,0.6037735849056604,0.6666666666666666,1
7610,0.4090909090909091,0.23824451410658307,0.21859916335943366,0.16964285714285712,0.41509433962264153,0.0,0
723,0.5681818181818182,0.3463949843260188,0.4065215059530194,0.21848739495798317,0.5283018867924528,0.0,1
2995,0.29545454545454547,0.0987460815047022,0.10575994851442669,0.2222222222222222,0.2641509433962264,0.3333333333333333,0
57,0.5681818181818182,0.4075235109717868,0.39397189745789984,0.18571428571428572,0.5660377358490566,0.3333333333333333,1
4584,0.6590909090909092,0.47021943573667707,0.46058135793199617,0.21428571428571427,0.6037735849056604,0.0,1
6603,0.4090909090909091,0.22335423197492163,0.21859916335943366,0.18095238095238092,0.6981132075471698,0.3333333333333333,1
4492,0.36363636363636365,0.1865203761755486,0.2969001394400944,0.173469387755102,0.5471698113207547,0.0,0
5567,0.6136363636363636,0.48275862068965514,0.4609031427652044,0.1818181818181818,0.5283018867924528,0.0,1
8799,0.5,0.23432601880877743,0.37353856054917944,0.25274725274725274,0.339622641509434,0.3333333333333333,1
4623,0.6590909090909092,0.5407523510971787,0.5957309878794379,0.18633540372670807,0.4528301886792453,0.0,0
4077,0.4772727272727273,0.24137931034482757,0.24841789123672633,0.22448979591836732,0.5283018867924528,0.0,0
6768,0.24999999999999997,0.10344827586206896,0.12045478923093425,0.1558441558441558,0.3207547169811321,0.0,0
4789,0.4545454545454546,0.23040752351097177,0.2750724015874718,0.21428571428571427,0.7358490566037736,0.0,0
2013,0.3863636363636364,0.12695924764890282,0.19028209803711252,0.2857142857142857,0.49056603773584906,0.0,0
2858,0.31818181818181823,0.09404388714733541,0.13960098680682184,0.26785714285714285,0.5283018867924528,0.3333333333333333,0
6539,0.6136363636363636,0.3510971786833856,0.48793306875469267,0.25,0.6226415094339622,0.0,0
2096,0.5454545454545455,0.35266457680250785,0.3637777539418642,0.1984126984126984,0.5471698113207547,0.0,0
8254,0.29545454545454547,0.10971786833855798,0.1553148128284887,0.19999999999999998,0.28301886792452835,0.0,0
2498,0.5,0.27037617554858934,0.41424434195001614,0.21904761904761905,0.2641509433962264,0.6666666666666666,0
2282,0.5909090909090909,0.4020376175548589,0.4412742679395044,0.20300751879699247,0.4716981132075472,0.3333333333333333,1
4627,0.6818181818181819,0.5587774294670846,0.6158425399549501,0.19254658385093165,0.49056603773584906,0.3333333333333333,1
4556,0.5,0.27037617554858934,0.3464013729486217,0.21904761904761905,0.5471698113207547,0.3333333333333333,1
7706,0.27272727272727276,0.08150470219435736,0.17714255068111123,0.23214285714285712,0.5849056603773585,0.3333333333333333,0
4867,0.34090909090909094,0.15047021943573669,0.1974686259787622,0.19047619047619047,0.6792452830188679,0.0,1
147,0.4545454545454546,0.164576802507837,0.20186635203260753,0.3,0.39622641509433965,1.0,1
3874,0.13636363636363635,0.0219435736677116,0.05245092781293575,0.25,0.22641509433962265,0.3333333333333333,0
4014,0.4545454545454546,0.21394984326018807,0.2029925989488362,0.23076923076923075,0.5660377358490566,0.6666666666666666,0
5429,0.36363636363636365,0.1731974921630094,0.13461332189209482,0.18681318681318682,0.5471698113207547,0.0,0
3202,0.4772727272727273,0.25862068965517243,0.3498873753083771,0.2095238095238095,0.15094339622641512,0.0,0
2507,0.8863636363636365,0.7210031347962382,0.8697844041617505,0.24844720496894407,0.6981132075471698,0.3333333333333333,1
1416,0.36363636363636365,0.1731974921630094,0.24949050734742031,0.18681318681318682,0.39622641509433965,0.0,0
5664,0.7954545454545455,0.677115987460815,0.8032822052987235,0.21428571428571427,0.4528301886792453,0.6666666666666666,1
7577,0.5909090909090909,0.317398119122257,0.50353963316529,0.2571428571428571,0.41509433962264153,1.0,1
4954,0.36363636363636365,0.0932601880877743,0.12458436125710609,0.346938775510204,0.4339622641509434,0.3333333333333333,0
6858,0.27272727272727276,0.12225705329153605,0.16319854124208946,0.15476190476190474,0.4528301886792453,0.0,0
3575,0.6590909090909092,0.49373040752351094,0.5265472487396761,0.20408163265306123,0.660377358490566,0.0,0
1287,0.6818181818181819,0.4373040752351097,0.6158425399549501,0.24603174603174605,0.4528301886792453,0.6666666666666666,1
2689,0.5454545454545455,0.3330721003134796,0.528692480961064,0.21008403361344538,0.37735849056603776,0.6666666666666666,0
4439,0.7954545454545455,0.5924764890282131,0.7144695913332617,0.24489795918367344,0.6981132075471698,0.3333333333333333,1
2530,0.34090909090909094,0.1128526645768025,0.22406950552397298,0.25396825396825395,0.39622641509433965,0.3333333333333333,0
2269,0.4090909090909091,0.22335423197492163,0.21452322213879652,0.18095238095238092,0.169811320754717,0.3333333333333333,0
6235,0.4318181818181819,0.18808777429467083,0.2605384532875684,0.23809523809523808,0.7358490566037736,0.3333333333333333,0
538,0.3863636363636364,0.16927899686520376,0.17097500804462082,0.21428571428571427,0.5849056603773585,0.3333333333333333,0
5378,0.36363636363636365,0.13322884012539185,0.2266974149951732,0.24285714285714283,0.5849056603773585,0.3333333333333333,0
1890,0.3863636363636364,0.2115987460815047,0.21827737852622545,0.1714285714285714,0.39622641509433965,0.0,0
5801,0.4545454545454546,0.21394984326018807,0.2683149200900997,0.23076923076923075,0.6037735849056604,0.6666666666666666,0
6455,0.4318181818181819,0.1567398119122257,0.2412313632950767,0.2857142857142857,0.6037735849056604,0.3333333333333333,0
4530,0.4545454545454546,0.26332288401253917,0.2683149200900997,0.1875,0.4528301886792453,0.0,0
7553,0.31818181818181823,0.10579937304075235,0.15247238013514963,0.23809523809523808,0.5849056603773585,0.0,0
708,0.4090909090909091,0.2084639498432602,0.21554220744395577,0.19387755102040816,0.49056603773584906,0.0,0
8065,0.9090909090909092,0.835423197492163,0.8147591976831491,0.22527472527472525,0.4339622641509434,0.6666666666666666,1
4833,0.5909090909090909,0.3385579937304075,0.34425614072723376,0.24107142857142855,0.37735849056603776,0.3333333333333333,0
920,0.27272727272727276,0.09169278996865203,0.1422825270835568,0.20634920634920634,0.28301886792452835,0.3333333333333333,0
824,0.7954545454545455,0.5924764890282131,0.670063284350531,0.24489795918367344,0.39622641509433965,1.0,1
8203,0.3863636363636364,0.14106583072100312,0.2607529765097072,0.2571428571428571,0.6792452830188679,0.0,0
8185,0.4090909090909091,0.13401253918495298,0.19720047195108872,0.30158730158730157,0.5660377358490566,0.0,0
4579,0.6363636363636364,0.40909090909090906,0.6378311702241767,0.23015873015873015,0.6226415094339622,0.3333333333333333,1
4325,0.6363636363636364,0.5681818181818181,0.5616217955593693,0.1657142857142857,0.5849056603773585,0.0,0
3673,0.6363636363636364,0.40909090909090906,0.508741821302156,0.23015873015873015,0.7169811320754718,0.0,1
575,0.7727272727272728,0.5760188087774294,0.6737638099324251,0.23809523809523808,0.4716981132075472,1.0,1
6370,0.31818181818181823,0.12931034482758622,0.1725839322106618,0.1948051948051948,0.5660377358490566,0.0,0
5263,0.27272727272727276,0.061128526645768025,0.0997532982945404,0.3095238095238095,0.5283018867924528,0.3333333333333333,0
2078,0.5,0.3064263322884012,0.2711573527834389,0.19327731092436976,0.5849056603773585,0.3333333333333333,0
1232,0.5227272727272727,0.28213166144200624,0.2652579641746219,0.22857142857142856,0.6226415094339622,0.0,0
8584,0.5681818181818182,0.3667711598746081,0.2949694304408452,0.20634920634920634,0.5471698113207547,0.0,1
224,0.09090909090909091,0.023510971786833854,0.037166148235546495,0.11904761904761904,0.6792452830188679,0.0,0
7309,0.29545454545454547,0.12068965517241378,0.11927491150917086,0.1818181818181818,0.5660377358490566,0.0,0
8123,0.4545454545454546,0.1974921630094044,0.2615574385927276,0.25,0.41509433962264153,0.0,0
3883,0.5227272727272727,0.26332288401253917,0.37595194679824095,0.24489795918367344,0.5849056603773585,0.0,1
7881,0.31818181818181823,0.12931034482758622,0.13960098680682184,0.1948051948051948,0.6792452830188679,0.0,0
7583,0.5909090909090909,0.35971786833855796,0.5455325538989596,0.22689075630252098,0.7924528301886793,0.3333333333333333,1
3249,0.6590909090909092,0.49373040752351094,0.6584790303550359,0.20408163265306123,0.7169811320754718,0.0,1
428,0.4545454545454546,0.23040752351097177,0.23114877185455324,0.21428571428571427,0.39622641509433965,0.0,0
3698,0.29545454545454547,0.0987460815047022,0.14029818727877294,0.2222222222222222,0.5094339622641509,0.0,0
3859,0.3863636363636364,0.16927899686520376,0.18642068003861417,0.21428571428571427,0.5094339622641509,0.0,0
6873,0.31818181818181823,0.0822884012539185,0.1363831384747399,0.3061224489795918,0.5660377358490566,0.3333333333333333,1
3983,0.4772727272727273,0.22413793103448276,0.2236404590796954,0.24175824175824173,0.6792452830188679,0.0,1
7765,0.5227272727272727,0.30094043887147337,0.35535771747291645,0.21428571428571427,0.3207547169811321,0.0,0
4497,0.27272727272727276,0.09169278996865203,0.12624691622868175,0.20634920634920634,0.5094339622641509,0.3333333333333333,0
6224,0.6363636363636364,0.38636363636363635,0.5382923951517752,0.2436974789915966,0.6037735849056604,0.6666666666666666,1
1274,0.5,0.25235109717868337,0.23785262254639064,0.2346938775510204,0.7358490566037736,0.3333333333333333,1
171,0.7272727272727273,0.5431034482758621,0.7056205084200363,0.22448979591836732,0.30188679245283023,0.3333333333333333,1
251,0.4545454545454546,0.1481191222570533,0.18722514212163466,0.3333333333333333,0.7358490566037736,0.0,1
467,0.24999999999999997,0.1128526645768025,0.0979298509063606,0.14285714285714285,0.49056603773584906,0.0,0
3651,0.31818181818181823,0.11755485893416927,0.1347742143086989,0.21428571428571427,0.5283018867924528,0.6666666666666666,0
2338,0.4545454545454546,0.24686520376175547,0.3730558832993671,0.19999999999999998,0.5094339622641509,0.0,0
278,0.6590909090909092,0.4231974921630094,0.6086023812077657,0.23809523809523808,0.6037735849056604,0.3333333333333333,1
2632,0.4318181818181819,0.2507836990595611,0.26482891773034434,0.17857142857142855,0.5094339622641509,0.0,0
2142,0.6136363636363636,0.329153605015674,0.38131502735171074,0.26666666666666666,0.4339622641509434,0.0,1
774,0.5,0.3064263322884012,0.26375630161965036,0.19327731092436976,0.3584905660377359,0.0,0
5753,0.7045454545454546,0.5768025078369906,0.565590475168937,0.19875776397515527,0.5660377358490566,0.3333333333333333,0
7952,0.34090909090909094,0.13793103448275862,0.173442025099217,0.20779220779220778,0.5283018867924528,0.0,0
1541,0.5454545454545455,0.25470219435736674,0.3704816046337016,0.2747252747252747,0.41509433962264153,0.3333333333333333,1
7688,0.5,0.3064263322884012,0.31186313418427536,0.19327731092436976,0.5849056603773585,0.0,0
1353,0.34090909090909094,0.18808777429467083,0.1717258393221066,0.15238095238095237,0.41509433962264153,0.3333333333333333,0
3646,0.8409090909090909,0.6253918495297806,0.8462941113375523,0.2585034013605442,0.4339622641509434,0.3333333333333333,1
3055,0.6818181818181819,0.4373040752351097,0.575941220637134,0.24603174603174605,0.49056603773584906,0.3333333333333333,1
7280,0.36363636363636365,0.15987460815047022,0.2731953233937574,0.20238095238095238,0.4528301886792453,0.3333333333333333,0
1241,0.3863636363636364,0.14106583072100312,0.22213879652472382,0.2571428571428571,0.39622641509433965,0.0,1
4280,0.31818181818181823,0.07053291536050156,0.15810361471629303,0.3571428571428571,0.5471698113207547,0.6666666666666666,0
8810,0.5454545454545455,0.3330721003134796,0.3275769602059423,0.21008403361344538,0.3207547169811321,0.0,0
3150,0.7272727272727273,0.46551724137931033,0.6047409632092673,0.26190476190476186,0.6792452830188679,0.6666666666666666,1
8092,0.34090909090909094,0.12539184952978055,0.14083449533411993,0.22857142857142856,0.8301886792452831,0.0,0
898,0.20454545454545456,0.023510971786833854,0.09910972862812399,0.47619047619047616,0.5283018867924528,0.0,0
1449,0.36363636363636365,0.15987460815047022,0.2166684543601845,0.20238095238095238,0.41509433962264153,0.0,0
7329,0.34090909090909094,0.12539184952978055,0.159712538882334,0.22857142857142856,0.6415094339622641,0.0,0
6436,0.7727272727272728,0.5211598746081505,0.7657406414244341,0.2631578947368421,0.6415094339622641,0.3333333333333333,1
3555,0.1590909090909091,0.0438871473354232,0.05202188136865816,0.16326530612244897,0.5094339622641509,0.0,0
471,0.7045454545454546,0.5266457680250783,0.565590475168937,0.21768707482993194,0.7358490566037736,0.0,1
4777,0.5,0.25235109717868337,0.26498981014694845,0.2346938775510204,0.41509433962264153,0.3333333333333333,0
4119,0.4545454545454546,0.3126959247648903,0.3178697844041617,0.15789473684210528,0.41509433962264153,0.0,0
2326,0.5,0.27037617554858934,0.27239086131073686,0.21904761904761905,0.5660377358490566,0.3333333333333333,1
4569,0.5,0.3064263322884012,0.3562694411670063,0.19327731092436976,0.6415094339622641,0.0,1
8950,0.31818181818181823,0.164576802507837,0.1540813043011906,0.1530612244897959,0.7169811320754718,0.0,0
7854,0.6590909090909092,0.4231974921630094,0.6102113053738066,0.23809523809523808,0.7924528301886793,0.0,1
6170,0.5227272727272727,0.3385579937304075,0.3682291108012442,0.19047619047619047,0.30188679245283023,0.0,0
7008,0.5681818181818182,0.4075235109717868,0.4539311380456934,0.18571428571428572,0.6226415094339622,0.0,1
8790,0.5227272727272727,0.31974921630094044,0.3064464228252708,0.20168067226890757,0.5849056603773585,0.0,0
4578,0.75,0.5862068965517241,0.6105330902070149,0.22077922077922077,0.169811320754717,0.3333333333333333,1
2301,0.5454545454545455,0.2938871473354232,0.3637777539418642,0.23809523809523808,0.5849056603773585,0.3333333333333333,0
3741,0.29545454545454547,0.10971786833855798,0.24466373484929746,0.19999999999999998,0.6981132075471698,0.3333333333333333,0
5883,0.4772727272727273,0.3103448275862069,0.380564196074225,0.17460317460317462,0.49056603773584906,0.0,0
4384,0.75,0.7194357366771159,0.6597661696878687,0.17989417989417988,0.49056603773584906,0.0,1
5060,0.31818181818181823,0.12931034482758622,0.21361149844470664,0.1948051948051948,0.6226415094339622,0.3333333333333333,0
2728,0.6136363636363636,0.4169278996865204,0.5810361471629304,0.21052631578947367,0.6415094339622641,0.0,0
8279,0.7272727272727273,0.49137931034482757,0.6277485787836533,0.24812030075187969,0.39622641509433965,1.0,1
892,0.29545454545454547,0.13166144200626959,0.1433015123887161,0.16666666666666666,0.4339622641509434,0.0,0
7016,0.29545454545454547,0.13166144200626959,0.13579319961385822,0.16666666666666666,0.6792452830188679,0.0,0
461,0.36363636363636365,0.1731974921630094,0.1829346776788587,0.18681318681318682,0.3584905660377359,0.0,0
2686,0.5681818181818182,0.38714733542319746,0.49297436447495435,0.19548872180451127,0.7169811320754718,0.0,1
1425,0.5,0.3244514106583072,0.30446208302048694,0.1825396825396825,0.6037735849056604,0.3333333333333333,0
2327,0.4318181818181819,0.21943573667711597,0.25303014051271044,0.20408163265306123,0.5094339622641509,0.0,0
8216,0.5909090909090909,0.38087774294670845,0.47602702992598944,0.21428571428571427,0.15094339622641512,0.0,0
3281,0.4545454545454546,0.23040752351097177,0.3561621795559369,0.21428571428571427,0.6226415094339622,0.0,0
8099,0.5909090909090909,0.38087774294670845,0.470234902928242,0.21428571428571427,0.37735849056603776,0.0,1
8659,0.5454545454545455,0.3330721003134796,0.41874932961493083,0.21008403361344538,0.5849056603773585,0.0,1
6820,0.3863636363636364,0.2115987460815047,0.2018663520326075,0.1714285714285714,0.7358490566037736,0.3333333333333333,0
3388,0.6363636363636364,0.40909090909090906,0.504075941220637,0.23015873015873015,0.28301886792452835,0.0,1
4724,0.6136363636363636,0.4169278996865204,0.5164646572991526,0.21052631578947367,0.6226415094339622,0.6666666666666666,1
7896,0.4090909090909091,0.2084639498432602,0.17783975115306233,0.19387755102040816,0.24528301886792453,0.0,0
5182,0.6136363636363636,0.43887147335423193,0.4578998176552612,0.19999999999999998,0.6037735849056604,0.3333333333333333,1
419,0.3863636363636364,0.14106583072100312,0.28006006650219883,0.2571428571428571,0.5849056603773585,0.0,0
656,0.5454545454545455,0.274294670846395,0.37852622546390646,0.25510204081632654,0.5849056603773585,0.6666666666666666,0
3422,0.6363636363636364,0.47727272727272724,0.5336265150702563,0.19727891156462585,0.2641509433962264,0.3333333333333333,1
6169,0.5,0.3064263322884012,0.34393435589402555,0.19327731092436976,0.4716981132075472,0.3333333333333333,0
6495,0.6136363636363636,0.3949843260188088,0.4984447066394938,0.2222222222222222,0.49056603773584906,0.6666666666666666,1
1565,0.4090909090909091,0.23824451410658307,0.23286495763166365,0.16964285714285712,0.339622641509434,0.0,0
521,0.31818181818181823,0.14106583072100312,0.1347742143086989,0.17857142857142855,0.5283018867924528,0.0,0
8263,0.27272727272727276,0.0713166144200627,0.15204333369087203,0.2653061224489796,0.49056603773584906,0.0,0
6659,0.4545454545454546,0.1974921630094044,0.16920519146197574,0.25,0.41509433962264153,0.3333333333333333,0
6453,0.6590909090909092,0.5407523510971787,0.5555078837284135,0.18633540372670807,0.5660377358490566,0.3333333333333333,1
2010,0.4318181818181819,0.23510971786833854,0.221924273302585,0.19047619047619047,0.5471698113207547,0.3333333333333333,1
6920,0.3863636363636364,0.15517241379310345,0.25785691301083347,0.23376623376623376,0.4528301886792453,0.0,0
2845,0.4772727272727273,0.20689655172413793,0.3097715327684222,0.26190476190476186,0.5283018867924528,0.3333333333333333,0
185,0.4545454545454546,0.164576802507837,0.260431191676499,0.3,0.5660377358490566,0.3333333333333333,0
796,0.7727272727272728,0.6308777429467084,0.6606242625764238,0.21739130434782608,0.49056603773584906,0.0,1
6661,0.7045454545454546,0.5015673981191222,0.57931996138582,0.22857142857142856,0.4716981132075472,0.3333333333333333,1
8100,0.4772727272727273,0.27586206896551724,0.39118309557009545,0.19642857142857142,0.4339622641509434,0.3333333333333333,0
7401,0.7954545454545455,0.6489028213166144,0.7839751153062319,0.2236024844720497,0.4716981132075472,0.3333333333333333,1
7509,0.36363636363636365,0.10658307210031348,0.22122707283063395,0.30357142857142855,0.5849056603773585,0.0,0
7284,0.36363636363636365,0.1865203761755486,0.16925882226751043,0.173469387755102,0.6037735849056604,0.0,0
61,0.29545454545454547,0.0877742946708464,0.16507561943580393,0.25,0.5471698113207547,0.3333333333333333,0
2933,0.5454545454545455,0.3134796238244514,0.44154242196717797,0.2232142857142857,0.5849056603773585,0.3333333333333333,1
1735,0.27272727272727276,0.08150470219435736,0.12485251528477959,0.23214285714285712,0.4528301886792453,0.0,0
6595,0.5909090909090909,0.4020376175548589,0.38480102971146624,0.20300751879699247,0.5849056603773585,0.3333333333333333,1
7522,0.5681818181818182,0.3667711598746081,0.427437520111552,0.20634920634920634,0.6037735849056604,0.0,1
2903,0.3863636363636364,0.14106583072100312,0.2346884050198434,0.2571428571428571,0.7169811320754718,0.3333333333333333,0
60,0.6363636363636364,0.47727272727272724,0.5102971146626621,0.19727891156462585,0.6037735849056604,0.3333333333333333,1
4313,0.18181818181818182,0.03526645768025078,0.07926633058028532,0.2571428571428571,0.24528301886792453,0.0,0
6123,0.31818181818181823,0.15282131661442006,0.15005899388608818,0.1648351648351648,0.4339622641509434,0.0,0
445,0.5909090909090909,0.38087774294670845,0.5107797919124745,0.21428571428571427,0.6226415094339622,0.3333333333333333,0
7049,0.6136363636363636,0.43887147335423193,0.49093639386463594,0.19999999999999998,0.9433962264150944,0.0,1
7326,0.5681818181818182,0.38714733542319746,0.4023383031213129,0.19548872180451127,0.660377358490566,0.6666666666666666,0
2888,0.5454545454545455,0.2938871473354232,0.46165397404269015,0.23809523809523808,0.41509433962264153,0.3333333333333333,0
4069,0.6363636363636364,0.3409090909090909,0.577174729164432,0.27619047619047615,0.28301886792452835,0.0,1
3267,0.24999999999999997,0.08463949843260188,0.08441488791161644,0.19047619047619047,0.3584905660377359,0.0,0
3601,0.34090909090909094,0.12539184952978055,0.18631341842754479,0.22857142857142856,0.5094339622641509,0.0,0
6412,0.4772727272727273,0.24137931034482757,0.25195752440201646,0.22448979591836732,0.37735849056603776,0.3333333333333333,0
3014,0.5,0.3064263322884012,0.4006757481497373,0.19327731092436976,0.4528301886792453,0.0,0
7730,0.6136363636363636,0.43887147335423193,0.3753083771318245,0.19999999999999998,0.5094339622641509,0.0,1
7435,0.3863636363636364,0.15517241379310345,0.2260002145232221,0.23376623376623376,0.5094339622641509,0.3333333333333333,0
1300,0.5454545454545455,0.3134796238244514,0.3423254317279846,0.2232142857142857,0.4339622641509434,0.3333333333333333,0
3956,0.6818181818181819,0.4615987460815047,0.5343773463477421,0.23308270676691728,0.5471698113207547,0.3333333333333333,1
8411,0.4318181818181819,0.09404388714733541,0.20690764775286924,0.47619047619047616,0.7169811320754718,0.6666666666666666,1
8104,0.29545454545454547,0.06583072100313479,0.08248417891236726,0.3333333333333333,0.41509433962264153,0.3333333333333333,0
7960,0.24999999999999997,0.12225705329153605,0.1120883835675212,0.13186813186813187,0.41509433962264153,0.0,0
2029,0.5454545454545455,0.3330721003134796,0.4857878365333047,0.21008403361344538,0.5283018867924528,0.0,0
5205,0.27272727272727276,0.0713166144200627,0.0997532982945404,0.2653061224489796,0.4339622641509434,0.0,0
7714,0.6363636363636364,0.40909090909090906,0.5382923951517752,0.23015873015873015,0.4528301886792453,0.0,1
7740,0.6363636363636364,0.38636363636363635,0.5320712217097501,0.2436974789915966,0.20754716981132076,0.3333333333333333,1
4738,0.4090909090909091,0.2084639498432602,0.2868711788051057,0.19387755102040816,0.660377358490566,0.0,0
6955,0.5681818181818182,0.5094043887147335,0.4860023597554435,0.14857142857142858,0.8679245283018868,0.6666666666666666,1
8212,0.5681818181818182,0.3463949843260188,0.4539311380456934,0.21848739495798317,0.5094339622641509,0.0,1
1819,0.4090909090909091,0.1786833855799373,0.2338839429368229,0.22619047619047616,0.5094339622641509,0.3333333333333333,0
514,0.7045454545454546,0.47648902821316613,0.5741714040544889,0.24060150375939848,0.6037735849056604,0.0,1
8033,0.5454545454545455,0.39184952978056425,0.3450069720047195,0.17857142857142855,0.4716981132075472,0.3333333333333333,0
7080,0.7727272727272728,0.54858934169279,0.6437305588329937,0.25,0.5660377358490566,0.0,1
6321,0.5681818181818182,0.32601880877742945,0.44277593049447594,0.23214285714285712,0.6415094339622641,0.3333333333333333,1
2208,0.6590909090909092,0.4231974921630094,0.5973399120454789,0.23809523809523808,0.5660377358490566,0.3333333333333333,1
8061,0.6590909090909092,0.5642633228840125,0.53298294540384,0.17857142857142855,0.41509433962264153,0.0,1
8053,0.6590909090909092,0.47021943573667707,0.5410275662340448,0.21428571428571427,0.20754716981132076,0.3333333333333333,1
7944,0.5681818181818182,0.4075235109717868,0.38978869462619326,0.18571428571428572,0.660377358490566,0.3333333333333333,1
4944,0.5,0.3244514106583072,0.4006757481497373,0.1825396825396825,0.6415094339622641,0.0,0
342,0.29545454545454547,0.12068965517241378,0.19360720798026385,0.1818181818181818,0.4339622641509434,0.0,0
2339,0.4545454545454546,0.26332288401253917,0.2863348707497587,0.1875,0.37735849056603776,0.0,0
8871,0.7045454545454546,0.5015673981191222,0.6067789338195859,0.22857142857142856,0.5094339622641509,0.6666666666666666,1
3822,0.4318181818181819,0.18808777429467083,0.24873967606993455,0.23809523809523808,0.3207547169811321,0.0,0
7783,0.18181818181818182,0.05642633228840125,0.05899388608816905,0.1607142857142857,0.3207547169811321,0.0,0
8487,0.6363636363636364,0.45454545454545453,0.5554006221173443,0.20714285714285713,0.39622641509433965,0.0,0
6464,0.27272727272727276,0.05094043887147335,0.11300010726161107,0.37142857142857144,0.49056603773584906,0.0,0
4792,0.5,0.1982758620689655,0.3587364582216025,0.2987012987012987,0.49056603773584906,0.0,0
7362,0.5681818181818182,0.3056426332288401,0.4260431191676499,0.24761904761904763,0.5283018867924528,0.3333333333333333,1
2262,0.5909090909090909,0.3385579937304075,0.3949372519575244,0.24107142857142855,0.6226415094339622,0.0,1
7097,0.36363636363636365,0.15987460815047022,0.2741070470878473,0.20238095238095238,0.18867924528301888,0.0,0
5237,0.6136363636363636,0.3072100313479624,0.33626515070256346,0.2857142857142857,0.7169811320754718,0.6666666666666666,1
291,0.6590909090909092,0.47021943573667707,0.5522900353963316,0.21428571428571427,0.41509433962264153,0.0,1
7015,0.6136363636363636,0.3510971786833856,0.4999463691944652,0.25,0.6415094339622641,0.0,1
5499,0.6136363636363636,0.3949843260188088,0.4744181057599486,0.2222222222222222,0.5660377358490566,0.3333333333333333,1
3827,0.5,0.21630094043887146,0.2871929636383138,0.2738095238095238,0.39622641509433965,0.3333333333333333,0
2572,0.6136363636363636,0.3949843260188088,0.38582001501662555,0.2222222222222222,0.5849056603773585,0.6666666666666666,1
4395,0.6136363636363636,0.43887147335423193,0.5104580070792663,0.19999999999999998,0.3207547169811321,0.3333333333333333,0
8289,0.6590909090909092,0.4231974921630094,0.5410275662340448,0.23809523809523808,0.6037735849056604,0.6666666666666666,1
7649,0.7727272727272728,0.5760188087774294,0.6756408881261396,0.23809523809523808,0.41509433962264153,0.0,1
3185,0.5909090909090909,0.38087774294670845,0.35728842647216563,0.21428571428571427,0.7735849056603774,0.0,1
6431,0.18181818181818182,0.028213166144200625,0.08457578032822054,0.3214285714285714,0.49056603773584906,0.0,0
5256,0.9318181818181819,0.8557993730407523,0.9609567735707389,0.23076923076923075,0.339622641509434,0.3333333333333333,1
2886,0.7272727272727273,0.5431034482758621,0.6065107797919125,0.22448979591836732,0.37735849056603776,0.0,1
4850,0.5454545454545455,0.43103448275862066,0.46701705459616005,0.16233766233766234,0.6226415094339622,0.0,1
4369,0.36363636363636365,0.13322884012539185,0.1619650327147914,0.24285714285714283,0.4528301886792453,0.6666666666666666,0
8656,0.22727272727272727,0.06034482758620689,0.10211305373806716,0.22448979591836732,0.6037735849056604,0.0,0
8586,0.5227272727272727,0.30094043887147337,0.48278451142336165,0.21428571428571427,0.39622641509433965,0.0,1
1358,0.8181818181818182,0.7249216300940439,0.813901104794594,0.2114285714285714,0.4716981132075472,0.0,1
6181,0.3863636363636364,0.16927899686520376,0.1970395795344846,0.21428571428571427,0.5660377358490566,0.0,0
2661,0.5454545454545455,0.274294670846395,0.3490292824198219,0.25510204081632654,0.37735849056603776,0.6666666666666666,1
7552,0.4545454545454546,0.23040752351097177,0.24353748793306876,0.21428571428571427,0.3584905660377359,0.0,0
2534,0.36363636363636365,0.21316614420062696,0.18111123029067894,0.15178571428571427,0.4716981132075472,0.0,0
7042,0.8181818181818182,0.8119122257053292,0.7623082698702134,0.18877551020408162,0.5094339622641509,0.0,1
3307,0.36363636363636365,0.1865203761755486,0.1902284672315778,0.173469387755102,0.41509433962264153,0.0,0
3810,0.4772727272727273,0.22413793103448276,0.32039043226429265,0.24175824175824173,0.339622641509434,0.0,0
5121,0.6363636363636364,0.47727272727272724,0.4511959669634238,0.19727891156462585,0.18867924528301888,0.3333333333333333,0
5810,0.4545454545454546,0.23040752351097177,0.2536737101791269,0.21428571428571427,0.5471698113207547,0.3333333333333333,0
8491,0.6363636363636364,0.40909090909090906,0.42786656655582966,0.23015873015873015,0.24528301886792453,0.0,1
1424,0.31818181818181823,0.15282131661442006,0.24900783009760805,0.1648351648351648,0.37735849056603776,0.0,0
4063,0.24999999999999997,0.05642633228840125,0.09535557224069505,0.2857142857142857,0.41509433962264153,0.3333333333333333,0
4987,0.31818181818181823,0.12931034482758622,0.24257213343344416,0.1948051948051948,0.3584905660377359,0.0,0
6965,0.5681818181818182,0.3056426332288401,0.28939182666523655,0.24761904761904763,0.24528301886792453,0.0,0
8975,0.5227272727272727,0.37617554858934166,0.32575351281776244,0.1714285714285714,0.5849056603773585,0.0,0
2295,0.4318181818181819,0.23510971786833854,0.2358682827416068,0.19047619047619047,0.18867924528301888,0.0,0
8082,0.5454545454545455,0.2938871473354232,0.37718545532553893,0.23809523809523808,0.7358490566037736,0.6666666666666666,1
6226,0.7045454545454546,0.5266457680250783,0.6754263649040008,0.21768707482993194,0.6226415094339622,0.3333333333333333,1
5425,0.4090909090909091,0.2084639498432602,0.2512066931245307,0.19387755102040816,0.49056603773584906,0.3333333333333333,0
3787,0.5227272727272727,0.26332288401253917,0.23694089885230077,0.24489795918367344,0.41509433962264153,0.0,1
5690,0.4545454545454546,0.23040752351097177,0.3291322535664486,0.21428571428571427,0.6226415094339622,0.0,0
7460,0.4090909090909091,0.19357366771159873,0.3052129142979727,0.20879120879120877,0.5094339622641509,0.3333333333333333,0
8325,0.20454545454545456,0.04702194357366771,0.056205084200364686,0.23809523809523808,0.37735849056603776,0.0,0
3070,0.29545454545454547,0.05485893416927899,0.1320390432264293,0.39999999999999997,0.3584905660377359,0.6666666666666666,0
2745,0.4772727272727273,0.25862068965517243,0.3168507990990025,0.2095238095238095,0.4528301886792453,0.0,0
5731,0.4545454545454546,0.1810344827586207,0.30773356215810366,0.2727272727272727,0.5849056603773585,0.3333333333333333,1
314,0.6590909090909092,0.5407523510971787,0.5571168078944545,0.18633540372670807,0.6226415094339622,0.0,1
3682,0.8409090909090909,0.744514106583072,0.8687117880510565,0.21714285714285714,0.5849056603773585,0.0,1
7477,0.5227272727272727,0.225705329153605,0.2910007508312774,0.2857142857142857,0.41509433962264153,0.3333333333333333,1
1021,0.31818181818181823,0.12931034482758622,0.23694089885230077,0.1948051948051948,0.39622641509433965,0.0,0
614,0.36363636363636365,0.15987460815047022,0.16925882226751043,0.20238095238095238,0.5283018867924528,0.0,0
8624,0.7954545454545455,0.677115987460815,0.7453609353212485,0.21428571428571427,0.7169811320754718,0.3333333333333333,1
3645,0.3863636363636364,0.16927899686520376,0.2694411670063285,0.21428571428571427,0.339622641509434,0.3333333333333333,1
26,0.34090909090909094,0.0877742946708464,0.1657191891022203,0.32653061224489793,0.24528301886792453,0.3333333333333333,0
2682,0.7045454545454546,0.5517241379310345,0.519253459186957,0.20779220779220778,0.6415094339622641,0.3333333333333333,1
7491,0.5227272727272727,0.28213166144200624,0.3527834388072508,0.22857142857142856,0.5849056603773585,0.0,0
3313,0.5454545454545455,0.25470219435736674,0.4174085594765633,0.2747252747252747,0.5094339622641509,0.3333333333333333,1
106,0.4318181818181819,0.14106583072100312,0.17794701276413172,0.31746031746031744,0.5471698113207547,0.0,0
5451,0.5227272727272727,0.30094043887147337,0.3836747827952375,0.21428571428571427,0.41509433962264153,0.3333333333333333,1
8193,0.3863636363636364,0.15517241379310345,0.21827737852622545,0.23376623376623376,0.20754716981132076,0.0,1
4140,0.6590909090909092,0.4231974921630094,0.3994422396224391,0.23809523809523808,0.28301886792452835,0.3333333333333333,1
5281,0.5681818181818182,0.2445141065830721,0.5152847795773892,0.3095238095238095,0.5094339622641509,0.6666666666666666,1
2217,0.4318181818181819,0.21943573667711597,0.1918910222031535,0.20408163265306123,0.30188679245283023,0.3333333333333333,0
3544,0.4772727272727273,0.3103448275862069,0.27555507883728414,0.17460317460317462,0.41509433962264153,0.3333333333333333,0
7787,0.36363636363636365,0.14655172413793102,0.25131395473560014,0.22077922077922077,0.6037735849056604,0.0,0
8838,0.4545454545454546,0.1481191222570533,0.38319210554542527,0.3333333333333333,0.4339622641509434,0.3333333333333333,0
5399,0.6136363636363636,0.3949843260188088,0.4984447066394938,0.2222222222222222,0.6037735849056604,0.0,1
588,0.34090909090909094,0.15047021943573669,0.14941542421967177,0.19047619047619047,0.3584905660377359,0.3333333333333333,0
3806,0.5227272727272727,0.31974921630094044,0.36436769280274584,0.20168067226890757,0.4716981132075472,0.0,0
2500,0.6136363636363636,0.3949843260188088,0.3873216775715971,0.2222222222222222,0.6792452830188679,0.0,1
404,0.22727272727272727,0.043103448275862065,0.08913439879866994,0.3142857142857143,0.6037735849056604,0.3333333333333333,0
4972,0.5227272727272727,0.225705329153605,0.33733776681325756,0.2857142857142857,0.5471698113207547,0.3333333333333333,1
1420,0.4090909090909091,0.2084639498432602,0.2583395902606457,0.19387755102040816,0.6415094339622641,0.0,0
1842,0.31818181818181823,0.0822884012539185,0.16936608387857985,0.3061224489795918,0.6037735849056604,0.3333333333333333,0
7597,0.6363636363636364,0.45454545454545453,0.504075941220637,0.20714285714285713,0.28301886792452835,0.6666666666666666,1
6204,0.4318181818181819,0.21943573667711597,0.2036897994207873,0.20408163265306123,0.39622641509433965,0.3333333333333333,0
300,0.4090909090909091,0.19357366771159873,0.2950230612463799,0.20879120879120877,0.9056603773584906,0.3333333333333333,1
1325,0.4772727272727273,0.3448275862068965,0.4018019950659659,0.15714285714285714,0.4339622641509434,0.0,0
6091,0.18181818181818182,0.05642633228840125,0.048857663842110904,0.1607142857142857,0.5849056603773585,0.0,0
3157,0.7727272727272728,0.658307210031348,0.7206907647752869,0.20833333333333331,0.5094339622641509,0.3333333333333333,1
7082,0.5,0.3244514106583072,0.3513354070578141,0.1825396825396825,0.6037735849056604,0.0,1
7629,0.4772727272727273,0.25862068965517243,0.3050520218813687,0.2095238095238095,0.4716981132075472,0.0,0
1629,0.4090909090909091,0.11912225705329153,0.2175801780542744,0.33928571428571425,0.28301886792452835,0.3333333333333333,1
2497,0.31818181818181823,0.09404388714733541,0.13960098680682184,0.26785714285714285,0.5660377358490566,0.0,0
5555,0.5,0.3064263322884012,0.31556365976616974,0.19327731092436976,0.5283018867924528,0.0,0
1652,0.4545454545454546,0.23040752351097177,0.30097608066073156,0.21428571428571427,0.41509433962264153,0.0,0
7794,0.34090909090909094,0.1755485893416928,0.15885444599377882,0.16326530612244897,0.7169811320754718,0.0,0
1101,0.3863636363636364,0.1974921630094044,0.21924273302585004,0.1836734693877551,0.5471698113207547,0.0,0
6808,0.5681818181818182,0.32601880877742945,0.5180735814651936,0.23214285714285712,0.41509433962264153,0.0,0
2067,0.29545454545454547,0.12068965517241378,0.1665772819907755,0.1818181818181818,0.6981132075471698,0.6666666666666666,0
2056,0.36363636363636365,0.10658307210031348,0.14281883513890378,0.30357142857142855,0.5849056603773585,0.3333333333333333,0
4539,0.6590909090909092,0.49373040752351094,0.5571168078944545,0.20408163265306123,0.6226415094339622,0.3333333333333333,1
5126,0.31818181818181823,0.07053291536050156,0.12109835889735063,0.3571428571428571,0.7547169811320755,0.6666666666666666,0
8765,0.5,0.25235109717868337,0.3599699667489006,0.2346938775510204,0.5660377358490566,0.0,1
2512,0.6590909090909092,0.47021943573667707,0.6198648503700526,0.21428571428571427,0.4716981132075472,0.6666666666666666,1
5742,0.18181818181818182,0.04231974921630094,0.07009546283385176,0.21428571428571427,0.30188679245283023,0.0,0
7619,0.5227272727272727,0.30094043887147337,0.3926847581250671,0.21428571428571427,0.15094339622641512,0.3333333333333333,1
3920,0.4318181818181819,0.10971786833855798,0.20798026386356322,0.40816326530612246,0.30188679245283023,0.6666666666666666,1
463,0.4772727272727273,0.20689655172413793,0.35932639708248415,0.26190476190476186,0.41509433962264153,0.3333333333333333,0
8014,0.3863636363636364,0.23981191222570533,0.2626836855089564,0.15126050420168066,0.5471698113207547,0.3333333333333333,0
8335,0.29545454545454547,0.10971786833855798,0.17558725732060493,0.19999999999999998,0.5283018867924528,0.0,0
4053,0.5681818181818182,0.4075235109717868,0.4358039257749652,0.18571428571428572,0.6981132075471698,0.0,0
6566,0.4090909090909091,0.22335423197492163,0.23795988415746006,0.18095238095238092,0.7547169811320755,0.3333333333333333,0
1634,0.5,0.34247648902821315,0.31556365976616974,0.17293233082706766,0.5094339622641509,0.0,1
3026,0.7272727272727273,0.6206896551724138,0.6100504129572026,0.19642857142857142,0.339622641509434,0.3333333333333333,1
3309,0.1590909090909091,0.012539184952978056,0.047302370481604634,0.5714285714285714,0.41509433962264153,0.0,0
1665,0.4772727272727273,0.24137931034482757,0.25077764668025315,0.22448979591836732,0.41509433962264153,0.3333333333333333,0
6546,0.4090909090909091,0.19357366771159873,0.18497264828917728,0.20879120879120877,0.4716981132075472,0.3333333333333333,1
3860,0.7045454545454546,0.5517241379310345,0.7097500804462082,0.20779220779220778,0.339622641509434,0.3333333333333333,1
5375,0.5909090909090909,0.317398119122257,0.34136007722836004,0.2571428571428571,0.6226415094339622,0.3333333333333333,1
6216,0.4090909090909091,0.2084639498432602,0.1859916335943366,0.19387755102040816,0.49056603773584906,0.0,0
8108,0.4772727272727273,0.24137931034482757,0.35224713075190384,0.22448979591836732,0.28301886792452835,0.3333333333333333,1
2280,0.4318181818181819,0.17241379310344826,0.32918588437198326,0.2597402597402597,0.8490566037735849,0.3333333333333333,0
98,0.6818181818181819,0.3887147335423197,0.519414351603561,0.27678571428571425,0.24528301886792453,0.3333333333333333,1
5197,0.7272727272727273,0.4396551724137931,0.5410275662340448,0.27731092436974786,0.4528301886792453,0.6666666666666666,1
2553,0.36363636363636365,0.11990595611285267,0.1838464013729486,0.2698412698412698,0.28301886792452835,0.6666666666666666,0
3557,0.4772727272727273,0.15517241379310345,0.24959776895848976,0.34920634920634924,0.0566037735849057,0.3333333333333333,0
8208,0.5227272727272727,0.37617554858934166,0.4184275447817226,0.1714285714285714,0.5094339622641509,0.0,1
4520,0.36363636363636365,0.14655172413793102,0.17472916443204978,0.22077922077922077,0.41509433962264153,0.3333333333333333,0
1951,0.5909090909090909,0.35971786833855796,0.4456183631878151,0.22689075630252098,0.5283018867924528,0.0,1
7666,0.4545454545454546,0.21394984326018807,0.2041188458650649,0.23076923076923075,0.2641509433962264,0.0,0
2300,0.5909090909090909,0.35971786833855796,0.42100182344738823,0.22689075630252098,0.20754716981132076,0.3333333333333333,0
7,0.31818181818181823,0.11755485893416927,0.11868497264828917,0.21428571428571427,0.4339622641509434,0.3333333333333333,0
531,0.6136363636363636,0.46081504702194354,0.551002896063499,0.19047619047619047,0.3584905660377359,0.0,1
1095,0.4545454545454546,0.21394984326018807,0.36404590796953773,0.23076923076923075,0.5094339622641509,0.0,1
1495,0.4772727272727273,0.24137931034482757,0.2413386249061461,0.22448979591836732,0.660377358490566,0.3333333333333333,1
942,0.34090909090909094,0.15047021943573669,0.11852408023168506,0.19047619047619047,0.3584905660377359,0.0,0
1237,0.4318181818181819,0.1567398119122257,0.2551753727340985,0.2857142857142857,0.49056603773584906,0.3333333333333333,0
5901,0.5681818181818182,0.4890282131661442,0.49576316636275874,0.15476190476190474,0.37735849056603776,0.3333333333333333,0
8318,0.5909090909090909,0.38087774294670845,0.4296900139440094,0.21428571428571427,0.5849056603773585,0.0,1
5755,0.5,0.23432601880877743,0.3069291000750831,0.25274725274725274,0.7547169811320755,0.0,1
7205,0.4772727272727273,0.17241379310344826,0.3239300654295828,0.3142857142857143,0.660377358490566,0.3333333333333333,1
8161,0.31818181818181823,0.11755485893416927,0.159712538882334,0.21428571428571427,0.39622641509433965,0.3333333333333333,0
1400,0.4545454545454546,0.1810344827586207,0.32575351281776255,0.2727272727272727,0.5283018867924528,0.3333333333333333,0
1713,0.5681818181818182,0.3056426332288401,0.332618255926204,0.24761904761904763,0.49056603773584906,0.3333333333333333,1
6798,0.9545454545454546,0.9098746081504702,0.9125281561729057,0.2275132275132275,0.6415094339622641,0.3333333333333333,1
3779,0.1590909090909091,0.0438871473354232,0.07004183202831707,0.16326530612244897,0.3207547169811321,0.3333333333333333,0
5143,0.6363636363636364,0.3409090909090909,0.5445135685938003,0.27619047619047615,0.6037735849056604,0.0,1
6785,0.13636363636363635,0.032915360501567396,0.05282634345167865,0.16666666666666666,0.4339622641509434,0.0,0
8066,0.36363636363636365,0.1731974921630094,0.20025742786656656,0.18681318681318682,0.8301886792452831,0.0,0
1199,0.5681818181818182,0.3056426332288401,0.5027351710822696,0.24761904761904763,0.6037735849056604,0.0,1
4980,0.75,0.6394984326018809,0.6725303014051269,0.20238095238095238,0.4528301886792453,0.3333333333333333,1
4400,0.4772727272727273,0.22413793103448276,0.32039043226429265,0.24175824175824173,0.5283018867924528,0.3333333333333333,0
1476,0.7727272727272728,0.603448275862069,0.7150595301941435,0.22727272727272724,0.39622641509433965,0.3333333333333333,1
4342,0.7045454545454546,0.5015673981191222,0.5861847044942615,0.22857142857142856,0.5471698113207547,1.0,1
118,0.34090909090909094,0.15047021943573669,0.15113160999678216,0.19047619047619047,0.18867924528301888,0.3333333333333333,0
5689,0.4545454545454546,0.23040752351097177,0.2863348707497587,0.21428571428571427,0.4528301886792453,0.3333333333333333,0
779,0.4545454545454546,0.21394984326018807,0.2446637348492974,0.23076923076923075,0.5471698113207547,0.3333333333333333,0
3006,0.6590909090909092,0.47021943573667707,0.5217204762415532,0.21428571428571427,0.41509433962264153,0.3333333333333333,1
2028,0.4318181818181819,0.23510971786833854,0.23479566663091278,0.19047619047619047,0.6226415094339622,0.0,0
4381,0.34090909090909094,0.15047021943573669,0.1974686259787622,0.19047619047619047,0.4339622641509434,0.0,0
6714,0.27272727272727276,0.04075235109717868,0.11997211198112195,0.46428571428571425,0.24528301886792453,0.0,0
8745,0.5227272727272727,0.26332288401253917,0.38496192212807034,0.24489795918367344,0.169811320754717,0.3333333333333333,1
52,0.4545454545454546,0.13166144200626959,0.22101254960849512,0.375,0.7169811320754718,0.3333333333333333,1
6199,0.4318181818181819,0.21943573667711597,0.22943258607744288,0.20408163265306123,0.6415094339622641,0.3333333333333333,0
950,0.7272727272727273,0.5948275862068966,0.7056205084200363,0.20496894409937885,0.49056603773584906,0.0,1
5674,0.3863636363636364,0.16927899686520376,0.17676713504236835,0.21428571428571427,0.9622641509433962,0.0,1
990,0.5681818181818182,0.2852664576802508,0.3605062748042476,0.2653061224489796,0.339622641509434,0.3333333333333333,0
2830,0.5681818181818182,0.3463949843260188,0.39536629840180193,0.21848739495798317,0.4339622641509434,0.0,0
47,0.3863636363636364,0.14106583072100312,0.161321463048375,0.2571428571428571,0.6415094339622641,0.3333333333333333,0
2928,0.31818181818181823,0.15282131661442006,0.14442775930494475,0.1648351648351648,0.2641509433962264,0.3333333333333333,0
8261,0.20454545454545456,0.08620689655172413,0.10125496084951195,0.12987012987012986,0.7358490566037736,0.0,0
8629,0.5454545454545455,0.2938871473354232,0.4334978011369731,0.23809523809523808,0.5094339622641509,0.0,1
562,0.5681818181818182,0.38714733542319746,0.4622975437091065,0.19548872180451127,0.6226415094339622,0.3333333333333333,1
3616,0.75,0.5862068965517241,0.6725303014051269,0.22077922077922077,0.5471698113207547,0.3333333333333333,1
8644,0.5227272727272727,0.3949843260188088,0.4802102327576959,0.16326530612244897,0.6226415094339622,0.0,0
2526,0.4772727272727273,0.20689655172413793,0.23189960313203906,0.26190476190476186,0.4339622641509434,0.0,0
6294,0.22727272727272727,0.034482758620689655,0.0926740319639601,0.39285714285714285,0.49056603773584906,0.0,0
5490,0.7045454545454546,0.5266457680250783,0.57931996138582,0.21768707482993194,0.39622641509433965,0.3333333333333333,1
232,0.4772727272727273,0.25862068965517243,0.2661160570631771,0.2095238095238095,0.2641509433962264,0.3333333333333333,0
7584,0.4545454545454546,0.24686520376175547,0.27619864850370046,0.19999999999999998,0.660377358490566,0.3333333333333333,1
6807,0.5909090909090909,0.35971786833855796,0.3934892202080875,0.22689075630252098,0.6415094339622641,0.0,1
7853,0.5681818181818182,0.38714733542319746,0.4860023597554435,0.19548872180451127,0.339622641509434,0.6666666666666666,0
7668,0.7045454545454546,0.5015673981191222,0.5861847044942615,0.22857142857142856,0.5471698113207547,0.3333333333333333,1
1330,0.7272727272727273,0.5172413793103449,0.6171296792877828,0.23571428571428568,0.4528301886792453,0.3333333333333333,1
271,0.5909090909090909,0.38087774294670845,0.43982623619006755,0.21428571428571427,0.49056603773584906,0.0,1
547,0.5909090909090909,0.38087774294670845,0.4181057599485144,0.21428571428571427,0.5283018867924528,0.0,1
5307,0.6136363636363636,0.5705329153605015,0.5059530194143517,0.15384615384615383,0.49056603773584906,0.0,1
808,0.5227272727272727,0.31974921630094044,0.3708033894669097,0.20168067226890757,0.22641509433962265,0.3333333333333333,1
2706,0.5,0.27037617554858934,0.27239086131073686,0.21904761904761905,0.2641509433962264,0.0,0
1831,0.4772727272727273,0.24137931034482757,0.2389788694626193,0.22448979591836732,0.39622641509433965,0.0,0
2381,0.6818181818181819,0.3887147335423197,0.48948836211519897,0.27678571428571425,0.5471698113207547,0.6666666666666666,1
7678,0.31818181818181823,0.12931034482758622,0.1412099109728628,0.1948051948051948,0.5471698113207547,0.3333333333333333,0
916,0.1590909090909091,0.050156739811912224,0.06360613536415317,0.14285714285714285,0.41509433962264153,0.0,0
3959,0.29545454545454547,0.10971786833855798,0.11476992384425615,0.19999999999999998,0.4339622641509434,0.0,0
7663,0.18181818181818182,0.0493730407523511,0.06961278558403947,0.1836734693877551,0.4528301886792453,0.0,0
741,0.4318181818181819,0.2037617554858934,0.2605384532875684,0.21978021978021978,0.6792452830188679,0.0,0
7119,0.3863636363636364,0.14106583072100312,0.1777324895419929,0.2571428571428571,0.28301886792452835,0.3333333333333333,0
4982,0.5681818181818182,0.2852664576802508,0.3312238549823019,0.2653061224489796,0.6792452830188679,0.3333333333333333,1
1022,0.75,0.6128526645768024,0.554006221173442,0.21118012422360247,0.4716981132075472,0.0,1
680,0.36363636363636365,0.13322884012539185,0.16378848010297115,0.24285714285714283,0.30188679245283023,0.3333333333333333,0
6896,0.31818181818181823,0.17633228840125392,0.1717794701276413,0.14285714285714285,0.39622641509433965,0.3333333333333333,0
8509,0.4545454545454546,0.24686520376175547,0.28070363616861527,0.19999999999999998,0.15094339622641512,0.6666666666666666,0
3512,0.31818181818181823,0.09404388714733541,0.1548857663842111,0.26785714285714285,0.6415094339622641,0.3333333333333333,0
1100,0.5681818181818182,0.2852664576802508,0.36190067574814977,0.2653061224489796,0.7169811320754718,0.3333333333333333,1
4679,0.6136363636363636,0.3949843260188088,0.45940148021023275,0.2222222222222222,0.22641509433962265,0.0,0
1802,0.6363636363636364,0.4318181818181818,0.5740641424434194,0.21804511278195488,0.6415094339622641,0.0,1
2825,0.5227272727272727,0.225705329153605,0.4132789874503915,0.2857142857142857,0.4528301886792453,0.0,0
4832,0.11363636363636362,0.04231974921630094,0.04000858092888556,0.09523809523809523,0.3584905660377359,0.0,0
619,0.5227272727272727,0.26332288401253917,0.26654510350745475,0.24489795918367344,0.9433962264150944,0.0,1
2604,0.3863636363636364,0.15517241379310345,0.2414458865172155,0.23376623376623376,0.6226415094339622,0.0,0
5702,0.7272727272727273,0.5431034482758621,0.7357073903250027,0.22448979591836732,0.39622641509433965,0.3333333333333333,1
988,0.75,0.6661442006269592,0.6743537487933068,0.19428571428571428,0.6415094339622641,0.0,1
4707,0.5681818181818182,0.3667711598746081,0.34098466158961704,0.20634920634920634,0.6037735849056604,0.3333333333333333,1
6778,0.6363636363636364,0.4318181818181818,0.4962994744181056,0.21804511278195488,0.7358490566037736,0.3333333333333333,1
3669,0.7272727272727273,0.41379310344827586,0.6383674782795237,0.29464285714285715,0.11320754716981135,0.6666666666666666,1
1681,0.24999999999999997,0.10344827586206896,0.15198970288533734,0.1558441558441558,0.41509433962264153,0.3333333333333333,0
7303,0.36363636363636365,0.14655172413793102,0.19478708570202724,0.22077922077922077,0.39622641509433965,0.3333333333333333,0
1910,0.11363636363636362,0.014106583072100312,0.027780757266974147,0.2857142857142857,0.4528301886792453,0.0,0
4800,0.5909090909090909,0.4231974921630094,0.40796953770245625,0.19285714285714287,0.6037735849056604,0.3333333333333333,1
5950,0.5909090909090909,0.4231974921630094,0.5223640459079695,0.19285714285714287,0.4716981132075472,0.0,1
8141,0.4772727272727273,0.27586206896551724,0.3380885980907433,0.19642857142857142,0.41509433962264153,0.0,0
2076,0.5909090909090909,0.4231974921630094,0.49919553791697946,0.19285714285714287,0.5094339622641509,0.3333333333333333,0
343,0.75,0.47962382445141066,0.6634130644642281,0.2698412698412698,0.4528301886792453,0.0,1
4261,0.5,0.27037617554858934,0.34270084736672746,0.21904761904761905,0.3207547169811321,0.0,1
7800,0.4545454545454546,0.21394984326018807,0.30548106832564625,0.23076923076923075,0.20754716981132076,0.3333333333333333,0
4913,0.5,0.1622257053291536,0.367371017912689,0.365079365079365,0.4339622641509434,0.6666666666666666,0
6105,0.6363636363636364,0.4318181818181818,0.4667489005684865,0.21804511278195488,0.6415094339622641,0.3333333333333333,1
7713,0.31818181818181823,0.09404388714733541,0.15810361471629303,0.26785714285714285,0.39622641509433965,0.3333333333333333,0
843,0.36363636363636365,0.1865203761755486,0.20755121741928567,0.173469387755102,0.5094339622641509,0.0,0
2559,0.6818181818181819,0.3887147335423197,0.5260645714898637,0.27678571428571425,0.4339622641509434,0.6666666666666666,1
134,0.5681818181818182,0.2445141065830721,0.38839429368229106,0.3095238095238095,0.41509433962264153,0.6666666666666666,0
4854,0.75,0.5062695924764891,0.6944116700632843,0.2556390977443609,0.6037735849056604,0.6666666666666666,1
6656,0.29545454545454547,0.13166144200626959,0.10801244234688405,0.16666666666666666,0.6792452830188679,0.3333333333333333,0
7518,0.7272727272727273,0.6206896551724138,0.6613750938539096,0.19642857142857142,0.4528301886792453,0.0,0
3077,0.34090909090909094,0.16300940438871472,0.14426686688834064,0.17582417582417584,0.6037735849056604,0.3333333333333333,0
6426,0.6136363636363636,0.329153605015674,0.36780006435696666,0.26666666666666666,0.4716981132075472,0.3333333333333333,1
640,0.22727272727272727,0.05172413793103448,0.11450176981658264,0.26190476190476186,0.37735849056603776,0.0,0
1520,0.31818181818181823,0.11755485893416927,0.12190282098037114,0.21428571428571427,0.4716981132075472,0.0,0
3916,0.5,0.27037617554858934,0.23661911401909258,0.21904761904761905,0.5471698113207547,0.0,1
3403,0.6590909090909092,0.47021943573667707,0.48954199292073364,0.21428571428571427,0.20754716981132076,0.0,1
8913,0.3863636363636364,0.18338557993730406,0.33025850048267724,0.1978021978021978,0.41509433962264153,0.0,0
5687,0.5454545454545455,0.2938871473354232,0.37182237477206903,0.23809523809523808,0.5471698113207547,0.3333333333333333,1
4215,0.34090909090909094,0.15047021943573669,0.20604955486431403,0.19047619047619047,0.28301886792452835,0.0,0
5323,0.5909090909090909,0.35971786833855796,0.5049876649147269,0.22689075630252098,0.6037735849056604,0.3333333333333333,1
6604,0.6590909090909092,0.47021943573667707,0.5587257320604955,0.21428571428571427,0.6792452830188679,0.0,1
5879,0.4090909090909091,0.1786833855799373,0.24407379598841575,0.22619047619047616,0.660377358490566,0.3333333333333333,0
2838,0.4318181818181819,0.23510971786833854,0.32382280381851336,0.19047619047619047,0.37735849056603776,0.0,0
1179,0.36363636363636365,0.10658307210031348,0.15011262469162287,0.30357142857142855,0.339622641509434,0.3333333333333333,0
8757,0.5227272727272727,0.31974921630094044,0.30773356215810366,0.20168067226890757,0.5660377358490566,0.0,0
6030,0.29545454545454547,0.12068965517241378,0.10876327362436984,0.1818181818181818,0.4528301886792453,0.0,0
848,0.09090909090909091,0.011755485893416927,0.028853373377668134,0.23809523809523808,0.7358490566037736,0.0,0
4524,0.6136363636363636,0.329153605015674,0.43086989166577283,0.26666666666666666,0.5849056603773585,0.3333333333333333,1
3135,0.5681818181818182,0.3056426332288401,0.4120991097286282,0.24761904761904763,0.7169811320754718,0.6666666666666666,1
1333,0.5909090909090909,0.317398119122257,0.27764668025313743,0.2571428571428571,0.6415094339622641,0.3333333333333333,1
4934,0.3863636363636364,0.1128526645768025,0.16421752654724875,0.3214285714285714,0.5283018867924528,0.3333333333333333,0
4272,0.6590909090909092,0.49373040752351094,0.5217204762415532,0.20408163265306123,0.7169811320754718,0.0,1
4164,0.4545454545454546,0.24686520376175547,0.25029496943044083,0.19999999999999998,0.24528301886792453,0.0,0
4778,0.5454545454545455,0.2938871473354232,0.4160677893381959,0.23809523809523808,0.28301886792452835,0.6666666666666666,1
4012,0.5454545454545455,0.3330721003134796,0.47103936501126253,0.21008403361344538,0.5283018867924528,0.3333333333333333,1
682,0.36363636363636365,0.23981191222570533,0.13461332189209482,0.1349206349206349,0.37735849056603776,0.0,0
435,0.24999999999999997,0.06583072100313479,0.07025635525045586,0.24489795918367344,0.4339622641509434,0.0,0
7915,0.20454545454545456,0.07836990595611285,0.07068540169473346,0.14285714285714285,0.07547169811320759,0.3333333333333333,0
8389,0.11363636363636362,0.0,0.02295398476885123,0.0,0.4339622641509434,0.0,0
6779,0.5454545454545455,0.2938871473354232,0.4764024455647323,0.23809523809523808,0.41509433962264153,0.3333333333333333,1
5799,0.4772727272727273,0.24137931034482757,0.28853373377668134,0.22448979591836732,0.41509433962264153,0.3333333333333333,0
7790,0.6590909090909092,0.37617554858934166,0.5136758554113482,0.26785714285714285,0.5094339622641509,1.0,1
340,0.4772727272727273,0.24137931034482757,0.2802745897243376,0.22448979591836732,0.4339622641509434,0.3333333333333333,0
1603,0.4545454545454546,0.1974921630094044,0.3246272659015338,0.25,0.5660377358490566,0.0,0
6369,0.5227272727272727,0.30094043887147337,0.39011047945940147,0.21428571428571427,0.41509433962264153,0.0,0
6620,0.4772727272727273,0.22413793103448276,0.30859165504665875,0.24175824175824173,0.4716981132075472,0.0,0
1423,0.5909090909090909,0.38087774294670845,0.49919553791697946,0.21428571428571427,0.6792452830188679,0.0,1
3865,0.4545454545454546,0.26332288401253917,0.35053094497479353,0.1875,0.5283018867924528,0.0,1
2450,0.36363636363636365,0.15987460815047022,0.2157567306660946,0.20238095238095238,0.5471698113207547,0.3333333333333333,0
2609,0.5227272727272727,0.31974921630094044,0.3952590367907326,0.20168067226890757,0.5471698113207547,0.3333333333333333,0
1707,0.34090909090909094,0.15047021943573669,0.2275018770781937,0.19047619047619047,0.660377358490566,0.0,0
7677,0.34090909090909094,0.06269592476489028,0.16142872465944438,0.45714285714285713,0.3584905660377359,0.0,0
5788,0.3863636363636364,0.0987460815047022,0.18159390754049126,0.3673469387755102,0.6981132075471698,0.3333333333333333,0
6997,0.5909090909090909,0.4231974921630094,0.4861632521720476,0.19285714285714287,0.6415094339622641,0.0,0
5003,0.3863636363636364,0.15517241379310345,0.2694411670063285,0.23376623376623376,0.6037735849056604,0.0,0
6036,0.34090909090909094,0.12539184952978055,0.16314491043655474,0.22857142857142856,0.5471698113207547,0.3333333333333333,0
4370,0.27272727272727276,0.04075235109717868,0.1297329185884372,0.46428571428571425,0.5094339622641509,0.6666666666666666,0
5584,0.20454545454545456,0.07836990595611285,0.09910972862812399,0.14285714285714285,0.5094339622641509,0.0,0
8116,0.6363636363636364,0.40909090909090906,0.5227394615467125,0.23015873015873015,0.3207547169811321,0.3333333333333333,0
3314,0.4318181818181819,0.1567398119122257,0.2766276949479781,0.2857142857142857,0.37735849056603776,0.3333333333333333,1
8911,0.4090909090909091,0.16379310344827586,0.2583395902606457,0.24675324675324675,0.5094339622641509,0.3333333333333333,0
2127,0.6590909090909092,0.3996865203761755,0.5844685187171511,0.25210084033613445,0.5283018867924528,0.3333333333333333,1
41,0.6363636363636364,0.47727272727272724,0.6533841038292395,0.19727891156462585,0.8490566037735849,0.0,1
5328,0.4545454545454546,0.2962382445141066,0.31449104365547575,0.16666666666666666,0.7169811320754718,0.0,0
8705,0.34090909090909094,0.10031347962382445,0.14941542421967177,0.2857142857142857,0.6415094339622641,0.3333333333333333,0
2732,0.5909090909090909,0.317398119122257,0.5571168078944545,0.2571428571428571,0.5471698113207547,0.3333333333333333,1
2470,0.34090909090909094,0.12539184952978055,0.2867102863885015,0.22857142857142856,0.6226415094339622,0.0,0
3025,0.4772727272727273,0.24137931034482757,0.20358253780971788,0.22448979591836732,0.5283018867924528,0.0,1
4836,0.5227272727272727,0.28213166144200624,0.410704708784726,0.22857142857142856,0.5094339622641509,0.0,0
7580,0.31818181818181823,0.07053291536050156,0.13316529014265793,0.3571428571428571,0.5471698113207547,0.3333333333333333,0
3814,0.4545454545454546,0.23040752351097177,0.2615574385927276,0.21428571428571427,0.169811320754717,0.3333333333333333,0
1511,0.18181818181818182,0.028213166144200625,0.06913010833422717,0.3214285714285714,0.4528301886792453,0.0,0
3141,0.22727272727272727,0.05172413793103448,0.07792556044191784,0.26190476190476186,0.37735849056603776,0.0,0
846,0.4545454545454546,0.24686520376175547,0.22326504344095247,0.19999999999999998,0.4528301886792453,0.0,0
1706,0.5454545454545455,0.3330721003134796,0.4281347205835031,0.21008403361344538,0.660377358490566,0.0,0
4592,0.3863636363636364,0.18338557993730406,0.18352461653974045,0.1978021978021978,0.6037735849056604,0.0,0
3832,0.4772727272727273,0.25862068965517243,0.24841789123672633,0.2095238095238095,0.4339622641509434,0.3333333333333333,0
3507,0.3863636363636364,0.23981191222570533,0.3157781829883085,0.15126050420168066,0.6415094339622641,0.3333333333333333,0
8191,0.5,0.3244514106583072,0.3587364582216025,0.1825396825396825,0.4528301886792453,0.6666666666666666,0
882,0.29545454545454547,0.10971786833855798,0.0997532982945404,0.19999999999999998,0.3207547169811321,0.0,0
3573,0.5227272727272727,0.2445141065830721,0.3656548321355787,0.26373626373626374,0.30188679245283023,0.3333333333333333,0
6954,0.7954545454545455,0.677115987460815,0.6835782473452751,0.21428571428571427,0.5094339622641509,0.3333333333333333,1
7177,0.4318181818181819,0.2037617554858934,0.3560012871393329,0.21978021978021978,0.660377358490566,0.3333333333333333,0
1328,0.6136363636363636,0.5047021943573667,0.5179663198541242,0.17391304347826086,0.37735849056603776,0.3333333333333333,1
2,0.8181818181818182,0.4349529780564263,0.6055454252922878,0.3523809523809524,0.5094339622641509,0.6666666666666666,1
2629,0.24999999999999997,0.06583072100313479,0.13654403089134395,0.24489795918367344,0.22641509433962265,0.0,0
8221,0.5681818181818182,0.3667711598746081,0.5780328220529872,0.20634920634920634,0.6981132075471698,0.3333333333333333,1
2565,0.31818181818181823,0.11755485893416927,0.1790196288748257,0.21428571428571427,0.49056603773584906,0.3333333333333333,0
3992,0.6363636363636364,0.40909090909090906,0.42475597983481717,0.23015873015873015,0.6415094339622641,0.0,1
6831,0.5227272727272727,0.3573667711598746,0.4004075941220637,0.18045112781954886,0.6226415094339622,0.0,1
5064,0.5227272727272727,0.30094043887147337,0.44030891343987977,0.21428571428571427,0.5471698113207547,0.0,0
4300,0.4772727272727273,0.29310344827586204,0.3439879866995602,0.18487394957983194,0.6415094339622641,0.0,0
39,0.36363636363636365,0.14655172413793102,0.15011262469162287,0.22077922077922077,0.5094339622641509,0.0,0
8380,0.6363636363636364,0.36363636363636365,0.4776359540920304,0.2589285714285714,0.5471698113207547,0.3333333333333333,1
4127,0.8181818181818182,0.7829153605015674,0.7881046873324037,0.19576719576719576,0.6037735849056604,0.0,1
1362,0.3863636363636364,0.14106583072100312,0.2675104580070793,0.2571428571428571,0.39622641509433965,0.3333333333333333,1
111,0.4318181818181819,0.17241379310344826,0.27448246272659016,0.2597402597402597,0.09433962264150947,0.3333333333333333,0
4086,0.4772727272727273,0.20689655172413793,0.3675855411348279,0.26190476190476186,0.5094339622641509,0.3333333333333333,0
5021,0.6136363636363636,0.3730407523510972,0.4939397189745789,0.2352941176470588,0.3207547169811321,0.3333333333333333,1
5422,0.5454545454545455,0.372257053291536,0.379866995602274,0.18796992481203006,0.24528301886792453,0.0,0
6933,0.4772727272727273,0.1896551724137931,0.2330794808538024,0.2857142857142857,0.4716981132075472,0.6666666666666666,1
6637,0.5,0.23432601880877743,0.3315992706210448,0.25274725274725274,0.6981132075471698,0.6666666666666666,1
5527,0.6590909090909092,0.49373040752351094,0.4766705995924059,0.20408163265306123,0.24528301886792453,0.0,0
1811,0.27272727272727276,0.1018808777429467,0.21479137616647,0.18571428571428572,0.5660377358490566,0.3333333333333333,0
3129,0.6363636363636364,0.3409090909090909,0.5289606349887375,0.27619047619047615,0.5660377358490566,0.0,0
6528,0.5,0.23432601880877743,0.2982945403839965,0.25274725274725274,0.39622641509433965,0.0,0
5929,0.4772727272727273,0.24137931034482757,0.2873538560549179,0.22448979591836732,0.3207547169811321,0.3333333333333333,0
4602,0.5681818181818182,0.3463949843260188,0.3800278880188781,0.21848739495798317,0.5283018867924528,0.3333333333333333,0
5907,0.31818181818181823,0.11755485893416927,0.10581357931996138,0.21428571428571427,0.4339622641509434,0.3333333333333333,0
6554,0.20454545454545456,0.04702194357366771,0.05191461975758876,0.23809523809523808,0.37735849056603776,0.3333333333333333,0
1826,0.6136363636363636,0.3730407523510972,0.4113482784511423,0.2352941176470588,0.22641509433962265,0.0,1
5821,0.20454545454545456,0.05485893416927899,0.09910972862812399,0.20408163265306123,0.41509433962264153,0.0,0
3250,0.4772727272727273,0.20689655172413793,0.3416282312560335,0.26190476190476186,0.6226415094339622,0.3333333333333333,1
8699,0.34090909090909094,0.16300940438871472,0.20004290464442775,0.17582417582417584,0.3584905660377359,0.0,0
6870,0.7272727272727273,0.5948275862068966,0.7073903250026815,0.20496894409937885,0.49056603773584906,0.3333333333333333,1
7213,0.6818181818181819,0.4130094043887147,0.5377024562908934,0.26050420168067223,0.4716981132075472,0.3333333333333333,0
7847,0.29545454545454547,0.12068965517241378,0.11176659873431298,0.1818181818181818,0.5849056603773585,0.3333333333333333,0
5723,0.5227272727272727,0.2445141065830721,0.3592191354714148,0.26373626373626374,0.5283018867924528,0.6666666666666666,1
4608,0.6590909090909092,0.5407523510971787,0.5538989595623726,0.18633540372670807,0.5471698113207547,0.3333333333333333,1
5520,0.5454545454545455,0.274294670846395,0.39327469698594875,0.25510204081632654,0.6226415094339622,0.0,1
6389,0.5,0.1982758620689655,0.2575887589831599,0.2987012987012987,0.6037735849056604,0.6666666666666666,0
4445,0.6363636363636364,0.36363636363636365,0.5756194358039257,0.2589285714285714,0.6226415094339622,0.3333333333333333,1
3534,0.5454545454545455,0.3134796238244514,0.29405770674675535,0.2232142857142857,0.5283018867924528,0.3333333333333333,1
3262,0.75,0.5595611285266457,0.5667703528907004,0.2312925170068027,0.6226415094339622,0.0,1
2721,0.4090909090909091,0.19357366771159873,0.18395366298401802,0.20879120879120877,0.41509433962264153,0.3333333333333333,0
8051,0.5,0.1982758620689655,0.24402016518288103,0.2987012987012987,0.49056603773584906,0.0,1
4056,0.3863636363636364,0.16927899686520376,0.15939075404912584,0.21428571428571427,0.11320754716981135,0.3333333333333333,0
5032,0.4772727272727273,0.24137931034482757,0.3487074975866137,0.22448979591836732,0.30188679245283023,0.6666666666666666,0
8860,0.5681818181818182,0.32601880877742945,0.44138152955057386,0.23214285714285712,0.3584905660377359,0.6666666666666666,1
3820,0.4090909090909091,0.13401253918495298,0.2338839429368229,0.30158730158730157,0.3207547169811321,0.0,0
177,0.3863636363636364,0.16927899686520376,0.19221280703636168,0.21428571428571427,0.24528301886792453,0.3333333333333333,0
8457,0.4318181818181819,0.28213166144200624,0.1918910222031535,0.15873015873015872,0.4716981132075472,0.0,0
6122,0.34090909090909094,0.15047021943573669,0.23779899174085595,0.19047619047619047,0.5849056603773585,0.0,0
3943,0.4318181818181819,0.18808777429467083,0.1972541027566234,0.23809523809523808,0.6037735849056604,0.0,0
2006,0.5681818181818182,0.32601880877742945,0.3591118738603454,0.23214285714285712,0.7547169811320755,0.0,1
5431,0.24999999999999997,0.10344827586206896,0.0992169902391934,0.1558441558441558,0.5094339622641509,0.3333333333333333,0
6846,0.4090909090909091,0.1786833855799373,0.14421323608280598,0.22619047619047616,0.4716981132075472,0.3333333333333333,1
6633,0.3863636363636364,0.1974921630094044,0.2337230505202188,0.1836734693877551,0.3584905660377359,0.0,0
6360,0.36363636363636365,0.23981191222570533,0.2148450069720047,0.1349206349206349,0.6981132075471698,0.0,0
5776,0.4090909090909091,0.1786833855799373,0.28177625227930925,0.22619047619047616,0.5849056603773585,1.0,0
943,0.18181818181818182,0.06347962382445141,0.10050412957202617,0.14285714285714285,0.5471698113207547,0.0,0
2468,0.5681818181818182,0.32601880877742945,0.4762415531481283,0.23214285714285712,0.4339622641509434,0.0,1
6187,0.5909090909090909,0.38087774294670845,0.4962994744181056,0.21428571428571427,0.8113207547169812,0.0,1
1281,0.4772727272727273,0.29310344827586204,0.3746648074654081,0.18487394957983194,0.5660377358490566,0.0,0
2181,0.5454545454545455,0.3330721003134796,0.500536308055347,0.21008403361344538,0.5094339622641509,0.0,1
4262,0.5454545454545455,0.274294670846395,0.3637777539418642,0.25510204081632654,0.6415094339622641,0.3333333333333333,1
8028,0.27272727272727276,0.05094043887147335,0.11369730773356215,0.37142857142857144,0.41509433962264153,0.3333333333333333,0
2818,0.5227272727272727,0.31974921630094044,0.468625978762201,0.20168067226890757,0.6037735849056604,0.0,1
4743,0.6363636363636364,0.38636363636363635,0.49785476777861204,0.2436974789915966,0.7169811320754718,0.6666666666666666,1
5749,0.6590909090909092,0.5172413793103449,0.5088490829132253,0.1948051948051948,0.4716981132075472,0.0,1
6374,0.5454545454545455,0.3134796238244514,0.4334978011369731,0.2232142857142857,0.5283018867924528,0.3333333333333333,0
187,0.36363636363636365,0.10658307210031348,0.16378848010297115,0.30357142857142855,0.5660377358490566,0.0,0
4110,0.5227272727272727,0.3949843260188088,0.4210018234473881,0.16326530612244897,0.3584905660377359,0.0,1
5517,0.4318181818181819,0.2507836990595611,0.3152418749329615,0.17857142857142855,0.4716981132075472,0.0,0
4989,0.5,0.25235109717868337,0.32419821945725624,0.2346938775510204,0.5283018867924528,0.6666666666666666,0
3364,0.4318181818181819,0.18808777429467083,0.31845972326504346,0.23809523809523808,0.6226415094339622,0.3333333333333333,0
5604,0.5909090909090909,0.3385579937304075,0.5107797919124745,0.24107142857142855,0.5471698113207547,0.0,1
8937,0.18181818181818182,0.03526645768025078,0.07492223533197469,0.2571428571428571,0.41509433962264153,0.0,0
3997,0.5,0.2884012539184953,0.4265794272229969,0.20535714285714285,0.6981132075471698,0.0,1
8344,0.6363636363636364,0.47727272727272724,0.3516571918910223,0.19727891156462585,0.49056603773584906,0.3333333333333333,1
2814,0.5227272727272727,0.31974921630094044,0.3630805534699131,0.20168067226890757,0.49056603773584906,0.0,0
3705,0.4318181818181819,0.14106583072100312,0.2787729271693661,0.31746031746031744,0.30188679245283023,0.0,0
3763,0.5454545454545455,0.39184952978056425,0.3476885122814545,0.17857142857142855,1.0,0.0,1
847,0.27272727272727276,0.12225705329153605,0.11857771103721979,0.15476190476190474,0.5094339622641509,0.0,0
424,0.3863636363636364,0.12695924764890282,0.17000965354499623,0.2857142857142857,0.20754716981132076,0.3333333333333333,0
1981,0.36363636363636365,0.11990595611285267,0.24310844148879115,0.2698412698412698,0.41509433962264153,0.3333333333333333,0
3722,0.36363636363636365,0.15987460815047022,0.260431191676499,0.20238095238095238,0.5283018867924528,0.3333333333333333,0
5869,0.4090909090909091,0.19357366771159873,0.18802960420465514,0.20879120879120877,0.339622641509434,0.3333333333333333,0
3478,0.27272727272727276,0.0713166144200627,0.11578890914941542,0.2653061224489796,0.5660377358490566,0.6666666666666666,0
3227,0.7045454545454546,0.45141065830721,0.6496835782473452,0.25396825396825395,0.6792452830188679,1.0,1
3549,0.5681818181818182,0.32601880877742945,0.3758446851871715,0.23214285714285712,0.6792452830188679,0.3333333333333333,1
6892,0.4545454545454546,0.21394984326018807,0.31674353748793305,0.23076923076923075,0.6792452830188679,0.3333333333333333,0
3319,0.4772727272727273,0.29310344827586204,0.35932639708248415,0.18487394957983194,0.3207547169811321,0.0,0
4704,0.13636363636363635,0.032915360501567396,0.06333798133647967,0.16666666666666666,0.5094339622641509,0.0,0
1772,0.1590909090909091,0.03134796238244514,0.09964603668347098,0.22857142857142856,0.5094339622641509,0.0,0
2050,0.22727272727272727,0.06896551724137931,0.07615574385927276,0.19642857142857142,0.4716981132075472,0.3333333333333333,0
6069,0.4772727272727273,0.3448275862068965,0.31449104365547575,0.15714285714285714,0.6981132075471698,0.3333333333333333,0
1490,0.4090909090909091,0.16379310344827586,0.1900675748149737,0.24675324675324675,0.5471698113207547,0.3333333333333333,1
3833,0.36363636363636365,0.10658307210031348,0.13187815080982518,0.30357142857142855,0.5283018867924528,0.0,0
5613,0.4545454545454546,0.26332288401253917,0.338142228896278,0.1875,0.39622641509433965,0.0,0
818,0.13636363636363635,0.0438871473354232,0.03368014587579105,0.125,0.4339622641509434,0.0,0
6041,0.6363636363636364,0.4318181818181818,0.5165182881046874,0.21804511278195488,0.6792452830188679,0.3333333333333333,1
425,0.5,0.3064263322884012,0.4352139869140834,0.19327731092436976,0.2641509433962264,0.0,0
1452,0.4772727272727273,0.17241379310344826,0.2731953233937574,0.3142857142857143,0.3207547169811321,0.6666666666666666,0
7399,0.4318181818181819,0.23510971786833854,0.23157781829883084,0.19047619047619047,0.5660377358490566,0.3333333333333333,0
1071,0.4545454545454546,0.1810344827586207,0.263809932425185,0.2727272727272727,0.7358490566037736,0.3333333333333333,0
2044,0.4090909090909091,0.19357366771159873,0.28075726697414993,0.20879120879120877,0.22641509433962265,0.3333333333333333,0
1538,0.7954545454545455,0.6206896551724138,0.6507561943580393,0.23376623376623376,0.4339622641509434,0.0,1
2070,0.22727272727272727,0.05172413793103448,0.0932639708248418,0.26190476190476186,0.339622641509434,0.3333333333333333,0
4135,0.4545454545454546,0.1810344827586207,0.18722514212163466,0.2727272727272727,0.4716981132075472,0.3333333333333333,0
172,0.27272727272727276,0.09169278996865203,0.08859809074332296,0.20634920634920634,0.4716981132075472,0.3333333333333333,0
4281,0.27272727272727276,0.11206896551724138,0.11230290678965997,0.16883116883116883,0.2641509433962264,0.0,0
810,0.4090909090909091,0.19357366771159873,0.2094282956130001,0.20879120879120877,0.4716981132075472,0.0,1
5959,0.29545454545454547,0.0768025078369906,0.15080982516357397,0.2857142857142857,0.49056603773584906,0.0,0
2051,0.31818181818181823,0.14106583072100312,0.1412099109728628,0.17857142857142855,0.8301886792452831,0.0,0
5167,0.4318181818181819,0.2037617554858934,0.2283599699667489,0.21978021978021978,0.49056603773584906,0.3333333333333333,0
3574,0.6136363636363636,0.26332288401253917,0.48793306875469267,0.3333333333333333,0.22641509433962265,0.3333333333333333,1
4947,0.4090909090909091,0.19357366771159873,0.20535235439236296,0.20879120879120877,0.39622641509433965,0.3333333333333333,0
3148,0.4545454545454546,0.2797805642633229,0.3426472165611928,0.17647058823529413,0.4716981132075472,0.0,0
5838,0.34090909090909094,0.10031347962382445,0.16829346776788587,0.2857142857142857,0.22641509433962265,0.0,0
567,0.5909090909090909,0.4231974921630094,0.5455325538989596,0.19285714285714287,0.4716981132075472,0.3333333333333333,1
5407,0.5681818181818182,0.3463949843260188,0.4595087418213022,0.21848739495798317,0.5849056603773585,0.0,1
811,0.4545454545454546,0.24686520376175547,0.3753083771318245,0.19999999999999998,0.7547169811320755,0.0,0
2777,0.6818181818181819,0.4373040752351097,0.5493403410919232,0.24603174603174605,0.30188679245283023,0.3333333333333333,1
1475,0.5681818181818182,0.2445141065830721,0.3744502842432693,0.3095238095238095,0.5471698113207547,0.0,1
7581,0.4090909090909091,0.19357366771159873,0.21248525152847797,0.20879120879120877,0.4339622641509434,0.3333333333333333,0
3354,0.4545454545454546,0.26332288401253917,0.2930923522471307,0.1875,0.4716981132075472,0.6666666666666666,0
2965,0.4545454545454546,0.164576802507837,0.2773248954199292,0.3,0.169811320754717,0.0,0
4426,0.27272727272727276,0.0713166144200627,0.11788051056526869,0.2653061224489796,0.4716981132075472,0.0,0
2002,0.6818181818181819,0.6073667711598746,0.5692910007508313,0.17714285714285713,0.7547169811320755,0.0,1
5382,0.5227272727272727,0.26332288401253917,0.36694197146841145,0.24489795918367344,0.3584905660377359,0.0,1
5497,0.7272727272727273,0.5689655172413793,0.6613750938539096,0.21428571428571427,0.8867924528301887,0.3333333333333333,1
6919,0.34090909090909094,0.12539184952978055,0.2146304837498659,0.22857142857142856,0.4528301886792453,0.0,0
4564,0.5,0.25235109717868337,0.3278987450391505,0.2346938775510204,0.28301886792452835,0.0,0
837,0.34090909090909094,0.2006269592476489,0.13997640244556472,0.14285714285714285,0.5849056603773585,0.0,0
3782,0.5909090909090909,0.46551724137931033,0.48326718867317386,0.17532467532467533,0.8113207547169812,0.3333333333333333,0
1195,0.4090909090909091,0.16379310344827586,0.16357395688083234,0.24675324675324675,0.6226415094339622,0.0,0
7408,0.4318181818181819,0.23510971786833854,0.32489541992920734,0.19047619047619047,0.5471698113207547,0.0,0
490,0.4090909090909091,0.23824451410658307,0.17376380993242518,0.16964285714285712,0.6226415094339622,0.0,0
161,0.6818181818181819,0.5101880877742947,0.5476777861203475,0.2108843537414966,0.8679245283018868,0.0,1
6556,0.3863636363636364,0.1974921630094044,0.21055454252922878,0.1836734693877551,0.20754716981132076,0.0,0
2329,0.7727272727272728,0.6857366771159874,0.7920197361364367,0.19999999999999998,0.6415094339622641,0.3333333333333333,1
7232,0.5681818181818182,0.26489028213166144,0.49018556258715007,0.2857142857142857,0.6037735849056604,0.6666666666666666,1
6053,0.20454545454545456,0.04702194357366771,0.08141156280167328,0.23809523809523808,0.169811320754717,0.0,0
3268,0.4090909090909091,0.19357366771159873,0.16968786871178804,0.20879120879120877,0.3207547169811321,0.3333333333333333,0
6748,0.5227272727272727,0.2445141065830721,0.24466373484929746,0.26373626373626374,0.2641509433962264,0.0,1
7064,0.29545454545454547,0.0987460815047022,0.1530623189960313,0.2222222222222222,0.30188679245283023,0.0,0
1818,0.31818181818181823,0.10579937304075235,0.1838464013729486,0.23809523809523808,0.30188679245283023,0.3333333333333333,0
7750,0.31818181818181823,0.10579937304075235,0.14603668347098572,0.23809523809523808,0.4716981132075472,0.0,0
1847,0.34090909090909094,0.1128526645768025,0.15713826021666844,0.25396825396825395,0.5471698113207547,0.6666666666666666,0
7468,0.34090909090909094,0.13793103448275862,0.20690764775286924,0.20779220779220778,0.5094339622641509,0.0,0
7845,0.5454545454545455,0.25470219435736674,0.46299474418105757,0.2747252747252747,0.4528301886792453,0.3333333333333333,0
4122,0.29545454545454547,0.13166144200626959,0.17633808859809075,0.16666666666666666,0.49056603773584906,0.3333333333333333,0
4890,0.7727272727272728,0.603448275862069,0.6061889949587043,0.22727272727272724,0.3207547169811321,0.3333333333333333,1
2358,0.4772727272727273,0.25862068965517243,0.32746969859487285,0.2095238095238095,0.5849056603773585,0.0,0
7835,0.7045454545454546,0.4263322884012539,0.6239407915906896,0.2689075630252101,0.6415094339622641,0.3333333333333333,1
7888,0.3863636363636364,0.18338557993730406,0.22310415102434838,0.1978021978021978,0.5283018867924528,0.3333333333333333,0
1372,0.5454545454545455,0.372257053291536,0.4375201115520756,0.18796992481203006,0.41509433962264153,0.3333333333333333,0
8414,0.7045454545454546,0.47648902821316613,0.6033465622653652,0.24060150375939848,0.6792452830188679,0.0,1
2185,0.27272727272727276,0.0713166144200627,0.16389574171404056,0.2653061224489796,0.7169811320754718,0.0,1
3677,0.4318181818181819,0.12539184952978055,0.27555507883728414,0.3571428571428571,0.4528301886792453,0.0,0
6386,0.5909090909090909,0.4231974921630094,0.3587364582216025,0.19285714285714287,0.13207547169811323,0.0,0
2551,0.22727272727272727,0.06896551724137931,0.07969537702456292,0.19642857142857142,0.5094339622641509,0.0,0
130,0.5227272727272727,0.31974921630094044,0.4210018234473881,0.20168067226890757,0.39622641509433965,0.3333333333333333,0
5034,0.31818181818181823,0.058777429467084634,0.13960098680682184,0.42857142857142855,0.28301886792452835,0.3333333333333333,0
8333,0.3863636363636364,0.14106583072100312,0.32350101898530514,0.2571428571428571,0.5094339622641509,0.0,0
6343,0.4545454545454546,0.3126959247648903,0.3448997103936502,0.15789473684210528,0.6415094339622641,0.0,0
5367,0.4090909090909091,0.1786833855799373,0.30011798777217635,0.22619047619047616,0.4339622641509434,0.0,0
6889,0.7045454545454546,0.45141065830721,0.6084951195966963,0.25396825396825395,0.5849056603773585,0.6666666666666666,1
4091,0.6136363636363636,0.43887147335423193,0.4008366405663413,0.19999999999999998,0.5094339622641509,0.3333333333333333,0
2031,0.75,0.5595611285266457,0.5011262469162286,0.2312925170068027,0.39622641509433965,0.6666666666666666,1
3526,0.36363636363636365,0.14655172413793102,0.1829346776788587,0.22077922077922077,0.6226415094339622,0.0,1
2005,0.22727272727272727,0.08620689655172413,0.06435696664163895,0.15714285714285714,0.5849056603773585,0.3333333333333333,0
7586,0.7272727272727273,0.5431034482758621,0.6100504129572026,0.22448979591836732,0.4716981132075472,0.6666666666666666,1
1017,0.5,0.2884012539184953,0.36367049233079485,0.20535714285714285,0.41509433962264153,0.3333333333333333,0
4986,0.5454545454545455,0.3134796238244514,0.38791161643247885,0.2232142857142857,0.3584905660377359,0.0,1
7335,0.6818181818181819,0.6073667711598746,0.5626407808645285,0.17714285714285713,0.4716981132075472,0.3333333333333333,0
6282,0.7272727272727273,0.646551724137931,0.5835031642175266,0.18857142857142856,0.24528301886792453,0.6666666666666666,1
3361,0.3863636363636364,0.18338557993730406,0.18159390754049126,0.1978021978021978,0.20754716981132076,0.0,0
5169,0.4318181818181819,0.21943573667711597,0.2562479888447925,0.20408163265306123,0.28301886792452835,0.3333333333333333,1
398,0.6363636363636364,0.5,0.5242947549072187,0.1883116883116883,0.4528301886792453,0.0,0
2461,0.3863636363636364,0.14106583072100312,0.31191676498981014,0.2571428571428571,0.5471698113207547,0.0,0
642,0.7727272727272728,0.54858934169279,0.7657406414244341,0.25,0.3207547169811321,0.6666666666666666,1
5596,0.4318181818181819,0.2037617554858934,0.283063391612142,0.21978021978021978,0.660377358490566,0.6666666666666666,0
4712,0.4772727272727273,0.27586206896551724,0.3050520218813687,0.19642857142857142,0.6226415094339622,0.0,1
4512,0.5681818181818182,0.42789968652037613,0.5027351710822696,0.17687074829931973,0.4716981132075472,0.0,1
4779,0.4090909090909091,0.1786833855799373,0.2583395902606457,0.22619047619047616,0.37735849056603776,0.0,0
4479,0.4318181818181819,0.17241379310344826,0.2616110693982624,0.2597402597402597,0.4716981132075472,0.0,0
3322,0.75,0.5862068965517241,0.7308806178268797,0.22077922077922077,0.3207547169811321,0.3333333333333333,1
5272,0.6136363636363636,0.4169278996865204,0.4999463691944652,0.21052631578947367,0.339622641509434,0.6666666666666666,1
8087,0.5,0.23432601880877743,0.2674568272015445,0.25274725274725274,0.4716981132075472,0.6666666666666666,1
3989,0.7727272727272728,0.603448275862069,0.6831492009009975,0.22727272727272724,0.6792452830188679,0.0,1
6468,0.3863636363636364,0.2115987460815047,0.2607529765097072,0.1714285714285714,0.7735849056603774,0.0,0
770,0.5227272727272727,0.31974921630094044,0.3695162501340771,0.20168067226890757,0.4528301886792453,0.0,0
5513,0.27272727272727276,0.0713166144200627,0.14367692802745896,0.2653061224489796,0.4528301886792453,0.3333333333333333,0
114,0.31818181818181823,0.058777429467084634,0.1468411455540062,0.42857142857142855,0.5283018867924528,0.0,1
2543,0.5681818181818182,0.32601880877742945,0.34516786442132363,0.23214285714285712,0.6226415094339622,0.0,1
4120,0.6136363636363636,0.4169278996865204,0.45039150488040325,0.21052631578947367,0.39622641509433965,0.0,1
4936,0.6818181818181819,0.4615987460815047,0.6042046551539203,0.23308270676691728,0.6226415094339622,0.3333333333333333,1
8805,0.3863636363636364,0.2115987460815047,0.15746004504987665,0.1714285714285714,0.24528301886792453,0.3333333333333333,0
3875,0.5454545454545455,0.21551724137931033,0.2417676713504237,0.3246753246753247,0.37735849056603776,0.6666666666666666,1
7735,0.6818181818181819,0.5344827586206896,0.687332403732704,0.2012987012987013,0.49056603773584906,0.3333333333333333,1
1346,0.7045454545454546,0.4012539184952978,0.6222246058135793,0.2857142857142857,0.7358490566037736,0.0,1
2256,0.7272727272727273,0.5948275862068966,0.6843827094282956,0.20496894409937885,0.6981132075471698,0.3333333333333333,1
4725,0.5681818181818182,0.3463949843260188,0.4260431191676499,0.21848739495798317,0.5283018867924528,0.6666666666666666,1
4047,0.7045454545454546,0.5015673981191222,0.5175372734098466,0.22857142857142856,0.5849056603773585,0.6666666666666666,1
2780,0.29545454545454547,0.06583072100313479,0.1425506811112303,0.3333333333333333,0.5283018867924528,0.3333333333333333,0
2801,0.6818181818181819,0.5101880877742947,0.630805534699131,0.2108843537414966,0.6415094339622641,0.0,1
2616,0.4545454545454546,0.24686520376175547,0.29872358682827416,0.19999999999999998,0.660377358490566,0.3333333333333333,0
5411,0.31818181818181823,0.11755485893416927,0.1355786763917194,0.21428571428571427,0.5283018867924528,0.3333333333333333,0
6874,0.6363636363636364,0.3181818181818182,0.4589724337659552,0.29591836734693877,0.6415094339622641,0.6666666666666666,1
8593,0.5227272727272727,0.2445141065830721,0.34634774214308695,0.26373626373626374,0.6792452830188679,0.6666666666666666,1
6417,0.8636363636363636,0.7946708463949843,0.8060173763809931,0.21428571428571427,0.37735849056603776,0.3333333333333333,1
6017,0.6363636363636364,0.36363636363636365,0.4776359540920304,0.2589285714285714,0.4716981132075472,0.6666666666666666,1
1779,0.6136363636363636,0.4169278996865204,0.34077013836747827,0.21052631578947367,0.3207547169811321,0.6666666666666666,1
608,0.36363636363636365,0.13322884012539185,0.14190711144481388,0.24285714285714283,0.8490566037735849,0.0,0
1512,0.31818181818181823,0.12931034482758622,0.2087847259465837,0.1948051948051948,0.39622641509433965,0.3333333333333333,0
8172,0.4090909090909091,0.22335423197492163,0.20637133969752225,0.18095238095238092,0.24528301886792453,0.3333333333333333,0
7563,0.3863636363636364,0.15517241379310345,0.1661482355464979,0.23376623376623376,0.4528301886792453,0.6666666666666666,0
1428,0.1590909090909091,0.025078369905956112,0.023275769602059425,0.2857142857142857,0.41509433962264153,0.0,0
7053,0.6590909090909092,0.4231974921630094,0.5474632628982087,0.23809523809523808,0.037735849056603765,0.3333333333333333,1
4292,0.3863636363636364,0.18338557993730406,0.2626836855089564,0.1978021978021978,0.41509433962264153,0.3333333333333333,0
4771,0.34090909090909094,0.1128526645768025,0.13997640244556472,0.25396825396825395,0.4716981132075472,0.3333333333333333,0
1485,0.7272727272727273,0.5172413793103449,0.5923522471307519,0.23571428571428568,0.7547169811320755,0.3333333333333333,1
6774,0.5227272727272727,0.31974921630094044,0.37852622546390646,0.20168067226890757,0.4528301886792453,0.0,1
5383,0.5,0.27037617554858934,0.3587364582216025,0.21904761904761905,0.4528301886792453,0.6666666666666666,0
8923,0.4318181818181819,0.18808777429467083,0.2358682827416068,0.23809523809523808,0.4528301886792453,0.3333333333333333,0
8675,0.5227272727272727,0.26332288401253917,0.2974364474954414,0.24489795918367344,0.49056603773584906,0.3333333333333333,0
1523,0.5,0.3064263322884012,0.32296471092995815,0.19327731092436976,0.6415094339622641,0.0,0
3701,0.31818181818181823,0.09404388714733541,0.1548857663842111,0.26785714285714285,0.5283018867924528,0.3333333333333333,0
4476,0.27272727272727276,0.08150470219435736,0.10742250348600235,0.23214285714285712,0.22641509433962265,0.6666666666666666,0
7875,0.1590909090909091,0.025078369905956112,0.06446422825270835,0.2857142857142857,0.169811320754717,0.0,0
476,0.6136363636363636,0.3510971786833856,0.4578998176552612,0.25,0.339622641509434,0.3333333333333333,0
4956,0.5227272727272727,0.26332288401253917,0.2974364474954414,0.24489795918367344,0.8301886792452831,0.6666666666666666,1
4970,0.6590909090909092,0.49373040752351094,0.6681325753512818,0.20408163265306123,0.6226415094339622,0.6666666666666666,1
6421,0.7954545454545455,0.7335423197492162,0.6739247023490292,0.1978021978021978,0.5849056603773585,0.0,1
1270,0.6136363636363636,0.3510971786833856,0.5374879330687545,0.25,0.5283018867924528,0.6666666666666666,1
2309,0.5,0.3244514106583072,0.40314276520433334,0.1825396825396825,0.28301886792452835,0.3333333333333333,0
3872,0.34090909090909094,0.15047021943573669,0.15456398155100287,0.19047619047619047,0.4339622641509434,0.0,0
4210,0.4545454545454546,0.2962382445141066,0.3617934141370803,0.16666666666666666,0.9811320754716981,0.0,0
1888,0.34090909090909094,0.13793103448275862,0.17086774643355143,0.20779220779220778,0.4716981132075472,0.0,0
1190,0.34090909090909094,0.15047021943573669,0.20776574064142445,0.19047619047619047,0.4339622641509434,0.0,0
3628,0.4090909090909091,0.22335423197492163,0.15542207443955808,0.18095238095238092,0.3207547169811321,0.0,0
7883,0.8181818181818182,0.6669278996865203,0.7920733669419714,0.22981366459627328,0.49056603773584906,0.0,1
3424,0.5,0.1982758620689655,0.3204976938753621,0.2987012987012987,0.30188679245283023,0.3333333333333333,0
4571,0.4772727272727273,0.1896551724137931,0.331009331760163,0.2857142857142857,0.5849056603773585,0.3333333333333333,0
8038,0.24999999999999997,0.05642633228840125,0.098573420572777,0.2857142857142857,0.18867924528301888,0.0,0
4330,0.5681818181818182,0.22413793103448276,0.3256462512066931,0.33766233766233766,0.49056603773584906,0.6666666666666666,1
6295,0.4090909090909091,0.1786833855799373,0.21452322213879652,0.22619047619047616,0.37735849056603776,0.0,0
4622,0.6363636363636364,0.5681818181818181,0.4885230076155743,0.1657142857142857,0.5471698113207547,0.0,1
3991,0.7727272727272728,0.49373040752351094,0.6643784189638527,0.27777777777777773,0.7924528301886793,0.3333333333333333,1
6019,0.6590909090909092,0.3996865203761755,0.5088490829132253,0.25210084033613445,0.7358490566037736,0.6666666666666666,1
1367,0.5909090909090909,0.46551724137931033,0.46299474418105757,0.17532467532467533,0.7547169811320755,0.0,1
6741,0.4318181818181819,0.23510971786833854,0.2948621688297758,0.19047619047619047,0.5660377358490566,0.0,0
4161,0.31818181818181823,0.11755485893416927,0.11627158639922772,0.21428571428571427,0.6981132075471698,0.0,0
6837,0.5909090909090909,0.35971786833855796,0.5426364904000858,0.22689075630252098,0.6792452830188679,0.6666666666666666,1
3423,0.13636363636363635,0.032915360501567396,0.04081304301190604,0.16666666666666666,0.5283018867924528,0.0,0
2545,0.4318181818181819,0.21943573667711597,0.3163144910436555,0.20408163265306123,0.6415094339622641,0.3333333333333333,0
2074,0.5681818181818182,0.42789968652037613,0.4609031427652044,0.17687074829931973,0.4716981132075472,0.3333333333333333,1
1303,0.31818181818181823,0.17633228840125392,0.13155636597661696,0.14285714285714285,0.28301886792452835,0.0,0
5111,0.6590909090909092,0.3996865203761755,0.46219028209803714,0.25210084033613445,0.6226415094339622,0.0,1
8801,0.31818181818181823,0.11755485893416927,0.1669526976295184,0.21428571428571427,0.6415094339622641,0.0,0
5039,0.4090909090909091,0.19357366771159873,0.18701061889949588,0.20879120879120877,0.37735849056603776,0.3333333333333333,0
3405,0.22727272727272727,0.06034482758620689,0.08264507132897136,0.22448979591836732,0.5283018867924528,0.0,0
2824,0.5,0.27037617554858934,0.2514212163466695,0.21904761904761905,0.660377358490566,0.0,1
2353,0.7954545454545455,0.677115987460815,0.6913010833422718,0.21428571428571427,0.39622641509433965,0.3333333333333333,1
5086,0.4090909090909091,0.14890282131661442,0.2165611927491151,0.2714285714285714,0.5283018867924528,0.3333333333333333,0
3608,0.5454545454545455,0.3330721003134796,0.48176552611820234,0.21008403361344538,0.5849056603773585,0.3333333333333333,0
4687,0.24999999999999997,0.09404388714733541,0.10887053523543924,0.1714285714285714,0.339622641509434,0.3333333333333333,0
3010,0.4772727272727273,0.3275862068965517,0.3428081089777968,0.16541353383458646,0.3207547169811321,0.0,0
207,0.24999999999999997,0.06583072100313479,0.1095141049018556,0.24489795918367344,0.6037735849056604,0.0,0
5557,0.3863636363636364,0.1974921630094044,0.2771640030033251,0.1836734693877551,0.5660377358490566,0.3333333333333333,0
7404,0.6136363636363636,0.3949843260188088,0.3708033894669098,0.2222222222222222,0.7924528301886793,0.3333333333333333,1
4545,0.4090909090909091,0.2084639498432602,0.2950230612463799,0.19387755102040816,0.6226415094339622,0.3333333333333333,0
7737,0.34090909090909094,0.12539184952978055,0.13482784511423362,0.22857142857142856,0.6792452830188679,0.0,0
2057,0.4318181818181819,0.2037617554858934,0.21334334441703315,0.21978021978021978,0.41509433962264153,0.3333333333333333,0
3109,0.29545454545454547,0.06583072100313479,0.1417998498337445,0.3333333333333333,0.39622641509433965,0.0,0
4247,0.5681818181818182,0.2852664576802508,0.41349351067253026,0.2653061224489796,0.6792452830188679,0.3333333333333333,1
3931,0.4545454545454546,0.1481191222570533,0.239032500268154,0.3333333333333333,0.5660377358490566,0.6666666666666666,0
8215,0.4090909090909091,0.14890282131661442,0.16051700096535448,0.2714285714285714,0.3207547169811321,0.0,0
3988,0.6818181818181819,0.4373040752351097,0.590904215381315,0.24603174603174605,0.5660377358490566,0.0,1
1525,0.5,0.18025078369905956,0.24525367371017912,0.3285714285714285,0.660377358490566,1.0,1
6208,0.31818181818181823,0.12931034482758622,0.17982409095784618,0.1948051948051948,0.24528301886792453,0.3333333333333333,0
2756,0.3863636363636364,0.16927899686520376,0.22406950552397298,0.21428571428571427,0.39622641509433965,0.0,0
4413,0.34090909090909094,0.16300940438871472,0.1717258393221066,0.17582417582417584,0.49056603773584906,0.0,0
8883,0.36363636363636365,0.1865203761755486,0.1364367692802746,0.173469387755102,0.30188679245283023,0.0,0
336,0.29545454545454547,0.10971786833855798,0.1425506811112303,0.19999999999999998,0.41509433962264153,0.0,0
1078,0.34090909090909094,0.15047021943573669,0.12024026600879545,0.19047619047619047,0.6037735849056604,0.0,0
4974,0.5227272727272727,0.30094043887147337,0.34377346347742144,0.21428571428571427,0.4528301886792453,0.3333333333333333,0
2270,0.27272727272727276,0.0713166144200627,0.13879652472380136,0.2653061224489796,0.24528301886792453,0.3333333333333333,0
8441,0.4090909090909091,0.19357366771159873,0.23694089885230077,0.20879120879120877,0.3584905660377359,0.0,0
5588,0.7045454545454546,0.5015673981191222,0.5467124316207228,0.22857142857142856,0.41509433962264153,0.0,1
4877,0.5454545454545455,0.25470219435736674,0.41472701919982835,0.2747252747252747,0.660377358490566,0.3333333333333333,1
2799,0.5909090909090909,0.4231974921630094,0.46009868068218374,0.19285714285714287,0.4528301886792453,0.3333333333333333,1
1149,0.4090909090909091,0.14890282131661442,0.16561192749115092,0.2714285714285714,0.37735849056603776,0.0,0
8324,0.5454545454545455,0.3330721003134796,0.4495870427973828,0.21008403361344538,0.41509433962264153,0.3333333333333333,0
6945,0.4318181818181819,0.2037617554858934,0.161857771103722,0.21978021978021978,0.39622641509433965,0.3333333333333333,0
192,0.6818181818181819,0.48589341692789967,0.5892416604097392,0.22142857142857142,0.4339622641509434,0.0,1
3254,0.22727272727272727,0.05172413793103448,0.09503378740748684,0.26190476190476186,0.39622641509433965,0.0,0
7479,0.5,0.3064263322884012,0.3192641853480639,0.19327731092436976,0.18867924528301888,0.3333333333333333,1
6587,0.5227272727272727,0.3573667711598746,0.38110050412957197,0.18045112781954886,0.6981132075471698,0.0,0
1262,0.6818181818181819,0.3887147335423197,0.5726161106939825,0.27678571428571425,0.6226415094339622,0.0,1
1975,0.20454545454545456,0.05485893416927899,0.05995924058779363,0.20408163265306123,0.5094339622641509,0.0,0
1280,0.34090909090909094,0.16300940438871472,0.23522471307519038,0.17582417582417584,0.3584905660377359,0.3333333333333333,0
657,0.4545454545454546,0.21394984326018807,0.2514212163466695,0.23076923076923075,0.7547169811320755,0.0,1
6498,0.29545454545454547,0.0987460815047022,0.14029818727877294,0.2222222222222222,0.5283018867924528,0.3333333333333333,0
270,0.4318181818181819,0.2507836990595611,0.27019199828381424,0.17857142857142855,0.5660377358490566,0.0,0
2323,0.4545454545454546,0.1481191222570533,0.2334012656870106,0.3333333333333333,0.4716981132075472,0.3333333333333333,0
2059,0.34090909090909094,0.15047021943573669,0.15799635310522364,0.19047619047619047,0.5283018867924528,0.3333333333333333,0
2671,0.6363636363636364,0.5227272727272727,0.4667489005684865,0.18012422360248448,0.6981132075471698,0.0,1
5863,0.5227272727272727,0.20689655172413793,0.2523865708462941,0.3116883116883116,0.4528301886792453,0.3333333333333333,0
3411,0.4545454545454546,0.1974921630094044,0.24804247559798345,0.25,0.5094339622641509,0.6666666666666666,0
2213,0.5681818181818182,0.26489028213166144,0.3479566663091279,0.2857142857142857,0.4528301886792453,0.6666666666666666,1
581,0.3863636363636364,0.16927899686520376,0.2279309235224713,0.21428571428571427,0.4528301886792453,0.0,0
913,0.5,0.23432601880877743,0.2785584039472273,0.25274725274725274,0.5660377358490566,0.0,1
3048,0.4090909090909091,0.16379310344827586,0.21350423683363726,0.24675324675324675,0.339622641509434,0.0,0
6726,0.4318181818181819,0.21943573667711597,0.26482891773034434,0.20408163265306123,0.5283018867924528,0.3333333333333333,0
3551,0.4545454545454546,0.1974921630094044,0.2930923522471307,0.25,0.5283018867924528,0.6666666666666666,0
7871,0.20454545454545456,0.04702194357366771,0.07443955808216239,0.23809523809523808,0.4716981132075472,0.3333333333333333,0
5395,0.18181818181818182,0.03526645768025078,0.07202617183310094,0.2571428571428571,0.3584905660377359,0.0,0
6948,0.3863636363636364,0.225705329153605,0.24337659551646465,0.1607142857142857,0.6226415094339622,0.3333333333333333,0
8977,0.18181818181818182,0.04231974921630094,0.07492223533197469,0.21428571428571427,0.5094339622641509,0.3333333333333333,0
429,0.4772727272727273,0.3103448275862069,0.4195001608924166,0.17460317460317462,0.4339622641509434,0.3333333333333333,0
2769,0.4772727272727273,0.12068965517241378,0.28263434516786445,0.44897959183673464,0.49056603773584906,0.6666666666666666,1
8607,0.29545454545454547,0.10971786833855798,0.15906896921591762,0.19999999999999998,0.4716981132075472,0.3333333333333333,0
650,0.4090909090909091,0.1786833855799373,0.17580178054274376,0.22619047619047616,0.660377358490566,0.3333333333333333,0
4991,0.4090909090909091,0.19357366771159873,0.19720047195108872,0.20879120879120877,0.4716981132075472,0.0,1
6738,0.6136363636363636,0.3949843260188088,0.5089563445242947,0.2222222222222222,0.4339622641509434,0.3333333333333333,1
582,0.4545454545454546,0.21394984326018807,0.2660624262576424,0.23076923076923075,0.7547169811320755,0.0,0
6256,0.5681818181818182,0.26489028213166144,0.37026708141156284,0.2857142857142857,0.28301886792452835,0.0,0
1995,0.4545454545454546,0.21394984326018807,0.1545639815510029,0.23076923076923075,0.7169811320754718,0.3333333333333333,1
7816,0.8181818181818182,0.7249216300940439,0.66309127963102,0.2114285714285714,0.5849056603773585,0.0,1
3881,0.6363636363636364,0.38636363636363635,0.3501018985305159,0.2436974789915966,0.660377358490566,0.0,1
1445,0.6590909090909092,0.37617554858934166,0.44931888876970927,0.26785714285714285,0.28301886792452835,0.0,1
8579,0.4090909090909091,0.1786833855799373,0.2287890164110265,0.22619047619047616,0.49056603773584906,0.0,0
4803,0.4318181818181819,0.23510971786833854,0.22299688941327897,0.19047619047619047,0.6792452830188679,0.0,0
805,0.4545454545454546,0.23040752351097177,0.3021023275769602,0.21428571428571427,0.6981132075471698,0.0,0
7098,0.5,0.25235109717868337,0.4463155636597661,0.2346938775510204,0.4528301886792453,0.6666666666666666,1
6855,0.3863636363636364,0.16927899686520376,0.2337230505202188,0.21428571428571427,0.3207547169811321,0.3333333333333333,0
7445,0.5909090909090909,0.317398119122257,0.49919553791697946,0.2571428571428571,0.6792452830188679,0.0,1
391,0.8863636363636365,0.9090909090909091,0.7989917408559476,0.19704433497536947,0.4528301886792453,0.6666666666666666,1
3797,0.5454545454545455,0.274294670846395,0.4160677893381959,0.25510204081632654,0.37735849056603776,0.3333333333333333,0
4212,0.7045454545454546,0.5768025078369906,0.5346991311809504,0.19875776397515527,0.7358490566037736,0.0,1
3561,0.4772727272727273,0.22413793103448276,0.29679287782902497,0.24175824175824173,0.6415094339622641,0.0,0
2175,0.4545454545454546,0.1810344827586207,0.23452751260323929,0.2727272727272727,0.5849056603773585,0.3333333333333333,0
559,0.4318181818181819,0.2664576802507837,0.2605384532875684,0.1680672268907563,0.5471698113207547,0.3333333333333333,0
1688,0.5,0.3605015673981191,0.4302799528048912,0.16428571428571426,0.5660377358490566,0.6666666666666666,1
2954,0.5909090909090909,0.317398119122257,0.4543065536844363,0.2571428571428571,0.5283018867924528,0.3333333333333333,1
7275,0.6136363636363636,0.329153605015674,0.4113482784511423,0.26666666666666666,0.3207547169811321,0.0,1
8689,0.4318181818181819,0.21943573667711597,0.2465944438485466,0.20408163265306123,0.28301886792452835,0.0,0
8527,0.27272727272727276,0.1018808777429467,0.09068969215917622,0.18571428571428572,0.5094339622641509,0.0,0
2775,0.34090909090909094,0.1755485893416928,0.16829346776788587,0.16326530612244897,0.22641509433962265,0.0,0
3253,0.6363636363636364,0.45454545454545453,0.5554006221173443,0.20714285714285713,0.5849056603773585,0.3333333333333333,1
3908,0.4318181818181819,0.21943573667711597,0.28091815939075404,0.20408163265306123,0.5660377358490566,0.0,0
1640,0.4318181818181819,0.23510971786833854,0.2455218277378526,0.19047619047619047,0.49056603773584906,0.0,0
4040,0.27272727272727276,0.1018808777429467,0.10254210018234473,0.18571428571428572,0.4716981132075472,0.3333333333333333,0
6754,0.3863636363636364,0.12695924764890282,0.2626836855089564,0.2857142857142857,0.28301886792452835,0.0,0
1455,0.4545454545454546,0.23040752351097177,0.35053094497479353,0.21428571428571427,0.7358490566037736,0.0,1
3481,0.4545454545454546,0.1810344827586207,0.2469162286817548,0.2727272727272727,0.39622641509433965,0.0,1
399,0.29545454545454547,0.10971786833855798,0.14029818727877294,0.19999999999999998,0.6226415094339622,0.0,0
4132,0.7045454545454546,0.5266457680250783,0.653115949801566,0.21768707482993194,0.5660377358490566,0.0,1
7644,0.7045454545454546,0.5517241379310345,0.6239407915906896,0.20779220779220778,0.5660377358490566,0.0,0
1807,1.0,0.9874608150470219,0.9673924702349029,0.22959183673469388,0.5471698113207547,0.3333333333333333,1
3691,0.4545454545454546,0.1810344827586207,0.2615574385927276,0.2727272727272727,0.5849056603773585,0.3333333333333333,1
5605,0.36363636363636365,0.11990595611285267,0.14920090099753297,0.2698412698412698,0.6792452830188679,0.3333333333333333,0
8268,0.27272727272727276,0.08150470219435736,0.136007722835997,0.23214285714285712,0.4528301886792453,0.3333333333333333,0
4918,0.4772727272727273,0.24137931034482757,0.3227501877078194,0.22448979591836732,0.5094339622641509,0.0,0
907,0.6136363636363636,0.48275862068965514,0.46841145554006225,0.1818181818181818,0.339622641509434,0.3333333333333333,1
8468,0.4772727272727273,0.29310344827586204,0.3038721441596053,0.18487394957983194,0.8490566037735849,0.0,1
8036,0.11363636363636362,0.009404388714733543,0.048053201759090426,0.42857142857142855,0.4528301886792453,0.3333333333333333,0
8130,0.36363636363636365,0.21316614420062696,0.1984339804783868,0.15178571428571427,0.5283018867924528,0.0,0
2974,0.5,0.3064263322884012,0.3501018985305159,0.19327731092436976,0.3207547169811321,0.6666666666666666,0
4089,0.5227272727272727,0.2445141065830721,0.24723801351496302,0.26373626373626374,0.4339622641509434,0.0,0
3909,0.8863636363636365,0.7523510971786833,0.8697844041617505,0.23809523809523808,0.4528301886792453,0.6666666666666666,1
8039,0.3863636363636364,0.0987460815047022,0.21634666952697626,0.3673469387755102,0.5283018867924528,0.0,0
7736,0.4318181818181819,0.18808777429467083,0.2111981121956452,0.23809523809523808,0.3584905660377359,0.3333333333333333,0
5057,0.29545454545454547,0.1426332288401254,0.14705566877614504,0.15384615384615383,0.6981132075471698,0.0,0
8858,0.7727272727272728,0.603448275862069,0.653115949801566,0.22727272727272724,0.39622641509433965,0.0,1
3500,0.4318181818181819,0.2037617554858934,0.29057170438699986,0.21978021978021978,0.339622641509434,0.6666666666666666,0
8244,0.29545454545454547,0.0768025078369906,0.11401909256677034,0.2857142857142857,0.49056603773584906,0.0,0
7260,0.27272727272727276,0.08150470219435736,0.1109085058457578,0.23214285714285712,0.4339622641509434,0.3333333333333333,0
3873,0.27272727272727276,0.1018808777429467,0.1492545318030677,0.18571428571428572,0.169811320754717,0.3333333333333333,0
1506,0.6590909090909092,0.3996865203761755,0.6166470020379706,0.25210084033613445,0.5660377358490566,0.6666666666666666,1
2040,0.6363636363636364,0.4318181818181818,0.5429582752332939,0.21804511278195488,0.5849056603773585,0.3333333333333333,1
1239,0.4318181818181819,0.23510971786833854,0.1961814866459294,0.19047619047619047,0.7358490566037736,0.3333333333333333,0
8239,0.5909090909090909,0.4231974921630094,0.3833529979620294,0.19285714285714287,0.8867924528301887,0.6666666666666666,1
1533,0.6590909090909092,0.47021943573667707,0.5506811112302906,0.21428571428571427,0.3584905660377359,0.3333333333333333,1
672,0.4545454545454546,0.24686520376175547,0.20637133969752225,0.19999999999999998,0.49056603773584906,0.3333333333333333,0
8604,0.3863636363636364,0.15517241379310345,0.21055454252922878,0.23376623376623376,0.5849056603773585,0.3333333333333333,0
4518,0.22727272727272727,0.05172413793103448,0.11332189209481926,0.26190476190476186,0.8113207547169812,0.0,0
5413,0.6136363636363636,0.3949843260188088,0.6230826987021345,0.2222222222222222,0.5660377358490566,0.3333333333333333,1
3905,0.4090909090909091,0.16379310344827586,0.21961814866459292,0.24675324675324675,0.39622641509433965,0.3333333333333333,0
7238,0.3863636363636364,0.16927899686520376,0.184489971039365,0.21428571428571427,0.6226415094339622,0.3333333333333333,1
3939,0.4545454545454546,0.3126959247648903,0.3201222782366191,0.15789473684210528,0.6792452830188679,0.3333333333333333,0
2785,0.27272727272727276,0.09169278996865203,0.1645929421859916,0.20634920634920634,0.339622641509434,0.3333333333333333,0
1126,0.20454545454545456,0.08620689655172413,0.0798026386356323,0.12987012987012986,0.5283018867924528,0.0,0
3385,0.7045454545454546,0.45141065830721,0.5535771747291645,0.25396825396825395,0.6981132075471698,1.0,1
4787,0.5,0.23432601880877743,0.27362436983803495,0.25274725274725274,0.8867924528301887,0.3333333333333333,1
1201,0.6818181818181819,0.5101880877742947,0.4745253673710179,0.2108843537414966,0.4339622641509434,0.0,1
1338,0.7045454545454546,0.47648902821316613,0.4900783009760806,0.24060150375939848,0.6415094339622641,0.0,1
4260,0.6590909090909092,0.3996865203761755,0.48310629625656976,0.25210084033613445,0.5471698113207547,0.6666666666666666,1
7922,0.6363636363636364,0.36363636363636365,0.4434195001608924,0.2589285714285714,0.7169811320754718,0.3333333333333333,1
321,0.6363636363636364,0.40909090909090906,0.5756194358039257,0.23015873015873015,0.6226415094339622,0.3333333333333333,1
2915,0.5227272727272727,0.3573667711598746,0.3656548321355787,0.18045112781954886,0.6792452830188679,0.3333333333333333,0
6938,0.7272727272727273,0.6206896551724138,0.6419071114448139,0.19642857142857142,0.49056603773584906,0.6666666666666666,1
8195,0.6818181818181819,0.5344827586206896,0.4911509170867746,0.2012987012987013,0.41509433962264153,0.0,1
3355,0.4545454545454546,0.1974921630094044,0.3111123029067897,0.25,0.41509433962264153,0.3333333333333333,0
3987,0.22727272727272727,0.06896551724137931,0.13396975222567842,0.19642857142857142,0.6037735849056604,0.6666666666666666,0
3934,0.36363636363636365,0.14655172413793102,0.19661053309020698,0.22077922077922077,0.7924528301886793,0.0,0
1829,0.4318181818181819,0.2037617554858934,0.2894990882763059,0.21978021978021978,0.5849056603773585,0.6666666666666666,1
664,0.4545454545454546,0.24686520376175547,0.20749758661375095,0.19999999999999998,0.4528301886792453,0.6666666666666666,0
784,0.3863636363636364,0.1974921630094044,0.21055454252922878,0.1836734693877551,0.6792452830188679,0.0,0
4144,0.75,0.5062695924764891,0.6196503271479137,0.2556390977443609,0.5094339622641509,0.0,1
5245,0.5,0.21630094043887146,0.3352997962029389,0.2738095238095238,0.4716981132075472,0.3333333333333333,1
3836,0.5909090909090909,0.3385579937304075,0.4499624584361257,0.24107142857142855,0.6226415094339622,0.6666666666666666,1
3062,0.11363636363636362,0.023510971786833854,0.03292931459830526,0.1714285714285714,0.660377358490566,0.0,0
4493,0.36363636363636365,0.15987460815047022,0.24310844148879115,0.20238095238095238,0.49056603773584906,0.6666666666666666,0
1578,0.6136363636363636,0.4169278996865204,0.5269762951839536,0.21052631578947367,0.4339622641509434,0.0,0
383,0.31818181818181823,0.14106583072100312,0.17982409095784618,0.17857142857142855,0.339622641509434,0.0,0
6875,0.5,0.27037617554858934,0.29212699774750617,0.21904761904761905,0.39622641509433965,0.3333333333333333,0
2808,0.7954545454545455,0.6206896551724138,0.6256569773678,0.23376623376623376,0.7547169811320755,0.3333333333333333,1
1172,0.75,0.6394984326018809,0.776466802531374,0.20238095238095238,0.20754716981132076,0.0,1
7149,0.18181818181818182,0.028213166144200625,0.07926633058028532,0.3214285714285714,0.3207547169811321,0.0,0
3,0.34090909090909094,0.13793103448275862,0.15456398155100287,0.20779220779220778,0.4528301886792453,0.0,0
2021,0.36363636363636365,0.21316614420062696,0.2011691515606564,0.15178571428571427,0.5849056603773585,0.0,0
3427,0.6590909090909092,0.35266457680250785,0.5506811112302906,0.2857142857142857,0.41509433962264153,0.6666666666666666,1
7634,0.29545454545454547,0.12068965517241378,0.13954735600128715,0.1818181818181818,0.6981132075471698,0.0,0
1901,0.3863636363636364,0.225705329153605,0.20090099753298296,0.1607142857142857,0.4339622641509434,0.0,0
5418,0.7954545454545455,0.6206896551724138,0.7550144803174943,0.23376623376623376,0.660377358490566,0.3333333333333333,1
5652,0.22727272727272727,0.034482758620689655,0.07733562158103614,0.39285714285714285,0.3207547169811321,0.3333333333333333,0
6975,0.5909090909090909,0.3385579937304075,0.270406521505953,0.24107142857142855,0.5660377358490566,0.3333333333333333,1
3469,0.29545454545454547,0.1426332288401254,0.12753405556151454,0.15384615384615383,0.4339622641509434,0.0,0
3162,0.7045454545454546,0.4012539184952978,0.6187922342593586,0.2857142857142857,0.49056603773584906,0.6666666666666666,1
7106,0.6136363636363636,0.3510971786833856,0.36780006435696666,0.25,0.7358490566037736,0.0,1
8625,0.6136363636363636,0.43887147335423193,0.48643140619972103,0.19999999999999998,0.5094339622641509,0.0,1
6080,0.27272727272727276,0.08150470219435736,0.15831813793843186,0.23214285714285712,0.4528301886792453,0.3333333333333333,0
6886,0.5227272727272727,0.2445141065830721,0.38238764346240484,0.26373626373626374,0.30188679245283023,0.3333333333333333,0
5069,0.31818181818181823,0.09404388714733541,0.15810361471629303,0.26785714285714285,0.28301886792452835,0.3333333333333333,0
7334,0.5454545454545455,0.3330721003134796,0.374503915048804,0.21008403361344538,0.6037735849056604,0.3333333333333333,0
6310,0.4545454545454546,0.23040752351097177,0.260431191676499,0.21428571428571427,0.339622641509434,0.0,1
8385,0.7045454545454546,0.45141065830721,0.5638742893918266,0.25396825396825395,0.5283018867924528,1.0,1
3052,0.31818181818181823,0.09404388714733541,0.20637133969752225,0.26785714285714285,0.41509433962264153,0.6666666666666666,0
4232,0.4772727272727273,0.22413793103448276,0.3416282312560335,0.24175824175824173,0.7924528301886793,0.0,0
3592,0.4545454545454546,0.164576802507837,0.2401587471843827,0.3,0.339622641509434,0.3333333333333333,0
4301,0.36363636363636365,0.1865203761755486,0.16378848010297115,0.173469387755102,0.3584905660377359,0.0,0
274,0.5909090909090909,0.317398119122257,0.26027029925989487,0.2571428571428571,0.6415094339622641,0.3333333333333333,1
237,0.4772727272727273,0.24137931034482757,0.39826236190067577,0.22448979591836732,0.4528301886792453,0.6666666666666666,0
1532,0.5,0.3064263322884012,0.35503593263970823,0.19327731092436976,0.5471698113207547,0.3333333333333333,0
8855,0.7045454545454546,0.6520376175548589,0.6668454360184489,0.17582417582417584,0.24528301886792453,0.3333333333333333,1
8524,0.6590909090909092,0.5407523510971787,0.6198648503700526,0.18633540372670807,0.5094339622641509,0.3333333333333333,1
7194,0.29545454545454547,0.10971786833855798,0.09449747935213987,0.19999999999999998,0.5660377358490566,0.0,0
2562,0.1590909090909091,0.0438871473354232,0.07304515713826022,0.16326530612244897,0.3584905660377359,0.0,0
4361,0.4090909090909091,0.2084639498432602,0.29909900246701704,0.19387755102040816,0.339622641509434,0.0,0
4559,0.7045454545454546,0.5015673981191222,0.685723479566663,0.22857142857142856,0.5660377358490566,0.3333333333333333,1
1635,0.34090909090909094,0.13793103448275862,0.1957524402016518,0.20779220779220778,0.339622641509434,0.0,0
5532,0.4090909090909091,0.1786833855799373,0.2399978547677786,0.22619047619047616,0.5094339622641509,0.0,0
8062,0.4545454545454546,0.26332288401253917,0.28295613000107267,0.1875,0.5849056603773585,0.0,0
3462,0.5681818181818182,0.3056426332288401,0.3591118738603454,0.24761904761904763,0.7358490566037736,0.3333333333333333,1
7327,0.7045454545454546,0.5517241379310345,0.47806500053630807,0.20779220779220778,0.28301886792452835,0.3333333333333333,1
8688,0.4090909090909091,0.13401253918495298,0.2349029282419822,0.30158730158730157,0.6792452830188679,0.3333333333333333,0
2925,0.7272727272727273,0.5431034482758621,0.7126997747506167,0.22448979591836732,0.39622641509433965,0.0,1
3656,0.18181818181818182,0.03526645768025078,0.07057814008366405,0.2571428571428571,0.660377358490566,0.0,0
4339,0.4772727272727273,0.22413793103448276,0.31449104365547575,0.24175824175824173,0.49056603773584906,0.0,1
1684,0.5454545454545455,0.3134796238244514,0.23506382065858633,0.2232142857142857,0.6415094339622641,0.0,1
3684,0.5227272727272727,0.3385579937304075,0.37337766813257545,0.19047619047619047,0.5660377358490566,0.0,1
6978,0.36363636363636365,0.15987460815047022,0.2704601523114877,0.20238095238095238,0.3584905660377359,0.0,0
8122,0.11363636363636362,0.032915360501567396,0.050949265257964164,0.12244897959183672,0.5660377358490566,0.0,0
2079,0.31818181818181823,0.15282131661442006,0.14442775930494475,0.1648351648351648,0.339622641509434,0.0,0
5768,0.5681818181818182,0.26489028213166144,0.2545318030676821,0.2857142857142857,0.6415094339622641,0.3333333333333333,1
4150,0.29545454545454547,0.10971786833855798,0.1598198004934034,0.19999999999999998,0.37735849056603776,0.3333333333333333,0
7130,0.36363636363636365,0.1865203761755486,0.19114019092566772,0.173469387755102,0.6981132075471698,0.0,0
5514,0.4545454545454546,0.21394984326018807,0.2334012656870106,0.23076923076923075,0.5283018867924528,0.0,0
6932,0.5,0.3064263322884012,0.3575029496943044,0.19327731092436976,0.30188679245283023,0.0,0
2201,0.34090909090909094,0.12539184952978055,0.16400300332510995,0.22857142857142856,0.3584905660377359,0.0,0
5758,0.6363636363636364,0.36363636363636365,0.4854124208945618,0.2589285714285714,0.339622641509434,0.3333333333333333,0
4409,0.6363636363636364,0.40909090909090906,0.5242947549072187,0.23015873015873015,0.3207547169811321,0.3333333333333333,0
8642,0.4318181818181819,0.12539184952978055,0.25303014051271044,0.3571428571428571,0.39622641509433965,0.0,0
4666,0.3863636363636364,0.14106583072100312,0.22986163252172048,0.2571428571428571,0.660377358490566,0.3333333333333333,0
2772,0.27272727272727276,0.08150470219435736,0.14507132897136113,0.23214285714285712,0.2641509433962264,0.3333333333333333,0
1123,0.36363636363636365,0.1731974921630094,0.17746433551431942,0.18681318681318682,0.5094339622641509,0.0,0
5453,0.5681818181818182,0.32601880877742945,0.28939182666523655,0.23214285714285712,0.4339622641509434,0.3333333333333333,0
6609,0.4318181818181819,0.1567398119122257,0.28091815939075404,0.2857142857142857,0.5094339622641509,0.3333333333333333,1
6737,0.5681818181818182,0.32601880877742945,0.4302263219993564,0.23214285714285712,0.41509433962264153,0.0,1
3272,0.34090909090909094,0.15047021943573669,0.1974686259787622,0.19047619047619047,0.8679245283018868,0.0,0
3531,0.27272727272727276,0.09169278996865203,0.16319854124208946,0.20634920634920634,0.3584905660377359,0.0,0
8517,0.5681818181818182,0.38714733542319746,0.4860023597554435,0.19548872180451127,0.6415094339622641,0.3333333333333333,1
1359,0.31818181818181823,0.10579937304075235,0.15005899388608818,0.23809523809523808,0.28301886792452835,0.3333333333333333,0
5528,0.6590909090909092,0.4231974921630094,0.531374021237799,0.23809523809523808,0.5849056603773585,0.3333333333333333,1
2342,0.29545454545454547,0.13166144200626959,0.19285637670277808,0.16666666666666666,0.41509433962264153,0.0,0
3970,0.4318181818181819,0.09404388714733541,0.2787729271693661,0.47619047619047616,0.169811320754717,0.6666666666666666,0
3083,0.4090909090909091,0.19357366771159873,0.2603775608709643,0.20879120879120877,0.4716981132075472,0.0,0
4808,0.1590909090909091,0.03761755485893417,0.054596160034323715,0.19047619047619047,0.4528301886792453,0.3333333333333333,0
2708,0.27272727272727276,0.05094043887147335,0.0802316850799099,0.37142857142857144,0.4339622641509434,0.0,0
1159,0.5227272727272727,0.31974921630094044,0.4132789874503915,0.20168067226890757,0.6415094339622641,0.3333333333333333,1
3484,0.4545454545454546,0.1810344827586207,0.19848761128392148,0.2727272727272727,0.6037735849056604,0.3333333333333333,0
4327,0.36363636363636365,0.1731974921630094,0.2412849941006114,0.18681318681318682,0.7169811320754718,0.0,0
7316,0.36363636363636365,0.1731974921630094,0.17564088812613968,0.18681318681318682,0.6415094339622641,0.3333333333333333,0
8727,0.5909090909090909,0.38087774294670845,0.4543065536844363,0.21428571428571427,0.660377358490566,1.0,1
7594,0.5,0.23432601880877743,0.36490400085809294,0.25274725274725274,0.6792452830188679,0.3333333333333333,1
4435,0.09090909090909091,0.011755485893416927,0.028317065322321144,0.23809523809523808,0.339622641509434,0.0,0
7269,0.4090909090909091,0.25313479623824453,0.21248525152847797,0.15966386554621848,0.4716981132075472,0.0,0
101,0.5681818181818182,0.4482758620689655,0.5097071758017805,0.16883116883116883,0.49056603773584906,0.0,1
4670,0.5454545454545455,0.3330721003134796,0.3423254317279846,0.21008403361344538,0.5849056603773585,0.0,1
7707,0.22727272727272727,0.06034482758620689,0.06376702778075727,0.22448979591836732,0.4528301886792453,0.0,0
5363,0.5681818181818182,0.3056426332288401,0.386999892738389,0.24761904761904763,0.41509433962264153,0.3333333333333333,0
2343,0.20454545454545456,0.07836990595611285,0.06907647752869248,0.14285714285714285,0.3584905660377359,0.0,0
5719,0.27272727272727276,0.08150470219435736,0.12345811434087739,0.23214285714285712,0.5283018867924528,0.0,0
8040,0.6136363636363636,0.3949843260188088,0.4578998176552612,0.2222222222222222,0.49056603773584906,0.3333333333333333,1
8076,0.27272727272727276,0.08150470219435736,0.09068969215917622,0.23214285714285712,0.7169811320754718,0.0,0
2739,0.4318181818181819,0.2037617554858934,0.18545532553898958,0.21978021978021978,0.6792452830188679,0.0,1
4433,0.6136363636363636,0.4169278996865204,0.41885659122600016,0.21052631578947367,0.6226415094339622,0.0,1
1667,0.5,0.3064263322884012,0.3895741714040545,0.19327731092436976,0.39622641509433965,0.0,0
6219,0.7045454545454546,0.6018808777429467,0.5844685187171511,0.19047619047619047,0.6037735849056604,0.3333333333333333,1
8683,0.5454545454545455,0.274294670846395,0.3691408344953341,0.25510204081632654,0.37735849056603776,0.6666666666666666,1
7432,0.6818181818181819,0.5101880877742947,0.5842539954950123,0.2108843537414966,0.39622641509433965,0.0,1
5568,0.4318181818181819,0.2664576802507837,0.2605384532875684,0.1680672268907563,0.49056603773584906,0.0,0
771,0.5909090909090909,0.2962382445141066,0.4789230934248633,0.2755102040816326,0.5849056603773585,0.3333333333333333,0
3639,0.5454545454545455,0.35266457680250785,0.4482462726590153,0.1984126984126984,0.41509433962264153,0.0,0
999,0.5681818181818182,0.2445141065830721,0.332618255926204,0.3095238095238095,0.5471698113207547,0.0,1
1736,0.29545454545454547,0.0877742946708464,0.1485573313311166,0.25,0.5849056603773585,0.3333333333333333,0
208,0.4772727272727273,0.27586206896551724,0.3628660302477743,0.19642857142857142,0.30188679245283023,0.0,0
1210,0.8181818181818182,0.6379310344827586,0.7484178912367263,0.24025974025974026,0.20754716981132076,0.3333333333333333,1
611,0.4772727272727273,0.20689655172413793,0.2684758125067038,0.26190476190476186,0.6037735849056604,0.3333333333333333,0
5368,0.6363636363636364,0.40909090909090906,0.39365011262469163,0.23015873015873015,0.8301886792452831,0.0,0
7102,0.5227272727272727,0.2445141065830721,0.38238764346240484,0.26373626373626374,0.5660377358490566,0.3333333333333333,1
900,0.75,0.47962382445141066,0.6962351174514642,0.2698412698412698,0.7547169811320755,0.6666666666666666,1
95,0.5454545454545455,0.2938871473354232,0.3852300761557439,0.23809523809523808,0.30188679245283023,0.0,1
12,0.7045454545454546,0.6520376175548589,0.6239407915906896,0.17582417582417584,0.5849056603773585,0.3333333333333333,1
5189,0.4318181818181819,0.28213166144200624,0.27448246272659016,0.15873015873015872,0.6037735849056604,0.0,0
5705,0.4318181818181819,0.2037617554858934,0.18867317387107155,0.21978021978021978,0.6981132075471698,0.0,0
5744,0.27272727272727276,0.1018808777429467,0.13949372519575245,0.18571428571428572,0.41509433962264153,0.0,0
6242,0.27272727272727276,0.12225705329153605,0.1297329185884372,0.15476190476190474,0.5094339622641509,0.0,0
1529,0.34090909090909094,0.1128526645768025,0.11509170867746434,0.25396825396825395,0.5094339622641509,0.3333333333333333,0
3851,0.5681818181818182,0.32601880877742945,0.3716614823554649,0.23214285714285712,0.5094339622641509,0.3333333333333333,1
548,0.4318181818181819,0.18808777429467083,0.21227072830633917,0.23809523809523808,0.5849056603773585,0.3333333333333333,0
5780,0.27272727272727276,0.08150470219435736,0.10602810254210018,0.23214285714285712,0.6981132075471698,0.3333333333333333,0
6882,0.5681818181818182,0.3056426332288401,0.3228574493188887,0.24761904761904763,0.5094339622641509,0.6666666666666666,1
5297,0.4772727272727273,0.1896551724137931,0.3369087203689799,0.2857142857142857,0.4528301886792453,0.3333333333333333,1
954,0.31818181818181823,0.11755485893416927,0.1484500697200472,0.21428571428571427,0.3584905660377359,0.0,0
7648,0.4545454545454546,0.1810344827586207,0.28520862383352996,0.2727272727272727,0.3584905660377359,0.0,0
4644,0.5909090909090909,0.4231974921630094,0.6005577603775608,0.19285714285714287,0.4339622641509434,0.3333333333333333,1
6197,0.1590909090909091,0.0,0.05974471736565483,0.0,0.6415094339622641,0.0,0
2211,0.5681818181818182,0.38714733542319746,0.3716614823554649,0.19548872180451127,0.4716981132075472,0.3333333333333333,1
3207,0.22727272727272727,0.034482758620689655,0.08736458221602489,0.39285714285714285,0.4339622641509434,0.3333333333333333,0
4118,0.24999999999999997,0.05642633228840125,0.14555400622117345,0.2857142857142857,0.41509433962264153,0.0,0
7863,0.5681818181818182,0.38714733542319746,0.31867424648718223,0.19548872180451127,0.660377358490566,0.0,0
4784,0.24999999999999997,0.06583072100313479,0.09406843290786229,0.24489795918367344,0.7735849056603774,0.3333333333333333,0
3037,0.5681818181818182,0.32601880877742945,0.5752440201651828,0.23214285714285712,0.5849056603773585,0.3333333333333333,0
3548,0.5,0.27037617554858934,0.2699238442561407,0.21904761904761905,0.41509433962264153,0.3333333333333333,1
3269,0.5454545454545455,0.4114420062695925,0.4160677893381959,0.17006802721088435,0.2641509433962264,0.0,0
4290,0.31818181818181823,0.12931034482758622,0.12351174514641211,0.1948051948051948,0.22641509433962265,0.0,0
517,0.6818181818181819,0.4615987460815047,0.6540813043011905,0.23308270676691728,0.5471698113207547,0.6666666666666666,1
290,0.5454545454545455,0.274294670846395,0.40802316850799103,0.25510204081632654,0.41509433962264153,0.6666666666666666,0
2179,0.7272727272727273,0.49137931034482757,0.6808430762630054,0.24812030075187969,0.41509433962264153,0.6666666666666666,1
6115,0.5,0.2884012539184953,0.3476348814759197,0.20535714285714285,0.37735849056603776,0.0,0
7825,0.27272727272727276,0.1018808777429467,0.12136651292502412,0.18571428571428572,0.4528301886792453,0.0,0
1089,0.5681818181818182,0.4075235109717868,0.4790303550359326,0.18571428571428572,0.7735849056603774,0.0,1
6151,0.34090909090909094,0.13793103448275862,0.18545532553898958,0.20779220779220778,0.24528301886792453,0.0,0
5599,0.5454545454545455,0.3330721003134796,0.4750616754263649,0.21008403361344538,0.7547169811320755,0.0,1
6158,0.8181818181818182,0.6379310344827586,0.8218384640137294,0.24025974025974026,0.49056603773584906,0.6666666666666666,1
7060,0.4318181818181819,0.2507836990595611,0.32489541992920734,0.17857142857142855,0.41509433962264153,0.3333333333333333,0
6536,0.11363636363636362,0.023510971786833854,0.05287997425721335,0.1714285714285714,0.49056603773584906,0.0,0
8772,0.5909090909090909,0.4020376175548589,0.5440845221495226,0.20300751879699247,0.5283018867924528,0.3333333333333333,1
6065,0.36363636363636365,0.14655172413793102,0.16925882226751043,0.22077922077922077,0.6226415094339622,0.3333333333333333,0
1947,0.4318181818181819,0.17241379310344826,0.23694089885230077,0.2597402597402597,0.28301886792452835,0.3333333333333333,0
4613,0.75,0.47962382445141066,0.6360613536415316,0.2698412698412698,0.49056603773584906,0.3333333333333333,1
5179,0.4772727272727273,0.29310344827586204,0.32157030998605596,0.18487394957983194,0.6415094339622641,0.0,0
188,0.7727272727272728,0.5760188087774294,0.6662554971575673,0.23809523809523808,0.6981132075471698,0.0,1
1812,0.5681818181818182,0.3056426332288401,0.3005470342164539,0.24761904761904763,0.37735849056603776,0.0,1
874,0.5,0.2884012539184953,0.27239086131073686,0.20535714285714285,0.3584905660377359,0.3333333333333333,0
8972,0.4772727272727273,0.17241379310344826,0.24251850262790944,0.3142857142857143,0.8490566037735849,0.3333333333333333,1
8650,0.34090909090909094,0.15047021943573669,0.2017590904215381,0.19047619047619047,0.3584905660377359,0.3333333333333333,0
661,0.4772727272727273,0.20689655172413793,0.33454896492545316,0.26190476190476186,0.7735849056603774,0.0,0
1904,0.27272727272727276,0.0713166144200627,0.10114769923844255,0.2653061224489796,0.5849056603773585,0.3333333333333333,0
1856,0.24999999999999997,0.08463949843260188,0.08698916657728198,0.19047619047619047,0.4528301886792453,0.0,0
2231,0.6818181818181819,0.5344827586206896,0.47951303228574493,0.2012987012987013,0.169811320754717,0.3333333333333333,1
7310,0.5681818181818182,0.22413793103448276,0.4232543172798455,0.33766233766233766,0.39622641509433965,0.6666666666666666,1
1718,0.34090909090909094,0.12539184952978055,0.15456398155100287,0.22857142857142856,0.6415094339622641,0.0,0
294,0.29545454545454547,0.0987460815047022,0.1342915370588866,0.2222222222222222,0.6226415094339622,0.0,0
8836,0.3863636363636364,0.1974921630094044,0.1420143730558833,0.1836734693877551,0.4339622641509434,0.0,0
3791,0.6363636363636364,0.45454545454545453,0.61139118309557,0.20714285714285713,0.4339622641509434,0.0,0
2278,0.7045454545454546,0.5015673981191222,0.5861847044942615,0.22857142857142856,0.5094339622641509,0.3333333333333333,1
6236,0.3863636363636364,0.15517241379310345,0.1777324895419929,0.23376623376623376,0.6981132075471698,0.0,0
8608,0.24999999999999997,0.09404388714733541,0.0734742035825378,0.1714285714285714,0.6226415094339622,0.0,0
5714,0.5227272727272727,0.2445141065830721,0.2794164968357825,0.26373626373626374,0.169811320754717,0.0,0
1676,0.6136363636363636,0.329153605015674,0.4023383031213129,0.26666666666666666,0.6981132075471698,0.6666666666666666,1
8516,0.34090909090909094,0.13793103448275862,0.15370588866244772,0.20779220779220778,0.49056603773584906,0.3333333333333333,0
8717,0.7727272727272728,0.46630094043887144,0.6024348385712753,0.2941176470588235,0.6037735849056604,1.0,1
8102,0.24999999999999997,0.06583072100313479,0.08184060924595088,0.24489795918367344,0.37735849056603776,0.3333333333333333,0
5271,0.6590909090909092,0.44670846394984326,0.5136758554113482,0.22556390977443608,0.6226415094339622,0.0,1
6293,0.3863636363636364,0.18338557993730406,0.18835138903786336,0.1978021978021978,0.3584905660377359,0.3333333333333333,0
1593,0.3863636363636364,0.1128526645768025,0.25496084951195963,0.3214285714285714,0.3207547169811321,0.3333333333333333,0
5623,0.5454545454545455,0.372257053291536,0.38388930601737636,0.18796992481203006,0.5471698113207547,0.0,1
7561,0.24999999999999997,0.09404388714733541,0.08377131824520002,0.1714285714285714,0.4716981132075472,0.3333333333333333,0
1879,0.4772727272727273,0.24137931034482757,0.36640566341306446,0.22448979591836732,0.4716981132075472,0.3333333333333333,0
1750,0.34090909090909094,0.13793103448275862,0.19317816153598624,0.20779220779220778,0.5849056603773585,0.3333333333333333,0
7490,0.5909090909090909,0.38087774294670845,0.458650648932747,0.21428571428571427,0.5660377358490566,0.3333333333333333,1
3998,0.5,0.23432601880877743,0.3303657620937466,0.25274725274725274,0.5283018867924528,0.0,1
1469,0.5681818181818182,0.2852664576802508,0.49157996353105216,0.2653061224489796,0.41509433962264153,0.0,0
4646,0.4090909090909091,0.19357366771159873,0.1921055454252923,0.20879120879120877,0.41509433962264153,0.0,0
2063,0.5227272727272727,0.28213166144200624,0.36694197146841145,0.22857142857142856,0.6792452830188679,0.0,1
137,0.4090909090909091,0.1786833855799373,0.1727448246272659,0.22619047619047616,0.5471698113207547,0.3333333333333333,0
7711,0.31818181818181823,0.0822884012539185,0.18545532553898958,0.3061224489795918,0.5094339622641509,0.0,0
8796,0.7045454545454546,0.45141065830721,0.5724552182773784,0.25396825396825395,0.660377358490566,0.0,1
5463,0.4318181818181819,0.2037617554858934,0.2712646143945082,0.21978021978021978,0.7547169811320755,0.3333333333333333,1
7897,0.36363636363636365,0.14655172413793102,0.14373055883299368,0.22077922077922077,0.18867924528301888,0.0,0
2691,0.36363636363636365,0.14655172413793102,0.16743537487933066,0.22077922077922077,0.5849056603773585,0.0,0
610,0.31818181818181823,0.10579937304075235,0.14523222138796524,0.23809523809523808,0.5471698113207547,0.0,0
601,0.36363636363636365,0.07993730407523511,0.19114019092566772,0.40476190476190477,0.22641509433962265,0.6666666666666666,0
1848,0.11363636363636362,0.009404388714733543,0.03453823876434624,0.42857142857142855,0.49056603773584906,0.0,0
6039,0.4318181818181819,0.2037617554858934,0.2787729271693661,0.21978021978021978,0.4528301886792453,0.0,0
4457,0.29545454545454547,0.0768025078369906,0.1530623189960313,0.2857142857142857,0.8301886792452831,0.0,0
8494,0.24999999999999997,0.09404388714733541,0.10179126890485896,0.1714285714285714,0.6037735849056604,0.3333333333333333,0
3923,0.5454545454545455,0.2938871473354232,0.410704708784726,0.23809523809523808,0.20754716981132076,0.3333333333333333,1
4587,0.3863636363636364,0.2115987460815047,0.3225356644856806,0.1714285714285714,0.4339622641509434,0.0,0
272,0.29545454545454547,0.1426332288401254,0.17408559476563337,0.15384615384615383,0.4528301886792453,0.0,0
768,0.4318181818181819,0.21943573667711597,0.21870642497050305,0.20408163265306123,0.6792452830188679,0.0,1
5437,0.7045454545454546,0.6018808777429467,0.6102113053738066,0.19047619047619047,0.37735849056603776,0.0,0
7745,0.34090909090909094,0.13793103448275862,0.20261718331009332,0.20779220779220778,0.6226415094339622,0.3333333333333333,0
7233,0.4090909090909091,0.2084639498432602,0.2970610318566985,0.19387755102040816,0.5283018867924528,0.3333333333333333,0
5421,0.20454545454545456,0.023510971786833854,0.09642818835138904,0.47619047619047616,0.30188679245283023,0.0,0
8766,0.34090909090909094,0.15047021943573669,0.17515821087632735,0.19047619047619047,0.3584905660377359,0.3333333333333333,0
8454,0.7272727272727273,0.5172413793103449,0.6259787622010081,0.23571428571428568,0.7547169811320755,0.6666666666666666,1
8201,0.4545454545454546,0.21394984326018807,0.3516571918910222,0.23076923076923075,0.3207547169811321,0.3333333333333333,0
3464,0.4318181818181819,0.23510971786833854,0.284136007722836,0.19047619047619047,0.15094339622641512,0.0,0
1097,0.36363636363636365,0.1731974921630094,0.25222567842969,0.18681318681318682,0.7358490566037736,0.3333333333333333,0
5013,0.5,0.1982758620689655,0.21934999463691943,0.2987012987012987,0.3207547169811321,0.6666666666666666,0
6704,0.5454545454545455,0.3134796238244514,0.32087310951410486,0.2232142857142857,0.6981132075471698,0.0,1
4953,0.5227272727272727,0.26332288401253917,0.39397189745789973,0.24489795918367344,0.5660377358490566,0.0,1
4757,0.1590909090909091,0.018808777429467086,0.054167113590046126,0.38095238095238093,0.4528301886792453,0.0,0
4996,0.4772727272727273,0.25862068965517243,0.32628982087310954,0.2095238095238095,0.30188679245283023,0.3333333333333333,1
6606,0.5681818181818182,0.3056426332288401,0.39257749651399765,0.24761904761904763,0.5849056603773585,0.0,1
2872,0.4545454545454546,0.24686520376175547,0.3156172905717043,0.19999999999999998,0.30188679245283023,0.6666666666666666,0
8817,0.22727272727272727,0.05172413793103448,0.04547892309342486,0.26190476190476186,0.7169811320754718,0.0,0
3761,0.6363636363636364,0.38636363636363635,0.5336265150702563,0.2436974789915966,0.339622641509434,0.6666666666666666,1
3999,0.04545454545454545,0.0,0.013139547356001289,0.0,0.24528301886792453,0.6666666666666666,0
2757,0.5,0.3064263322884012,0.35380242411241014,0.19327731092436976,0.4528301886792453,0.0,0
5171,0.75,0.47962382445141066,0.5758875898315993,0.2698412698412698,0.5471698113207547,0.3333333333333333,1
6011,0.6363636363636364,0.47727272727272724,0.446530086881905,0.19727891156462585,0.660377358490566,0.0,1
302,0.4090909090909091,0.2084639498432602,0.245092781293575,0.19387755102040816,0.5660377358490566,0.0,0
8929,0.8181818181818182,0.5799373040752351,0.7642926096749972,0.2642857142857143,0.5094339622641509,0.3333333333333333,1
8330,0.31818181818181823,0.058777429467084634,0.11305373806714576,0.42857142857142855,0.5849056603773585,0.3333333333333333,0
3558,0.27272727272727276,0.09169278996865203,0.11718331009331759,0.20634920634920634,0.24528301886792453,0.3333333333333333,0
1974,0.5681818181818182,0.38714733542319746,0.47345275126032393,0.19548872180451127,0.13207547169811323,0.0,0
3706,0.5909090909090909,0.3385579937304075,0.3862490614609031,0.24107142857142855,0.3584905660377359,0.3333333333333333,0
7282,0.29545454545454547,0.0987460815047022,0.10651077979191247,0.2222222222222222,0.4716981132075472,0.0,0
7621,0.34090909090909094,0.07523510971786834,0.13826021666845437,0.38095238095238093,0.4716981132075472,0.6666666666666666,0
1530,0.29545454545454547,0.13166144200626959,0.1725839322106618,0.16666666666666666,0.7358490566037736,0.0,0
5576,0.22727272727272727,0.05172413793103448,0.0932639708248418,0.26190476190476186,0.37735849056603776,0.0,0
7110,0.5,0.3244514106583072,0.40437627373163143,0.1825396825396825,0.3207547169811321,0.0,1
7188,0.1590909090909091,0.0438871473354232,0.061460903142765214,0.16326530612244897,0.4528301886792453,0.0,0
72,0.6818181818181819,0.48589341692789967,0.5825914405234366,0.22142857142857142,0.2641509433962264,0.6666666666666666,1
135,0.7727272727272728,0.5760188087774294,0.6831492009009975,0.23809523809523808,0.2641509433962264,1.0,1
7681,0.27272727272727276,0.05094043887147335,0.12276091386892632,0.37142857142857144,0.3584905660377359,0.0,0
2233,0.7272727272727273,0.6206896551724138,0.7357073903250027,0.19642857142857142,0.5660377358490566,0.6666666666666666,1
7919,0.5909090909090909,0.46551724137931033,0.5397404269012119,0.17532467532467533,0.5094339622641509,0.0,0
1308,0.7045454545454546,0.6018808777429467,0.6033465622653652,0.19047619047619047,0.7547169811320755,0.3333333333333333,1
8319,0.5227272727272727,0.28213166144200624,0.29872358682827416,0.22857142857142856,0.41509433962264153,0.6666666666666666,1
3373,0.34090909090909094,0.10031347962382445,0.16486109621366513,0.2857142857142857,0.5660377358490566,0.3333333333333333,0
4858,0.5909090909090909,0.3385579937304075,0.3152955057384962,0.24107142857142855,0.7169811320754718,0.0,1
5549,0.4090909090909091,0.19357366771159873,0.22471307519038936,0.20879120879120877,0.30188679245283023,0.0,1
1102,0.11363636363636362,0.009404388714733543,0.04000858092888556,0.42857142857142855,0.339622641509434,0.0,0
4536,0.5,0.27037617554858934,0.2859594551110157,0.21904761904761905,0.6792452830188679,0.3333333333333333,0
4274,0.7954545454545455,0.6489028213166144,0.8225892952912153,0.2236024844720497,0.4716981132075472,0.3333333333333333,1
7798,0.6590909090909092,0.35266457680250785,0.5458543387321677,0.2857142857142857,0.4716981132075472,0.0,1
315,0.5,0.2884012539184953,0.4006757481497373,0.20535714285714285,0.4528301886792453,0.3333333333333333,0
502,0.7727272727272728,0.5211598746081505,0.593049447602703,0.2631578947368421,0.4716981132075472,0.0,1
7694,0.4090909090909091,0.1786833855799373,0.1961814866459294,0.22619047619047616,0.4528301886792453,0.0,0
162,0.22727272727272727,0.034482758620689655,0.07025635525045586,0.39285714285714285,0.39622641509433965,0.3333333333333333,0
6838,0.5227272727272727,0.28213166144200624,0.39011047945940147,0.22857142857142856,0.7547169811320755,0.0,0
8329,0.34090909090909094,0.18808777429467083,0.1725839322106618,0.15238095238095237,0.660377358490566,0.0,0
266,0.5,0.27037617554858934,0.2773248954199292,0.21904761904761905,0.5283018867924528,0.0,1
3732,0.4318181818181819,0.17241379310344826,0.18116486109621366,0.2597402597402597,0.3207547169811321,0.3333333333333333,0
5473,0.24999999999999997,0.09404388714733541,0.13010833422718007,0.1714285714285714,0.339622641509434,0.0,0
5423,0.6363636363636364,0.40909090909090906,0.5289606349887375,0.23015873015873015,0.41509433962264153,0.6666666666666666,1
3630,0.5454545454545455,0.35266457680250785,0.3812077657406414,0.1984126984126984,0.5660377358490566,0.3333333333333333,0
1835,0.4090909090909091,0.16379310344827586,0.26547248739676066,0.24675324675324675,0.39622641509433965,0.0,0
7973,0.31818181818181823,0.09404388714733541,0.1862597876220101,0.26785714285714285,0.6415094339622641,0.3333333333333333,0
8671,0.5227272727272727,0.30094043887147337,0.4184275447817226,0.21428571428571427,0.24528301886792453,0.3333333333333333,1
3156,0.6136363636363636,0.3730407523510972,0.5089563445242947,0.2352941176470588,0.49056603773584906,0.3333333333333333,0
3029,0.1590909090909091,0.03134796238244514,0.09149415424219673,0.22857142857142856,0.18867924528301888,0.3333333333333333,0
8174,0.3863636363636364,0.18338557993730406,0.18931674353748792,0.1978021978021978,0.4528301886792453,0.3333333333333333,0
5615,0.13636363636363635,0.016457680250783698,0.038185133540705775,0.3333333333333333,0.2641509433962264,0.0,0
3168,0.6818181818181819,0.5587774294670846,0.6125174300117987,0.19254658385093165,0.660377358490566,0.0,1
5656,0.3863636363636364,0.15517241379310345,0.2414458865172155,0.23376623376623376,0.5094339622641509,0.3333333333333333,0
8429,0.7954545454545455,0.47962382445141066,0.6662018663520325,0.3025210084033613,0.5849056603773585,1.0,1
3764,0.34090909090909094,0.1128526645768025,0.19832671886731737,0.25396825396825395,0.660377358490566,0.3333333333333333,0
7039,0.3863636363636364,0.15517241379310345,0.21441596052772713,0.23376623376623376,0.6415094339622641,0.3333333333333333,1
6237,0.4545454545454546,0.2797805642633229,0.2975973399120455,0.17647058823529413,0.660377358490566,0.0,0
7377,0.5909090909090909,0.4020376175548589,0.5382923951517752,0.20300751879699247,0.5471698113207547,0.0,1
3380,0.5909090909090909,0.44435736677115983,0.5107797919124745,0.1836734693877551,0.37735849056603776,0.3333333333333333,1
7257,0.4545454545454546,0.2962382445141066,0.2626836855089564,0.16666666666666666,0.5471698113207547,0.0,0
4876,0.36363636363636365,0.1731974921630094,0.1464657299152633,0.18681318681318682,0.4339622641509434,0.0,0
3418,0.5909090909090909,0.38087774294670845,0.4905073474203582,0.21428571428571427,0.6415094339622641,0.3333333333333333,1
1543,0.6136363636363636,0.3510971786833856,0.46841145554006225,0.25,0.5283018867924528,0.0,1
8120,0.22727272727272727,0.09482758620689655,0.11922128070363616,0.14285714285714285,0.5283018867924528,0.0,0
125,0.5454545454545455,0.2938871473354232,0.4603132039043226,0.23809523809523808,0.6037735849056604,0.3333333333333333,0
6281,0.5,0.27037617554858934,0.427812935750295,0.21904761904761905,0.6981132075471698,0.3333333333333333,1
5161,0.6136363636363636,0.46081504702194354,0.5795344846079588,0.19047619047619047,0.49056603773584906,0.0,1
5376,0.5681818181818182,0.3056426332288401,0.3479566663091279,0.24761904761904763,0.5660377358490566,0.3333333333333333,1
2386,0.6363636363636364,0.38636363636363635,0.42786656655582966,0.2436974789915966,0.37735849056603776,0.6666666666666666,0
4842,0.5909090909090909,0.3385579937304075,0.40507347420358253,0.24107142857142855,0.660377358490566,0.0,0
6744,0.3863636363636364,0.225705329153605,0.1661482355464979,0.1607142857142857,0.5094339622641509,0.0,0
1271,0.27272727272727276,0.05094043887147335,0.08720368979942078,0.37142857142857144,0.41509433962264153,0.6666666666666666,0
7870,0.29545454545454547,0.0877742946708464,0.14480317494368763,0.25,0.6037735849056604,0.3333333333333333,0
2731,0.4772727272727273,0.25862068965517243,0.2401587471843827,0.2095238095238095,0.4339622641509434,0.0,1
5471,0.5681818181818182,0.3056426332288401,0.4288319210554543,0.24761904761904763,0.4339622641509434,0.3333333333333333,1
5566,0.36363636363636365,0.13322884012539185,0.13278987450391505,0.24285714285714283,0.41509433962264153,0.3333333333333333,0
7163,0.5681818181818182,0.3667711598746081,0.46787514748471526,0.20634920634920634,0.3584905660377359,0.0,0
3746,0.5681818181818182,0.26489028213166144,0.38978869462619326,0.2857142857142857,0.5849056603773585,0.6666666666666666,1
4740,0.5227272727272727,0.26332288401253917,0.22535664485680576,0.24489795918367344,0.37735849056603776,0.0,1
387,0.5681818181818182,0.32601880877742945,0.4246487182237477,0.23214285714285712,0.4528301886792453,1.0,0
3420,0.09090909090909091,0.0,0.018931674353748793,0.0,0.41509433962264153,0.0,0
3304,0.4545454545454546,0.1974921630094044,0.3448997103936502,0.25,0.49056603773584906,0.6666666666666666,0
7171,0.5,0.27037617554858934,0.41301083342271805,0.21904761904761905,0.6037735849056604,0.0,0
7639,0.5454545454545455,0.3134796238244514,0.4536093532124852,0.2232142857142857,0.49056603773584906,0.3333333333333333,1
7167,0.6590909090909092,0.3996865203761755,0.5587257320604955,0.25210084033613445,0.49056603773584906,0.3333333333333333,1
2865,0.8409090909090909,0.7742946708463949,0.8218384640137295,0.20879120879120877,0.4528301886792453,0.0,1
4034,0.7954545454545455,0.5642633228840125,0.670063284350531,0.2571428571428571,0.7358490566037736,0.0,1
6292,0.4318181818181819,0.17241379310344826,0.3538560549179448,0.2597402597402597,0.4339622641509434,0.3333333333333333,0
5562,0.4318181818181819,0.2507836990595611,0.2927169366083878,0.17857142857142855,0.30188679245283023,0.3333333333333333,0
8485,0.4090909090909091,0.1786833855799373,0.25630161965032716,0.22619047619047616,0.24528301886792453,0.0,0
6109,0.75,0.5862068965517241,0.7399978547677786,0.22077922077922077,0.5471698113207547,0.3333333333333333,1
7808,0.5681818181818182,0.3667711598746081,0.3270406521505953,0.20634920634920634,0.6415094339622641,0.3333333333333333,1
2004,0.75,0.5595611285266457,0.6160034323715543,0.2312925170068027,0.3584905660377359,0.3333333333333333,1
6538,0.75,0.5595611285266457,0.7071758017805428,0.2312925170068027,0.4528301886792453,0.0,1
8515,0.4090909090909091,0.14890282131661442,0.23082698702134505,0.2714285714285714,0.6981132075471698,0.6666666666666666,1
7158,0.6818181818181819,0.4615987460815047,0.422986163252172,0.23308270676691728,0.49056603773584906,0.0,1
8518,0.4545454545454546,0.164576802507837,0.3313847473989059,0.3,0.7169811320754718,0.3333333333333333,0
7913,0.7272727272727273,0.33620689655172414,0.6472165611927491,0.36263736263736257,0.339622641509434,0.6666666666666666,1
8425,0.8181818181818182,0.6959247648902821,0.6829346776788586,0.22023809523809523,0.3207547169811321,0.0,1
7272,0.4545454545454546,0.24686520376175547,0.3021023275769602,0.19999999999999998,0.49056603773584906,0.3333333333333333,0
6243,0.18181818181818182,0.0493730407523511,0.07878365333047302,0.1836734693877551,0.30188679245283023,0.0,0
5892,0.6363636363636364,0.45454545454545453,0.5274053416282312,0.20714285714285713,0.339622641509434,0.0,1
8791,0.6136363636363636,0.3949843260188088,0.4669097929850906,0.2222222222222222,0.6037735849056604,0.3333333333333333,1
3468,0.5,0.34247648902821315,0.367371017912689,0.17293233082706766,0.7735849056603774,0.3333333333333333,0
1762,0.4318181818181819,0.2037617554858934,0.24337659551646465,0.21978021978021978,0.20754716981132076,0.0,0
1945,0.6363636363636364,0.5681818181818181,0.5507347420358253,0.1657142857142857,0.5283018867924528,0.0,1
5085,0.5,0.2884012539184953,0.380939611712968,0.20535714285714285,0.13207547169811323,0.6666666666666666,0
8695,0.9090909090909092,0.835423197492163,0.9137080338946689,0.22527472527472525,0.6037735849056604,0.0,1
7729,0.27272727272727276,0.09169278996865203,0.13809932425185026,0.20634920634920634,0.37735849056603776,0.3333333333333333,0
7005,0.5909090909090909,0.3385579937304075,0.5151238871607852,0.24107142857142855,0.22641509433962265,0.6666666666666666,1
3902,0.6818181818181819,0.48589341692789967,0.6457685294433122,0.22142857142857142,0.49056603773584906,0.0,1
7532,0.4090909090909091,0.1786833855799373,0.16866888340662875,0.22619047619047616,0.3584905660377359,0.3333333333333333,0
7533,0.18181818181818182,0.04231974921630094,0.07443955808216239,0.21428571428571427,0.4528301886792453,0.0,0
295,0.8181818181818182,0.6089341692789968,0.6571382602166684,0.25170068027210885,0.4716981132075472,0.3333333333333333,1
8619,0.36363636363636365,0.15987460815047022,0.2157567306660946,0.20238095238095238,0.28301886792452835,0.0,0
4837,0.6136363636363636,0.3730407523510972,0.41885659122600016,0.2352941176470588,0.4716981132075472,0.3333333333333333,1
7512,0.36363636363636365,0.13322884012539185,0.26498981014694833,0.24285714285714283,0.660377358490566,0.3333333333333333,0
6153,0.4318181818181819,0.23510971786833854,0.3109514104901856,0.19047619047619047,0.5849056603773585,0.0,0
477,0.4318181818181819,0.2664576802507837,0.3163144910436555,0.1680672268907563,0.4339622641509434,0.0,0
8096,0.6363636363636364,0.45454545454545453,0.49785476777861204,0.20714285714285713,0.7358490566037736,0.0,1
2075,0.6818181818181819,0.5101880877742947,0.5875791054381636,0.2108843537414966,0.6037735849056604,0.0,1
7851,0.18181818181818182,0.028213166144200625,0.062372626836855086,0.3214285714285714,0.4528301886792453,0.3333333333333333,0
6113,0.4318181818181819,0.2664576802507837,0.2937895527190818,0.1680672268907563,0.5094339622641509,0.0,0
7120,0.6136363636363636,0.3510971786833856,0.49243805641960736,0.25,0.5283018867924528,0.3333333333333333,1
7378,0.5454545454545455,0.3134796238244514,0.39863777753941865,0.2232142857142857,0.22641509433962265,0.3333333333333333,1
6809,0.5227272727272727,0.28213166144200624,0.23436662018663523,0.22857142857142856,0.6792452830188679,0.3333333333333333,1
4045,0.29545454545454547,0.0987460815047022,0.14555400622117343,0.2222222222222222,0.49056603773584906,0.3333333333333333,0
839,0.5,0.27037617554858934,0.34393435589402555,0.21904761904761905,0.9811320754716981,0.3333333333333333,1
5029,0.6363636363636364,0.40909090909090906,0.5849511959669634,0.23015873015873015,0.5660377358490566,0.6666666666666666,1
1081,0.5454545454545455,0.2938871473354232,0.3584146733883943,0.23809523809523808,0.4716981132075472,0.0,1
6233,0.5,0.3244514106583072,0.4648181915692373,0.1825396825396825,0.2641509433962264,0.0,0
6305,0.6590909090909092,0.49373040752351094,0.5490721870642497,0.20408163265306123,0.4528301886792453,0.3333333333333333,1
2440,0.4545454545454546,0.24686520376175547,0.3685508956344524,0.19999999999999998,0.6037735849056604,0.0,0
4427,0.5454545454545455,0.3330721003134796,0.42411241016840073,0.21008403361344538,0.41509433962264153,0.3333333333333333,0
6124,0.29545454545454547,0.12068965517241378,0.12302906789659979,0.1818181818181818,0.6037735849056604,0.0,0
888,0.27272727272727276,0.061128526645768025,0.1485573313311166,0.3095238095238095,0.4716981132075472,0.0,0
2703,0.75,0.6661442006269592,0.6178268797597338,0.19428571428571428,0.4716981132075472,0.6666666666666666,1
7902,0.18181818181818182,0.014106583072100312,0.05706317708891988,0.6428571428571428,0.4339622641509434,0.0,0
8767,0.8409090909090909,0.8636363636363636,0.8585219349994636,0.18719211822660098,0.5471698113207547,0.0,1
8978,0.5227272727272727,0.28213166144200624,0.33476348814759205,0.22857142857142856,0.3584905660377359,0.3333333333333333,0
7342,0.5227272727272727,0.2445141065830721,0.41714040544888986,0.26373626373626374,0.4528301886792453,0.0,1
7968,0.31818181818181823,0.0822884012539185,0.1476456076370267,0.3061224489795918,0.30188679245283023,0.3333333333333333,0
3021,0.29545454545454547,0.10971786833855798,0.08999249168722515,0.19999999999999998,0.5660377358490566,0.3333333333333333,0
8645,0.6136363636363636,0.2852664576802508,0.4158532661160571,0.30769230769230765,0.3207547169811321,0.0,1
5601,0.5227272727272727,0.3385579937304075,0.3888233401265687,0.19047619047619047,0.5849056603773585,0.0,0
1943,0.4545454545454546,0.21394984326018807,0.33476348814759194,0.23076923076923075,0.4716981132075472,0.0,0
3279,0.4772727272727273,0.1896551724137931,0.24723801351496302,0.2857142857142857,0.5849056603773585,0.6666666666666666,1
7579,0.4318181818181819,0.2037617554858934,0.159712538882334,0.21978021978021978,0.5094339622641509,0.6666666666666666,0
280,0.4772727272727273,0.27586206896551724,0.3428081089777968,0.19642857142857142,0.41509433962264153,0.0,1
7143,0.36363636363636365,0.11990595611285267,0.12640780864528584,0.2698412698412698,0.5471698113207547,0.3333333333333333,0
6969,0.6136363636363636,0.5047021943573667,0.5299796202938967,0.17391304347826086,0.41509433962264153,0.3333333333333333,0
3301,0.36363636363636365,0.0932601880877743,0.15831813793843183,0.346938775510204,0.5471698113207547,0.6666666666666666,0
2924,0.7272727272727273,0.4396551724137931,0.6542958275233294,0.27731092436974786,0.5471698113207547,0.6666666666666666,1
4763,0.5454545454545455,0.372257053291536,0.44020165182881044,0.18796992481203006,0.6037735849056604,0.0,1
472,0.5,0.1982758620689655,0.27609138689263113,0.2987012987012987,0.39622641509433965,0.3333333333333333,0
2385,0.36363636363636365,0.13322884012539185,0.17290571704387,0.24285714285714283,0.5660377358490566,0.3333333333333333,0
8946,0.7045454545454546,0.5768025078369906,0.6771425506811112,0.19875776397515527,0.4528301886792453,0.6666666666666666,1
1764,0.6590909090909092,0.37617554858934166,0.5281561729057169,0.26785714285714285,0.4339622641509434,0.6666666666666666,1
691,0.29545454545454547,0.06583072100313479,0.14480317494368763,0.3333333333333333,0.39622641509433965,0.6666666666666666,0
7826,0.27272727272727276,0.08150470219435736,0.0997532982945404,0.23214285714285712,0.49056603773584906,0.0,0
8550,0.6590909090909092,0.4231974921630094,0.5458543387321677,0.23809523809523808,0.41509433962264153,0.3333333333333333,1
2436,0.31818181818181823,0.11755485893416927,0.1918910222031535,0.21428571428571427,0.8113207547169812,0.3333333333333333,0
5078,0.34090909090909094,0.10031347962382445,0.20090099753298296,0.2857142857142857,0.5849056603773585,0.3333333333333333,0
244,0.5681818181818182,0.3056426332288401,0.36329507669205197,0.24761904761904763,0.4716981132075472,0.0,1
6916,0.3863636363636364,0.16927899686520376,0.19607422503486002,0.21428571428571427,0.4528301886792453,0.0,0
6693,0.4318181818181819,0.21943573667711597,0.23801351496299475,0.20408163265306123,0.30188679245283023,0.3333333333333333,0
4551,0.6136363636363636,0.4169278996865204,0.5194679824090958,0.21052631578947367,0.5849056603773585,0.0,1
4378,0.5227272727272727,0.18808777429467083,0.3720905287997426,0.3428571428571428,0.4716981132075472,0.3333333333333333,1
8151,0.5909090909090909,0.38087774294670845,0.3543923629732919,0.21428571428571427,0.37735849056603776,0.6666666666666666,0
2457,0.34090909090909094,0.13793103448275862,0.12624691622868175,0.20779220779220778,0.41509433962264153,0.0,0
6189,0.4772727272727273,0.17241379310344826,0.2460581357931996,0.3142857142857143,0.6037735849056604,0.0,1
3247,0.5,0.25235109717868337,0.27485787836533304,0.2346938775510204,0.5094339622641509,0.3333333333333333,1
1402,0.6136363636363636,0.46081504702194354,0.5555078837284135,0.19047619047619047,0.339622641509434,0.0,1
5598,0.5227272727272727,0.26332288401253917,0.37595194679824095,0.24489795918367344,0.4716981132075472,0.6666666666666666,1
3566,0.5227272727272727,0.28213166144200624,0.2652579641746219,0.22857142857142856,0.169811320754717,0.6666666666666666,0
6112,0.5227272727272727,0.3385579937304075,0.4338732167757159,0.19047619047619047,0.4716981132075472,0.0,1
936,0.4090909090909091,0.14890282131661442,0.16866888340662875,0.2714285714285714,0.5283018867924528,0.3333333333333333,0
4694,0.36363636363636365,0.13322884012539185,0.1783760592084093,0.24285714285714283,0.24528301886792453,0.3333333333333333,0
968,0.4772727272727273,0.15517241379310345,0.2342593585755658,0.34920634920634924,0.5094339622641509,0.3333333333333333,0
56,0.29545454545454547,0.13166144200626959,0.16582645071328972,0.16666666666666666,0.39622641509433965,0.0,0
1606,0.09090909090909091,0.01567398119122257,0.03850691837391398,0.17857142857142855,0.6037735849056604,0.0,0
5024,0.6363636363636364,0.38636363636363635,0.4620830204869677,0.2436974789915966,0.5471698113207547,0.3333333333333333,1
4593,0.5227272727272727,0.30094043887147337,0.36436769280274584,0.21428571428571427,0.660377358490566,0.0,0
2425,0.4545454545454546,0.21394984326018807,0.30097608066073156,0.23076923076923075,0.5471698113207547,0.3333333333333333,1
5053,0.6590909090909092,0.4231974921630094,0.5394186420680038,0.23809523809523808,0.6415094339622641,0.6666666666666666,1
3009,0.6136363636363636,0.3072100313479624,0.4158532661160571,0.2857142857142857,0.4528301886792453,0.6666666666666666,1
604,0.4318181818181819,0.18808777429467083,0.18545532553898958,0.23809523809523808,0.41509433962264153,0.3333333333333333,1
6582,0.13636363636363635,0.0054858934169279,0.05245092781293575,1.0,0.28301886792452835,0.0,0
4209,0.7954545454545455,0.6206896551724138,0.7627373163144909,0.23376623376623376,0.4716981132075472,0.3333333333333333,1
6961,0.27272727272727276,0.08150470219435736,0.0865064893274697,0.23214285714285712,0.4339622641509434,0.0,0
2094,0.7727272727272728,0.603448275862069,0.649361793414137,0.22727272727272724,0.07547169811320759,0.3333333333333333,1
4505,0.4090909090909091,0.14890282131661442,0.30928885551860985,0.2714285714285714,0.11320754716981135,0.6666666666666666,0
3818,0.6363636363636364,0.5227272727272727,0.5274053416282312,0.18012422360248448,0.41509433962264153,0.0,0
7809,0.36363636363636365,0.15987460815047022,0.22852086238335298,0.20238095238095238,0.20754716981132076,0.3333333333333333,0
620,0.7272727272727273,0.5948275862068966,0.6312882119489434,0.20496894409937885,0.49056603773584906,0.3333333333333333,1
2864,0.34090909090909094,0.1128526645768025,0.14083449533411993,0.25396825396825395,0.339622641509434,0.3333333333333333,0
8063,0.6818181818181819,0.5344827586206896,0.6008795452107691,0.2012987012987013,0.6037735849056604,0.0,1
820,0.4545454545454546,0.24686520376175547,0.2683149200900997,0.19999999999999998,0.4716981132075472,0.0,0
4193,0.4545454545454546,0.24686520376175547,0.35728842647216563,0.19999999999999998,0.37735849056603776,0.0,0
5910,0.6363636363636364,0.3409090909090909,0.3843183524616539,0.27619047619047615,0.3207547169811321,0.3333333333333333,1
7129,0.7045454545454546,0.47648902821316613,0.6084951195966963,0.24060150375939848,0.49056603773584906,0.6666666666666666,1
344,0.6136363636363636,0.3949843260188088,0.48192641853480644,0.2222222222222222,0.660377358490566,0.6666666666666666,1
8878,0.8409090909090909,0.6849529780564263,0.8259144052343667,0.2360248447204969,0.7924528301886793,0.6666666666666666,1
2813,0.6363636363636364,0.45454545454545453,0.605170009653545,0.20714285714285713,0.37735849056603776,0.0,1
73,0.3863636363636364,0.16927899686520376,0.2675104580070793,0.21428571428571427,0.41509433962264153,0.0,0
544,0.5909090909090909,0.2962382445141066,0.43113804569344627,0.2755102040816326,0.4528301886792453,0.6666666666666666,1
4731,0.7727272727272728,0.6308777429467084,0.6005577603775608,0.21739130434782608,0.2641509433962264,0.3333333333333333,1
5426,0.22727272727272727,0.06034482758620689,0.07910543816368121,0.22448979591836732,0.2641509433962264,0.0,0
2347,0.7727272727272728,0.6308777429467084,0.6700096535449962,0.21739130434782608,0.6792452830188679,0.6666666666666666,1
1467,0.6818181818181819,0.5344827586206896,0.5609782258929529,0.2012987012987013,0.339622641509434,0.0,1
3734,0.6590909090909092,0.49373040752351094,0.3318674246487182,0.20408163265306123,0.5471698113207547,0.3333333333333333,1
718,0.5,0.2884012539184953,0.27485787836533304,0.20535714285714285,0.6981132075471698,0.0,0
4438,0.5909090909090909,0.4231974921630094,0.50353963316529,0.19285714285714287,0.4339622641509434,0.6666666666666666,1
2663,0.6136363636363636,0.46081504702194354,0.43237155422074436,0.19047619047619047,0.4528301886792453,0.0,1
166,0.27272727272727276,0.12225705329153605,0.11718331009331759,0.15476190476190474,0.5660377358490566,0.0,0
2361,0.6818181818181819,0.5587774294670846,0.5327147913761664,0.19254658385093165,0.660377358490566,0.0,1
5342,0.7272727272727273,0.3620689655172414,0.6118202295398476,0.336734693877551,0.24528301886792453,0.6666666666666666,1
7515,0.34090909090909094,0.1755485893416928,0.1794486753191033,0.16326530612244897,0.39622641509433965,0.0,0
4273,0.31818181818181823,0.12931034482758622,0.12753405556151454,0.1948051948051948,0.30188679245283023,0.0,0
2379,0.20454545454545456,0.07836990595611285,0.07068540169473346,0.14285714285714285,0.4716981132075472,0.0,0
6291,0.9545454545454546,0.9772727272727272,0.9609567735707389,0.21182266009852216,0.39622641509433965,0.3333333333333333,1
2041,0.75,0.5329153605015674,0.7071758017805428,0.24285714285714283,0.5660377358490566,0.6666666666666666,1
2232,0.7045454545454546,0.47648902821316613,0.5535771747291645,0.24060150375939848,0.37735849056603776,0.3333333333333333,1
3290,0.4318181818181819,0.2037617554858934,0.26911938217312026,0.21978021978021978,0.49056603773584906,0.3333333333333333,0
8435,0.7954545454545455,0.7335423197492162,0.7530837713182451,0.1978021978021978,0.8301886792452831,0.3333333333333333,1
236,0.7272727272727273,0.5431034482758621,0.5835031642175266,0.22448979591836732,0.4528301886792453,0.0,1
6979,0.4090909090909091,0.1786833855799373,0.22675104580070793,0.22619047619047616,0.4716981132075472,0.6666666666666666,0
8198,0.75,0.5062695924764891,0.6579427222996889,0.2556390977443609,0.49056603773584906,0.3333333333333333,1
1273,0.5227272727272727,0.30094043887147337,0.3952590367907326,0.21428571428571427,0.339622641509434,0.0,1
375,0.4545454545454546,0.21394984326018807,0.33251099431513453,0.23076923076923075,0.30188679245283023,0.3333333333333333,0
4044,0.36363636363636365,0.13322884012539185,0.22031534913654402,0.24285714285714283,0.5471698113207547,0.3333333333333333,0
5444,0.7045454545454546,0.4012539184952978,0.6325217204762414,0.2857142857142857,0.6415094339622641,0.0,1
3948,0.4772727272727273,0.22413793103448276,0.26965569022846725,0.24175824175824173,0.4528301886792453,0.3333333333333333,1
5119,0.5454545454545455,0.372257053291536,0.4495870427973828,0.18796992481203006,0.5849056603773585,0.0,0
8708,0.29545454545454547,0.12068965517241378,0.13804569344631554,0.1818181818181818,0.4339622641509434,0.0,0
4580,0.7727272727272728,0.713166144200627,0.7995280489112946,0.19230769230769232,0.37735849056603776,0.3333333333333333,1
3448,0.5,0.27037617554858934,0.28225892952912157,0.21904761904761905,0.49056603773584906,0.0,1
8894,0.8181818181818182,0.7829153605015674,0.81191676498981,0.19576719576719576,0.39622641509433965,0.0,1
5525,0.4090909090909091,0.16379310344827586,0.20127641317172584,0.24675324675324675,0.37735849056603776,0.3333333333333333,0
8055,0.29545454545454547,0.1426332288401254,0.13654403089134398,0.15384615384615383,0.49056603773584906,0.0,0
2152,0.7045454545454546,0.6018808777429467,0.6411026493617933,0.19047619047619047,0.5471698113207547,0.3333333333333333,1
5975,0.8181818181818182,0.6959247648902821,0.692856376702778,0.22023809523809523,0.3207547169811321,0.6666666666666666,1
6570,0.75,0.6128526645768024,0.6470020379706102,0.21118012422360247,0.5660377358490566,0.3333333333333333,1
367,0.24999999999999997,0.07523510971786834,0.11015767456827202,0.21428571428571427,0.4716981132075472,0.0,0
6880,0.6363636363636364,0.4318181818181818,0.4527512603239301,0.21804511278195488,0.6037735849056604,0.0,1
1720,0.27272727272727276,0.08150470219435736,0.10114769923844255,0.23214285714285712,0.5283018867924528,0.0,0
8177,0.5227272727272727,0.28213166144200624,0.32832779148342817,0.22857142857142856,0.4528301886792453,0.3333333333333333,1
6923,0.4318181818181819,0.2037617554858934,0.2573206049554865,0.21978021978021978,0.5283018867924528,0.3333333333333333,1
6144,0.4090909090909091,0.1786833855799373,0.18293467767885874,0.22619047619047616,0.2641509433962264,0.0,0
1698,0.31818181818181823,0.14106583072100312,0.1540813043011906,0.17857142857142855,0.6037735849056604,0.0,0
487,0.4545454545454546,0.26332288401253917,0.30773356215810366,0.1875,0.2641509433962264,0.3333333333333333,0
3236,0.6590909090909092,0.5172413793103449,0.6616968786871178,0.1948051948051948,0.5849056603773585,0.3333333333333333,1
681,0.75,0.5862068965517241,0.6360613536415316,0.22077922077922077,0.5094339622641509,0.0,1
522,0.6363636363636364,0.38636363636363635,0.5056312345811433,0.2436974789915966,0.5471698113207547,0.6666666666666666,1
4928,0.5227272727272727,0.31974921630094044,0.4390217741070471,0.20168067226890757,0.3584905660377359,0.3333333333333333,0
6405,0.6590909090909092,0.37617554858934166,0.5442454145661267,0.26785714285714285,0.7924528301886793,0.3333333333333333,1
5540,0.5454545454545455,0.3330721003134796,0.43617934141370807,0.21008403361344538,0.4716981132075472,0.0,0
5887,0.4545454545454546,0.1974921630094044,0.26493617934141367,0.25,0.6981132075471698,0.3333333333333333,0
5997,0.36363636363636365,0.1731974921630094,0.2695484286173978,0.18681318681318682,0.4528301886792453,0.0,0
7466,0.6590909090909092,0.5877742946708464,0.5378097179019629,0.1714285714285714,0.6037735849056604,0.3333333333333333,1
7628,0.5,0.2884012539184953,0.4154778504773141,0.20535714285714285,0.7358490566037736,0.0,1
6836,0.36363636363636365,0.13322884012539185,0.25404912581786976,0.24285714285714283,0.15094339622641512,0.3333333333333333,0
4358,0.5454545454545455,0.35266457680250785,0.3852300761557439,0.1984126984126984,0.6981132075471698,0.0,1
6070,0.6136363636363636,0.3730407523510972,0.5344846079588116,0.2352941176470588,0.7358490566037736,0.0,1
4458,0.4090909090909091,0.13401253918495298,0.2349029282419822,0.30158730158730157,0.7358490566037736,0.3333333333333333,1
7718,0.4090909090909091,0.2084639498432602,0.2624155314812828,0.19387755102040816,0.5094339622641509,0.3333333333333333,0
3742,0.6363636363636364,0.4318181818181818,0.4900783009760806,0.21804511278195488,0.24528301886792453,0.3333333333333333,1
386,0.5681818181818182,0.3463949843260188,0.4288319210554543,0.21848739495798317,0.49056603773584906,0.3333333333333333,0
8480,0.7272727272727273,0.46551724137931033,0.620669312453073,0.26190476190476186,0.49056603773584906,0.6666666666666666,1
3653,0.29545454545454547,0.06583072100313479,0.17558725732060493,0.3333333333333333,0.660377358490566,0.6666666666666666,0
4904,0.4090909090909091,0.2084639498432602,0.24713075190389358,0.19387755102040816,0.6792452830188679,0.6666666666666666,0
5498,0.27272727272727276,0.0713166144200627,0.14367692802745896,0.2653061224489796,0.660377358490566,0.3333333333333333,0
7716,0.4772727272727273,0.25862068965517243,0.29679287782902497,0.2095238095238095,0.30188679245283023,0.0,0
2196,0.34090909090909094,0.1128526645768025,0.09707175801780542,0.25396825396825395,0.7169811320754718,0.3333333333333333,0
7291,0.6363636363636364,0.4318181818181818,0.463638313847474,0.21804511278195488,0.4528301886792453,0.3333333333333333,1
7011,0.29545454545454547,0.0877742946708464,0.12528156172905716,0.25,0.37735849056603776,0.3333333333333333,0
7071,0.22727272727272727,0.02586206896551724,0.08500482677249811,0.5238095238095237,0.5283018867924528,0.0,0
1244,0.4090909090909091,0.16379310344827586,0.20535235439236296,0.24675324675324675,0.49056603773584906,0.3333333333333333,0
5958,0.4545454545454546,0.2797805642633229,0.30773356215810366,0.17647058823529413,0.4716981132075472,0.0,0
1497,0.5,0.27037617554858934,0.3464013729486217,0.21904761904761905,0.6792452830188679,0.0,0
6927,0.5909090909090909,0.4020376175548589,0.5049876649147269,0.20300751879699247,0.2641509433962264,0.3333333333333333,0
1547,0.5909090909090909,0.44435736677115983,0.43982623619006755,0.1836734693877551,0.49056603773584906,0.0,1
5219,0.4318181818181819,0.17241379310344826,0.22514212163466696,0.2597402597402597,0.49056603773584906,0.0,0
7277,0.36363636363636365,0.14655172413793102,0.16470020379706102,0.22077922077922077,0.660377358490566,0.0,0
3206,0.36363636363636365,0.14655172413793102,0.1473774536093532,0.22077922077922077,0.7169811320754718,0.3333333333333333,0
5679,0.4318181818181819,0.23510971786833854,0.3377668132575351,0.19047619047619047,0.7169811320754718,0.3333333333333333,0
6619,0.31818181818181823,0.164576802507837,0.1371876005577604,0.1530612244897959,0.5471698113207547,0.3333333333333333,0
4285,0.5,0.25235109717868337,0.3303657620937466,0.2346938775510204,0.20754716981132076,0.0,0
7214,0.4772727272727273,0.25862068965517243,0.2590367907325968,0.2095238095238095,0.5660377358490566,0.0,1
3898,0.1590909090909091,0.0438871473354232,0.057170438699989265,0.16326530612244897,0.6037735849056604,0.0,0
4035,0.6590909090909092,0.44670846394984326,0.5265472487396761,0.22556390977443608,0.28301886792452835,0.0,1
3510,0.5909090909090909,0.38087774294670845,0.4658908076799314,0.21428571428571427,0.660377358490566,0.3333333333333333,1
6025,0.75,0.7460815047021944,0.5649469055025206,0.173469387755102,0.7169811320754718,0.6666666666666666,1
788,0.4772727272727273,0.20689655172413793,0.3227501877078194,0.26190476190476186,0.5471698113207547,0.6666666666666666,0
5978,0.36363636363636365,0.19984326018808776,0.18840501984339805,0.16190476190476188,0.339622641509434,0.0,0
6565,0.4090909090909091,0.2084639498432602,0.2512066931245307,0.19387755102040816,0.4716981132075472,0.3333333333333333,0
856,0.36363636363636365,0.14655172413793102,0.23946154671243164,0.22077922077922077,0.39622641509433965,0.3333333333333333,0
722,0.5909090909090909,0.2962382445141066,0.4296900139440094,0.2755102040816326,0.7358490566037736,0.6666666666666666,1
8001,0.34090909090909094,0.10031347962382445,0.12453073045157137,0.2857142857142857,0.3584905660377359,0.3333333333333333,0
931,0.4090909090909091,0.16379310344827586,0.1859916335943366,0.24675324675324675,0.28301886792452835,0.3333333333333333,0
8234,0.5909090909090909,0.4020376175548589,0.5238120776574064,0.20300751879699247,0.49056603773584906,0.3333333333333333,0
6274,0.4772727272727273,0.25862068965517243,0.30151238871607855,0.2095238095238095,0.3584905660377359,0.3333333333333333,1
2672,0.5454545454545455,0.3330721003134796,0.32087310951410486,0.21008403361344538,0.5094339622641509,0.3333333333333333,0
8633,0.31818181818181823,0.0822884012539185,0.18143301512388715,0.3061224489795918,0.5660377358490566,0.0,0
5436,0.24999999999999997,0.07523510971786834,0.13461332189209485,0.21428571428571427,0.4528301886792453,0.0,0
5475,0.27272727272727276,0.12225705329153605,0.16947334548964924,0.15476190476190474,0.3207547169811321,0.0,0
3504,0.27272727272727276,0.061128526645768025,0.12345811434087739,0.3095238095238095,0.4339622641509434,0.6666666666666666,0
8744,0.27272727272727276,0.1018808777429467,0.1541349351067253,0.18571428571428572,0.169811320754717,0.0,0
2881,0.5454545454545455,0.3330721003134796,0.4549501233508527,0.21008403361344538,0.6226415094339622,0.6666666666666666,0
6483,0.6590909090909092,0.47021943573667707,0.5362007937359218,0.21428571428571427,0.2641509433962264,0.0,1
2955,0.3863636363636364,0.16927899686520376,0.23179234152096967,0.21428571428571427,0.6792452830188679,0.0,1
8614,0.5,0.2884012539184953,0.3106296256569774,0.20535714285714285,0.6037735849056604,0.3333333333333333,0
2160,0.6590909090909092,0.49373040752351094,0.6423897886946262,0.20408163265306123,0.4528301886792453,0.6666666666666666,0
7792,0.5227272727272727,0.31974921630094044,0.2794164968357825,0.20168067226890757,0.5660377358490566,0.0,0
7623,0.75,0.5062695924764891,0.6907647752869247,0.2556390977443609,0.7358490566037736,0.3333333333333333,1
8882,0.04545454545454545,0.0023510971786833857,0.007347420358253783,0.42857142857142855,0.5094339622641509,0.0,0
2248,0.7045454545454546,0.5015673981191222,0.551860988952054,0.22857142857142856,0.5660377358490566,0.3333333333333333,1
1832,0.5454545454545455,0.35266457680250785,0.48846937681003966,0.1984126984126984,0.39622641509433965,0.0,1
8798,0.4318181818181819,0.17241379310344826,0.22406950552397298,0.2597402597402597,0.28301886792452835,0.3333333333333333,0
8101,0.5454545454545455,0.3134796238244514,0.3181915692373699,0.2232142857142857,0.4716981132075472,0.3333333333333333,0
1483,0.3863636363636364,0.0987460815047022,0.15939075404912584,0.3673469387755102,0.6792452830188679,0.3333333333333333,0
7197,0.6136363636363636,0.4169278996865204,0.47291644320497694,0.21052631578947367,0.7358490566037736,0.6666666666666666,1
2829,0.6590909090909092,0.4231974921630094,0.4814973720905288,0.23809523809523808,0.5094339622641509,0.3333333333333333,1
5894,0.7045454545454546,0.5015673981191222,0.5638742893918266,0.22857142857142856,0.6226415094339622,0.0,1
674,0.7272727272727273,0.49137931034482757,0.6472165611927491,0.24812030075187969,0.8113207547169812,0.3333333333333333,1
3331,0.22727272727272727,0.06896551724137931,0.05255818942400514,0.19642857142857142,0.6226415094339622,0.0,0
4496,0.5227272727272727,0.3385579937304075,0.3450606028102542,0.19047619047619047,0.5283018867924528,0.0,0
8127,0.5454545454545455,0.2938871473354232,0.38925238657084626,0.23809523809523808,0.37735849056603776,0.3333333333333333,0
2404,0.31818181818181823,0.17633228840125392,0.2457899817655261,0.14285714285714285,0.37735849056603776,0.0,0
6247,0.5,0.2884012539184953,0.242786656655583,0.20535714285714285,0.5849056603773585,0.3333333333333333,0
2748,0.1590909090909091,0.025078369905956112,0.07089992491687225,0.2857142857142857,0.6415094339622641,0.0,0
4847,0.5681818181818182,0.4075235109717868,0.41628231256033466,0.18571428571428572,0.3584905660377359,0.0,1
733,0.20454545454545456,0.07836990595611285,0.07712109835889736,0.14285714285714285,0.41509433962264153,0.0,0
5878,0.6136363636363636,0.4169278996865204,0.5299796202938967,0.21052631578947367,0.39622641509433965,0.0,0
312,0.4090909090909091,0.1786833855799373,0.24407379598841575,0.22619047619047616,0.39622641509433965,0.0,0
6385,0.18181818181818182,0.06347962382445141,0.07347420358253781,0.14285714285714285,0.6226415094339622,0.0,0
6731,0.3863636363636364,0.16927899686520376,0.16228681754799956,0.21428571428571427,0.6981132075471698,0.0,0
3642,0.5227272727272727,0.28213166144200624,0.1661482355464979,0.22857142857142856,0.7547169811320755,0.0,0
1277,0.4318181818181819,0.18808777429467083,0.2358682827416068,0.23809523809523808,0.4528301886792453,0.3333333333333333,0
7763,0.5,0.27037617554858934,0.3291322535664486,0.21904761904761905,0.3584905660377359,0.3333333333333333,0
3181,0.5227272727272727,0.30094043887147337,0.3386249061460903,0.21428571428571427,0.5094339622641509,0.3333333333333333,1
5718,0.4318181818181819,0.2037617554858934,0.2412313632950767,0.21978021978021978,0.5283018867924528,0.3333333333333333,0
4900,0.4772727272727273,0.22413793103448276,0.29561300010726155,0.24175824175824173,0.5094339622641509,0.6666666666666666,0
3974,0.5909090909090909,0.317398119122257,0.3703207122170975,0.2571428571428571,0.6792452830188679,0.0,1
8771,0.5227272727272727,0.30094043887147337,0.4068432907862276,0.21428571428571427,0.39622641509433965,0.0,1
5694,0.3863636363636364,0.15517241379310345,0.21248525152847797,0.23376623376623376,0.28301886792452835,0.0,0
327,0.4090909090909091,0.19357366771159873,0.24203582537809717,0.20879120879120877,0.4716981132075472,0.0,0
4483,0.75,0.7460815047021944,0.6433551431942508,0.173469387755102,0.28301886792452835,0.3333333333333333,1
4207,0.5454545454545455,0.3330721003134796,0.3222138796524724,0.21008403361344538,0.4716981132075472,0.0,1
337,0.36363636363636365,0.11990595611285267,0.16470020379706102,0.2698412698412698,0.5471698113207547,0.3333333333333333,0
809,0.6136363636363636,0.3730407523510972,0.46841145554006225,0.2352941176470588,0.5094339622641509,0.6666666666666666,1
2049,0.4772727272727273,0.12068965517241378,0.3439879866995602,0.44897959183673464,0.5660377358490566,0.3333333333333333,1
7860,0.8863636363636365,0.7523510971786833,0.9148342808108977,0.23809523809523808,0.30188679245283023,0.0,1
3620,0.29545454545454547,0.1426332288401254,0.1410490185562587,0.15384615384615383,0.3584905660377359,0.3333333333333333,0
1968,0.4090909090909091,0.2084639498432602,0.29196610533090206,0.19387755102040816,0.5094339622641509,0.3333333333333333,0
2242,0.4318181818181819,0.2037617554858934,0.31309664271157356,0.21978021978021978,0.4339622641509434,0.3333333333333333,1
4949,0.5681818181818182,0.3056426332288401,0.46926954842861746,0.24761904761904763,0.5094339622641509,0.3333333333333333,1
5244,0.20454545454545456,0.04702194357366771,0.0803389466909793,0.23809523809523808,0.37735849056603776,0.3333333333333333,0
7618,0.4318181818181819,0.2507836990595611,0.24981229218062853,0.17857142857142855,0.6037735849056604,0.3333333333333333,0
5586,0.5454545454545455,0.23510971786833854,0.4174085594765633,0.2976190476190476,0.39622641509433965,0.0,1
7357,0.24999999999999997,0.10344827586206896,0.13268261289284566,0.1558441558441558,0.6226415094339622,0.0,0
1397,0.34090909090909094,0.1128526645768025,0.18202295398476886,0.25396825396825395,0.22641509433962265,0.3333333333333333,0
4440,0.3863636363636364,0.2115987460815047,0.22213879652472382,0.1714285714285714,0.5660377358490566,0.0,0
86,0.7045454545454546,0.5015673981191222,0.7011691515606564,0.22857142857142856,0.6792452830188679,0.3333333333333333,1
2197,0.5681818181818182,0.3667711598746081,0.5264399871286066,0.20634920634920634,0.4339622641509434,0.3333333333333333,0
7179,0.3863636363636364,0.18338557993730406,0.2675104580070793,0.1978021978021978,0.5094339622641509,0.0,0
4785,0.7954545454545455,0.6206896551724138,0.7414995173227501,0.23376623376623376,0.5849056603773585,0.3333333333333333,1
7046,0.5681818181818182,0.4075235109717868,0.5808216239407916,0.18571428571428572,0.5660377358490566,0.3333333333333333,0
4761,0.6363636363636364,0.4318181818181818,0.5585112088383567,0.21804511278195488,0.39622641509433965,0.0,1
1883,0.6363636363636364,0.47727272727272724,0.5756194358039257,0.19727891156462585,0.5471698113207547,0.3333333333333333,1
2617,0.6136363636363636,0.5047021943573667,0.4398798669956022,0.17391304347826086,0.41509433962264153,0.0,0
2486,0.5909090909090909,0.38087774294670845,0.3543923629732919,0.21428571428571427,0.4528301886792453,0.0,1
8898,0.7954545454545455,0.7335423197492162,0.6855089563445241,0.1978021978021978,0.4528301886792453,0.6666666666666666,1
891,0.5454545454545455,0.3134796238244514,0.40936393864635845,0.2232142857142857,0.5849056603773585,0.3333333333333333,0
8951,0.5454545454545455,0.21551724137931033,0.28467231577818297,0.3246753246753247,0.20754716981132076,0.3333333333333333,1
8800,0.4545454545454546,0.1810344827586207,0.21425506811112302,0.2727272727272727,0.6981132075471698,0.6666666666666666,0
7487,0.3863636363636364,0.0987460815047022,0.18835138903786336,0.3673469387755102,0.39622641509433965,0.0,0
6649,0.27272727272727276,0.1018808777429467,0.12415531481282849,0.18571428571428572,0.37735849056603776,0.0,0
8173,0.5227272727272727,0.26332288401253917,0.37981336479673933,0.24489795918367344,0.13207547169811323,0.3333333333333333,0
4129,0.3863636363636364,0.16927899686520376,0.25303014051271044,0.21428571428571427,0.28301886792452835,0.3333333333333333,0
7959,0.5454545454545455,0.3134796238244514,0.2712646143945082,0.2232142857142857,0.49056603773584906,0.0,0
8932,0.4318181818181819,0.23510971786833854,0.17794701276413172,0.19047619047619047,0.6226415094339622,0.3333333333333333,0
2137,0.5,0.25235109717868337,0.3278987450391505,0.2346938775510204,0.09433962264150947,0.6666666666666666,0
4405,0.6363636363636364,0.4318181818181818,0.560066502198863,0.21804511278195488,0.49056603773584906,0.0,0
769,0.6590909090909092,0.37617554858934166,0.46058135793199617,0.26785714285714285,0.4339622641509434,0.3333333333333333,1
8706,0.4772727272727273,0.22413793103448276,0.24841789123672633,0.24175824175824173,0.5094339622641509,0.3333333333333333,1
1926,0.5227272727272727,0.28213166144200624,0.38238764346240484,0.22857142857142856,0.5283018867924528,0.0,1
6853,0.4772727272727273,0.20689655172413793,0.27555507883728414,0.26190476190476186,0.3584905660377359,0.3333333333333333,0
7748,0.20454545454545456,0.05485893416927899,0.07819371446959134,0.20408163265306123,0.37735849056603776,0.0,0
8071,0.34090909090909094,0.16300940438871472,0.1717258393221066,0.17582417582417584,0.5849056603773585,0.0,0
3649,0.29545454545454547,0.0768025078369906,0.15231148771854552,0.2857142857142857,0.20754716981132076,0.3333333333333333,0
2831,0.4545454545454546,0.21394984326018807,0.33025850048267724,0.23076923076923075,0.30188679245283023,0.3333333333333333,0
7551,0.5454545454545455,0.3134796238244514,0.43483857127534054,0.2232142857142857,0.5660377358490566,0.0,1
753,0.4318181818181819,0.21943573667711597,0.25303014051271044,0.20408163265306123,0.169811320754717,0.3333333333333333,0
6957,0.4318181818181819,0.17241379310344826,0.15649469055025206,0.2597402597402597,0.4339622641509434,0.6666666666666666,1
6289,0.6136363636363636,0.3730407523510972,0.4488898423254317,0.2352941176470588,0.39622641509433965,0.6666666666666666,1
4674,0.06818181818181818,0.006269592476489028,0.013193178161535986,0.2857142857142857,0.28301886792452835,0.0,0
3094,0.4772727272727273,0.3103448275862069,0.41124101684007297,0.17460317460317462,0.41509433962264153,0.0,0
4993,0.3863636363636364,0.16927899686520376,0.1970395795344846,0.21428571428571427,0.660377358490566,0.0,0
7121,0.6590909090909092,0.5172413793103449,0.5796417462190282,0.1948051948051948,0.5283018867924528,0.3333333333333333,1
7306,0.7045454545454546,0.5517241379310345,0.57931996138582,0.20779220779220778,0.49056603773584906,0.3333333333333333,1
735,0.6136363636363636,0.329153605015674,0.5209696449640674,0.26666666666666666,0.6037735849056604,0.3333333333333333,1
4864,0.5909090909090909,0.38087774294670845,0.4427222996889414,0.21428571428571427,0.5283018867924528,0.0,0
6118,0.34090909090909094,0.1128526645768025,0.18888769709321032,0.25396825396825395,0.4716981132075472,0.0,0
5239,0.27272727272727276,0.0713166144200627,0.159712538882334,0.2653061224489796,0.5471698113207547,0.3333333333333333,0
4499,0.5454545454545455,0.39184952978056425,0.45226858307411766,0.17857142857142855,0.4339622641509434,0.0,0
6984,0.6136363636363636,0.3949843260188088,0.5915477850477314,0.2222222222222222,0.4339622641509434,0.0,1
1398,0.7045454545454546,0.4012539184952978,0.6084951195966963,0.2857142857142857,0.41509433962264153,0.6666666666666666,1
5944,0.29545454545454547,0.0987460815047022,0.1710822696556902,0.2222222222222222,0.6415094339622641,0.0,0
3838,0.5909090909090909,0.4020376175548589,0.4253459186956988,0.20300751879699247,0.4716981132075472,0.3333333333333333,1
8961,0.5454545454545455,0.3330721003134796,0.39327469698594875,0.21008403361344538,0.7169811320754718,0.3333333333333333,0
7506,0.5,0.2884012539184953,0.2674568272015445,0.20535714285714285,0.41509433962264153,0.0,1
7526,0.31818181818181823,0.0822884012539185,0.1476456076370267,0.3061224489795918,0.28301886792452835,0.0,0
8415,0.5,0.3064263322884012,0.3994422396224391,0.19327731092436976,0.5660377358490566,0.3333333333333333,1
1304,0.3863636363636364,0.18338557993730406,0.27137187600557755,0.1978021978021978,0.5849056603773585,0.3333333333333333,1
5294,0.34090909090909094,0.15047021943573669,0.20519146197575888,0.19047619047619047,0.49056603773584906,0.0,0
1083,0.5454545454545455,0.25470219435736674,0.27796846508634554,0.2747252747252747,0.6792452830188679,0.6666666666666666,1
4266,0.4318181818181819,0.21943573667711597,0.2873538560549179,0.20408163265306123,0.5094339622641509,0.3333333333333333,0
2225,0.4772727272727273,0.22413793103448276,0.20240266008795452,0.24175824175824173,0.4339622641509434,0.0,1
6203,0.5909090909090909,0.3385579937304075,0.4499624584361257,0.24107142857142855,0.5660377358490566,0.0,1
6784,0.3863636363636364,0.12695924764890282,0.2520647860130859,0.2857142857142857,0.5849056603773585,0.3333333333333333,0
3936,0.4318181818181819,0.1567398119122257,0.2562479888447925,0.2857142857142857,0.24528301886792453,0.0,0
2683,0.4318181818181819,0.1567398119122257,0.2873538560549179,0.2857142857142857,0.5094339622641509,0.3333333333333333,0
3522,0.4090909090909091,0.19357366771159873,0.21044728091815937,0.20879120879120877,0.339622641509434,0.3333333333333333,0
865,0.7727272727272728,0.43887147335423193,0.7357073903250027,0.3125,0.339622641509434,0.6666666666666666,1
7127,0.36363636363636365,0.11990595611285267,0.14555400622117345,0.2698412698412698,0.4716981132075472,0.3333333333333333,0
4338,0.3863636363636364,0.18338557993730406,0.19607422503486002,0.1978021978021978,0.5849056603773585,0.0,0
1817,0.29545454545454547,0.0987460815047022,0.10876327362436984,0.2222222222222222,0.18867924528301888,0.3333333333333333,0
1133,0.7272727272727273,0.5431034482758621,0.6188994958704279,0.22448979591836732,0.6037735849056604,0.6666666666666666,1
740,0.34090909090909094,0.07523510971786834,0.1785905824305481,0.38095238095238093,0.4716981132075472,0.3333333333333333,0
7927,0.6590909090909092,0.5172413793103449,0.5780328220529872,0.1948051948051948,0.4339622641509434,0.3333333333333333,1
8559,0.5,0.3064263322884012,0.37353856054917944,0.19327731092436976,0.3584905660377359,0.0,1
1990,0.4090909090909091,0.1042319749216301,0.2175801780542744,0.3877551020408163,0.6981132075471698,0.6666666666666666,1
2360,0.3863636363636364,0.18338557993730406,0.1931781615359863,0.1978021978021978,0.28301886792452835,0.0,0
5833,0.27272727272727276,0.12225705329153605,0.09557009546283385,0.15476190476190474,0.41509433962264153,0.3333333333333333,0
7690,0.18181818181818182,0.05642633228840125,0.03630805534699131,0.1607142857142857,0.49056603773584906,0.0,0
7193,0.4545454545454546,0.23040752351097177,0.3066073152418749,0.21428571428571427,0.6415094339622641,0.0,1
1844,0.5909090909090909,0.317398119122257,0.447066394937252,0.2571428571428571,0.5283018867924528,0.3333333333333333,1
5103,0.4545454545454546,0.21394984326018807,0.27394615467124317,0.23076923076923075,0.49056603773584906,0.0,0
5717,0.4772727272727273,0.24137931034482757,0.3109514104901856,0.22448979591836732,0.6037735849056604,0.0,0
956,0.27272727272727276,0.061128526645768025,0.09068969215917622,0.3095238095238095,0.5094339622641509,0.3333333333333333,0
8895,0.5681818181818182,0.3667711598746081,0.4093103078408238,0.20634920634920634,0.6226415094339622,0.0,1
451,0.6590909090909092,0.44670846394984326,0.5410275662340448,0.22556390977443608,0.39622641509433965,0.0,1
7019,0.3863636363636364,0.16927899686520376,0.24530730451571378,0.21428571428571427,0.3207547169811321,0.3333333333333333,1
6255,0.4318181818181819,0.1567398119122257,0.1489863777753942,0.2857142857142857,0.5660377358490566,0.3333333333333333,0
8006,0.4545454545454546,0.23040752351097177,0.2908398584146734,0.21428571428571427,0.7358490566037736,0.0,1
4061,0.4545454545454546,0.1810344827586207,0.1973613643676928,0.2727272727272727,0.5283018867924528,0.3333333333333333,0
2421,0.4545454545454546,0.1974921630094044,0.3088598090743323,0.25,0.5660377358490566,0.3333333333333333,0
1207,0.4318181818181819,0.21943573667711597,0.3206049554864314,0.20408163265306123,0.5660377358490566,0.0,0
3177,0.36363636363636365,0.13322884012539185,0.16561192749115092,0.24285714285714283,0.49056603773584906,0.0,0
8427,0.5681818181818182,0.3463949843260188,0.246165397404269,0.21848739495798317,0.39622641509433965,0.6666666666666666,1
5154,0.22727272727272727,0.08620689655172413,0.11450176981658264,0.15714285714285714,0.41509433962264153,0.0,0
6578,0.34090909090909094,0.16300940438871472,0.1665772819907755,0.17582417582417584,0.24528301886792453,0.0,0
1165,0.7272727272727273,0.49137931034482757,0.6578354606886195,0.24812030075187969,0.3584905660377359,0.3333333333333333,1
8774,0.6136363636363636,0.46081504702194354,0.48643140619972103,0.19047619047619047,0.7735849056603774,0.0,1
8523,0.7954545454545455,0.5078369905956113,0.6990239193392686,0.2857142857142857,0.660377358490566,0.6666666666666666,1
7038,0.4772727272727273,0.24137931034482757,0.2873538560549179,0.22448979591836732,0.4528301886792453,0.3333333333333333,1
5349,0.4318181818181819,0.18808777429467083,0.2777003110586721,0.23809523809523808,0.41509433962264153,0.0,0
4094,0.36363636363636365,0.15987460815047022,0.13917194036254427,0.20238095238095238,0.3584905660377359,0.3333333333333333,0
6749,0.5,0.27037617554858934,0.3377668132575351,0.21904761904761905,0.39622641509433965,0.6666666666666666,0
441,0.5,0.2884012539184953,0.24031963960098682,0.20535714285714285,0.4716981132075472,0.0,0
6909,0.7045454545454546,0.5015673981191222,0.6634130644642282,0.22857142857142856,0.6226415094339622,0.0,1
1284,0.5681818181818182,0.32601880877742945,0.41767671350423685,0.23214285714285712,0.5849056603773585,0.6666666666666666,1
2820,0.6818181818181819,0.5830721003134796,0.6158425399549501,0.18452380952380953,0.6981132075471698,0.0,1
3589,0.4090909090909091,0.1786833855799373,0.18802960420465514,0.22619047619047616,0.41509433962264153,0.0,0
6762,0.6818181818181819,0.48589341692789967,0.5227394615467124,0.22142857142857142,0.4716981132075472,0.0,0
8863,0.6136363636363636,0.46081504702194354,0.5495012335085272,0.19047619047619047,0.339622641509434,0.0,0
479,0.5454545454545455,0.372257053291536,0.3074654081304301,0.18796992481203006,0.30188679245283023,0.6666666666666666,0
2644,0.34090909090909094,0.13793103448275862,0.15885444599377882,0.20779220779220778,0.5094339622641509,0.0,0
1696,0.29545454545454547,0.12068965517241378,0.171833100933176,0.1818181818181818,0.3584905660377359,0.0,0
459,0.5,0.34247648902821315,0.3464013729486217,0.17293233082706766,0.41509433962264153,0.0,0
369,0.3863636363636364,0.18338557993730406,0.22986163252172048,0.1978021978021978,0.5660377358490566,0.0,0
8806,0.7272727272727273,0.46551724137931033,0.7144695913332617,0.26190476190476186,0.3207547169811321,0.6666666666666666,1
3235,0.6818181818181819,0.3887147335423197,0.499463691944653,0.27678571428571425,0.3207547169811321,1.0,1
4591,0.4318181818181819,0.18808777429467083,0.221924273302585,0.23809523809523808,0.5660377358490566,0.0,0
5072,0.24999999999999997,0.08463949843260188,0.17773248954199292,0.19047619047619047,0.28301886792452835,0.3333333333333333,0
5358,0.4545454545454546,0.1974921630094044,0.2547999570953555,0.25,0.39622641509433965,0.0,0
8358,0.6818181818181819,0.5830721003134796,0.6773570739032501,0.18452380952380953,0.4339622641509434,0.3333333333333333,1
7593,0.5454545454545455,0.3330721003134796,0.3490292824198219,0.21008403361344538,0.6792452830188679,0.3333333333333333,0
6278,0.31818181818181823,0.12931034482758622,0.1363831384747399,0.1948051948051948,0.6415094339622641,0.0,0
3024,0.6136363636363636,0.3949843260188088,0.5389895956237262,0.2222222222222222,0.3584905660377359,0.0,1
5954,0.24999999999999997,0.07523510971786834,0.14104901855625873,0.21428571428571427,0.4528301886792453,0.6666666666666666,0
7571,0.29545454545454547,0.0877742946708464,0.1643247881583181,0.25,0.3584905660377359,0.3333333333333333,0
4003,0.6818181818181819,0.4130094043887147,0.509439021774107,0.26050420168067223,0.39622641509433965,0.6666666666666666,1
3040,0.13636363636363635,0.027429467084639496,0.04531803067682077,0.19999999999999998,0.37735849056603776,0.3333333333333333,0
8497,0.6136363636363636,0.4169278996865204,0.48793306875469267,0.21052631578947367,0.3207547169811321,0.0,0
6983,0.5909090909090909,0.44435736677115983,0.3471522042261075,0.1836734693877551,0.41509433962264153,0.0,0
7606,0.5909090909090909,0.44435736677115983,0.42100182344738823,0.1836734693877551,0.37735849056603776,0.3333333333333333,1
6558,0.4772727272727273,0.29310344827586204,0.28145446744610103,0.18487394957983194,0.8301886792452831,0.3333333333333333,0
5938,0.4318181818181819,0.21943573667711597,0.2616110693982624,0.20408163265306123,0.39622641509433965,0.0,0
5099,0.3863636363636364,0.225705329153605,0.31481282848868386,0.1607142857142857,0.6415094339622641,0.0,0
2352,0.36363636363636365,0.14655172413793102,0.15740641424434199,0.22077922077922077,0.7169811320754718,0.0,0
8433,0.3863636363636364,0.08463949843260188,0.12174192856376703,0.42857142857142855,0.6226415094339622,1.0,0
5313,0.4318181818181819,0.2507836990595611,0.3281132682612893,0.17857142857142855,0.49056603773584906,0.0,0
3451,0.5681818181818182,0.32601880877742945,0.5348063927920197,0.23214285714285712,0.4528301886792453,0.3333333333333333,1
7874,0.6136363636363636,0.4169278996865204,0.47291644320497694,0.21052631578947367,0.5849056603773585,0.3333333333333333,1
1866,0.5454545454545455,0.25470219435736674,0.39327469698594875,0.2747252747252747,0.7169811320754718,0.3333333333333333,1
5752,0.8409090909090909,0.6849529780564263,0.7036361686152526,0.2360248447204969,0.6037735849056604,0.3333333333333333,1
4347,0.5,0.27037617554858934,0.2464871822374772,0.21904761904761905,0.339622641509434,0.6666666666666666,1
895,0.34090909090909094,0.15047021943573669,0.1665772819907755,0.19047619047619047,0.4528301886792453,0.0,0
431,0.75,0.45297805642633227,0.6196503271479137,0.2857142857142857,0.3207547169811321,0.6666666666666666,1
8270,0.5454545454545455,0.2938871473354232,0.27260538453287564,0.23809523809523808,0.3207547169811321,0.0,1
1197,0.7045454545454546,0.5015673981191222,0.5295505738496192,0.22857142857142856,0.3207547169811321,0.3333333333333333,1
8088,0.4545454545454546,0.23040752351097177,0.25930494476027033,0.21428571428571427,0.6037735849056604,0.6666666666666666,0
2245,0.4545454545454546,0.23040752351097177,0.18947763595409203,0.21428571428571427,0.6792452830188679,0.3333333333333333,0
1344,0.9090909090909092,0.8996865203761755,0.8367478279523757,0.20918367346938774,0.8679245283018868,0.3333333333333333,1
2024,0.1590909090909091,0.03761755485893417,0.09621366512925024,0.19047619047619047,0.5849056603773585,0.0,0
1872,0.6590909090909092,0.5407523510971787,0.5764238978869463,0.18633540372670807,0.4339622641509434,0.3333333333333333,1
8323,0.5227272727272727,0.31974921630094044,0.38753620079373585,0.20168067226890757,0.4528301886792453,0.3333333333333333,0
4157,0.4772727272727273,0.22413793103448276,0.33336908720368974,0.24175824175824173,0.7547169811320755,0.0,0
6191,0.36363636363636365,0.14655172413793102,0.2266974149951732,0.22077922077922077,0.6415094339622641,0.3333333333333333,0
675,0.6136363636363636,0.3730407523510972,0.49544138152955053,0.2352941176470588,0.6226415094339622,0.0,1
4087,0.22727272727272727,0.05172413793103448,0.14281883513890378,0.26190476190476186,0.3207547169811321,0.0,0
8264,0.4090909090909091,0.1786833855799373,0.20025742786656653,0.22619047619047616,0.6037735849056604,0.3333333333333333,0
3082,0.5681818181818182,0.22413793103448276,0.481819156923737,0.33766233766233766,0.5660377358490566,0.3333333333333333,1
4519,0.34090909090909094,0.1755485893416928,0.16314491043655474,0.16326530612244897,0.6981132075471698,0.3333333333333333,0
2119,0.4772727272727273,0.22413793103448276,0.24369838034967287,0.24175824175824173,0.6415094339622641,0.3333333333333333,1
5427,0.4318181818181819,0.21943573667711597,0.29164432049769384,0.20408163265306123,0.39622641509433965,0.6666666666666666,0
8308,0.4090909090909091,0.19357366771159873,0.1676498981014695,0.20879120879120877,0.7358490566037736,0.0,1
7585,0.5909090909090909,0.38087774294670845,0.49919553791697946,0.21428571428571427,0.5094339622641509,0.3333333333333333,1
443,0.3863636363636364,0.1128526645768025,0.23661911401909258,0.3214285714285714,0.7547169811320755,0.6666666666666666,0
2605,0.34090909090909094,0.15047021943573669,0.25324466373484933,0.19047619047619047,0.4716981132075472,0.0,0
3409,0.6136363636363636,0.43887147335423193,0.5660195216132147,0.19999999999999998,0.5283018867924528,0.0,1
5088,0.7045454545454546,0.5266457680250783,0.5158210876327362,0.21768707482993194,0.39622641509433965,0.0,1
8813,0.75,0.5862068965517241,0.6160034323715543,0.22077922077922077,0.49056603773584906,0.3333333333333333,1
3866,0.5681818181818182,0.3667711598746081,0.3549286710286389,0.20634920634920634,0.5283018867924528,0.3333333333333333,0
2200,0.4318181818181819,0.2037617554858934,0.284136007722836,0.21978021978021978,0.6981132075471698,0.0,0
8530,0.4772727272727273,0.24137931034482757,0.3510672530301405,0.22448979591836732,0.4716981132075472,0.6666666666666666,1
8152,0.7727272727272728,0.49373040752351094,0.589295291215274,0.27777777777777773,0.3584905660377359,0.6666666666666666,1
5924,0.5227272727272727,0.28213166144200624,0.2832779148342809,0.22857142857142856,0.5283018867924528,0.0,0
860,0.6590909090909092,0.49373040752351094,0.5024133862490614,0.20408163265306123,0.6415094339622641,0.3333333333333333,1
7037,0.24999999999999997,0.07523510971786834,0.1359004612249276,0.21428571428571427,0.41509433962264153,0.3333333333333333,0
4422,0.29545454545454547,0.0987460815047022,0.10200579212699774,0.2222222222222222,0.4528301886792453,0.3333333333333333,0
2576,0.34090909090909094,0.15047021943573669,0.159712538882334,0.19047619047619047,0.4716981132075472,0.0,0
2548,0.7045454545454546,0.37617554858934166,0.5638742893918266,0.30476190476190473,0.4339622641509434,0.3333333333333333,1
8511,0.5909090909090909,0.2750783699059561,0.39204118845865066,0.2967032967032967,0.660377358490566,0.3333333333333333,1
438,0.7045454545454546,0.32601880877742945,0.5896170760484821,0.3516483516483517,0.7169811320754718,1.0,1
705,0.20454545454545456,0.05485893416927899,0.06907647752869248,0.20408163265306123,0.20754716981132076,0.3333333333333333,0
5374,0.5454545454545455,0.19592476489028213,0.3905931567092138,0.3571428571428571,0.6415094339622641,0.6666666666666666,1
6016,0.7954545454545455,0.6489028213166144,0.6758554113482783,0.2236024844720497,0.6981132075471698,0.3333333333333333,1
3695,0.6136363636363636,0.3730407523510972,0.4999463691944652,0.2352941176470588,0.6415094339622641,0.3333333333333333,1
6089,0.4545454545454546,0.26332288401253917,0.25029496943044083,0.1875,0.7358490566037736,0.0,0
3178,0.6363636363636364,0.40909090909090906,0.5211841681862062,0.23015873015873015,0.39622641509433965,0.3333333333333333,0
3431,0.5454545454545455,0.274294670846395,0.3289177303443097,0.25510204081632654,0.11320754716981135,0.3333333333333333,1
379,0.7727272727272728,0.6308777429467084,0.6118202295398476,0.21739130434782608,0.39622641509433965,0.0,1
7834,0.34090909090909094,0.1128526645768025,0.16829346776788587,0.25396825396825395,0.660377358490566,0.0,0
1788,0.5,0.3064263322884012,0.4450820551324681,0.19327731092436976,0.2641509433962264,0.3333333333333333,0
8987,0.9090909090909092,0.7711598746081504,0.9115091708677464,0.244047619047619,0.5660377358490566,0.3333333333333333,1
4502,0.4318181818181819,0.329153605015674,0.3120240266008796,0.13605442176870747,0.5094339622641509,0.0,0
3365,0.3863636363636364,0.1974921630094044,0.1912474525367371,0.1836734693877551,0.9811320754716981,0.0,1
3387,0.5227272727272727,0.37617554858934166,0.41714040544888986,0.1714285714285714,0.3584905660377359,0.3333333333333333,1
5135,0.34090909090909094,0.12539184952978055,0.21034001930708998,0.22857142857142856,0.3584905660377359,0.0,0
8402,0.29545454545454547,0.0987460815047022,0.13053738067145768,0.2222222222222222,0.3584905660377359,0.0,0
8168,0.3863636363636364,0.16927899686520376,0.24820336801458756,0.21428571428571427,0.49056603773584906,0.0,0
7670,0.5909090909090909,0.3385579937304075,0.4774750616754263,0.24107142857142855,0.6415094339622641,0.3333333333333333,1
5186,0.36363636363636365,0.15987460815047022,0.16470020379706102,0.20238095238095238,0.7169811320754718,0.3333333333333333,0
6523,0.1590909090909091,0.025078369905956112,0.07690657513675855,0.2857142857142857,0.6981132075471698,0.3333333333333333,0
5177,0.4090909090909091,0.14890282131661442,0.2960420465515392,0.2714285714285714,0.7358490566037736,0.3333333333333333,0
4810,0.4545454545454546,0.329153605015674,0.30773356215810366,0.15,0.37735849056603776,0.0,0
6877,0.4090909090909091,0.1786833855799373,0.2481497372090529,0.22619047619047616,0.3584905660377359,0.0,0
5321,0.29545454545454547,0.0877742946708464,0.13579319961385822,0.25,0.20754716981132076,0.6666666666666666,0
1015,0.36363636363636365,0.13322884012539185,0.20937466480746542,0.24285714285714283,0.339622641509434,0.6666666666666666,0
6129,0.5681818181818182,0.26489028213166144,0.44138152955057386,0.2857142857142857,0.5094339622641509,0.3333333333333333,1
2556,0.7045454545454546,0.6269592476489028,0.6033465622653652,0.18285714285714286,0.4339622641509434,0.0,1
8440,0.4545454545454546,0.26332288401253917,0.23678000643569666,0.1875,0.5849056603773585,0.0,1
7230,0.5,0.25235109717868337,0.27609138689263113,0.2346938775510204,0.28301886792452835,0.0,0
5409,0.29545454545454547,0.0987460815047022,0.11401909256677034,0.2222222222222222,0.5660377358490566,0.0,0
6476,0.24999999999999997,0.09404388714733541,0.12817762522793094,0.1714285714285714,0.3584905660377359,0.0,0
3341,0.4090909090909091,0.2084639498432602,0.25426364904000853,0.19387755102040816,0.5849056603773585,0.0,0
2658,0.7045454545454546,0.37617554858934166,0.5741714040544889,0.30476190476190473,0.5849056603773585,0.0,1
257,0.75,0.5062695924764891,0.5430655368443633,0.2556390977443609,0.2641509433962264,0.3333333333333333,1
7867,0.5454545454545455,0.2938871473354232,0.4576316636275878,0.23809523809523808,0.6792452830188679,0.0,1
6009,0.5227272727272727,0.3385579937304075,0.3244663734849298,0.19047619047619047,0.7358490566037736,0.3333333333333333,1
2588,0.5909090909090909,0.4020376175548589,0.4456183631878151,0.20300751879699247,0.5849056603773585,0.0,1
3270,0.3863636363636364,0.15517241379310345,0.23951517751796633,0.23376623376623376,0.5283018867924528,0.3333333333333333,0
586,0.7954545454545455,0.7617554858934169,0.7665987343129894,0.19047619047619047,0.6037735849056604,0.3333333333333333,1
5019,0.22727272727272727,0.05172413793103448,0.1044728091815939,0.26190476190476186,0.5471698113207547,0.0,0
6675,0.31818181818181823,0.10579937304075235,0.159712538882334,0.23809523809523808,0.18867924528301888,0.3333333333333333,0
4436,0.36363636363636365,0.13322884012539185,0.1473774536093532,0.24285714285714283,0.5471698113207547,0.6666666666666666,0
6075,0.3863636363636364,0.2115987460815047,0.14973720905288,0.1714285714285714,0.5849056603773585,0.0,0
2793,0.27272727272727276,0.09169278996865203,0.10811970395795345,0.20634920634920634,0.3207547169811321,0.6666666666666666,0
2296,0.5909090909090909,0.3385579937304075,0.516571918910222,0.24107142857142855,0.5471698113207547,0.3333333333333333,1
899,0.27272727272727276,0.1018808777429467,0.12624691622868175,0.18571428571428572,0.6226415094339622,0.0,0
3318,0.5454545454545455,0.35266457680250785,0.379866995602274,0.1984126984126984,0.5471698113207547,0.0,1
492,0.6363636363636364,0.38636363636363635,0.42009009975329825,0.2436974789915966,0.24528301886792453,0.6666666666666666,1
5677,0.7272727272727273,0.49137931034482757,0.49855196825056314,0.24812030075187969,0.30188679245283023,1.0,1
8753,0.6818181818181819,0.5587774294670846,0.6075297650970717,0.19254658385093165,0.5849056603773585,0.0,1
6332,0.34090909090909094,0.0877742946708464,0.19832671886731737,0.32653061224489793,0.5660377358490566,0.0,0
2298,0.4318181818181819,0.2507836990595611,0.33454896492545316,0.17857142857142855,0.5283018867924528,0.0,0
6611,0.5909090909090909,0.38087774294670845,0.48326718867317386,0.21428571428571427,0.6037735849056604,0.6666666666666666,1
4331,0.4318181818181819,0.23510971786833854,0.38496192212807034,0.19047619047619047,0.7924528301886793,0.0,1
4756,0.20454545454545456,0.03134796238244514,0.06103185669848761,0.3571428571428571,0.24528301886792453,0.3333333333333333,0
2956,0.5,0.25235109717868337,0.21441596052772713,0.2346938775510204,0.3207547169811321,0.0,0
4979,0.5909090909090909,0.4020376175548589,0.39638528370696124,0.20300751879699247,0.6226415094339622,0.3333333333333333,1
6418,0.4545454545454546,0.2797805642633229,0.3358897350638207,0.17647058823529413,0.37735849056603776,0.3333333333333333,0
3493,0.4772727272727273,0.25862068965517243,0.30859165504665875,0.2095238095238095,0.6792452830188679,0.3333333333333333,1
7671,0.36363636363636365,0.15987460815047022,0.16561192749115092,0.20238095238095238,0.4339622641509434,0.3333333333333333,0
2792,0.34090909090909094,0.16300940438871472,0.22578569130108334,0.17582417582417584,0.49056603773584906,0.0,0
3348,0.8863636363636365,0.8777429467084639,0.9041081197039579,0.20408163265306123,0.49056603773584906,0.0,1
5996,0.4772727272727273,0.3275862068965517,0.31449104365547575,0.16541353383458646,0.37735849056603776,0.3333333333333333,0
3769,0.5681818181818182,0.3056426332288401,0.4622975437091065,0.24761904761904763,0.3584905660377359,0.0,1
4729,0.4772727272727273,0.22413793103448276,0.2661160570631771,0.24175824175824173,0.37735849056603776,0.6666666666666666,0
2135,0.36363636363636365,0.15987460815047022,0.20572777003110584,0.20238095238095238,0.6415094339622641,0.0,0
5090,0.7272727272727273,0.49137931034482757,0.5569559154778505,0.24812030075187969,0.3207547169811321,0.6666666666666666,1
3789,0.20454545454545456,0.04702194357366771,0.06478601308591656,0.23809523809523808,0.4716981132075472,0.3333333333333333,0
432,0.22727272727272727,0.09482758620689655,0.09149415424219673,0.14285714285714285,0.6226415094339622,0.3333333333333333,0
3638,0.4772727272727273,0.24137931034482757,0.2602166684543602,0.22448979591836732,0.5283018867924528,0.0,0
494,0.5454545454545455,0.35266457680250785,0.3423254317279846,0.1984126984126984,0.24528301886792453,0.0,0
8802,0.5909090909090909,0.4020376175548589,0.3109514104901856,0.20300751879699247,0.41509433962264153,0.3333333333333333,1
3349,0.6136363636363636,0.3949843260188088,0.5194679824090958,0.2222222222222222,0.339622641509434,0.0,0
7679,0.4090909090909091,0.1786833855799373,0.1727448246272659,0.22619047619047616,0.2641509433962264,0.3333333333333333,0
8461,0.18181818181818182,0.07758620689655173,0.08119703957953447,0.11688311688311688,0.49056603773584906,0.0,0
2687,0.6363636363636364,0.4318181818181818,0.4807465408130429,0.21804511278195488,0.3584905660377359,0.0,0
198,0.5227272727272727,0.3385579937304075,0.33476348814759205,0.19047619047619047,0.37735849056603776,0.0,0
6121,0.3863636363636364,0.15517241379310345,0.17580178054274376,0.23376623376623376,0.5849056603773585,0.0,0
374,0.34090909090909094,0.16300940438871472,0.12109835889735063,0.17582417582417584,0.37735849056603776,0.0,0
5114,0.6363636363636364,0.3409090909090909,0.5258500482677249,0.27619047619047615,0.339622641509434,0.6666666666666666,1
7092,0.4772727272727273,0.20689655172413793,0.2873538560549179,0.26190476190476186,0.6415094339622641,0.3333333333333333,1
6765,0.5454545454545455,0.2938871473354232,0.3275769602059423,0.23809523809523808,0.3207547169811321,0.3333333333333333,1
6209,0.4318181818181819,0.17241379310344826,0.23265043440952482,0.2597402597402597,0.39622641509433965,0.3333333333333333,0
5257,0.27272727272727276,0.05094043887147335,0.10602810254210018,0.37142857142857144,0.5660377358490566,0.0,0
3550,0.18181818181818182,0.03526645768025078,0.056097822589295285,0.2571428571428571,0.4339622641509434,0.0,0
6429,0.4545454545454546,0.23040752351097177,0.33251099431513453,0.21428571428571427,0.5471698113207547,0.0,0
2634,0.36363636363636365,0.13322884012539185,0.1792877829024992,0.24285714285714283,0.7358490566037736,0.3333333333333333,0
1106,0.5227272727272727,0.26332288401253917,0.30129786549393966,0.24489795918367344,0.5471698113207547,0.3333333333333333,1
2045,0.5,0.25235109717868337,0.2686903357288426,0.2346938775510204,0.4339622641509434,0.0,0
3657,0.5909090909090909,0.317398119122257,0.4528585219349994,0.2571428571428571,0.5471698113207547,0.3333333333333333,1
3545,0.6590909090909092,0.44670846394984326,0.5683792770567414,0.22556390977443608,0.30188679245283023,0.6666666666666666,0
5912,0.6590909090909092,0.49373040752351094,0.5233294004075941,0.20408163265306123,0.5660377358490566,0.0,1
6448,0.4772727272727273,0.27586206896551724,0.28145446744610103,0.19642857142857142,0.41509433962264153,0.0,0
6890,0.4090909090909091,0.1786833855799373,0.2399978547677786,0.22619047619047616,0.5849056603773585,0.0,0
8010,0.27272727272727276,0.0713166144200627,0.1116057063177089,0.2653061224489796,0.28301886792452835,0.3333333333333333,0
5885,0.5681818181818182,0.38714733542319746,0.38978869462619326,0.19548872180451127,0.7547169811320755,0.0,1
3377,0.31818181818181823,0.0822884012539185,0.09696449640673603,0.3061224489795918,0.5849056603773585,0.6666666666666666,0
4198,0.4772727272727273,0.24137931034482757,0.18824412742679397,0.22448979591836732,0.4528301886792453,0.0,0
4204,0.7272727272727273,0.6206896551724138,0.7056205084200363,0.19642857142857142,0.5094339622641509,0.3333333333333333,1
3022,0.6590909090909092,0.37617554858934166,0.5989488362115198,0.26785714285714285,0.4528301886792453,1.0,1
7151,0.4772727272727273,0.15517241379310345,0.27555507883728414,0.34920634920634924,0.3584905660377359,0.3333333333333333,0
3511,0.5681818181818182,0.3667711598746081,0.46648074654081306,0.20634920634920634,0.6415094339622641,0.0,1
6878,0.5454545454545455,0.372257053291536,0.33562158103614714,0.18796992481203006,0.660377358490566,0.3333333333333333,0
7955,0.3863636363636364,0.2115987460815047,0.23565375951946796,0.1714285714285714,0.4528301886792453,0.0,0
690,0.6136363636363636,0.3730407523510972,0.5344846079588116,0.2352941176470588,0.5849056603773585,0.0,1
7674,0.4090909090909091,0.16379310344827586,0.17376380993242518,0.24675324675324675,0.15094339622641512,0.3333333333333333,0
5163,0.22727272727272727,0.043103448275862065,0.06907647752869248,0.3142857142857143,0.6037735849056604,0.3333333333333333,0
8416,0.34090909090909094,0.15047021943573669,0.17687439665343774,0.19047619047619047,0.4716981132075472,0.0,0
3104,0.5681818181818182,0.38714733542319746,0.47205835031642174,0.19548872180451127,0.49056603773584906,0.0,0
8773,0.3863636363636364,0.12695924764890282,0.2095891880296042,0.2857142857142857,0.5849056603773585,0.3333333333333333,1
317,0.7045454545454546,0.5266457680250783,0.5055239729700739,0.21768707482993194,0.660377358490566,0.0,1
852,0.20454545454545456,0.05485893416927899,0.07926633058028532,0.20408163265306123,0.5283018867924528,0.3333333333333333,0
4558,0.27272727272727276,0.05094043887147335,0.11300010726161107,0.37142857142857144,0.37735849056603776,0.6666666666666666,0
987,0.7272727272727273,0.5172413793103449,0.6896921591762308,0.23571428571428568,0.7924528301886793,0.0,1
3005,0.36363636363636365,0.11990595611285267,0.15831813793843183,0.2698412698412698,0.37735849056603776,0.3333333333333333,0
109,0.3863636363636364,0.16927899686520376,0.23565375951946796,0.21428571428571427,0.6981132075471698,0.0,0
1036,0.5454545454545455,0.372257053291536,0.3865708462941113,0.18796992481203006,0.37735849056603776,0.3333333333333333,0
7220,0.6136363636363636,0.3510971786833856,0.41885659122600016,0.25,0.4339622641509434,0.3333333333333333,0
4477,0.5227272727272727,0.30094043887147337,0.4068432907862276,0.21428571428571427,0.7169811320754718,0.0,1
5388,0.4090909090909091,0.19357366771159873,0.21350423683363726,0.20879120879120877,0.41509433962264153,0.0,0
5644,0.13636363636363635,0.027429467084639496,0.05883299367156494,0.19999999999999998,0.2641509433962264,0.0,0
4527,0.31818181818181823,0.14106583072100312,0.15005899388608818,0.17857142857142855,0.49056603773584906,0.0,0
5614,0.3863636363636364,0.2115987460815047,0.1738710715434946,0.1714285714285714,0.49056603773584906,0.0,0
8243,0.36363636363636365,0.07993730407523511,0.20025742786656656,0.40476190476190477,0.3584905660377359,0.6666666666666666,0
6583,0.3863636363636364,0.14106583072100312,0.22213879652472382,0.2571428571428571,0.5660377358490566,0.3333333333333333,0
2846,0.34090909090909094,0.12539184952978055,0.16743537487933066,0.22857142857142856,0.660377358490566,0.3333333333333333,0
5891,0.5454545454545455,0.2938871473354232,0.25785691301083347,0.23809523809523808,0.5660377358490566,0.3333333333333333,1
7570,0.8636363636363636,0.6112852664576802,0.7432693339053952,0.2785714285714285,0.49056603773584906,0.6666666666666666,1
7352,0.3863636363636364,0.1974921630094044,0.2327576960205942,0.1836734693877551,0.6792452830188679,0.3333333333333333,0
6072,0.31818181818181823,0.04702194357366771,0.11948943473130966,0.5357142857142857,0.5660377358490566,0.6666666666666666,0
3102,0.7045454545454546,0.5768025078369906,0.6411026493617933,0.19875776397515527,0.4528301886792453,0.0,1
7769,0.4545454545454546,0.1810344827586207,0.20074010511637885,0.2727272727272727,0.6226415094339622,0.3333333333333333,1
5330,0.20454545454545456,0.05485893416927899,0.09589188029604205,0.20408163265306123,0.7735849056603774,0.3333333333333333,0
7945,0.29545454545454547,0.06583072100313479,0.12528156172905716,0.3333333333333333,0.3584905660377359,0.6666666666666666,0
5823,0.5227272727272727,0.18808777429467083,0.4364474954413815,0.3428571428571428,0.49056603773584906,0.6666666666666666,1
6435,0.5,0.2884012539184953,0.3858736458221602,0.20535714285714285,0.49056603773584906,0.3333333333333333,1
164,0.22727272727272727,0.06896551724137931,0.11922128070363616,0.19642857142857142,0.41509433962264153,0.3333333333333333,0
1142,0.4318181818181819,0.17241379310344826,0.21334334441703315,0.2597402597402597,0.5471698113207547,0.3333333333333333,0
1048,0.5454545454545455,0.372257053291536,0.33025850048267724,0.18796992481203006,0.24528301886792453,0.0,0
6676,0.7272727272727273,0.5172413793103449,0.5905824305481068,0.23571428571428568,0.6037735849056604,0.6666666666666666,1
7647,0.4772727272727273,0.24137931034482757,0.3451678644213235,0.22448979591836732,0.3207547169811321,0.3333333333333333,0
518,0.34090909090909094,0.12539184952978055,0.08849082913225356,0.22857142857142856,0.5660377358490566,0.3333333333333333,0
3917,0.29545454545454547,0.0987460815047022,0.1425506811112303,0.2222222222222222,0.18867924528301888,0.3333333333333333,0
7981,0.3863636363636364,0.14106583072100312,0.23951517751796633,0.2571428571428571,0.5849056603773585,1.0,0
1465,0.18181818181818182,0.05642633228840125,0.06333798133647967,0.1607142857142857,0.0566037735849057,0.3333333333333333,0
1976,0.29545454545454547,0.0987460815047022,0.1342915370588866,0.2222222222222222,0.5660377358490566,0.0,0
4819,0.36363636363636365,0.10658307210031348,0.24584361257106083,0.30357142857142855,0.6037735849056604,0.3333333333333333,0
2210,0.5454545454545455,0.3134796238244514,0.3905931567092138,0.2232142857142857,0.6415094339622641,0.0,1
5622,0.4318181818181819,0.2507836990595611,0.24337659551646465,0.17857142857142855,0.5849056603773585,0.0,1
6402,0.36363636363636365,0.10658307210031348,0.17108226965569026,0.30357142857142855,0.5849056603773585,0.3333333333333333,0
4798,0.4772727272727273,0.24137931034482757,0.26257642389788693,0.22448979591836732,0.5283018867924528,0.3333333333333333,0
4857,0.36363636363636365,0.14655172413793102,0.1364367692802746,0.22077922077922077,0.39622641509433965,0.3333333333333333,0
221,0.4772727272727273,0.15517241379310345,0.2873538560549179,0.34920634920634924,0.5660377358490566,0.3333333333333333,1
1637,0.24999999999999997,0.05642633228840125,0.12560334656226535,0.2857142857142857,0.6415094339622641,0.0,0
3984,0.5909090909090909,0.2750783699059561,0.5049876649147269,0.2967032967032967,0.6981132075471698,0.6666666666666666,1
2939,0.3863636363636364,0.1974921630094044,0.24916872251421215,0.1836734693877551,0.5849056603773585,0.0,0
2071,0.4090909090909091,0.22335423197492163,0.23897886946261934,0.18095238095238092,0.6226415094339622,0.0,0
3921,0.5909090909090909,0.4231974921630094,0.5889735063820659,0.19285714285714287,0.5660377358490566,0.0,1
8048,0.4545454545454546,0.1810344827586207,0.31223854982301835,0.2727272727272727,0.3207547169811321,0.0,1
3709,0.5681818181818182,0.32601880877742945,0.4120991097286282,0.23214285714285712,0.339622641509434,0.3333333333333333,0
6550,0.3863636363636364,0.16927899686520376,0.3070899924916872,0.21428571428571427,0.7169811320754718,0.0,1
7510,0.4090909090909091,0.2084639498432602,0.21350423683363726,0.19387755102040816,0.4528301886792453,0.0,0
6485,0.7045454545454546,0.5768025078369906,0.6256569773678,0.19875776397515527,0.5283018867924528,0.0,1
5259,0.4545454545454546,0.2797805642633229,0.35503593263970823,0.17647058823529413,0.6792452830188679,0.0,0
6136,0.6818181818181819,0.5101880877742947,0.40469805856483965,0.2108843537414966,0.7547169811320755,0.0,1
5608,0.4772727272727273,0.24137931034482757,0.24487825807143618,0.22448979591836732,0.5471698113207547,0.3333333333333333,1
3138,0.5909090909090909,0.38087774294670845,0.35294433122385493,0.21428571428571427,0.37735849056603776,0.0,1
4625,0.27272727272727276,0.09169278996865203,0.11718331009331759,0.20634920634920634,0.3584905660377359,0.3333333333333333,0
7184,0.5227272727272727,0.28213166144200624,0.3321892094819263,0.22857142857142856,0.5660377358490566,0.0,1
323,0.5227272727272727,0.28213166144200624,0.4210018234473881,0.22857142857142856,0.4716981132075472,0.3333333333333333,1
3041,0.5454545454545455,0.2938871473354232,0.3423254317279846,0.23809523809523808,0.7735849056603774,0.3333333333333333,1
1440,0.24999999999999997,0.08463949843260188,0.09535557224069505,0.19047619047619047,0.39622641509433965,0.3333333333333333,0
4391,0.5681818181818182,0.3667711598746081,0.3967606993457041,0.20634920634920634,0.41509433962264153,0.3333333333333333,0
2964,0.34090909090909094,0.10031347962382445,0.17773248954199292,0.2857142857142857,0.6415094339622641,0.0,0
4317,0.4545454545454546,0.164576802507837,0.2908398584146734,0.3,0.3207547169811321,0.0,0
937,0.5,0.3244514106583072,0.380939611712968,0.1825396825396825,0.4716981132075472,0.3333333333333333,0
7081,0.6590909090909092,0.329153605015674,0.5490721870642497,0.3061224489795918,0.41509433962264153,0.3333333333333333,1
3491,0.8636363636363636,0.7029780564263323,0.6721548857663842,0.24223602484472048,0.37735849056603776,0.0,1
1701,0.5454545454545455,0.3330721003134796,0.3450069720047195,0.21008403361344538,0.660377358490566,0.0,1
3802,0.5909090909090909,0.35971786833855796,0.5020916014158533,0.22689075630252098,0.5849056603773585,0.0,1
2114,0.6590909090909092,0.47021943573667707,0.49919553791697946,0.21428571428571427,0.41509433962264153,0.0,1
4755,0.6590909090909092,0.4231974921630094,0.5555078837284135,0.23809523809523808,0.6415094339622641,0.0,1
373,0.36363636363636365,0.1865203761755486,0.23125603346562262,0.173469387755102,0.660377358490566,0.3333333333333333,0
2666,0.5454545454545455,0.3330721003134796,0.37316314491043656,0.21008403361344538,0.6226415094339622,0.0,0
2446,0.75,0.6661442006269592,0.7545854338732166,0.19428571428571428,0.41509433962264153,0.0,1
6987,0.31818181818181823,0.09404388714733541,0.15569022846723157,0.26785714285714285,0.5283018867924528,0.3333333333333333,0
5402,0.3863636363636364,0.0987460815047022,0.2858521934999463,0.3673469387755102,0.5094339622641509,0.0,0
3757,0.27272727272727276,0.1018808777429467,0.0865064893274697,0.18571428571428572,0.4528301886792453,0.0,0
5862,0.24999999999999997,0.06583072100313479,0.12302906789659981,0.24489795918367344,0.37735849056603776,0.0,0
33,0.6590909090909092,0.3996865203761755,0.5362007937359218,0.25210084033613445,0.5094339622641509,0.6666666666666666,1
6154,0.5454545454545455,0.3330721003134796,0.3342808108977797,0.21008403361344538,0.6415094339622641,0.3333333333333333,1
3404,0.18181818181818182,0.05642633228840125,0.07202617183310094,0.1607142857142857,0.37735849056603776,0.3333333333333333,0
8043,0.4090909090909091,0.14890282131661442,0.2430548106832565,0.2714285714285714,0.5471698113207547,0.6666666666666666,1
2091,0.4090909090909091,0.14890282131661442,0.2512066931245307,0.2714285714285714,0.4716981132075472,0.0,0
2586,0.6363636363636364,0.38636363636363635,0.508741821302156,0.2436974789915966,0.41509433962264153,0.3333333333333333,1
1962,0.4318181818181819,0.2507836990595611,0.30129786549393966,0.17857142857142855,0.41509433962264153,0.0,1
3752,0.8181818181818182,0.6959247648902821,0.7761986485037005,0.22023809523809523,0.6226415094339622,0.0,1
2712,0.3863636363636364,0.18338557993730406,0.29454038399656757,0.1978021978021978,0.6981132075471698,0.3333333333333333,0
1693,0.34090909090909094,0.13793103448275862,0.12796310200579214,0.20779220779220778,0.37735849056603776,0.3333333333333333,0
6165,0.18181818181818182,0.06347962382445141,0.129947441810576,0.14285714285714285,0.339622641509434,0.0,0
2487,0.22727272727272727,0.06034482758620689,0.10978225892952911,0.22448979591836732,0.5471698113207547,0.3333333333333333,0
3926,0.5227272727272727,0.31974921630094044,0.3630805534699131,0.20168067226890757,0.4339622641509434,0.0,0
8794,0.3863636363636364,0.2115987460815047,0.18642068003861417,0.1714285714285714,0.6226415094339622,0.3333333333333333,0
2182,0.6818181818181819,0.5101880877742947,0.5127641317172584,0.2108843537414966,0.4716981132075472,0.6666666666666666,1
8640,0.1590909090909091,0.018808777429467086,0.055454252922878894,0.38095238095238093,0.5094339622641509,0.3333333333333333,0
7182,0.4090909090909091,0.16379310344827586,0.17783975115306233,0.24675324675324675,0.5283018867924528,0.3333333333333333,0
8962,0.5454545454545455,0.25470219435736674,0.27796846508634554,0.2747252747252747,0.5283018867924528,0.6666666666666666,1
4275,0.34090909090909094,0.1128526645768025,0.19146197575887589,0.25396825396825395,0.6226415094339622,0.6666666666666666,0
4109,0.6363636363636364,0.36363636363636365,0.49163359433658693,0.2589285714285714,0.5849056603773585,0.3333333333333333,1
5056,0.6136363636363636,0.4169278996865204,0.5059530194143517,0.21052631578947367,0.37735849056603776,0.0,1
7199,0.5,0.2884012539184953,0.26252279309235227,0.20535714285714285,0.5660377358490566,0.3333333333333333,1
6358,0.6136363636363636,0.3730407523510972,0.4984447066394938,0.2352941176470588,0.6415094339622641,0.3333333333333333,1
1662,0.31818181818181823,0.11755485893416927,0.18062855304086667,0.21428571428571427,0.5849056603773585,0.6666666666666666,0
37,0.5681818181818182,0.3056426332288401,0.2754478172262148,0.24761904761904763,0.22641509433962265,0.0,1
5230,0.6818181818181819,0.4373040752351097,0.5077764668025313,0.24603174603174605,0.6415094339622641,0.3333333333333333,1
5447,0.31818181818181823,0.12931034482758622,0.1548857663842111,0.1948051948051948,0.3207547169811321,0.0,0
1001,0.4090909090909091,0.11912225705329153,0.1921055454252923,0.33928571428571425,0.6037735849056604,0.0,0
844,0.24999999999999997,0.07523510971786834,0.08441488791161644,0.21428571428571427,0.39622641509433965,0.0,0
8338,0.29545454545454547,0.10971786833855798,0.15606564410597445,0.19999999999999998,0.7735849056603774,0.0,0
7508,0.7045454545454546,0.5517241379310345,0.6599806929100075,0.20779220779220778,0.5094339622641509,0.0,1
284,0.3863636363636364,0.16927899686520376,0.2288962780220959,0.21428571428571427,0.339622641509434,0.0,0
131,0.4318181818181819,0.1567398119122257,0.21977904108119703,0.2857142857142857,0.5660377358490566,0.3333333333333333,1
3240,0.4772727272727273,0.24137931034482757,0.2401587471843827,0.22448979591836732,0.660377358490566,0.0,1
698,0.5454545454545455,0.39184952978056425,0.43483857127534054,0.17857142857142855,0.5849056603773585,0.3333333333333333,0
3824,0.27272727272727276,0.1018808777429467,0.12206371339697522,0.18571428571428572,0.41509433962264153,0.3333333333333333,0
649,0.3863636363636364,0.14106583072100312,0.22696556902284673,0.2571428571428571,0.7169811320754718,0.0,1
2268,0.7045454545454546,0.45141065830721,0.5295505738496192,0.25396825396825395,0.49056603773584906,0.6666666666666666,1
7785,0.31818181818181823,0.12931034482758622,0.1468411455540062,0.1948051948051948,0.30188679245283023,0.0,0
1893,0.6818181818181819,0.4130094043887147,0.6091923200686474,0.26050420168067223,0.4528301886792453,0.3333333333333333,1
7289,0.31818181818181823,0.14106583072100312,0.22246058135793198,0.17857142857142855,0.39622641509433965,0.0,0
1988,0.36363636363636365,0.1731974921630094,0.19661053309020698,0.18681318681318682,0.6037735849056604,0.0,0
7566,0.31818181818181823,0.14106583072100312,0.15327684221817012,0.17857142857142855,0.5849056603773585,0.6666666666666666,0
2764,0.4318181818181819,0.18808777429467083,0.25839322106618046,0.23809523809523808,0.660377358490566,0.0,0
8572,0.4545454545454546,0.3126959247648903,0.3426472165611928,0.15789473684210528,0.5660377358490566,0.0,0
6803,0.29545454545454547,0.05485893416927899,0.1538131502735171,0.39999999999999997,0.4339622641509434,0.3333333333333333,0
2528,0.7727272727272728,0.5211598746081505,0.777003110586721,0.2631578947368421,0.4528301886792453,0.3333333333333333,1
4028,0.5909090909090909,0.46551724137931033,0.5209160141585326,0.17532467532467533,0.8301886792452831,0.0,0
2837,0.5681818181818182,0.4075235109717868,0.49715756730666094,0.18571428571428572,0.4528301886792453,0.0,1
8046,0.5,0.25235109717868337,0.29336050627480426,0.2346938775510204,0.5660377358490566,0.3333333333333333,0
4171,0.4090909090909091,0.11912225705329153,0.1482891773034431,0.33928571428571425,0.5849056603773585,0.0,1
7057,0.34090909090909094,0.13793103448275862,0.13911830955700955,0.20779220779220778,0.3207547169811321,0.3333333333333333,0
1751,0.18181818181818182,0.04231974921630094,0.07685294433122386,0.21428571428571427,0.5283018867924528,0.0,0
4043,0.5227272727272727,0.26332288401253917,0.3720905287997426,0.24489795918367344,0.7735849056603774,0.3333333333333333,1
7356,0.5454545454545455,0.274294670846395,0.38791161643247885,0.25510204081632654,0.39622641509433965,0.3333333333333333,0
6015,0.24999999999999997,0.08463949843260188,0.08570202724444921,0.19047619047619047,0.2641509433962264,0.0,0
1265,0.5227272727272727,0.26332288401253917,0.43258607744288324,0.24489795918367344,0.5283018867924528,0.3333333333333333,1
3172,0.5909090909090909,0.317398119122257,0.470234902928242,0.2571428571428571,0.4339622641509434,0.6666666666666666,1
190,0.29545454545454547,0.0987460815047022,0.1410490185562587,0.2222222222222222,0.5094339622641509,0.6666666666666666,0
1824,0.5227272727272727,0.31974921630094044,0.5123887160785154,0.20168067226890757,0.13207547169811323,0.0,0
3723,0.4318181818181819,0.18808777429467083,0.24873967606993455,0.23809523809523808,0.6037735849056604,0.0,0
4925,0.5,0.23432601880877743,0.24031963960098682,0.25274725274725274,0.5849056603773585,0.3333333333333333,0
5660,0.4318181818181819,0.21943573667711597,0.3324037327040652,0.20408163265306123,0.5471698113207547,0.0,0
6740,0.8181818181818182,0.6379310344827586,0.7404805320175909,0.24025974025974026,0.7169811320754718,0.6666666666666666,1
7910,0.3863636363636364,0.16927899686520376,0.2288962780220959,0.21428571428571427,0.41509433962264153,0.3333333333333333,0
8292,0.27272727272727276,0.15282131661442006,0.15552933605062746,0.12380952380952381,0.7547169811320755,0.0,0
8186,0.4545454545454546,0.21394984326018807,0.2705674139225571,0.23076923076923075,0.6037735849056604,0.0,0
6458,0.29545454545454547,0.12068965517241378,0.15606564410597445,0.1818181818181818,0.41509433962264153,0.0,0
3333,0.6590909090909092,0.35266457680250785,0.4863241445886517,0.2857142857142857,0.4716981132075472,0.0,1
1327,0.75,0.5062695924764891,0.6214737745360935,0.2556390977443609,0.3207547169811321,0.3333333333333333,1
92,0.3863636363636364,0.15517241379310345,0.21441596052772713,0.23376623376623376,0.3207547169811321,0.3333333333333333,0
6043,0.5227272727272727,0.28213166144200624,0.29872358682827416,0.22857142857142856,0.5283018867924528,0.3333333333333333,0
437,0.6363636363636364,0.45454545454545453,0.5071865279416496,0.20714285714285713,0.4716981132075472,0.0,1
8822,0.6136363636363636,0.5047021943573667,0.4518931674353749,0.17391304347826086,0.4716981132075472,0.6666666666666666,0
4794,0.34090909090909094,0.12539184952978055,0.16743537487933066,0.22857142857142856,0.4528301886792453,0.0,0
5424,0.7272727272727273,0.4396551724137931,0.5215595838249489,0.27731092436974786,0.5471698113207547,0.3333333333333333,1
1999,0.5,0.3064263322884012,0.2884264721656119,0.19327731092436976,0.5283018867924528,0.0,0
732,0.6363636363636364,0.38636363636363635,0.6005041295720261,0.2436974789915966,0.37735849056603776,0.0,1
2434,0.6818181818181819,0.6316614420062696,0.682344738817977,0.1703296703296703,0.4339622641509434,0.3333333333333333,1
1540,0.4545454545454546,0.1974921630094044,0.2288962780220959,0.25,0.5471698113207547,0.3333333333333333,0
1289,0.5,0.23432601880877743,0.31556365976616974,0.25274725274725274,0.3584905660377359,0.6666666666666666,0
7132,0.36363636363636365,0.15987460815047022,0.13826021666845437,0.20238095238095238,0.30188679245283023,0.3333333333333333,0
2238,0.6590909090909092,0.44670846394984326,0.6053845328756837,0.22556390977443608,0.6415094339622641,0.3333333333333333,1
5361,0.5,0.27037617554858934,0.30446208302048694,0.21904761904761905,0.6415094339622641,0.6666666666666666,0
5369,0.24999999999999997,0.07523510971786834,0.148128284886839,0.21428571428571427,0.41509433962264153,0.3333333333333333,0
7850,0.4318181818181819,0.28213166144200624,0.3645822160248847,0.15873015873015872,0.28301886792452835,0.0,0
7444,0.6818181818181819,0.5830721003134796,0.5377024562908934,0.18452380952380953,0.37735849056603776,0.0,0
6706,0.5,0.25235109717868337,0.32296471092995815,0.2346938775510204,0.39622641509433965,0.3333333333333333,0
85,0.4545454545454546,0.1810344827586207,0.32575351281776255,0.2727272727272727,0.5660377358490566,0.6666666666666666,1
2330,0.13636363636363635,0.027429467084639496,0.04156387428939183,0.19999999999999998,0.5283018867924528,0.0,0
4147,0.5681818181818182,0.32601880877742945,0.3967606993457041,0.23214285714285712,0.5660377358490566,0.3333333333333333,1
1286,0.5,0.25235109717868337,0.3797061031856698,0.2346938775510204,0.4716981132075472,0.0,1
1655,0.27272727272727276,0.08150470219435736,0.08999249168722515,0.23214285714285712,0.3584905660377359,0.6666666666666666,0
8394,0.5,0.21630094043887146,0.23291858843719832,0.2738095238095238,0.3584905660377359,0.3333333333333333,1
1301,0.29545454545454547,0.12068965517241378,0.10726161106939827,0.1818181818181818,0.6415094339622641,0.3333333333333333,0
5805,0.36363636363636365,0.14655172413793102,0.20937466480746542,0.22077922077922077,0.20754716981132076,0.0,0
2714,0.4772727272727273,0.20689655172413793,0.2531374021237799,0.26190476190476186,0.5283018867924528,0.3333333333333333,1
1630,0.7045454545454546,0.5768025078369906,0.6222246058135793,0.19875776397515527,0.5471698113207547,0.0,1
6857,0.31818181818181823,0.164576802507837,0.2087847259465837,0.1530612244897959,0.37735849056603776,0.0,0
3878,0.5909090909090909,0.46551724137931033,0.4789230934248633,0.17532467532467533,0.5283018867924528,0.0,0
3529,0.4090909090909091,0.2084639498432602,0.3388394293682291,0.19387755102040816,0.24528301886792453,0.0,0
1498,0.34090909090909094,0.12539184952978055,0.19832671886731737,0.22857142857142856,0.39622641509433965,0.0,0
1864,0.4772727272727273,0.3103448275862069,0.2389788694626193,0.17460317460317462,0.339622641509434,0.0,0
1991,0.4545454545454546,0.21394984326018807,0.27619864850370046,0.23076923076923075,0.4339622641509434,0.3333333333333333,0
8314,0.36363636363636365,0.13322884012539185,0.2339912045478923,0.24285714285714283,0.5660377358490566,0.6666666666666666,0
1437,0.4545454545454546,0.21394984326018807,0.3606671672208517,0.23076923076923075,0.37735849056603776,0.6666666666666666,0
2016,0.5454545454545455,0.3134796238244514,0.3021023275769602,0.2232142857142857,0.8113207547169812,0.3333333333333333,1
6513,0.5454545454545455,0.2938871473354232,0.4281347205835031,0.23809523809523808,0.7547169811320755,0.3333333333333333,1
4265,0.31818181818181823,0.11755485893416927,0.11627158639922772,0.21428571428571427,0.7924528301886793,0.3333333333333333,0
2735,0.4090909090909091,0.1786833855799373,0.21859916335943366,0.22619047619047616,0.4528301886792453,0.0,0
6460,0.5909090909090909,0.46551724137931033,0.46733883942936816,0.17532467532467533,0.4528301886792453,0.3333333333333333,1
7527,0.31818181818181823,0.11755485893416927,0.14442775930494475,0.21428571428571427,0.7358490566037736,0.6666666666666666,0
341,0.36363636363636365,0.13322884012539185,0.20208087525474633,0.24285714285714283,0.6415094339622641,0.3333333333333333,0
1070,0.31818181818181823,0.09404388714733541,0.159712538882334,0.26785714285714285,0.5283018867924528,0.3333333333333333,0
7992,0.6136363636363636,0.3730407523510972,0.44138152955057386,0.2352941176470588,0.6792452830188679,0.0,1
5327,0.5227272727272727,0.37617554858934166,0.4390217741070471,0.1714285714285714,0.6037735849056604,0.0,1
6354,0.4545454545454546,0.2797805642633229,0.2683149200900997,0.17647058823529413,0.41509433962264153,0.0,0
5178,0.6136363636363636,0.3730407523510972,0.46841145554006225,0.2352941176470588,0.49056603773584906,0.3333333333333333,1
1903,0.36363636363636365,0.14655172413793102,0.23854982301834174,0.22077922077922077,0.41509433962264153,0.3333333333333333,0
7496,0.5681818181818182,0.2445141065830721,0.36329507669205197,0.3095238095238095,0.5094339622641509,0.6666666666666666,1
2455,0.4090909090909091,0.13401253918495298,0.19821945725624798,0.30158730158730157,0.4528301886792453,0.0,0
1478,0.5909090909090909,0.4020376175548589,0.4065215059530194,0.20300751879699247,0.5471698113207547,0.3333333333333333,1
3697,0.31818181818181823,0.14106583072100312,0.1790196288748257,0.17857142857142855,0.6415094339622641,0.3333333333333333,0
7411,0.4772727272727273,0.24137931034482757,0.21302155958382493,0.22448979591836732,0.4528301886792453,0.3333333333333333,0
7030,0.22727272727272727,0.08620689655172413,0.04606886195430655,0.15714285714285714,0.7735849056603774,0.0,0
3340,0.5,0.25235109717868337,0.35380242411241014,0.2346938775510204,0.8113207547169812,0.3333333333333333,0
6949,0.7954545454545455,0.677115987460815,0.7299152633272552,0.21428571428571427,0.8490566037735849,0.3333333333333333,1
8512,0.5227272727272727,0.31974921630094044,0.2794164968357825,0.20168067226890757,0.5849056603773585,0.6666666666666666,0
2430,0.3863636363636364,0.14106583072100312,0.23661911401909258,0.2571428571428571,0.5094339622641509,0.0,0
1103,0.24999999999999997,0.04702194357366771,0.13139547356001288,0.3428571428571428,0.15094339622641512,0.3333333333333333,0
7297,0.7272727272727273,0.5431034482758621,0.6012013300439772,0.22448979591836732,0.37735849056603776,0.3333333333333333,1
1357,0.8181818181818182,0.5799373040752351,0.6571382602166684,0.2642857142857143,0.5283018867924528,0.3333333333333333,1
7176,0.34090909090909094,0.13793103448275862,0.13654403089134398,0.20779220779220778,0.5471698113207547,0.3333333333333333,0
1178,0.5909090909090909,0.35971786833855796,0.528156172905717,0.22689075630252098,0.5094339622641509,0.0,1
2762,0.6363636363636364,0.4318181818181818,0.560066502198863,0.21804511278195488,0.7169811320754718,0.3333333333333333,1
1105,0.4772727272727273,0.27586206896551724,0.37230505202188136,0.19642857142857142,0.4528301886792453,0.0,1
2090,0.29545454545454547,0.1426332288401254,0.1485573313311166,0.15384615384615383,0.5849056603773585,0.0,0
6544,0.6818181818181819,0.4130094043887147,0.590904215381315,0.26050420168067223,0.660377358490566,0.0,1
6687,0.3863636363636364,0.225705329153605,0.29647109299581675,0.1607142857142857,0.2641509433962264,0.0,0
4737,0.18181818181818182,0.014106583072100312,0.07347420358253781,0.6428571428571428,0.8490566037735849,0.3333333333333333,0
7122,0.31818181818181823,0.164576802507837,0.1548857663842111,0.1530612244897959,0.339622641509434,0.0,0
8879,0.5227272727272727,0.225705329153605,0.3476348814759198,0.2857142857142857,0.6415094339622641,0.3333333333333333,1
1481,0.8636363636363636,0.6112852664576802,0.8206585862919661,0.2785714285714285,0.660377358490566,0.6666666666666666,1
8398,0.29545454545454547,0.10971786833855798,0.1410490185562587,0.19999999999999998,0.4339622641509434,0.3333333333333333,0
906,0.5909090909090909,0.4020376175548589,0.4181057599485144,0.20300751879699247,0.4716981132075472,0.0,0
388,0.4318181818181819,0.18808777429467083,0.2766276949479781,0.23809523809523808,0.22641509433962265,0.0,0
4682,0.4545454545454546,0.1974921630094044,0.23114877185455324,0.25,0.22641509433962265,0.3333333333333333,0
1226,0.29545454545454547,0.06583072100313479,0.12152740534162823,0.3333333333333333,0.49056603773584906,0.3333333333333333,0
238,0.5909090909090909,0.38087774294670845,0.493403410919232,0.21428571428571427,0.30188679245283023,0.6666666666666666,1
1443,0.24999999999999997,0.09404388714733541,0.10629625656977366,0.1714285714285714,0.5471698113207547,0.0,0
4137,0.3863636363636364,0.18338557993730406,0.20669312453073044,0.1978021978021978,0.5094339622641509,0.0,0
5521,0.36363636363636365,0.13322884012539185,0.20208087525474633,0.24285714285714283,0.5849056603773585,0.0,0
2784,0.5227272727272727,0.28213166144200624,0.33733776681325756,0.22857142857142856,0.7358490566037736,0.6666666666666666,1
7974,0.4318181818181819,0.21943573667711597,0.27448246272659016,0.20408163265306123,0.3207547169811321,0.0,0
2372,0.5227272727272727,0.28213166144200624,0.3836747827952375,0.22857142857142856,0.24528301886792453,0.6666666666666666,0
773,0.4545454545454546,0.1974921630094044,0.2750724015874718,0.25,0.37735849056603776,0.3333333333333333,0
4523,0.34090909090909094,0.10031347962382445,0.19832671886731737,0.2857142857142857,0.4716981132075472,0.3333333333333333,0
2249,0.5681818181818182,0.4482758620689655,0.46648074654081306,0.16883116883116883,0.4339622641509434,0.0,0
8672,0.5227272727272727,0.30094043887147337,0.2974364474954414,0.21428571428571427,0.37735849056603776,0.3333333333333333,0
8252,0.7045454545454546,0.5517241379310345,0.5844685187171511,0.20779220779220778,0.5094339622641509,0.0,1
7239,0.6363636363636364,0.45454545454545453,0.5942829561300011,0.20714285714285713,0.7924528301886793,0.3333333333333333,1
2275,0.7727272727272728,0.5211598746081505,0.6906575136758554,0.2631578947368421,0.41509433962264153,0.3333333333333333,1
7126,0.4545454545454546,0.1810344827586207,0.20749758661375095,0.2727272727272727,0.5283018867924528,0.3333333333333333,0
3744,0.22727272727272727,0.07758620689655173,0.08972433765955165,0.17460317460317462,0.22641509433962265,0.0,0
6273,0.6363636363636364,0.47727272727272724,0.5460688619543066,0.19727891156462585,0.39622641509433965,0.0,0
4306,0.5227272727272727,0.225705329153605,0.28713933283277915,0.2857142857142857,0.5849056603773585,0.0,1
5416,0.4545454545454546,0.13166144200626959,0.28520862383352996,0.375,0.6037735849056604,1.0,0
3634,0.4545454545454546,0.1810344827586207,0.1849726482891773,0.2727272727272727,0.6037735849056604,0.6666666666666666,0
8241,0.36363636363636365,0.1731974921630094,0.21302155958382493,0.18681318681318682,0.5094339622641509,0.0,0
2502,0.36363636363636365,0.10658307210031348,0.15740641424434199,0.30357142857142855,0.5283018867924528,0.3333333333333333,0
3276,0.5,0.21630094043887146,0.4006757481497373,0.2738095238095238,0.4716981132075472,0.6666666666666666,1
3841,0.4090909090909091,0.23824451410658307,0.2756623404483536,0.16964285714285712,0.49056603773584906,0.0,0
8920,0.8181818181818182,0.7829153605015674,0.7722299688941326,0.19576719576719576,0.6226415094339622,0.6666666666666666,1
6507,0.5454545454545455,0.2938871473354232,0.37182237477206903,0.23809523809523808,0.37735849056603776,0.3333333333333333,1
5089,0.7954545454545455,0.5642633228840125,0.6990239193392686,0.2571428571428571,0.660377358490566,0.6666666666666666,1
3570,0.5681818181818182,0.42789968652037613,0.49576316636275874,0.17687074829931973,0.39622641509433965,0.3333333333333333,1
8611,0.6136363636363636,0.46081504702194354,0.5104580070792663,0.19047619047619047,0.37735849056603776,0.0,1
7093,0.5681818181818182,0.3667711598746081,0.3786334870749758,0.20634920634920634,0.37735849056603776,0.0,0
5025,0.6136363636363636,0.43887147335423193,0.4654081304301191,0.19999999999999998,0.6981132075471698,0.3333333333333333,1
8575,0.29545454545454547,0.12068965517241378,0.161321463048375,0.1818181818181818,0.4716981132075472,0.0,0
1436,0.4545454545454546,0.21394984326018807,0.2795773892523866,0.23076923076923075,0.7169811320754718,0.3333333333333333,0
2892,0.5454545454545455,0.39184952978056425,0.4388608816904429,0.17857142857142855,0.28301886792452835,0.0,0
6613,0.5681818181818182,0.3667711598746081,0.4344095248310629,0.20634920634920634,0.41509433962264153,0.0,1
7450,0.6136363636363636,0.46081504702194354,0.5104580070792663,0.19047619047619047,0.49056603773584906,0.3333333333333333,0
7096,0.6363636363636364,0.38636363636363635,0.40142657942722304,0.2436974789915966,0.3584905660377359,0.3333333333333333,1
6842,0.5681818181818182,0.3667711598746081,0.36329507669205197,0.20634920634920634,0.6792452830188679,0.0,0
5052,0.31818181818181823,0.14106583072100312,0.12029389681433014,0.17857142857142855,0.37735849056603776,0.3333333333333333,0
1875,0.5681818181818182,0.38714733542319746,0.34516786442132363,0.19548872180451127,0.6037735849056604,0.0,1
7420,0.75,0.5862068965517241,0.6998820122278235,0.22077922077922077,0.5094339622641509,0.0,1
4573,0.5,0.3064263322884012,0.2612892845650542,0.19327731092436976,0.49056603773584906,0.3333333333333333,1
3922,0.5454545454545455,0.2938871473354232,0.4482462726590153,0.23809523809523808,0.6792452830188679,0.6666666666666666,1
5352,0.6136363636363636,0.48275862068965514,0.5314812828488683,0.1818181818181818,0.5849056603773585,0.0,1
8679,0.7272727272727273,0.5948275862068966,0.6985412420894561,0.20496894409937885,0.39622641509433965,0.3333333333333333,1
4774,0.4318181818181819,0.21943573667711597,0.25303014051271044,0.20408163265306123,0.7169811320754718,0.0,0
5795,0.5681818181818182,0.32601880877742945,0.3479566663091279,0.23214285714285712,0.7547169811320755,0.0,1
8162,0.34090909090909094,0.13793103448275862,0.18202295398476886,0.20779220779220778,0.39622641509433965,0.0,0
3271,0.4090909090909091,0.16379310344827586,0.28381422288962777,0.24675324675324675,0.41509433962264153,0.6666666666666666,0
3056,0.5681818181818182,0.3463949843260188,0.3075190389359648,0.21848739495798317,0.5471698113207547,0.3333333333333333,1
3973,0.5681818181818182,0.3667711598746081,0.3981551002896063,0.20634920634920634,0.4528301886792453,0.0,0
8569,0.5909090909090909,0.4020376175548589,0.5136758554113482,0.20300751879699247,0.5660377358490566,0.3333333333333333,0
2230,0.34090909090909094,0.16300940438871472,0.21034001930708998,0.17582417582417584,0.3584905660377359,0.3333333333333333,0
4165,0.7272727272727273,0.5689655172413793,0.6171296792877828,0.21428571428571427,0.4339622641509434,0.3333333333333333,1
3453,0.5227272727272727,0.3385579937304075,0.4248632414458866,0.19047619047619047,0.5471698113207547,0.3333333333333333,0
1814,0.4772727272727273,0.27586206896551724,0.29679287782902497,0.19642857142857142,0.5094339622641509,0.0,0
1130,0.20454545454545456,0.07053291536050156,0.07122170975008045,0.15873015873015872,0.24528301886792453,0.0,0
529,0.4318181818181819,0.17241379310344826,0.2734098466158962,0.2597402597402597,0.5660377358490566,0.3333333333333333,0
4538,0.4090909090909091,0.13401253918495298,0.2583395902606457,0.30158730158730157,0.41509433962264153,0.0,0
4450,0.7272727272727273,0.46551724137931033,0.6277485787836533,0.26190476190476186,0.7924528301886793,0.6666666666666666,1
8646,0.5227272727272727,0.3385579937304075,0.40298187278772923,0.19047619047619047,0.5471698113207547,0.0,0
3028,0.29545454545454547,0.10971786833855798,0.1410490185562587,0.19999999999999998,0.6037735849056604,0.3333333333333333,0
7882,0.27272727272727276,0.05094043887147335,0.09068969215917622,0.37142857142857144,0.41509433962264153,0.3333333333333333,0
5351,0.5227272727272727,0.28213166144200624,0.40555615145339485,0.22857142857142856,0.169811320754717,0.3333333333333333,0
1956,0.24999999999999997,0.04702194357366771,0.09599914190711145,0.3428571428571428,0.4339622641509434,0.3333333333333333,0
7344,0.5454545454545455,0.3330721003134796,0.4388608816904429,0.21008403361344538,0.4528301886792453,0.3333333333333333,1
1135,0.34090909090909094,0.18808777429467083,0.18974578998176553,0.15238095238095237,0.5849056603773585,0.0,0
2399,0.6136363636363636,0.3510971786833856,0.3798133647967392,0.25,0.4716981132075472,0.0,1
5141,0.5227272727272727,0.26332288401253917,0.28456505416711353,0.24489795918367344,0.7169811320754718,0.6666666666666666,1
4288,0.5909090909090909,0.317398119122257,0.4499624584361257,0.2571428571428571,0.18867924528301888,0.3333333333333333,0
6976,0.7045454545454546,0.47648902821316613,0.6050627480424756,0.24060150375939848,0.5471698113207547,0.6666666666666666,1
23,0.5,0.34247648902821315,0.2514212163466695,0.17293233082706766,0.41509433962264153,0.3333333333333333,0
902,0.75,0.5062695924764891,0.7418213021559584,0.2556390977443609,0.4339622641509434,0.0,1
2568,0.3863636363636364,0.15517241379310345,0.1468411455540062,0.23376623376623376,0.4716981132075472,0.3333333333333333,1
6238,0.22727272727272727,0.06896551724137931,0.11391183095570097,0.19642857142857142,0.37735849056603776,0.0,0
720,0.5454545454545455,0.3330721003134796,0.4388608816904429,0.21008403361344538,0.4339622641509434,0.3333333333333333,1
4826,0.7045454545454546,0.45141065830721,0.6239407915906896,0.25396825396825395,0.28301886792452835,1.0,1
8436,0.5909090909090909,0.35971786833855796,0.31674353748793305,0.22689075630252098,0.5471698113207547,0.6666666666666666,1
7795,0.75,0.6661442006269592,0.7673495655904752,0.19428571428571428,0.5094339622641509,0.0,1
8367,0.4090909090909091,0.19357366771159873,0.2287890164110265,0.20879120879120877,0.5471698113207547,0.0,0
3903,0.6818181818181819,0.5344827586206896,0.6042046551539203,0.2012987012987013,0.6415094339622641,0.3333333333333333,1
5675,0.4090909090909091,0.25313479623824453,0.25426364904000853,0.15966386554621848,0.6415094339622641,0.3333333333333333,0
6641,0.4090909090909091,0.14890282131661442,0.21452322213879652,0.2714285714285714,0.5849056603773585,0.0,0
7920,0.6590909090909092,0.44670846394984326,0.402660087954521,0.22556390977443608,0.7358490566037736,0.6666666666666666,1
4057,0.6136363636363636,0.3730407523510972,0.4053416282312561,0.2352941176470588,0.41509433962264153,0.3333333333333333,1
7683,0.5681818181818182,0.3667711598746081,0.4302263219993564,0.20634920634920634,0.5283018867924528,0.0,0
7006,0.4772727272727273,0.29310344827586204,0.355786763917194,0.18487394957983194,0.15094339622641512,0.3333333333333333,1
245,0.18181818181818182,0.02115987460815047,0.10436554757052449,0.42857142857142855,0.37735849056603776,0.3333333333333333,0
25,0.4090909090909091,0.1786833855799373,0.2675104580070793,0.22619047619047616,0.3584905660377359,0.0,0
4189,0.5909090909090909,0.38087774294670845,0.5151238871607852,0.21428571428571427,0.6792452830188679,0.0,1
8952,0.31818181818181823,0.12931034482758622,0.1589080767993135,0.1948051948051948,0.660377358490566,0.0,0
8012,0.7045454545454546,0.5768025078369906,0.5501448031749436,0.19875776397515527,0.2641509433962264,0.3333333333333333,1
1797,0.4090909090909091,0.22335423197492163,0.191086560120133,0.18095238095238092,0.4528301886792453,0.0,1
4671,0.6136363636363636,0.43887147335423193,0.42336157889091497,0.19999999999999998,0.5660377358490566,0.0,1
1602,0.3863636363636364,0.15517241379310345,0.20572777003110587,0.23376623376623376,0.5094339622641509,0.3333333333333333,0
5880,0.5454545454545455,0.3134796238244514,0.4428831921055454,0.2232142857142857,0.4528301886792453,0.0,0
525,0.4318181818181819,0.18808777429467083,0.20047195108870536,0.23809523809523808,0.3207547169811321,0.6666666666666666,0
6724,0.4772727272727273,0.24137931034482757,0.27555507883728414,0.22448979591836732,0.4528301886792453,0.3333333333333333,0
5277,0.5909090909090909,0.38087774294670845,0.32832779148342806,0.21428571428571427,0.5283018867924528,0.6666666666666666,0
306,0.4772727272727273,0.22413793103448276,0.2873538560549179,0.24175824175824173,0.28301886792452835,0.0,0
1820,0.7727272727272728,0.5211598746081505,0.6549930279952805,0.2631578947368421,0.6792452830188679,0.6666666666666666,1
959,0.09090909090909091,0.011755485893416927,0.04440630698273088,0.23809523809523808,0.20754716981132076,0.0,0
5038,0.24999999999999997,0.06583072100313479,0.1095141049018556,0.24489795918367344,0.41509433962264153,0.0,0
2187,0.31818181818181823,0.07053291536050156,0.15729915263327254,0.3571428571428571,0.41509433962264153,0.6666666666666666,0
440,0.29545454545454547,0.0987460815047022,0.12678322428402872,0.2222222222222222,0.339622641509434,0.0,0
4486,0.6590909090909092,0.44670846394984326,0.5378097179019629,0.22556390977443608,0.24528301886792453,0.3333333333333333,1
7240,0.5227272727272727,0.2445141065830721,0.40813043011906036,0.26373626373626374,0.41509433962264153,0.0,1
3112,0.7045454545454546,0.47648902821316613,0.49865922986163247,0.24060150375939848,0.339622641509434,0.0,1
585,0.6136363636363636,0.3072100313479624,0.5404912581786978,0.2857142857142857,0.22641509433962265,0.3333333333333333,1
8026,0.5681818181818182,0.22413793103448276,0.43719832671886727,0.33766233766233766,0.5660377358490566,0.6666666666666666,1
3312,0.5,0.23432601880877743,0.27485787836533304,0.25274725274725274,0.3584905660377359,0.0,0
2101,0.29545454545454547,0.0987460815047022,0.15906896921591762,0.2222222222222222,0.41509433962264153,0.3333333333333333,0
6375,0.20454545454545456,0.03918495297805642,0.08409310307840824,0.2857142857142857,0.5849056603773585,0.0,0
4495,0.4318181818181819,0.2507836990595611,0.22728735385605492,0.17857142857142855,0.5283018867924528,0.3333333333333333,0
1775,0.6818181818181819,0.3887147335423197,0.5942293253244664,0.27678571428571425,0.15094339622641512,0.3333333333333333,1
2093,0.11363636363636362,0.028213166144200625,0.053523543923629735,0.14285714285714285,0.49056603773584906,0.0,0
8536,0.4318181818181819,0.2507836990595611,0.2980800171618577,0.17857142857142855,0.41509433962264153,0.0,0
209,0.22727272727272727,0.06896551724137931,0.08559476563337982,0.19642857142857142,0.3584905660377359,0.0,0
4407,0.5909090909090909,0.2962382445141066,0.3992813472058351,0.2755102040816326,0.5094339622641509,0.3333333333333333,0
8957,0.4772727272727273,0.24137931034482757,0.28145446744610103,0.22448979591836732,0.13207547169811323,0.0,1
7950,0.34090909090909094,0.1128526645768025,0.15284779577389251,0.25396825396825395,0.8867924528301887,0.3333333333333333,1
2582,0.6136363636363636,0.3949843260188088,0.41885659122600016,0.2222222222222222,0.39622641509433965,0.0,1
1524,0.5,0.27037617554858934,0.31433015123887165,0.21904761904761905,0.5283018867924528,0.3333333333333333,1
2085,0.29545454545454547,0.1426332288401254,0.17408559476563337,0.15384615384615383,0.6981132075471698,0.0,0
5151,0.24999999999999997,0.07523510971786834,0.098573420572777,0.21428571428571427,0.4339622641509434,0.0,0
6568,0.5,0.3605015673981191,0.34393435589402555,0.16428571428571426,0.339622641509434,0.0,0
480,0.8409090909090909,0.7742946708463949,0.7933068754692695,0.20879120879120877,0.660377358490566,0.3333333333333333,1
5617,0.6590909090909092,0.44670846394984326,0.5555078837284135,0.22556390977443608,0.3207547169811321,0.6666666666666666,1
1519,0.5,0.1982758620689655,0.21564946905502522,0.2987012987012987,0.4716981132075472,0.3333333333333333,1
5503,0.5,0.23432601880877743,0.22058350316421751,0.25274725274725274,0.39622641509433965,0.3333333333333333,0
826,0.29545454545454547,0.10971786833855798,0.16582645071328972,0.19999999999999998,0.7358490566037736,0.0,0
7085,0.4090909090909091,0.2084639498432602,0.30928885551860985,0.19387755102040816,0.4716981132075472,0.3333333333333333,0
4897,0.18181818181818182,0.04231974921630094,0.07202617183310094,0.21428571428571427,0.6037735849056604,0.0,0
8906,0.27272727272727276,0.1018808777429467,0.12624691622868175,0.18571428571428572,0.4716981132075472,0.3333333333333333,0
763,0.5681818181818182,0.32601880877742945,0.3800278880188781,0.23214285714285712,0.5094339622641509,0.6666666666666666,1
2272,0.4318181818181819,0.18808777429467083,0.17043869998927383,0.23809523809523808,0.28301886792452835,0.0,0
4654,0.4772727272727273,0.24137931034482757,0.3439879866995602,0.22448979591836732,0.3584905660377359,0.0,0
6960,0.4318181818181819,0.21943573667711597,0.23908613107368873,0.20408163265306123,0.4339622641509434,0.3333333333333333,0
4123,0.5454545454545455,0.3134796238244514,0.28869462619328545,0.2232142857142857,0.5094339622641509,0.3333333333333333,0
2120,0.24999999999999997,0.06583072100313479,0.14169258822267508,0.24489795918367344,0.5283018867924528,0.3333333333333333,0
1658,0.36363636363636365,0.14655172413793102,0.20390432264292607,0.22077922077922077,0.5283018867924528,0.0,0
5627,0.6363636363636364,0.45454545454545453,0.4449747935213987,0.20714285714285713,0.7169811320754718,0.3333333333333333,1
8393,0.6136363636363636,0.43887147335423193,0.4578998176552612,0.19999999999999998,0.49056603773584906,0.6666666666666666,1
6864,0.75,0.6927899686520376,0.6123565375951946,0.18681318681318682,0.7358490566037736,0.0,1
911,0.5454545454545455,0.2938871473354232,0.4066823983696235,0.23809523809523808,0.49056603773584906,0.3333333333333333,1
1166,0.6136363636363636,0.3730407523510972,0.45039150488040325,0.2352941176470588,0.5849056603773585,0.0,1
5803,0.31818181818181823,0.12931034482758622,0.18786871178805106,0.1948051948051948,0.30188679245283023,0.3333333333333333,0
3977,0.27272727272727276,0.11206896551724138,0.1116057063177089,0.16883116883116883,0.6037735849056604,0.0,0
2188,0.3863636363636364,0.14106583072100312,0.19607422503486002,0.2571428571428571,0.5849056603773585,0.0,0
4501,0.4545454545454546,0.26332288401253917,0.21200257427866567,0.1875,0.5094339622641509,0.3333333333333333,0
30,0.4090909090909091,0.1042319749216301,0.17070685401694732,0.3877551020408163,0.3207547169811321,0.3333333333333333,0
5542,0.4545454545454546,0.164576802507837,0.2615574385927276,0.3,0.5471698113207547,0.0,1
2597,0.36363636363636365,0.0932601880877743,0.2011691515606564,0.346938775510204,0.5094339622641509,0.0,0
946,0.24999999999999997,0.06583072100313479,0.0992169902391934,0.24489795918367344,0.6415094339622641,0.0,0
7480,0.6818181818181819,0.4615987460815047,0.5244020165182881,0.23308270676691728,0.6792452830188679,0.0,1
5809,0.36363636363636365,0.0932601880877743,0.20937466480746542,0.346938775510204,0.41509433962264153,0.3333333333333333,0
1462,0.5909090909090909,0.44435736677115983,0.48326718867317386,0.1836734693877551,0.41509433962264153,0.3333333333333333,1
4619,0.5,0.25235109717868337,0.336533304730237,0.2346938775510204,0.4339622641509434,0.3333333333333333,1
750,0.18181818181818182,0.02115987460815047,0.06140727233723052,0.42857142857142855,0.39622641509433965,0.0,0
1853,0.5681818181818182,0.4482758620689655,0.4260431191676499,0.16883116883116883,0.5283018867924528,0.0,0
2237,0.4090909090909091,0.13401253918495298,0.18191569237369948,0.30158730158730157,0.4716981132075472,0.0,1
4245,0.6363636363636364,0.45454545454545453,0.49318888769709324,0.20714285714285713,0.5094339622641509,0.3333333333333333,1
644,0.7954545454545455,0.5642633228840125,0.5136758554113482,0.2571428571428571,0.5094339622641509,0.0,1
5326,0.4772727272727273,0.22413793103448276,0.30741177732489544,0.24175824175824173,0.339622641509434,0.0,1
5802,0.4772727272727273,0.1896551724137931,0.3817440737959884,0.2857142857142857,0.6415094339622641,0.0,1
2344,0.4318181818181819,0.14106583072100312,0.23908613107368873,0.31746031746031744,0.49056603773584906,1.0,1
7027,0.5681818181818182,0.3463949843260188,0.427437520111552,0.21848739495798317,0.41509433962264153,0.0,0
754,0.6818181818181819,0.48589341692789967,0.5011262469162286,0.22142857142857142,0.5094339622641509,0.3333333333333333,1
2902,0.75,0.6128526645768024,0.6889413278987451,0.21118012422360247,0.7735849056603774,0.0,1
841,0.34090909090909094,0.13793103448275862,0.15370588866244772,0.20779220779220778,0.49056603773584906,0.3333333333333333,0
282,0.4772727272727273,0.20689655172413793,0.23661911401909255,0.26190476190476186,0.5283018867924528,0.0,1
8570,0.5454545454545455,0.3134796238244514,0.3315992706210448,0.2232142857142857,0.18867924528301888,0.0,0
1780,0.7045454545454546,0.5266457680250783,0.5913332618255925,0.21768707482993194,0.41509433962264153,0.3333333333333333,1
3007,0.4318181818181819,0.17241379310344826,0.2659015338410383,0.2597402597402597,0.339622641509434,0.3333333333333333,0
7767,0.36363636363636365,0.13322884012539185,0.2011691515606564,0.24285714285714283,0.4528301886792453,0.0,0
7078,0.75,0.6661442006269592,0.4683041939289928,0.19428571428571428,0.22641509433962265,0.3333333333333333,1
3569,0.7045454545454546,0.47648902821316613,0.5879008902713719,0.24060150375939848,0.49056603773584906,0.0,1
8915,0.4090909090909091,0.13401253918495298,0.13809932425185026,0.30158730158730157,0.28301886792452835,0.3333333333333333,0
6569,0.5454545454545455,0.3330721003134796,0.4281347205835031,0.21008403361344538,0.6415094339622641,0.3333333333333333,1
7997,0.5227272727272727,0.20689655172413793,0.32832779148342817,0.3116883116883116,0.5094339622641509,0.6666666666666666,0
4767,0.7045454545454546,0.5266457680250783,0.6170760484822482,0.21768707482993194,0.30188679245283023,0.0,1
1574,0.8409090909090909,0.7147335423197492,0.7382816689906682,0.22619047619047616,0.6226415094339622,0.6666666666666666,1
570,0.4772727272727273,0.25862068965517243,0.306231899603132,0.2095238095238095,0.4339622641509434,0.0,0
4011,0.6363636363636364,0.45454545454545453,0.3718760055776037,0.20714285714285713,0.7169811320754718,0.0,1
255,0.3863636363636364,0.15517241379310345,0.13332618255926204,0.23376623376623376,0.11320754716981135,0.3333333333333333,0
579,0.75,0.7460815047021944,0.7217633808859809,0.173469387755102,0.49056603773584906,0.3333333333333333,1
6711,0.5909090909090909,0.3385579937304075,0.44417033143837814,0.24107142857142855,0.660377358490566,0.3333333333333333,1
4796,0.31818181818181823,0.12931034482758622,0.22406950552397298,0.1948051948051948,0.7169811320754718,0.0,0
3441,0.7272727272727273,0.6206896551724138,0.7003110586721012,0.19642857142857142,0.4528301886792453,0.3333333333333333,1
8303,0.4545454545454546,0.1481191222570533,0.23790625335192533,0.3333333333333333,0.7924528301886793,0.0,1
6503,0.5681818181818182,0.3056426332288401,0.410704708784726,0.24761904761904763,0.4716981132075472,0.6666666666666666,0
2087,0.7272727272727273,0.46551724137931033,0.6950016089241661,0.26190476190476186,0.24528301886792453,0.6666666666666666,1
442,0.5454545454545455,0.274294670846395,0.26321999356430337,0.25510204081632654,0.5094339622641509,0.0,1
8113,0.6590909090909092,0.5172413793103449,0.5490721870642497,0.1948051948051948,0.39622641509433965,0.3333333333333333,1
3450,0.5227272727272727,0.225705329153605,0.3836747827952375,0.2857142857142857,0.4716981132075472,0.3333333333333333,1
1182,0.3863636363636364,0.14106583072100312,0.2626836855089564,0.2571428571428571,0.3584905660377359,0.0,0
5209,0.6590909090909092,0.5172413793103449,0.4541456612678322,0.1948051948051948,0.5283018867924528,0.0,1
3700,0.5,0.23432601880877743,0.3784725946583718,0.25274725274725274,0.4716981132075472,0.0,1
5278,0.6818181818181819,0.3401253918495298,0.47286281239944217,0.3163265306122449,0.6792452830188679,0.3333333333333333,1
2294,0.22727272727272727,0.06896551724137931,0.07261611069398262,0.19642857142857142,0.339622641509434,0.0,0
3825,0.3863636363636364,0.1974921630094044,0.23854982301834174,0.1836734693877551,0.2641509433962264,0.0,0
8761,0.5909090909090909,0.2962382445141066,0.43113804569344627,0.2755102040816326,0.339622641509434,0.6666666666666666,1
8179,0.3863636363636364,0.14106583072100312,0.21055454252922878,0.2571428571428571,0.9056603773584906,0.0,0
5217,0.6590909090909092,0.44670846394984326,0.5410275662340448,0.22556390977443608,0.5849056603773585,0.3333333333333333,1
5962,0.34090909090909094,0.16300940438871472,0.1717258393221066,0.17582417582417584,0.8301886792452831,0.0,0
5682,0.7272727272727273,0.41379310344827586,0.7215488576638421,0.29464285714285715,0.6415094339622641,0.3333333333333333,1
8025,0.5681818181818182,0.32601880877742945,0.4539311380456934,0.23214285714285712,0.6226415094339622,0.0,1
3443,0.36363636363636365,0.14655172413793102,0.17290571704387,0.22077922077922077,0.4716981132075472,0.3333333333333333,0
267,0.4090909090909091,0.19357366771159873,0.245092781293575,0.20879120879120877,0.7547169811320755,0.0,0
5761,0.34090909090909094,0.07523510971786834,0.1434087739997855,0.38095238095238093,0.39622641509433965,0.3333333333333333,0
378,0.6136363636363636,0.3072100313479624,0.5239729700740104,0.2857142857142857,0.49056603773584906,0.3333333333333333,1
8470,0.4772727272727273,0.29310344827586204,0.2908934892202081,0.18487394957983194,0.30188679245283023,0.0,0
148,0.6363636363636364,0.4318181818181818,0.4776359540920304,0.21804511278195488,0.4528301886792453,0.0,1
4460,0.5227272727272727,0.31974921630094044,0.3926847581250671,0.20168067226890757,0.4528301886792453,0.0,0
5246,0.6363636363636364,0.40909090909090906,0.4356430333583611,0.23015873015873015,0.339622641509434,0.6666666666666666,1
8956,0.4090909090909091,0.19357366771159873,0.3123458114340878,0.20879120879120877,0.2641509433962264,0.0,0
7817,0.5909090909090909,0.4231974921630094,0.4774750616754263,0.19285714285714287,0.5660377358490566,0.0,0
4131,0.7272727272727273,0.5431034482758621,0.5604955486431406,0.22448979591836732,0.5471698113207547,0.0,1
3196,0.09090909090909091,0.023510971786833854,0.035557224069505525,0.11904761904761904,0.5283018867924528,0.0,0
4568,0.5,0.1982758620689655,0.31186313418427536,0.2987012987012987,0.4716981132075472,0.3333333333333333,1
5118,0.6590909090909092,0.329153605015674,0.5088490829132253,0.3061224489795918,0.5849056603773585,0.3333333333333333,1
5845,0.6136363636363636,0.3730407523510972,0.4804247559798348,0.2352941176470588,0.7924528301886793,0.0,1
2897,0.4545454545454546,0.23040752351097177,0.380939611712968,0.21428571428571427,0.28301886792452835,0.0,0
4873,0.4090909090909091,0.1786833855799373,0.21859916335943366,0.22619047619047616,0.49056603773584906,0.0,0
4335,0.6136363636363636,0.4169278996865204,0.4158532661160571,0.21052631578947367,0.4339622641509434,0.0,1
8616,0.6818181818181819,0.5344827586206896,0.6457685294433122,0.2012987012987013,0.6792452830188679,0.3333333333333333,1
1345,0.75,0.6128526645768024,0.6451785905824304,0.21118012422360247,0.5283018867924528,0.3333333333333333,1
1928,0.1590909090909091,0.050156739811912224,0.06961278558403947,0.14285714285714285,0.39622641509433965,0.0,0
4230,0.4772727272727273,0.20689655172413793,0.2661160570631771,0.26190476190476186,0.41509433962264153,0.6666666666666666,1
7852,0.4545454545454546,0.1974921630094044,0.235653759519468,0.25,0.5471698113207547,0.3333333333333333,1
923,0.4545454545454546,0.1810344827586207,0.2795773892523866,0.2727272727272727,0.4528301886792453,0.6666666666666666,1
7067,0.7045454545454546,0.5015673981191222,0.6376702778075727,0.22857142857142856,0.6226415094339622,0.3333333333333333,1
2713,0.29545454545454547,0.0768025078369906,0.14630483749865922,0.2857142857142857,0.6226415094339622,0.0,0
1716,0.6363636363636364,0.38636363636363635,0.5445135685938003,0.2436974789915966,0.339622641509434,0.0,0
8220,0.5227272727272727,0.28213166144200624,0.39654617612356535,0.22857142857142856,0.3207547169811321,0.3333333333333333,1
5168,0.27272727272727276,0.1018808777429467,0.11509170867746434,0.18571428571428572,0.339622641509434,0.0,0
994,0.24999999999999997,0.04702194357366771,0.07733562158103613,0.3428571428571428,0.4528301886792453,0.0,0
6747,0.5909090909090909,0.38087774294670845,0.37176874396653437,0.21428571428571427,0.49056603773584906,0.6666666666666666,0
5692,0.24999999999999997,0.09404388714733541,0.10307840823769171,0.1714285714285714,0.4528301886792453,0.3333333333333333,0
8196,0.34090909090909094,0.13793103448275862,0.24723801351496297,0.20779220779220778,0.6792452830188679,0.3333333333333333,0
5600,0.6136363636363636,0.46081504702194354,0.42786656655582966,0.19047619047619047,0.5283018867924528,0.3333333333333333,1
7842,0.36363636363636365,0.0932601880877743,0.2166684543601845,0.346938775510204,0.39622641509433965,0.6666666666666666,0
6058,0.6818181818181819,0.5101880877742947,0.6407808645285852,0.2108843537414966,0.41509433962264153,0.3333333333333333,1
7470,0.29545454545454547,0.13166144200626959,0.13954735600128715,0.16666666666666666,0.41509433962264153,0.0,0
8553,0.5454545454545455,0.274294670846395,0.2752869248096106,0.25510204081632654,0.5094339622641509,0.3333333333333333,0
3655,0.6136363636363636,0.4169278996865204,0.3647967392470235,0.21052631578947367,0.5849056603773585,0.0,1
5288,0.5454545454545455,0.2938871473354232,0.3181915692373699,0.23809523809523808,0.7169811320754718,0.3333333333333333,0
6265,0.4772727272727273,0.3103448275862069,0.41714040544888986,0.17460317460317462,0.5471698113207547,0.0,0
210,0.5,0.23432601880877743,0.3390003217848332,0.25274725274725274,0.09433962264150947,0.0,0
5196,0.22727272727272727,0.05172413793103448,0.12158103614716292,0.26190476190476186,0.3207547169811321,0.0,0
3858,0.29545454545454547,0.12068965517241378,0.17783975115306233,0.1818181818181818,0.5849056603773585,0.0,0
1597,0.3863636363636364,0.15517241379310345,0.15939075404912584,0.23376623376623376,0.39622641509433965,0.3333333333333333,0
3770,0.36363636363636365,0.1865203761755486,0.22487396760699346,0.173469387755102,0.6415094339622641,0.3333333333333333,0
7942,0.7272727272727273,0.5172413793103449,0.620669312453073,0.23571428571428568,0.6415094339622641,0.3333333333333333,1
8832,0.36363636363636365,0.19984326018808776,0.20937466480746542,0.16190476190476188,0.4528301886792453,0.3333333333333333,0
1806,0.29545454545454547,0.12068965517241378,0.1725839322106618,0.1818181818181818,0.4339622641509434,0.0,0
2396,0.7954545454545455,0.5642633228840125,0.7125388823340126,0.2571428571428571,0.7924528301886793,0.0,1
1442,0.3863636363636364,0.15517241379310345,0.184489971039365,0.23376623376623376,0.5660377358490566,0.3333333333333333,0
7296,0.06818181818181818,0.003134796238244514,0.034430977153276844,0.5714285714285714,0.3207547169811321,0.0,0
3176,0.31818181818181823,0.10579937304075235,0.20074010511637885,0.23809523809523808,0.7169811320754718,0.6666666666666666,0
2647,0.1590909090909091,0.03761755485893417,0.02585004826772498,0.19047619047619047,0.6981132075471698,0.3333333333333333,0
5225,0.29545454545454547,0.0987460815047022,0.0914941542421967,0.2222222222222222,0.5283018867924528,0.3333333333333333,0
1378,0.24999999999999997,0.05642633228840125,0.13396975222567842,0.2857142857142857,0.5094339622641509,0.0,0
4562,0.3863636363636364,0.16927899686520376,0.23854982301834174,0.21428571428571427,0.28301886792452835,0.0,0
8567,0.4772727272727273,0.25862068965517243,0.2661160570631771,0.2095238095238095,0.5283018867924528,0.3333333333333333,1
4715,0.5227272727272727,0.3385579937304075,0.41199184811755873,0.19047619047619047,0.37735849056603776,0.0,0
3111,0.18181818181818182,0.06347962382445141,0.05899388608816905,0.14285714285714285,0.660377358490566,0.0,0
6871,0.5681818181818182,0.26489028213166144,0.3800278880188781,0.2857142857142857,0.4528301886792453,0.6666666666666666,1
8327,0.75,0.5595611285266457,0.776466802531374,0.2312925170068027,0.24528301886792453,0.0,1
5642,0.5909090909090909,0.38087774294670845,0.3341199184811756,0.21428571428571427,0.39622641509433965,0.0,0
1770,0.6590909090909092,0.44670846394984326,0.5812506703850692,0.22556390977443608,0.5849056603773585,0.3333333333333333,1
7123,0.4545454545454546,0.21394984326018807,0.18272015445671994,0.23076923076923075,0.41509433962264153,0.0,1
8111,0.3863636363636364,0.18338557993730406,0.16325217204762413,0.1978021978021978,0.660377358490566,0.0,0
1454,0.36363636363636365,0.1731974921630094,0.16378848010297115,0.18681318681318682,0.5094339622641509,0.0,0
3369,0.3863636363636364,0.14106583072100312,0.2288962780220959,0.2571428571428571,0.5094339622641509,0.3333333333333333,0
5228,0.4772727272727273,0.22413793103448276,0.2295398476885123,0.24175824175824173,0.41509433962264153,0.3333333333333333,0
7281,0.36363636363636365,0.14655172413793102,0.18658157245521828,0.22077922077922077,0.5471698113207547,0.6666666666666666,0
2688,0.4772727272727273,0.29310344827586204,0.32864957631663627,0.18487394957983194,0.3207547169811321,0.0,0
4169,0.06818181818181818,0.012539184952978056,0.02155958382494905,0.14285714285714285,0.5660377358490566,0.3333333333333333,0
8886,0.4772727272727273,0.27586206896551724,0.32628982087310954,0.19642857142857142,0.3584905660377359,0.3333333333333333,0
8184,0.31818181818181823,0.14106583072100312,0.20154456719939934,0.17857142857142855,0.5283018867924528,0.0,0
2155,0.5681818181818182,0.3056426332288401,0.4065215059530194,0.24761904761904763,0.22641509433962265,0.3333333333333333,1
2790,0.6136363636363636,0.5047021943573667,0.48192641853480644,0.17391304347826086,0.5471698113207547,0.3333333333333333,1
3000,0.7045454545454546,0.4263322884012539,0.6702778075726697,0.2689075630252101,0.5094339622641509,0.3333333333333333,0
5220,0.36363636363636365,0.19984326018808776,0.16743537487933066,0.16190476190476188,0.339622641509434,0.0,0
117,0.6136363636363636,0.329153605015674,0.4759197683149201,0.26666666666666666,0.5471698113207547,0.6666666666666666,1
2854,0.4772727272727273,0.3275862068965517,0.21774107047087848,0.16541353383458646,0.5283018867924528,0.0,1
3278,0.5681818181818182,0.3056426332288401,0.4832135578676392,0.24761904761904763,0.4716981132075472,0.3333333333333333,0
5204,0.5681818181818182,0.2852664576802508,0.46648074654081306,0.2653061224489796,0.4716981132075472,0.6666666666666666,1
2264,0.7272727272727273,0.5431034482758621,0.6259787622010081,0.22448979591836732,0.660377358490566,0.6666666666666666,1
7592,0.1590909090909091,0.0438871473354232,0.06446422825270835,0.16326530612244897,0.28301886792452835,0.0,0
6399,0.7045454545454546,0.45141065830721,0.5244020165182881,0.25396825396825395,0.39622641509433965,0.0,1
4782,0.4772727272727273,0.27586206896551724,0.19296363831384747,0.19642857142857142,0.4339622641509434,0.0,0
2751,0.5909090909090909,0.35971786833855796,0.36452858521934994,0.22689075630252098,0.3207547169811321,0.6666666666666666,1
6198,0.5,0.27037617554858934,0.35380242411241014,0.21904761904761905,0.4528301886792453,0.0,0
8804,0.4772727272727273,0.22413793103448276,0.2779148342808109,0.24175824175824173,0.3207547169811321,0.3333333333333333,0
948,0.6590909090909092,0.44670846394984326,0.6134291537058886,0.22556390977443608,0.7547169811320755,0.3333333333333333,1
7373,0.34090909090909094,0.16300940438871472,0.11423361578890914,0.17582417582417584,0.3207547169811321,0.0,0
4516,0.29545454545454547,0.10971786833855798,0.11852408023168509,0.19999999999999998,0.49056603773584906,0.3333333333333333,0
7361,0.24999999999999997,0.028213166144200625,0.1243162072294326,0.5714285714285714,0.5849056603773585,0.3333333333333333,0
8155,0.6818181818181819,0.4130094043887147,0.49281347205835024,0.26050420168067223,0.6415094339622641,0.3333333333333333,1
1173,0.6363636363636364,0.5227272727272727,0.549179448675319,0.18012422360248448,0.5471698113207547,0.0,0
7441,0.3863636363636364,0.07053291536050156,0.21441596052772713,0.5142857142857142,0.339622641509434,0.0,1
6451,0.7727272727272728,0.768025078369906,0.716936608387858,0.17857142857142855,0.6415094339622641,0.0,1
3758,0.5909090909090909,0.35971786833855796,0.4572026171833101,0.22689075630252098,0.5660377358490566,0.6666666666666666,1
1749,0.6136363636363636,0.3730407523510972,0.5479995709535557,0.2352941176470588,0.5283018867924528,0.6666666666666666,1
4852,0.06818181818181818,0.006269592476489028,0.0307840823769173,0.2857142857142857,0.7358490566037736,0.0,0
5165,0.36363636363636365,0.13322884012539185,0.17746433551431942,0.24285714285714283,0.5094339622641509,0.0,0
426,0.5454545454545455,0.3330721003134796,0.5099216990239193,0.21008403361344538,0.6037735849056604,0.0,0
4621,0.4772727272727273,0.27586206896551724,0.28971361149844466,0.19642857142857142,0.28301886792452835,0.3333333333333333,0
3730,0.5227272727272727,0.2445141065830721,0.3206049554864314,0.26373626373626374,0.339622641509434,0.3333333333333333,0
3392,0.36363636363636365,0.1731974921630094,0.27501877078193715,0.18681318681318682,0.6226415094339622,0.3333333333333333,0
8021,0.4318181818181819,0.23510971786833854,0.3034430977153276,0.19047619047619047,0.6037735849056604,0.3333333333333333,0
889,0.36363636363636365,0.15987460815047022,0.24584361257106083,0.20238095238095238,0.5660377358490566,0.3333333333333333,0
2673,0.34090909090909094,0.13793103448275862,0.20776574064142445,0.20779220779220778,0.4716981132075472,0.6666666666666666,0
5551,0.3863636363636364,0.14106583072100312,0.22503486002359754,0.2571428571428571,0.39622641509433965,0.3333333333333333,0
3745,0.6818181818181819,0.4130094043887147,0.6208302048696771,0.26050420168067223,0.18867924528301888,0.0,1
4441,0.20454545454545456,0.05485893416927899,0.06478601308591656,0.20408163265306123,0.4339622641509434,0.0,0
3912,0.4090909090909091,0.1786833855799373,0.2287890164110265,0.22619047619047616,0.41509433962264153,0.6666666666666666,0
7436,0.5909090909090909,0.38087774294670845,0.4499624584361257,0.21428571428571427,0.7169811320754718,0.6666666666666666,0
3447,0.22727272727272727,0.06034482758620689,0.1180414029818728,0.22448979591836732,0.3584905660377359,0.3333333333333333,0
2163,0.8181818181818182,0.8699059561128526,0.7781829883084844,0.1761904761904762,0.3207547169811321,0.0,1
4802,0.5227272727272727,0.28213166144200624,0.3450606028102542,0.22857142857142856,0.7169811320754718,0.0,1
297,0.5,0.3064263322884012,0.3167971682934677,0.19327731092436976,0.5471698113207547,0.3333333333333333,1
2419,0.6363636363636364,0.3409090909090909,0.633165290142658,0.27619047619047615,0.5094339622641509,0.3333333333333333,0
1026,0.5681818181818182,0.42789968652037613,0.49297436447495435,0.17687074829931973,0.8490566037735849,0.0,0
2536,0.5,0.21630094043887146,0.23538560549179446,0.2738095238095238,0.18867924528301888,0.6666666666666666,0
3564,0.36363636363636365,0.14655172413793102,0.19934570417247666,0.22077922077922077,0.660377358490566,0.0,0
8580,0.4318181818181819,0.2037617554858934,0.23694089885230077,0.21978021978021978,0.39622641509433965,0.0,1
1793,0.7045454545454546,0.45141065830721,0.593049447602703,0.25396825396825395,0.7169811320754718,0.3333333333333333,1
557,0.6818181818181819,0.5344827586206896,0.5127641317172584,0.2012987012987013,0.37735849056603776,0.3333333333333333,1
8343,0.24999999999999997,0.05642633228840125,0.09085058457578034,0.2857142857142857,0.5660377358490566,0.0,0
90,0.5,0.23432601880877743,0.2785584039472273,0.25274725274725274,0.4716981132075472,0.3333333333333333,0
1859,0.4090909090909091,0.13401253918495298,0.245092781293575,0.30158730158730157,0.20754716981132076,0.0,0
7784,0.4090909090909091,0.1042319749216301,0.31845972326504346,0.3877551020408163,0.2641509433962264,0.6666666666666666,0
6078,0.8636363636363636,0.7946708463949843,0.8917730344309771,0.21428571428571427,0.3207547169811321,0.0,1
8819,0.5,0.27037617554858934,0.40314276520433334,0.21904761904761905,0.7169811320754718,0.3333333333333333,0
7397,0.5227272727272727,0.3385579937304075,0.42872465944438476,0.19047619047619047,0.7547169811320755,0.0,0
2366,0.3863636363636364,0.16927899686520376,0.2288962780220959,0.21428571428571427,0.660377358490566,0.0,0
8188,0.022727272727272728,0.006269592476489028,0.005148557331331117,0.07142857142857142,0.49056603773584906,0.0,0
584,0.29545454545454547,0.06583072100313479,0.11927491150917086,0.3333333333333333,0.30188679245283023,0.6666666666666666,0
4487,0.4772727272727273,0.20689655172413793,0.2979727555507884,0.26190476190476186,0.49056603773584906,0.3333333333333333,0
