row_id,efficiency_binning_quantile,eff_times_minutes_binning_quantile,scoring_impact_binning_quantile,eff_per_point_binning_quantile,eff_per_min_binning_quantile,scoring_volume_binning_quantile,target
6782,7,2,2,5,5,2,0
4553,15,5,5,2,3,5,1
3801,11,4,4,4,4,3,0
7385,3,1,1,4,2,1,0
469,11,3,4,2,5,4,0
2716,3,2,1,4,1,2,0
2433,3,1,1,6,6,1,0
5999,16,5,5,3,5,5,1
643,13,5,5,3,3,5,0
3567,3,1,1,4,2,1,0
2117,11,4,3,6,2,4,0
35,20,6,6,1,4,6,1
8690,17,6,6,4,3,6,1
2972,9,4,3,5,1,4,0
2174,12,3,4,5,6,3,1
2579,8,3,4,1,4,4,0
2281,20,6,6,3,5,6,1
5933,12,4,4,5,5,3,0
8502,18,6,6,4,2,6,1
5906,2,1,1,6,5,1,0
4529,3,1,2,3,4,1,0
7611,14,5,4,4,2,5,1
2488,13,3,4,5,6,3,1
3712,7,3,2,4,2,3,0
5848,16,5,4,6,4,4,1
4163,16,5,5,5,4,5,1
4336,5,2,2,5,3,2,0
5127,5,3,2,6,1,2,0
8577,8,3,2,6,2,2,0
8345,13,5,5,3,3,5,1
4583,19,6,6,5,5,5,1
2106,15,5,4,5,5,4,1
4688,10,4,3,4,2,4,1
1231,16,5,4,6,6,4,1
6351,2,1,1,6,6,1,0
8443,8,3,3,3,3,3,0
4663,16,6,6,1,2,6,1
406,9,4,3,2,1,4,1
7370,11,4,4,3,2,4,1
8540,5,2,2,2,4,2,0
3788,11,4,3,6,4,2,1
1268,16,5,5,5,6,4,1
6671,12,5,4,5,2,4,0
393,15,5,5,2,3,5,1
594,5,2,2,6,2,2,0
5048,12,4,5,2,4,5,0
4341,7,3,3,3,1,3,0
2918,16,5,5,4,4,5,0
4416,16,4,5,5,6,4,1
2410,3,1,2,1,6,1,0
4158,18,6,6,2,4,6,1
3485,2,1,1,1,5,1,0
2335,5,2,2,3,5,2,0
6959,3,1,1,6,4,1,0
500,1,1,1,1,1,1,0
3375,7,3,2,5,1,3,1
6442,10,3,4,1,4,4,1
2690,3,1,2,1,2,2,0
4938,13,4,4,4,4,4,0
3145,7,2,2,6,6,1,0
8589,3,2,1,6,1,2,0
4062,13,4,4,4,5,4,1
405,3,1,1,6,5,1,0
2439,17,6,6,2,3,6,1
6313,15,4,5,3,6,4,1
8484,10,3,3,6,6,2,0
6306,8,5,4,1,1,5,0
2447,13,5,4,4,1,5,1
5508,10,4,4,1,2,5,1
6796,8,3,2,6,3,2,1
3618,3,2,1,2,1,2,0
1668,4,2,2,1,1,3,0
2319,11,4,4,2,3,4,0
7298,14,4,4,4,5,4,1
2552,1,1,1,6,1,1,0
7018,10,3,3,5,5,2,0
8075,16,6,6,1,2,6,1
3703,2,1,1,4,1,1,0
3668,16,5,5,4,4,5,1
8785,5,2,2,5,5,1,0
6791,8,3,2,5,4,2,0
1404,14,6,4,4,1,5,1
6005,11,3,4,2,6,3,0
6698,9,3,3,4,4,3,0
7032,9,3,3,4,5,3,0
8463,4,2,2,2,2,2,0
5269,1,1,1,4,1,1,0
7884,7,2,3,1,6,3,0
8218,8,3,3,2,4,3,0
1134,11,3,4,3,6,3,0
3687,4,2,2,1,1,3,0
7558,13,5,5,3,3,5,0
5149,15,5,5,3,3,5,1
423,8,2,1,6,6,1,1
3792,4,2,2,4,4,2,0
951,1,1,1,1,1,1,0
5516,16,6,5,4,3,5,1
2810,13,4,4,4,4,4,0
7605,10,3,3,5,5,3,0
2401,6,2,2,5,4,2,0
8554,6,1,2,6,6,1,0
7620,7,3,3,3,2,3,0
4522,4,1,1,5,6,1,0
8963,16,4,4,6,6,3,1
8722,7,1,3,2,6,2,0
5130,3,2,1,6,1,2,0
7283,13,4,4,4,4,4,1
2645,15,5,6,1,4,6,0
944,7,4,4,1,1,5,0
7572,15,5,4,6,4,4,1
2843,1,1,1,6,1,1,0
5162,19,6,6,1,5,6,1
3975,10,4,4,1,1,5,0
5157,14,4,5,1,5,5,1
2896,3,1,1,5,5,1,0
1834,12,5,5,1,2,6,0
345,15,4,5,5,6,4,1
6231,2,1,1,4,6,1,0
1937,12,4,4,3,3,4,0
8549,15,3,6,1,6,4,1
4403,3,1,1,6,3,1,0
8870,2,1,1,3,2,1,0
7457,9,2,3,4,6,2,0
8984,16,6,6,3,3,6,1
6176,9,3,3,5,3,3,1
6367,6,2,2,3,4,2,1
3784,14,4,4,4,6,4,1
6003,13,5,4,5,3,4,1
436,18,6,6,2,5,6,0
5241,20,6,6,4,5,6,1
6681,2,1,1,1,2,1,0
6434,19,6,6,4,4,6,1
1059,14,5,4,4,4,4,1
8900,3,2,1,6,1,1,0
5710,11,4,4,3,2,4,1
678,15,5,4,6,5,4,1
3136,4,1,2,2,4,2,0
1120,19,6,6,2,5,6,0
2416,15,5,5,2,2,6,1
1873,10,3,3,6,4,2,0
4742,5,1,1,6,6,1,0
3343,11,3,4,3,6,3,1
2118,5,2,2,3,5,2,0
1705,12,4,4,2,3,5,1
2176,6,2,2,3,4,2,0
3328,16,5,5,4,5,4,1
8300,2,1,1,2,1,1,0
6775,15,5,5,5,3,5,1
8564,10,4,2,6,3,2,1
5543,7,3,2,4,3,3,0
5394,5,2,2,3,2,2,0
3345,14,5,4,5,4,4,1
3594,3,1,1,6,3,1,0
6083,6,2,2,4,6,2,0
3359,11,4,4,4,2,4,1
5817,5,2,1,6,2,2,0
8566,8,3,2,5,4,2,0
5261,15,5,5,4,4,5,1
6908,16,5,5,3,4,5,1
3882,13,4,4,4,5,4,0
7142,4,2,2,2,1,3,0
5695,17,5,6,2,6,5,1
2149,2,2,1,1,1,2,0
4570,8,3,3,4,3,3,0
2483,19,6,6,2,5,6,1
633,9,2,3,6,6,2,1
5746,2,1,1,1,1,2,0
3241,12,4,3,6,3,3,1
4236,1,1,1,6,1,1,0
2081,10,4,4,3,3,4,1
4277,11,5,4,3,1,5,0
5260,5,3,2,3,1,3,0
6161,2,1,1,2,1,1,0
2511,7,3,3,1,2,4,0
3694,13,4,4,5,6,3,0
5044,5,1,2,6,6,1,1
1614,10,4,3,5,2,4,1
5076,16,5,5,5,4,5,0
1851,9,4,3,5,2,3,1
6985,16,5,5,3,5,5,1
8776,9,3,3,4,5,3,0
8225,16,5,6,3,5,5,1
6943,11,4,5,1,2,5,1
4006,15,5,5,5,3,5,1
2998,9,3,3,3,3,4,0
7880,12,4,4,4,5,4,1
8350,12,4,4,3,4,4,0
2627,7,1,2,6,6,1,0
4817,5,1,2,5,6,1,0
55,7,2,2,5,4,2,0
4041,9,2,3,2,6,2,0
167,6,3,3,2,2,3,0
3766,17,4,5,5,6,4,1
8514,16,5,5,5,5,4,1
4318,16,5,6,3,4,6,1
2331,10,3,3,6,4,3,0
4181,18,6,6,1,4,6,1
6033,2,1,2,1,1,2,0
2345,17,6,5,5,3,5,1
3020,19,6,6,5,5,6,1
3850,14,4,4,4,5,4,1
1752,16,4,5,4,6,4,0
2705,11,4,4,1,4,4,0
6212,1,1,1,5,3,1,0
180,19,6,6,5,4,6,1
4377,20,6,6,4,5,6,1
8154,4,2,2,2,3,2,0
6419,18,6,6,3,3,6,1
6840,2,2,1,1,1,2,0
1379,3,2,1,4,1,2,0
4186,3,2,2,3,2,2,0
4442,1,1,1,1,1,1,0
8037,9,2,3,4,6,2,1
5790,20,6,6,3,5,6,1
4923,18,6,5,5,3,6,1
8501,2,1,1,4,1,1,0
2904,20,6,6,5,4,6,1
2637,16,6,6,1,3,6,0
3869,13,3,4,5,6,3,1
7103,14,5,5,3,4,5,1
1885,7,2,2,5,6,2,0
901,2,1,1,6,1,1,0
286,1,1,1,3,1,1,0
8983,6,2,2,3,5,2,0
1886,8,3,4,1,3,4,0
5370,4,2,1,6,1,2,0
2157,17,5,5,5,5,5,1
2273,18,6,6,3,3,6,0
3358,4,2,2,4,4,2,0
4350,10,3,4,3,6,3,0
4892,13,4,4,5,5,3,0
4016,6,2,2,6,6,1,0
3861,16,5,6,1,3,6,0
1768,5,2,2,5,4,2,0
831,10,4,4,3,3,4,1
6077,16,5,5,4,3,5,1
7906,1,1,1,1,1,1,0
1858,18,6,5,5,3,6,1
855,12,3,4,4,6,3,0
615,1,1,1,6,3,1,0
6279,6,2,2,3,6,2,0
8003,3,2,1,6,1,1,0
8275,3,2,2,1,1,2,0
2318,9,4,3,2,1,4,0
635,17,6,6,4,4,5,1
214,7,2,2,4,5,2,0
7651,13,5,5,3,2,5,1
787,18,5,6,4,5,5,1
6690,13,4,4,4,4,4,1
5662,17,5,6,2,4,6,0
6893,12,5,4,2,2,5,0
6288,8,3,3,2,2,3,0
5501,17,6,6,3,3,6,1
1479,14,5,5,1,2,6,0
1989,19,6,5,6,6,4,1
325,13,5,4,6,2,4,1
8869,11,3,3,5,5,3,0
8552,11,4,4,3,2,4,1
3636,8,2,4,1,6,3,0
766,6,3,3,1,1,4,0
3275,3,2,1,6,2,1,0
3203,2,2,1,2,1,2,0
1385,14,3,4,5,6,3,1
5994,13,5,5,2,2,5,1
1816,1,1,1,2,1,1,0
8661,18,6,5,5,5,5,1
7175,7,2,2,4,5,2,0
159,16,5,5,4,5,5,0
5580,4,2,2,4,1,2,0
2649,20,6,6,3,5,6,1
4344,7,3,2,5,3,2,1
7004,13,5,4,6,2,4,1
935,12,4,4,3,4,4,0
5812,15,5,6,1,2,6,0
6925,19,6,6,5,5,6,1
7995,6,3,3,1,1,4,0
4988,9,2,2,6,6,2,0
8107,5,2,2,3,3,2,0
6346,19,6,6,5,5,5,1
7698,18,6,6,3,4,6,1
4898,7,3,2,4,3,3,1
8747,18,5,5,6,6,4,1
7278,4,1,2,1,6,2,0
513,20,6,6,4,5,6,1
8591,1,1,1,1,1,1,0
1761,17,6,6,2,4,6,1
7837,7,2,2,5,5,2,0
202,7,4,3,1,1,5,0
8182,5,2,3,1,2,3,0
8531,11,3,3,5,5,3,1
7105,15,5,5,5,3,5,1
3116,14,6,5,1,1,6,1
1580,5,2,1,6,2,2,0
7478,13,5,5,1,3,5,1
1256,1,1,1,6,1,1,0
1409,16,5,5,6,5,4,1
5783,12,4,3,6,5,2,1
8985,11,4,3,6,4,2,0
1204,2,1,1,4,3,1,0
918,12,4,4,2,4,4,0
1348,12,5,3,5,1,4,1
8307,8,4,3,3,2,4,0
205,15,3,4,6,6,3,1
8386,2,1,1,3,4,1,0
1960,9,3,3,2,4,3,0
4730,1,1,1,6,1,1,0
6272,10,4,4,1,1,5,0
507,2,1,1,1,1,1,0
3231,16,5,4,6,4,4,1
7330,10,3,4,1,5,4,1
5405,4,2,2,1,3,2,0
1978,10,4,3,4,1,4,1
7886,3,2,1,6,3,1,0
7058,16,5,5,4,4,5,1
4896,14,3,4,6,6,3,1
7417,16,6,5,2,2,6,0
6147,10,3,3,4,5,3,0
8890,16,5,5,4,5,5,1
5094,18,6,6,3,4,6,1
1224,20,6,6,4,5,6,1
712,8,2,2,5,5,2,0
7189,17,6,5,4,4,5,1
6828,2,1,1,3,2,1,0
400,4,2,2,3,3,2,0
5136,19,5,6,5,6,5,1
330,12,4,4,5,5,3,0
407,7,3,2,6,1,3,0
4480,16,5,5,5,4,5,1
7779,11,4,4,2,3,4,0
1156,6,2,2,6,3,2,0
8276,9,3,4,1,3,4,0
3067,3,1,2,1,2,2,0
5001,2,1,1,5,2,1,0
1868,6,2,2,3,6,2,0
7052,11,3,4,4,6,3,1
7020,11,5,3,6,1,4,0
6540,5,2,2,2,5,2,0
3265,3,2,1,4,2,1,0
627,14,5,5,1,3,6,0
4844,18,6,6,2,3,6,1
3391,15,6,5,4,2,5,1
2290,6,2,2,5,3,2,0
261,19,6,6,2,5,6,1
2571,13,5,5,1,1,6,1
6068,12,4,4,3,5,4,0
1670,1,1,1,6,2,1,0
6667,4,1,1,6,6,1,0
381,13,4,4,5,4,4,1
6804,10,5,5,1,1,6,0
8666,18,6,6,3,3,6,1
4977,7,2,3,2,4,3,0
2369,4,2,1,5,3,1,0
1118,18,5,6,3,6,5,1
6493,13,5,4,5,3,4,0
7822,8,2,3,4,5,2,1
8091,16,5,6,2,3,6,0
2657,13,5,4,5,2,4,1
7933,10,4,4,2,2,4,1
2266,19,5,5,6,6,4,1
6615,3,1,1,4,2,1,0
5150,9,2,3,5,6,2,1
6515,1,1,1,2,1,1,0
5839,20,6,6,2,6,6,1
3080,20,6,6,6,6,6,1
6088,19,6,6,4,4,6,1
8558,12,5,4,3,1,5,0
7056,16,5,5,3,5,5,1
1160,5,2,2,5,2,2,0
3990,2,1,1,3,1,2,0
4054,2,2,1,1,1,2,0
7059,20,6,6,2,5,6,1
7430,5,2,2,3,3,2,0
119,12,4,4,4,5,4,1
144,2,1,1,4,6,1,0
8601,7,3,2,4,3,3,0
2635,9,2,2,6,6,1,1
6964,12,4,4,5,5,3,1
3515,19,6,6,3,5,6,1
7890,13,4,4,4,4,4,1
6589,17,5,6,2,5,6,0
6085,14,5,5,2,3,5,1
2812,20,6,6,5,5,6,1
3096,6,2,2,3,5,2,1
1007,8,4,3,3,2,4,0
4917,14,4,5,2,5,5,0
4985,15,5,5,2,3,6,1
6462,13,4,4,6,5,3,1
5074,5,2,2,3,4,2,0
8401,12,5,4,2,2,5,0
6093,8,4,3,2,1,5,1
8578,6,2,2,3,4,2,0
8309,5,2,2,2,5,2,0
4071,2,1,1,3,2,1,0
6669,19,6,6,2,3,6,1
8548,2,1,1,5,1,1,0
4418,5,2,2,1,2,3,0
6479,19,6,6,1,4,6,1
3692,1,1,1,5,2,1,0
1518,20,6,6,4,6,6,1
2102,2,1,1,1,2,1,0
5142,19,6,6,5,6,5,1
481,3,1,1,4,4,1,0
1108,16,6,5,3,3,6,1
1471,2,1,1,6,2,1,0
8280,1,1,1,1,1,1,0
6924,17,5,5,4,5,5,1
2670,20,6,6,5,5,6,1
1977,11,4,4,1,3,5,0
7302,2,1,1,6,1,1,0
1932,17,6,5,6,4,5,1
7340,3,2,1,5,1,1,0
8974,18,6,6,4,3,6,1
542,17,6,6,4,3,6,1
2676,9,3,3,4,5,3,1
2316,4,1,3,1,5,2,0
7353,8,3,2,5,4,2,0
6524,15,5,5,2,5,5,0
3287,3,2,1,5,1,1,0
8969,5,2,1,6,2,2,0
4719,10,3,3,5,6,2,0
6819,13,4,4,4,6,4,0
8682,5,2,2,1,3,3,0
6225,9,3,3,2,5,3,1
6060,6,2,3,1,5,2,0
8093,16,5,6,1,4,6,1
5477,6,2,3,2,5,2,0
6309,20,6,6,3,4,6,1
8996,14,4,4,6,4,4,1
7601,8,4,3,2,1,4,0
8199,6,3,2,3,2,3,0
2804,12,3,5,1,6,4,0
2258,6,2,4,1,3,4,0
5966,8,2,3,4,6,2,0
7935,2,1,1,4,1,1,0
4699,12,4,4,5,4,4,1
6928,16,6,6,2,4,6,1
6645,2,1,1,1,2,1,0
212,17,6,5,4,3,6,1
1115,4,2,2,1,1,3,0
142,1,1,1,1,1,1,0
8693,13,4,5,3,5,4,1
444,14,5,5,2,2,6,0
5285,2,1,1,6,1,1,0
730,16,5,5,3,6,5,1
2467,5,2,2,1,3,3,0
6280,6,3,1,6,1,2,1
3954,16,6,5,5,3,5,0
4430,12,5,4,3,2,5,1
2618,15,6,5,4,2,5,0
6746,16,6,6,2,2,6,0
5113,3,2,2,1,2,3,0
2205,2,1,1,6,1,1,0
7244,2,1,1,6,1,1,0
1912,12,4,3,6,4,3,1
6937,16,6,6,3,3,6,0
1743,6,2,1,6,4,1,0
8069,9,4,3,4,2,3,0
7187,16,6,6,3,3,6,1
4722,2,1,1,1,1,2,0
4489,8,2,2,6,6,2,1
2815,9,4,3,4,1,4,0
4231,9,3,2,6,6,2,0
1477,5,1,2,3,6,1,0
5722,4,2,2,2,4,2,0
2341,2,1,1,3,2,1,0
814,3,1,1,6,2,1,1
8354,16,5,5,6,3,5,0
8737,16,5,5,3,5,5,1
1389,3,1,1,6,3,1,0
5696,2,1,1,4,3,1,0
401,3,2,2,2,1,2,0
7855,20,6,6,5,5,6,1
8016,10,4,3,5,2,4,1
5105,1,1,1,5,1,1,0
8098,5,1,1,6,6,1,0
6862,15,5,5,2,3,6,0
1902,4,1,1,6,5,1,0
7305,17,6,6,3,4,6,1
6443,15,5,6,1,4,6,1
4019,10,3,3,6,5,2,1
2365,17,6,6,1,3,6,1
1704,9,4,3,3,2,4,0
5132,16,5,4,6,5,4,1
1599,3,1,1,2,2,2,0
8924,11,4,4,3,5,4,0
3198,17,6,6,4,3,6,1
7455,14,5,5,3,2,5,1
6952,2,1,1,6,2,1,0
2591,2,1,1,1,3,1,0
5343,17,5,6,4,6,5,1
4155,20,6,6,3,6,6,1
2138,18,5,6,4,6,5,1
6352,8,2,3,2,6,2,0
5963,14,5,5,1,2,6,0
3036,3,2,2,1,1,3,0
5638,14,3,4,5,6,3,1
2550,8,3,3,3,2,3,0
5980,7,2,2,6,5,1,0
5511,10,4,3,5,3,3,1
2229,7,3,2,5,2,3,0
875,2,1,1,4,4,1,0
5334,14,5,4,4,2,5,0
4049,13,4,5,1,4,5,0
5033,3,1,1,4,4,1,0
7756,14,5,5,3,2,5,1
3467,16,5,6,2,4,6,1
7751,7,3,3,3,2,3,0
8814,11,3,4,4,6,2,1
6029,4,2,2,4,2,2,0
1014,19,6,6,5,5,6,1
3335,8,4,4,1,1,4,1
1925,14,5,5,2,2,6,1
8760,10,3,3,5,5,3,0
5456,7,3,2,4,2,3,0
5223,3,1,1,6,3,1,0
3179,11,4,3,6,3,3,1
6327,19,6,6,4,5,6,1
4809,20,6,6,5,5,6,1
254,9,3,3,4,3,3,1
7967,6,2,2,3,6,2,0
8628,4,2,2,3,1,3,0
7722,13,4,5,3,4,4,0
1778,15,5,5,4,2,5,0
7661,2,1,1,6,2,1,0
4645,8,3,3,4,4,3,0
3238,6,3,2,3,1,3,0
710,7,3,3,2,3,3,0
5485,9,5,4,1,1,6,0
8510,12,5,5,2,2,5,0
6902,16,5,5,2,5,5,1
8353,20,6,6,4,6,6,1
4931,6,3,2,4,2,2,0
4926,20,6,6,3,6,6,1
362,11,4,4,2,4,4,0
4461,7,2,2,6,6,1,0
1225,20,6,6,3,6,6,1
7957,8,2,3,2,6,2,0
1472,8,2,4,1,6,3,0
3811,6,2,2,6,4,1,0
4283,2,2,1,1,1,2,0
3945,20,6,6,4,4,6,1
4414,11,4,4,3,4,4,1
7389,16,5,4,6,5,4,1
8970,9,4,3,2,1,5,0
4689,4,2,2,3,2,2,0
8493,20,6,6,2,5,6,1
8370,9,3,3,3,5,3,0
6048,2,1,1,3,1,1,0
6849,14,5,5,3,4,5,0
3087,15,5,5,2,3,6,0
3175,3,1,2,3,3,2,0
1934,16,5,5,4,5,5,1
5252,12,3,3,6,6,2,1
1685,8,3,3,2,3,3,0
7207,7,3,2,4,2,3,0
2593,16,4,5,5,6,4,1
8687,16,5,5,4,4,5,0
1549,18,6,6,2,5,6,1
7878,16,6,6,2,3,6,1
2601,18,6,6,2,4,6,1
4560,11,3,3,5,6,3,0
6055,9,2,2,6,6,2,0
6599,18,6,6,5,4,6,1
1147,2,1,1,1,1,2,0
6532,6,2,2,6,5,1,0
1208,17,6,6,4,2,6,1
390,5,2,2,5,5,1,0
2220,16,5,5,4,4,5,1
6324,16,5,6,2,5,5,1
5035,13,3,4,4,6,3,0
3528,13,4,3,6,6,3,1
8290,8,4,3,2,1,4,0
7614,15,4,4,6,5,3,1
3294,16,5,5,4,3,5,0
7575,11,4,4,2,3,4,0
785,2,1,1,3,2,1,0
4315,13,4,5,3,4,4,0
6543,2,1,1,5,1,1,0
8209,17,5,5,6,5,5,1
7893,4,1,2,1,5,2,0
8630,17,5,6,3,5,5,1
5233,18,6,5,5,3,6,1
3535,20,6,6,6,5,6,1
6172,13,4,4,6,5,3,1
2991,9,3,3,3,4,3,0
8551,2,1,1,6,1,1,0
2147,14,5,5,3,2,6,1
8725,18,6,6,5,5,5,0
6185,1,1,1,5,1,1,0
4969,6,3,2,4,1,3,0
1586,9,3,3,2,3,4,0
8953,17,6,6,4,4,6,1
3509,3,1,2,2,3,2,0
4922,1,1,1,4,1,1,0
449,12,4,5,1,3,5,0
5234,3,2,1,2,1,2,0
4937,10,4,3,5,3,3,0
4747,11,3,4,2,6,3,1
1605,8,3,3,3,5,3,1
410,15,4,5,4,6,4,1
5396,18,6,6,5,5,6,1
3416,11,4,3,6,4,3,0
8145,3,1,1,6,2,1,0
7949,6,3,2,5,2,2,0
801,3,1,1,4,5,1,0
6516,5,2,2,6,2,2,0
2227,15,5,5,2,4,5,1
4659,9,4,4,1,2,4,1
8262,18,5,6,1,5,6,0
5854,17,6,5,5,4,5,1
1939,18,6,6,1,4,6,1
2171,18,5,6,2,5,6,1
1572,1,1,1,1,1,1,0
7727,11,3,4,4,5,3,0
6127,2,1,1,1,1,2,0
8422,8,3,3,4,2,3,0
4269,14,3,4,6,6,2,1
5159,9,3,4,1,3,4,1
6010,7,2,2,5,6,2,0
8529,2,1,1,1,3,1,0
3813,11,4,4,4,2,4,0
1233,8,2,2,5,6,2,1
4879,16,6,5,4,3,5,1
7758,20,6,6,6,5,6,1
3193,12,4,5,1,5,5,0
3233,3,2,1,6,2,1,0
5507,16,5,5,6,3,5,1
1030,10,4,4,2,2,4,0
2283,9,2,3,6,6,2,0
6708,7,2,2,6,5,1,1
1611,7,3,3,3,1,3,0
7438,9,3,3,3,4,3,0
1132,5,2,2,6,2,2,0
5081,13,4,4,4,5,4,0
8506,14,6,5,3,1,6,1
2052,8,3,3,4,3,3,0
8376,6,2,3,1,3,3,0
5807,12,5,4,3,1,5,0
7555,2,1,2,1,1,3,0
7166,19,6,6,2,6,6,1
3412,18,6,6,5,3,6,0
8349,14,5,5,2,3,5,1
2753,7,4,3,2,1,4,0
8095,4,2,2,1,3,2,0
8605,16,5,4,6,5,4,1
1680,7,2,3,3,5,2,0
6851,11,2,4,4,6,2,0
5282,13,5,4,5,2,4,1
1272,6,3,2,6,2,2,0
7637,2,1,1,1,3,2,0
7923,17,6,5,5,4,5,1
2599,8,3,3,2,3,3,0
1787,19,6,6,5,6,5,1
6228,10,3,3,5,5,3,0
2797,13,4,3,6,5,3,1
1451,4,3,1,5,1,2,0
828,6,2,2,4,2,2,0
1757,16,6,5,4,2,6,1
5231,16,5,6,2,3,6,1
8420,10,4,4,3,2,4,0
2695,8,3,4,1,4,4,0
5199,6,2,3,1,5,3,0
8381,11,4,4,3,2,4,1
6777,6,2,2,6,3,2,0
1155,2,1,2,1,1,2,0
6930,18,6,6,3,4,6,1
8285,5,2,2,3,4,2,0
4814,16,5,5,3,6,5,1
285,12,4,4,4,2,4,1
6625,8,3,3,2,4,3,0
6598,2,1,1,6,1,1,0
5243,12,5,5,2,2,5,1
5137,19,6,6,5,6,5,1
2479,11,3,4,2,5,4,0
5333,10,4,3,4,3,4,0
6213,15,5,5,2,4,5,1
537,9,3,3,2,3,4,0
4992,7,3,1,6,2,2,0
5968,11,4,4,3,2,4,0
2265,18,6,6,4,4,6,1
8658,18,6,5,6,3,5,1
4675,1,1,1,6,1,1,0
6100,1,1,1,6,1,1,0
48,14,4,5,3,6,4,1
3844,7,3,2,6,1,3,0
6631,20,6,6,4,4,6,1
7350,16,6,6,1,1,6,1
8503,17,5,6,3,6,5,1
4611,4,2,2,1,2,3,0
2874,1,1,1,6,1,1,0
2409,4,2,1,6,3,1,0
5460,5,2,2,2,2,3,0
5650,18,4,6,4,6,4,1
2569,11,4,4,2,2,5,0
5512,4,1,2,3,4,2,0
8780,14,5,5,1,3,5,0
5641,12,4,5,2,5,4,0
3892,8,2,2,6,6,1,0
919,3,1,1,2,2,2,0
7521,7,2,3,1,4,3,0
8271,14,4,5,2,5,5,0
7267,19,6,6,2,5,6,1
3525,15,5,5,2,3,5,1
957,16,6,5,3,2,6,0
8938,18,5,6,4,5,5,1
8403,14,4,5,3,6,4,0
8912,2,1,1,6,2,1,0
7323,1,1,1,1,1,1,0
5815,2,1,1,1,1,1,0
8434,3,2,1,4,2,2,0
3514,18,6,6,2,2,6,1
4253,2,1,1,3,4,1,0
5554,2,1,1,1,4,1,0
3879,11,4,5,1,2,6,0
8811,3,1,1,5,4,1,0
6501,1,1,1,6,3,1,0
2975,18,5,4,6,6,3,1
4488,9,2,3,3,6,2,0
1046,18,6,6,2,4,6,1
3444,8,3,3,2,4,3,0
5772,6,2,2,3,5,2,0
2884,4,2,2,4,3,2,0
6362,15,4,4,6,5,4,1
3386,15,5,5,2,3,6,1
2943,5,2,2,5,4,2,0
3371,7,3,2,4,4,2,0
2733,15,5,4,5,4,4,1
2619,7,2,3,3,6,2,1
8419,1,1,1,1,1,1,0
8636,18,6,5,5,4,5,1
4482,3,2,2,3,1,2,0
699,15,5,4,5,3,5,0
8163,19,6,6,3,5,6,1
4005,17,5,5,6,5,4,1
8337,19,6,6,5,5,6,1
7191,9,3,3,4,5,3,0
7595,13,4,5,3,4,5,0
8756,14,4,4,4,4,4,0
1790,4,2,2,3,2,2,0
465,13,3,3,6,6,2,1
8587,17,5,6,2,5,6,1
1854,16,5,6,3,4,6,1
6024,3,1,1,4,4,1,0
5218,10,2,3,5,6,2,0
8676,11,3,3,6,6,2,0
7346,13,5,4,4,3,5,1
8592,11,3,4,4,6,3,1
2351,14,4,4,6,6,3,0
4098,16,4,5,4,6,4,1
7643,9,3,4,1,3,4,0
4153,18,6,5,6,4,5,1
6114,1,1,1,1,2,1,0
2922,14,5,5,1,4,5,1
8684,7,3,2,5,1,3,0
1726,1,1,1,2,5,1,0
1474,4,2,2,1,2,3,0
3976,6,2,2,3,6,2,0
3378,19,6,6,5,4,6,1
3035,1,1,1,1,1,2,0
7228,15,5,5,4,4,5,0
4385,5,2,1,6,4,1,1
997,10,4,4,2,3,4,0
965,5,2,2,3,3,2,1
7383,20,6,6,3,6,6,1
5923,9,3,3,2,5,3,0
1896,7,3,3,3,2,3,0
3928,11,4,4,2,5,4,1
8421,2,1,1,2,1,2,0
5404,16,5,5,5,5,5,1
1590,10,4,5,1,3,5,1
5771,10,4,2,6,2,2,0
3953,7,2,2,4,4,2,0
2911,14,4,5,3,4,5,0
6205,11,4,4,1,3,5,0
1406,6,2,2,6,4,1,1
5303,16,5,6,2,4,6,0
455,7,2,3,1,5,3,0
4610,10,4,3,5,2,4,0
453,15,5,5,2,3,6,0
5735,10,4,4,2,2,4,0
6887,15,5,5,2,3,5,0
2835,20,6,6,4,6,6,1
7970,3,1,2,1,4,2,0
725,12,3,5,1,6,4,0
4143,20,6,6,6,6,6,1
758,6,2,3,2,5,2,0
8258,9,2,4,1,6,3,0
1356,20,6,6,2,5,6,1
1448,13,5,5,1,1,6,0
3142,5,2,1,6,4,1,0
726,12,4,4,4,4,4,1
7531,16,5,5,3,4,5,1
5890,3,2,1,6,1,2,0
6285,18,6,5,6,3,6,1
1554,16,5,6,1,4,6,0
881,11,4,4,2,4,4,1
2936,9,4,4,1,2,4,0
5570,6,2,2,4,5,2,0
1822,14,5,5,3,3,5,0
3108,3,2,1,6,1,1,0
5667,1,1,1,1,1,1,0
3829,16,6,5,5,4,5,1
606,5,3,2,1,1,3,0
3487,6,3,2,6,2,2,0
4872,10,5,3,5,1,4,0
1573,20,6,6,5,6,6,1
421,3,2,2,3,2,2,0
220,13,4,5,2,6,4,1
3046,11,4,4,2,2,5,0
2380,16,5,5,5,6,4,1
5843,11,5,4,1,1,5,0
5479,20,6,6,2,5,6,0
7459,9,3,3,6,4,2,0
3494,10,4,3,6,2,3,0
1997,12,4,4,3,5,4,0
1690,9,3,3,3,4,3,0
5454,5,2,2,2,4,2,0
3383,1,1,1,3,1,1,0
5433,6,3,2,5,1,2,0
2504,15,5,5,3,4,5,0
6632,16,6,5,4,3,5,1
7861,7,4,2,6,1,3,0
8973,18,5,5,6,5,4,1
8698,9,3,3,3,5,3,0
313,10,4,3,5,2,3,0
5286,13,4,3,6,6,2,1
4612,8,3,3,2,4,3,0
3159,15,5,5,3,4,5,0
979,12,5,5,2,2,5,1
2765,9,3,3,3,5,3,1
2426,10,3,3,5,5,2,0
8534,3,1,2,1,2,2,0
991,5,1,2,5,6,1,0
6146,20,6,6,2,6,6,1
5789,10,3,4,3,5,3,0
2800,10,4,3,5,3,3,0
1399,9,4,3,2,1,4,0
1949,7,3,3,3,4,3,0
8410,1,1,1,6,1,1,0
5837,16,5,6,3,5,5,1
7770,8,3,2,6,4,2,1
7728,7,2,2,6,6,1,1
6962,12,4,4,2,4,4,1
5320,14,4,4,4,6,3,1
886,2,1,1,6,1,1,0
6511,1,1,1,4,1,1,0
4464,6,2,2,3,5,2,0
4543,8,3,3,2,5,3,0
6110,4,2,1,6,4,1,0
2805,20,6,6,5,5,6,1
5449,19,5,6,4,6,5,1
7405,2,1,1,1,1,1,0
2741,17,5,5,6,6,4,1
4804,5,2,2,2,3,2,0
6045,12,4,5,1,3,5,1
7439,8,2,2,5,5,2,0
8140,3,2,2,1,1,3,0
6342,16,5,5,4,5,5,1
1522,13,4,5,3,4,5,1
6885,1,1,1,3,1,1,0
3623,8,3,2,6,2,2,0
5796,5,2,3,1,5,2,0
607,17,6,5,4,4,5,1
3809,12,3,4,4,6,3,1
4773,4,2,2,2,2,2,0
6143,16,5,4,6,3,4,1
4178,13,5,4,5,2,4,1
6491,3,1,1,4,4,1,0
7827,12,4,4,4,4,4,1
5730,1,1,1,5,1,1,0
5173,14,4,4,5,5,4,1
3284,8,4,4,1,1,4,0
1708,1,1,1,1,1,1,0
2768,10,4,4,1,2,5,1
6221,18,6,5,6,5,5,1
1276,2,1,1,1,1,2,0
4882,9,4,3,2,2,4,0
2406,16,5,4,6,4,4,1
3292,10,4,4,3,3,4,0
1905,5,2,2,5,3,2,0
7848,15,6,5,3,2,6,0
3676,17,6,5,5,3,6,1
63,4,2,2,3,3,2,0
2388,19,6,6,2,4,6,1
3218,1,1,1,2,2,1,0
7391,15,5,5,4,5,5,0
110,14,3,5,3,6,4,1
6104,2,1,1,1,1,2,0
8447,15,5,5,2,2,6,0
3964,4,2,2,1,4,2,0
6634,11,4,4,2,2,5,0
3612,15,5,5,4,3,5,1
1577,12,5,3,5,2,4,1
817,9,4,2,6,2,2,1
8248,5,3,2,2,1,3,0
4425,13,4,4,4,5,4,0
2622,8,3,3,3,3,3,0
2337,8,2,3,3,6,2,0
5061,2,1,1,6,6,1,0
1261,8,4,3,2,1,4,0
2833,16,5,5,5,5,5,1
5700,11,3,4,1,5,4,0
4544,5,1,2,5,6,1,0
3496,16,5,5,3,3,5,1
8793,9,3,3,6,6,2,1
8242,16,5,3,6,5,3,1
1507,8,3,2,6,4,2,1
1830,12,4,4,5,4,4,0
7040,1,1,1,1,1,1,0
1031,11,4,3,5,3,4,0
1862,6,2,2,5,5,2,1
3338,2,1,1,2,2,1,0
8918,7,2,2,6,5,2,0
8085,20,6,6,3,5,6,1
5633,14,5,4,4,3,5,0
7246,16,6,6,2,2,6,1
5874,12,5,4,2,1,5,0
8356,7,3,3,1,2,4,0
8446,19,6,6,5,4,6,0
1623,2,1,1,4,1,1,0
4375,11,5,4,2,1,5,0
2025,10,4,3,5,3,3,0
1918,9,3,4,1,5,3,0
3408,3,2,2,2,1,2,0
8857,7,3,3,1,2,4,0
8077,9,3,3,6,5,2,0
569,16,5,5,5,5,5,1
6164,11,3,4,2,5,4,0
8165,15,4,5,2,6,4,1
250,14,5,3,6,3,3,0
2999,17,5,6,4,6,4,1
925,11,3,3,5,5,3,1
7939,15,5,5,4,5,4,0
6323,19,6,6,2,5,6,1
5995,16,5,5,3,6,5,1
4319,17,6,5,4,4,5,1
5434,13,5,4,5,3,4,1
5670,15,5,5,4,5,5,0
2328,3,1,1,4,3,1,0
3191,2,1,1,5,5,1,0
1855,14,5,5,3,4,5,1
2891,1,1,1,1,1,1,0
7819,12,5,5,1,1,6,1
8782,11,4,5,1,2,5,1
7218,12,4,3,6,5,3,1
7542,3,2,1,4,1,2,0
6315,12,4,4,5,5,3,0
6284,9,3,3,3,6,3,0
6102,20,6,6,4,6,6,1
2368,6,2,2,4,4,2,0
3471,5,2,2,3,5,2,0
2849,8,4,2,5,1,3,0
6530,6,2,2,5,4,2,0
8732,3,1,1,4,3,1,0
3541,1,1,1,5,2,1,0
2492,10,4,3,5,2,3,1
4599,4,2,1,5,4,1,0
8067,1,1,1,1,1,1,0
1595,7,3,3,2,2,3,0
1441,16,5,5,5,4,5,1
2774,2,2,1,6,1,1,0
1646,9,4,4,1,2,4,0
103,18,6,6,1,2,6,1
2531,7,3,3,2,3,3,0
3323,18,6,6,4,4,6,1
5027,10,4,4,2,2,4,0
1215,4,1,1,5,4,1,0
1798,10,4,3,4,2,4,0
4597,4,3,2,3,1,3,0
8930,3,2,1,6,1,1,0
6218,10,3,4,3,4,4,0
6094,7,2,2,4,6,2,1
7569,3,1,1,5,5,1,0
3295,14,6,5,1,1,6,1
8359,14,5,5,3,4,5,0
1600,7,2,2,4,6,2,1
4000,11,4,5,1,2,5,0
2429,19,6,6,5,3,6,1
7948,4,2,1,6,1,2,0
7891,19,6,6,2,4,6,1
5916,20,6,6,4,5,6,1
2779,19,6,6,4,4,6,1
408,6,3,3,2,2,3,1
372,2,1,1,4,5,1,0
447,4,2,1,6,3,1,0
4398,11,4,3,5,3,3,0
5302,9,2,4,1,6,3,0
4293,3,1,2,1,3,2,0
4874,11,5,4,2,1,5,0
2921,11,4,3,6,3,3,0
6432,1,1,1,3,1,1,0
2771,7,2,2,5,4,2,0
1843,8,4,2,6,1,3,1
7223,3,2,1,4,1,2,0
50,12,5,5,2,2,5,0
721,13,4,4,6,3,4,1
8247,6,2,3,2,4,2,0
1642,16,5,6,3,4,5,1
7544,11,4,4,3,4,4,0
1745,2,1,1,1,1,3,0
2107,10,4,4,1,1,5,1
4090,18,6,6,4,5,5,1
460,13,5,5,2,2,5,0
747,18,6,5,5,5,5,1
3042,4,2,1,5,3,1,0
5129,13,5,5,3,3,5,1
2038,12,4,4,4,4,4,0
1464,17,5,6,2,5,6,1
151,4,3,2,4,1,3,0
516,8,4,2,6,1,3,0
7010,12,4,4,2,3,5,0
526,15,5,5,3,3,5,1
7062,12,4,4,3,5,4,0
2648,7,2,2,4,6,2,0
1897,3,1,1,2,3,2,0
5058,20,6,6,2,4,6,1
962,1,1,1,1,1,1,0
781,14,5,4,4,3,5,1
3293,11,4,3,5,4,3,1
4841,20,6,6,6,6,6,1
7288,2,1,1,3,1,1,0
8505,14,3,4,6,6,2,1
1292,4,2,1,5,1,2,0
392,5,1,2,2,6,2,0
3342,2,1,1,5,4,1,0
1895,18,6,6,4,4,6,1
357,3,1,1,5,4,1,0
3740,8,4,3,2,1,4,0
4346,4,2,1,5,4,1,0
4637,2,1,1,1,1,2,0
7806,3,2,1,2,1,2,0
6275,1,1,1,6,2,1,0
4240,16,5,4,6,4,4,1
6843,11,5,3,5,2,4,0
7632,4,2,2,3,3,2,1
1564,3,1,1,5,3,1,0
3187,4,2,2,1,2,3,0
5676,6,3,2,5,2,2,0
7365,11,5,4,2,2,5,0
7554,20,6,6,1,5,6,1
8850,20,6,6,3,6,6,1
366,4,1,2,1,6,2,0
4734,9,3,3,3,5,3,0
1458,6,2,2,3,6,2,0
7418,8,3,3,2,3,4,0
4022,11,3,4,2,5,4,0
6906,16,5,6,3,4,5,1
2608,2,1,1,1,3,1,0
3610,17,5,5,6,5,4,1
6907,1,1,1,3,1,1,0
1381,18,6,6,2,4,6,1
5545,16,6,6,2,3,6,1
5611,19,6,6,2,3,6,1
8991,16,6,6,2,3,6,0
6982,7,3,2,4,2,3,0
7931,16,5,5,3,3,5,1
298,5,2,2,2,4,2,0
3805,8,2,3,4,5,2,0
6134,3,1,1,6,6,1,0
7536,13,4,4,4,5,4,1
1648,12,5,3,6,1,4,1
8907,18,6,5,5,3,5,1
3454,20,6,6,3,5,6,1
2675,17,6,6,2,4,6,1
5865,5,2,2,3,2,2,0
4889,2,1,1,6,5,1,0
8295,14,5,5,2,2,6,0
5987,4,2,1,6,3,1,0
4567,12,4,4,5,3,4,1
2263,9,2,3,3,6,2,0
5071,10,3,3,5,4,3,1
8180,4,1,2,4,5,1,0
4534,3,2,2,1,1,3,0
5808,3,1,1,2,2,2,0
8456,2,1,1,6,1,1,0
2704,17,6,6,3,4,6,1
7654,14,5,4,4,2,5,1
1800,7,1,2,6,6,1,1
2373,4,1,1,5,6,1,0
2989,1,1,1,1,1,2,0
1322,9,3,3,6,6,2,0
4199,5,2,1,6,3,1,0
1965,16,4,5,6,6,4,1
176,20,6,6,5,6,6,1
2962,2,1,1,3,4,1,0
2938,13,4,4,4,6,4,1
5851,18,6,6,4,5,5,1
7864,18,6,6,3,5,6,1
782,3,1,1,6,2,1,0
2970,17,6,6,3,4,6,1
1212,18,5,6,4,6,5,0
7395,10,4,4,2,2,4,0
945,5,2,1,6,3,1,0
5194,11,4,3,5,4,3,0
1175,9,2,3,4,6,2,0
2047,1,1,1,1,1,2,0
2033,14,4,4,6,5,4,1
6936,19,6,6,3,4,6,1
7462,9,4,4,1,2,4,0
4279,19,6,6,1,5,6,1
1823,7,3,2,6,3,2,0
7227,13,5,5,3,2,5,1
1343,17,6,5,6,3,5,1
4362,20,6,6,3,6,6,1
7954,2,2,2,1,1,3,0
7467,7,3,2,5,2,3,0
3854,19,6,6,3,5,6,1
2614,7,3,2,5,3,2,1
3554,13,4,4,4,5,4,1
7013,12,4,5,2,4,5,1
3256,18,6,6,3,2,6,0
982,3,2,2,1,1,2,0
5391,17,5,6,4,6,5,1
3664,12,5,4,2,1,5,1
897,3,1,1,6,3,1,0
7982,1,1,1,6,1,1,0
6008,16,5,6,1,6,6,1
3765,1,1,1,1,1,1,0
4097,11,4,3,6,3,3,1
7263,11,5,4,4,2,4,0
5721,6,3,2,4,1,3,0
6794,5,2,3,1,3,3,0
4582,1,1,1,1,1,1,0
3812,5,2,2,3,2,2,0
849,9,2,3,5,6,2,0
7724,20,6,6,5,5,6,1
3751,3,2,2,3,1,2,0
5593,1,1,1,2,1,1,0
154,11,4,3,5,2,4,1
2816,5,1,2,1,6,2,0
1591,18,6,5,5,3,6,1
163,12,5,5,1,2,5,1
7908,17,3,5,4,6,3,1
6506,12,4,5,2,4,5,0
3045,14,5,5,1,2,6,1
3023,17,6,5,5,4,5,1
3495,13,4,4,4,6,4,1
7292,10,4,4,3,3,4,1
2394,9,3,3,4,4,3,1
6812,19,6,6,2,4,6,0
4676,8,3,4,1,2,4,0
1086,1,1,1,1,1,1,0
3930,15,4,4,6,6,3,1
5300,7,2,3,2,6,2,0
5716,18,4,6,4,6,4,1
6470,1,1,1,1,1,1,0
5253,11,4,4,4,3,4,0
5020,6,2,3,1,3,3,0
1505,2,1,1,1,2,1,0
303,6,2,3,2,3,3,0
3063,2,1,2,1,2,2,0
4498,12,2,4,4,6,2,0
8397,13,5,5,2,3,5,0
5560,2,1,1,4,1,1,0
4033,3,2,1,6,2,1,0
530,16,5,5,3,5,5,1
1724,10,3,3,5,5,3,0
550,10,3,4,1,4,4,0
8132,16,5,5,4,4,5,1
3659,7,2,3,3,4,3,0
5550,6,2,3,1,4,3,0
260,19,6,6,2,3,6,1
2415,18,6,5,5,4,5,1
6229,6,2,1,6,3,1,0
8944,11,4,4,3,4,4,1
7173,11,3,3,5,6,2,1
8115,11,4,4,3,3,4,0
1380,6,2,2,4,4,2,0
6232,7,2,2,5,5,2,0
8831,3,2,1,4,1,2,0
1682,12,3,4,4,6,2,0
5651,18,5,6,4,6,5,1
7744,8,3,3,3,4,3,0
4286,19,6,6,4,6,6,1
4880,19,6,5,6,4,5,1
687,13,5,5,1,2,6,1
5927,13,6,5,1,1,6,1
3107,6,3,3,2,1,4,0
7695,15,4,4,6,5,3,1
6929,10,2,3,6,6,2,1
6527,13,4,5,3,5,4,1
4485,2,1,1,6,5,1,0
8495,18,6,6,3,3,6,1
3857,15,4,5,4,6,4,0
7680,11,4,4,3,3,4,1
8525,19,6,6,4,5,6,1
1783,19,6,6,4,5,6,1
4733,7,3,3,2,1,4,0
155,5,4,2,1,1,4,0
5609,12,5,4,5,2,4,1
4647,16,5,5,5,5,4,1
5737,7,4,3,2,1,4,0
8563,7,3,3,2,2,4,0
3980,1,1,1,1,1,1,0
6018,1,1,1,3,1,1,0
2257,12,4,5,1,4,5,1
8677,11,4,3,6,4,3,0
5986,11,4,4,3,3,4,1
2734,3,2,1,6,1,2,0
4469,6,2,2,5,2,2,1
3596,18,5,6,3,6,5,1
6823,18,6,6,5,6,5,1
2495,14,5,5,3,3,5,0
729,19,6,6,4,4,6,1
8018,15,5,5,4,4,5,1
6097,16,6,5,3,3,6,1
5095,1,1,1,1,3,1,0
8921,1,1,1,2,1,1,0
2145,12,3,5,1,6,4,1
4372,13,5,4,4,2,5,1
6368,10,4,3,6,2,3,0
6770,12,5,4,2,1,5,1
1034,14,5,4,5,4,4,0
6703,12,4,4,4,4,4,0
1555,11,4,4,2,2,5,0
4951,1,1,1,1,1,1,0
4106,9,2,3,5,6,2,1
2832,5,3,1,6,1,2,0
2963,17,6,6,1,3,6,1
6117,16,5,5,3,4,5,1
6616,10,3,3,4,5,3,0
6888,1,1,1,2,1,1,0
8521,3,1,2,3,3,2,0
7047,11,3,4,4,5,3,0
1236,10,4,4,3,3,4,1
8266,6,2,2,5,5,2,0
8089,3,1,1,5,5,1,0
546,3,2,2,2,1,2,0
6562,20,6,6,3,6,6,1
5909,4,3,2,3,1,3,0
2191,18,6,5,5,3,6,1
4002,16,6,5,3,3,6,1
5087,1,1,1,6,1,1,0
5951,11,4,4,2,4,4,1
1880,17,6,6,3,2,6,1
4781,7,3,3,2,2,4,0
6712,10,4,3,6,3,3,1
6014,15,5,6,1,2,6,0
1313,12,4,5,1,5,4,1
7009,2,1,1,1,1,1,0
491,19,6,6,5,6,5,1
4250,2,1,1,2,2,1,0
1352,1,1,1,6,2,1,0
563,3,2,1,4,1,2,0
4149,3,2,1,4,1,2,0
4665,17,5,6,3,6,5,0
8959,7,2,3,1,4,3,0
6710,7,3,2,6,1,2,0
5921,17,6,5,4,4,5,1
7242,13,4,5,2,4,5,0
4786,8,2,3,3,6,2,0
5268,5,3,3,1,1,4,0
5448,18,6,6,1,4,6,0
4753,14,5,4,4,4,4,1
143,10,3,4,3,5,3,1
6636,16,6,5,5,3,5,1
2594,20,6,6,6,6,5,1
5417,11,4,4,2,2,5,0
6786,2,1,1,4,3,1,0
2847,18,6,6,3,4,6,1
7686,3,1,1,2,5,1,0
6042,17,6,5,5,4,5,1
7033,6,2,2,3,3,2,0
93,19,6,6,4,4,6,1
6007,12,5,4,4,2,5,1
8273,1,1,1,1,1,1,0
700,18,6,6,1,4,6,1
7604,6,2,3,1,3,4,0
4184,4,3,2,1,1,4,0
2203,2,1,1,6,1,1,0
2640,6,2,1,6,4,1,0
6377,4,1,2,1,6,2,0
5976,4,2,1,5,1,2,0
953,2,1,1,2,4,1,0
8555,16,5,5,5,5,5,1
217,16,5,5,3,4,5,1
5985,20,6,6,3,5,6,1
861,13,4,4,4,6,3,1
4233,6,3,2,6,1,3,0
736,5,3,3,1,1,4,0
3008,6,2,3,1,4,3,0
269,18,5,6,2,5,6,1
7797,11,4,4,2,2,5,0
2770,2,1,1,5,1,1,0
5756,16,6,6,3,1,6,1
5882,12,4,4,5,5,3,1
4932,15,5,5,4,3,5,1
8543,19,6,6,1,3,6,1
2193,11,4,4,3,3,4,1
5877,4,2,2,1,1,3,0
3719,14,5,4,6,4,4,1
532,12,3,5,2,6,4,1
1840,10,3,4,3,6,3,1
8980,18,6,6,2,3,6,1
2444,5,1,2,3,6,1,0
2055,9,4,3,4,1,4,0
4446,16,3,4,6,6,3,1
8453,5,2,2,1,2,3,0
3887,1,1,1,3,1,1,0
3675,13,4,5,2,5,4,1
8257,8,3,3,3,5,3,0
706,18,6,6,2,2,6,1
5884,12,5,4,2,2,5,0
5155,11,4,4,4,3,4,1
6303,13,4,4,4,6,3,1
1470,6,2,2,4,5,2,0
5166,20,6,6,3,6,6,1
2148,2,1,1,6,1,1,0
7814,19,6,6,5,5,6,1
4718,9,3,3,4,3,3,0
5332,13,5,5,1,3,5,1
1876,15,5,5,3,3,5,1
6648,16,5,6,2,5,5,1
1214,5,2,2,5,4,2,0
1129,1,1,1,1,1,1,0
7813,10,3,3,6,5,2,0
8322,7,3,2,5,2,3,0
4960,12,4,4,3,5,4,1
7063,7,3,3,3,3,3,0
1457,4,2,2,1,1,3,0
8979,11,5,5,1,1,6,0
3576,13,4,4,4,4,4,1
6639,2,1,1,3,2,1,0
4547,8,4,3,2,1,4,0
755,8,3,3,2,4,3,0
4017,20,6,6,4,6,6,1
8118,8,3,3,4,4,3,0
2100,18,6,6,3,4,6,1
4462,15,5,4,6,3,4,1
1911,8,4,3,2,1,4,0
1192,11,4,3,5,2,4,0
778,10,4,4,1,2,5,0
4411,20,6,6,6,6,6,1
5842,12,4,4,2,3,4,1
2842,16,5,5,4,6,4,1
4404,19,6,6,4,4,6,1
503,11,3,4,3,5,4,0
4807,12,3,4,5,6,3,0
7003,16,5,5,4,5,5,1
5989,18,5,6,5,6,5,1
3470,14,5,5,3,3,5,1
1411,16,4,6,3,6,5,1
893,10,4,4,3,3,4,0
1235,6,3,2,4,2,3,0
8721,5,2,2,2,4,2,0
3199,11,4,3,5,4,3,1
2607,4,2,2,1,1,3,0
5432,10,3,3,5,6,2,1
2949,2,1,1,6,3,1,0
662,9,4,3,4,1,4,0
1009,8,3,2,5,4,2,1
3586,16,5,5,4,4,5,1
7568,1,1,1,2,1,1,0
3399,16,5,5,5,4,5,1
7869,11,3,4,2,6,3,0
6990,11,4,4,2,2,5,0
6789,3,1,2,1,4,2,0
4452,16,5,5,5,5,5,0
1145,9,2,3,4,6,2,0
8843,9,4,3,3,1,4,0
6376,7,2,3,3,5,2,0
5116,2,1,1,4,2,1,0
7752,9,3,3,5,3,3,1
5461,2,1,1,4,1,1,0
2072,14,5,5,3,4,5,1
7000,8,3,3,2,3,3,0
6810,11,4,4,2,3,5,0
5305,6,2,2,3,5,2,0
6579,11,4,4,2,3,4,0
4311,3,2,2,2,2,2,0
6574,15,5,5,2,3,6,1
6733,12,4,4,2,5,4,0
6220,17,5,6,2,5,6,1
3886,15,5,4,6,4,4,1
1016,19,6,6,3,4,6,1
5524,10,3,2,6,5,2,0
1285,1,1,1,1,1,1,0
7961,12,4,3,5,3,4,1
1612,9,4,4,1,1,5,0
242,15,5,4,6,2,5,1
1884,14,4,4,5,5,4,0
6821,9,3,2,6,5,2,0
1110,19,6,6,2,6,6,1
7962,18,6,6,5,4,6,1
1251,16,5,5,3,3,5,1
5493,6,2,2,5,5,1,0
565,17,5,5,6,5,5,1
3562,8,3,3,2,4,3,0
2023,19,6,6,2,5,6,1
8288,3,2,2,2,2,2,0
3353,4,2,2,4,4,2,0
7002,15,5,6,1,4,6,0
2985,13,5,5,3,2,5,1
3013,17,5,6,3,6,5,1
1153,20,6,6,5,6,6,1
4692,6,1,3,1,6,2,0
6685,1,1,1,2,1,1,0
6891,10,4,3,5,3,3,1
11,2,2,1,1,1,2,0
5389,20,6,6,6,5,6,1
912,12,5,4,5,2,4,0
1487,5,1,2,2,6,1,0
1582,6,2,3,1,2,3,0
194,7,3,2,6,2,2,0
6781,11,4,4,2,3,4,0
3652,20,6,6,2,6,6,1
2453,17,4,6,4,6,4,1
1737,6,3,2,5,1,2,0
2159,20,6,6,3,6,6,1
4855,15,5,5,5,3,5,1
1699,2,1,1,1,2,1,0
797,3,2,1,5,1,1,0
3524,7,3,3,2,2,3,0
4513,12,3,4,2,6,4,0
4999,18,6,6,3,5,6,1
2603,11,4,4,3,4,4,1
3585,14,5,5,1,4,5,0
1042,8,3,3,4,2,3,0
4038,2,2,1,4,1,1,0
5535,8,3,2,5,2,3,1
5893,17,6,6,2,3,6,1
4255,20,6,6,3,4,6,1
4001,9,3,3,3,6,3,0
1860,11,4,3,5,2,4,0
7476,15,6,5,4,2,6,1
2015,11,3,4,3,6,3,0
6999,7,3,2,4,2,3,0
4995,4,2,3,1,1,4,0
890,9,3,4,1,4,4,0
854,16,5,6,3,5,5,0
5232,12,4,4,2,3,5,0
4046,17,6,5,4,3,6,1
5054,3,2,1,6,1,1,0
2754,10,4,4,3,3,4,0
1043,15,5,5,3,5,5,1
2702,17,6,5,4,4,5,1
6597,17,6,5,4,2,6,1
6126,18,6,6,4,5,5,1
4528,12,3,5,2,6,4,1
4475,6,3,3,2,1,4,0
3165,9,2,3,4,6,2,0
8526,16,6,5,3,2,6,1
3714,2,1,1,5,1,1,0
2412,15,5,4,6,3,4,1
3130,18,6,6,2,2,6,0
5403,8,3,3,3,5,3,0
2851,3,1,1,2,5,1,0
5725,3,1,2,1,3,2,0
3868,18,6,6,2,2,6,0
483,14,5,5,3,4,5,1
228,10,4,4,1,3,4,0
3955,18,6,6,5,4,6,1
3110,7,3,2,4,3,2,0
4282,14,5,5,2,2,6,0
2014,5,2,2,6,2,2,0
8927,9,4,3,4,2,3,0
3210,9,4,3,3,2,4,0
7301,1,1,1,2,1,1,0
160,3,1,1,6,6,1,0
265,6,3,2,4,1,3,0
4823,14,4,5,3,5,4,0
7099,18,6,6,2,2,6,1
7715,16,5,5,5,5,4,1
7248,6,2,2,4,4,2,0
7204,5,3,2,2,1,3,0
8479,14,5,6,1,4,6,0
5486,10,3,4,2,4,4,0
7971,11,4,3,5,4,3,0
6013,17,5,6,4,5,5,1
8128,12,4,4,5,3,4,1
6995,9,3,3,6,4,2,0
5697,6,1,3,1,6,2,0
8498,6,3,3,1,1,4,0
2787,6,2,1,6,5,1,1
3643,12,5,5,1,1,6,0
3599,19,6,5,6,4,5,1
4399,2,1,1,1,1,2,0
1065,7,4,3,1,1,5,0
3776,6,2,2,3,3,3,0
2286,16,6,5,5,3,5,1
6573,12,3,4,5,6,2,0
7495,9,3,2,6,2,2,0
4214,8,3,3,2,3,3,0
3455,3,1,2,1,6,1,0
4451,12,5,4,4,2,5,1
3133,10,4,3,5,2,4,1
8582,2,1,2,1,1,2,0
738,16,6,5,5,2,5,1
7989,6,3,3,1,1,5,0
8137,20,6,6,3,5,6,1
8448,15,5,5,2,4,5,1
7268,10,3,3,4,4,3,0
8696,11,5,5,1,1,6,0
639,2,1,1,6,1,1,0
2730,14,5,4,4,3,5,1
6472,17,5,5,4,5,5,1
5787,9,3,4,1,3,5,0
1728,9,3,3,5,5,2,0
2505,3,1,1,4,3,1,0
1669,20,6,6,3,5,6,1
915,19,6,6,5,4,6,1
3182,2,2,1,1,1,3,0
8464,1,1,1,6,5,1,0
6056,8,2,3,2,6,2,0
4076,9,3,4,1,3,4,0
5988,15,5,5,2,3,6,1
7442,6,2,2,5,4,2,0
819,8,2,3,3,6,2,1
8741,9,3,3,6,4,2,1
2304,16,5,5,2,3,6,1
6827,1,1,1,2,1,1,0
1125,6,2,1,6,2,1,1
4009,16,5,5,4,3,5,1
1435,10,2,4,2,6,3,0
2420,11,4,3,5,4,3,1
2882,3,2,1,4,1,2,0
3011,20,5,6,3,6,6,1
4971,15,4,5,5,6,4,1
8834,4,2,2,2,3,2,0
3897,16,4,5,6,6,4,1
8336,1,1,1,2,1,1,0
4561,14,5,5,3,4,5,1
4349,3,2,2,1,1,2,0
2776,13,5,5,3,2,5,1
2966,8,3,2,6,5,2,0
3780,3,1,2,2,4,2,0
4633,9,4,4,1,2,5,0
8341,13,5,5,1,3,5,1
2574,16,6,5,4,2,6,1
6283,3,2,2,3,2,2,0
3192,6,2,1,6,3,2,0
2260,11,3,4,3,6,3,0
7424,1,1,1,4,1,1,0
8159,4,2,1,6,1,2,0
3946,15,6,5,4,1,6,1
6159,4,2,1,6,3,1,0
8223,9,2,3,2,6,2,0
7209,15,5,5,2,3,5,1
3169,14,4,4,6,6,3,1
7084,3,1,1,6,6,1,0
4546,18,5,6,2,6,5,1
5671,13,5,5,2,2,5,0
4432,14,5,4,6,3,4,1
6246,15,4,5,3,6,4,1
8859,10,3,2,6,4,2,1
1187,17,6,6,1,2,6,1
1601,20,6,6,3,4,6,1
7456,12,5,4,3,2,5,1
1460,5,2,2,5,3,2,0
7152,3,1,3,1,3,3,0
7409,4,2,2,1,2,3,0
5059,11,4,4,3,4,4,1
6414,12,4,4,5,4,4,1
4601,7,3,2,5,2,3,1
8351,18,6,6,4,5,6,1
7866,11,3,4,2,6,4,0
8366,17,5,6,4,5,5,1
4444,7,3,1,6,2,1,0
6592,2,1,1,5,5,1,0
4316,18,6,6,3,5,6,1
346,4,1,2,3,5,1,0
8681,2,1,1,5,1,1,0
3084,16,4,6,2,6,5,0
7203,16,5,5,4,5,5,1
8004,18,6,6,2,6,6,0
2239,6,3,2,3,2,3,0
1754,16,5,5,4,5,5,1
8599,11,3,2,6,5,2,1
8829,12,5,4,4,1,5,0
3924,7,2,2,6,5,2,1
8876,11,3,3,5,6,3,1
4443,11,3,3,6,5,3,1
5415,1,1,1,1,1,1,0
1229,10,3,3,4,4,3,0
339,17,6,6,3,3,6,1
3221,16,5,6,2,4,6,0
8989,2,1,1,5,1,1,0
4691,15,5,5,2,4,5,0
4762,5,2,2,3,5,2,0
2650,1,1,1,1,1,1,0
1674,1,1,1,2,1,1,0
6646,18,6,6,2,5,6,1
4759,4,2,1,5,4,1,0
7001,7,1,2,6,6,1,0
225,10,4,3,5,3,3,0
7181,8,2,3,2,6,3,0
4065,7,1,2,5,6,1,0
1825,7,3,2,6,1,2,0
4736,19,6,6,2,4,6,1
2967,2,1,1,2,1,1,0
1109,20,6,6,5,6,6,1
247,16,5,5,6,5,4,1
6514,6,2,2,4,6,2,0
8467,3,2,1,4,1,2,0
775,5,2,2,3,3,2,0
6380,9,3,3,5,3,3,0
5100,9,4,3,3,2,4,1
7219,7,2,2,6,5,2,1
4680,2,1,1,2,1,1,0
7133,1,1,1,1,1,1,0
8993,11,4,3,5,4,3,1
7993,1,1,1,6,1,1,0
2168,5,3,2,2,1,3,0
7556,12,3,4,4,6,3,1
3588,11,5,4,1,1,6,0
5895,2,1,1,1,1,1,0
3795,1,1,1,6,2,1,0
4456,11,4,3,5,3,4,0
1092,16,4,5,6,6,4,1
8296,2,1,1,1,2,1,0
4201,16,6,6,2,3,6,0
3308,14,4,4,6,4,4,1
4964,1,1,1,1,1,1,0
6297,14,5,4,4,4,4,1
2584,6,2,3,2,5,2,0
6331,8,3,3,2,4,3,0
3115,6,2,2,6,6,1,1
7549,1,1,1,6,2,1,0
6721,16,5,5,3,3,5,0
46,9,3,3,3,5,3,0
7178,16,5,5,4,4,5,1
5729,3,2,2,1,1,3,0
4371,13,5,4,4,2,5,0
1972,11,3,4,1,5,4,1
3521,11,4,5,1,4,5,0
2625,12,5,4,4,2,4,0
5147,14,5,5,1,3,6,1
7118,16,5,6,3,4,6,1
3118,7,3,2,6,2,2,0
5849,7,2,3,3,4,3,0
7431,1,1,1,2,1,1,0
1774,20,6,6,5,6,6,1
4885,7,4,3,3,1,4,0
2602,15,4,5,5,6,3,1
1786,13,4,4,4,4,4,1
5595,6,2,2,4,4,2,0
76,16,5,5,4,5,5,0
816,6,2,2,5,3,2,0
5764,1,1,1,4,1,1,0
3139,8,3,2,6,3,2,1
6697,17,5,4,6,5,4,1
3259,4,1,1,6,4,1,0
2781,6,2,2,6,4,2,0
896,20,6,6,4,5,6,1
4373,17,6,5,6,3,5,1
3563,3,1,2,1,3,2,0
7673,14,5,5,3,4,5,1
4812,11,3,4,2,5,4,0
4585,13,5,3,6,3,3,1
5031,16,4,5,4,6,4,1
7988,7,2,3,3,4,3,0
6950,10,4,3,4,3,4,0
668,5,3,2,3,1,3,0
8854,10,4,3,5,3,3,0
4685,19,6,6,1,5,6,1
6245,3,2,1,6,1,2,1
4758,2,1,1,3,1,1,0
4252,14,5,5,2,2,6,0
5748,14,5,5,2,3,5,0
5124,4,2,2,3,3,2,0
1971,2,1,1,1,2,1,0
3966,15,4,5,5,6,4,0
5354,20,6,6,6,6,6,1
2878,16,4,5,4,6,4,0
4963,18,5,6,2,6,6,1
289,18,5,6,2,5,6,0
129,12,4,5,2,3,5,0
1527,11,4,4,4,2,4,0
8360,16,5,5,5,6,4,1
2195,3,2,2,1,1,3,0
301,18,6,6,2,4,6,1
3426,13,4,4,4,3,4,1
3251,19,6,6,3,4,6,1
4227,20,6,6,5,6,6,1
8856,20,6,6,4,5,6,1
364,8,3,3,3,2,3,0
6715,9,3,2,6,4,2,0
2919,3,1,2,1,3,2,0
908,6,1,1,6,6,1,0
2464,18,6,6,4,4,6,1
2752,6,2,2,4,6,2,0
7811,9,3,2,6,5,2,0
1405,15,4,4,5,6,3,1
8880,5,3,2,3,1,3,0
1966,18,5,5,6,6,4,1
8508,6,2,2,4,5,2,1
8867,16,5,5,3,4,5,1
2491,8,3,2,5,2,3,0
470,12,4,4,4,4,4,0
420,2,1,1,6,2,1,0
3430,7,3,3,2,1,4,0
8005,7,2,2,6,4,2,0
8892,6,4,3,1,1,4,0
3696,1,1,1,2,1,1,0
5144,19,6,6,4,3,6,1
263,13,4,4,4,5,4,1
1354,16,5,5,4,4,5,1
7984,19,6,6,5,5,5,1
6757,18,6,6,2,4,6,1
4243,9,3,3,4,4,3,0
7206,20,6,6,5,3,6,1
6373,9,4,3,4,2,4,0
2395,17,5,5,6,5,4,1
1998,15,5,5,2,3,5,1
894,3,2,1,4,1,2,0
1161,9,3,3,6,4,2,0
5480,16,6,6,1,3,6,0
8079,18,6,6,2,5,6,0
4678,11,3,3,6,5,3,0
6500,5,1,2,6,6,1,0
8724,20,6,6,1,5,6,1
5861,16,6,5,4,3,5,1
7608,11,4,4,1,3,5,0
5073,5,3,2,6,1,2,0
6223,13,3,5,1,6,4,0
4467,12,5,4,3,2,5,0
6345,4,1,1,6,5,1,0
6326,20,6,6,4,6,6,1
5240,10,3,4,3,6,3,1
5515,20,6,6,2,5,6,1
1171,20,6,6,5,6,6,1
5691,18,6,6,4,3,6,1
8105,20,6,6,2,5,6,1
7596,7,2,2,6,4,2,0
4667,1,1,1,5,1,1,0
2931,6,3,3,1,1,4,0
4060,16,4,5,4,6,4,1
6137,1,1,1,6,1,1,0
798,8,3,3,4,3,3,0
183,8,3,3,4,2,3,1
515,2,1,1,4,2,1,1
6588,1,1,1,3,1,1,0
7271,3,1,1,6,3,1,0
8119,13,3,4,4,6,3,1
2946,17,6,6,1,3,6,1
3666,10,2,3,5,6,2,1
1639,8,2,2,6,6,1,1
2251,13,5,4,5,2,4,1
2423,4,2,2,4,3,2,0
986,6,2,2,3,4,2,0
4417,3,2,1,6,2,1,0
8437,13,5,5,1,2,6,0
3913,8,3,3,2,2,3,0
5876,4,2,1,6,1,2,0
3578,2,1,1,6,4,1,0
1279,15,5,5,3,4,5,1
2141,9,4,4,1,2,4,0
8504,12,3,3,5,6,3,0
2862,3,2,2,3,1,2,0
1429,9,3,3,6,5,2,0
7279,11,4,4,2,3,4,0
5496,11,4,4,3,2,4,0
2027,18,6,5,5,3,6,1
658,14,4,5,2,6,4,1
1466,20,6,6,4,6,6,1
5452,8,3,3,3,3,3,1
2357,11,4,4,2,2,4,0
5828,12,4,5,2,4,4,0
2198,19,6,6,3,4,6,1
7091,19,6,6,4,5,6,1
7937,7,2,3,3,6,2,0
7022,1,1,1,1,1,1,0
4770,18,6,6,3,4,6,1
876,20,6,6,3,6,6,1
977,2,1,1,1,1,2,0
1626,11,5,3,6,1,3,1
7799,4,2,1,5,2,2,0
5017,3,2,1,4,1,2,0
3583,4,2,2,3,1,2,0
281,11,3,4,4,5,3,1
3826,5,2,3,1,2,3,0
8371,12,3,5,2,6,3,0
4891,20,6,6,2,4,6,1
4628,9,4,3,3,1,4,0
8704,3,2,2,2,1,2,0
83,6,3,3,2,2,3,0
54,13,4,4,5,6,3,0
7208,13,4,5,3,4,4,0
3433,16,5,5,4,5,5,1
113,8,4,3,3,1,4,1
277,11,3,3,5,5,3,0
5138,14,5,5,3,3,5,0
2043,7,3,3,1,2,4,0
3164,6,3,2,3,2,3,0
6167,1,1,1,2,1,1,0
2669,14,3,4,5,6,3,0
589,16,5,5,4,4,5,0
7443,1,1,1,6,6,1,0
1361,20,6,6,5,6,6,1
1250,9,4,3,4,1,4,0
1396,10,4,3,5,3,3,0
3223,10,4,4,2,3,4,0
3941,2,1,1,1,1,2,0
7904,5,1,3,1,6,2,1
4249,20,6,6,5,6,6,1
4244,5,2,2,3,5,2,0
6135,2,1,1,1,2,1,0
7211,4,1,2,3,6,1,0
2724,18,6,5,5,5,5,1
981,10,4,3,4,2,4,0
921,18,6,6,5,5,5,1
4412,20,6,6,4,6,6,1
2806,10,3,4,3,4,4,0
1293,9,3,4,1,5,3,0
3497,9,4,4,1,2,5,0
8281,9,3,4,1,4,4,0
3222,17,5,6,2,5,5,1
4664,5,2,2,5,5,1,0
6108,7,3,2,4,2,3,0
1067,3,1,1,6,6,1,0
2990,12,4,3,6,3,3,1
8301,7,2,2,6,6,1,0
411,5,2,2,3,2,2,0
6277,16,5,5,5,4,5,1
8390,8,4,3,3,1,4,1
7216,11,3,4,4,5,3,0
7317,8,3,4,1,3,4,0
5747,3,1,1,4,2,1,0
4107,13,5,4,5,2,4,1
8904,20,6,6,5,6,6,1
879,5,2,2,3,4,2,0
6356,13,3,4,4,6,3,1
1508,11,3,4,3,5,3,1
1084,9,2,3,6,6,2,1
8664,4,3,2,3,1,3,0
2207,6,2,3,2,5,2,0
6590,18,6,6,4,5,5,1
3274,2,1,1,1,2,2,0
1686,2,1,1,6,1,1,0
2478,16,6,6,1,2,6,0
3476,17,4,6,4,6,4,1
7565,11,3,3,5,5,3,0
6813,6,3,3,2,1,4,0
7159,6,3,3,1,2,4,0
5483,4,1,2,1,5,2,0
2477,11,3,4,2,5,4,0
6743,18,6,6,4,5,5,1
5249,13,4,3,6,3,3,1
7028,2,1,1,2,1,1,0
7410,2,1,1,2,1,1,0
3582,10,2,3,4,6,2,0
2853,8,3,4,1,2,5,0
1263,18,6,6,4,2,6,1
201,12,5,2,6,1,3,1
2937,5,1,1,6,6,1,0
5902,7,2,3,3,6,2,0
616,5,2,2,5,2,2,0
8982,5,2,2,6,2,2,0
6447,19,6,6,4,6,6,1
7578,3,1,1,6,3,1,0
7684,16,5,5,3,5,5,1
864,18,6,6,5,4,6,1
3537,16,6,5,3,3,6,1
8481,15,5,5,4,3,5,1
5792,13,4,5,2,5,4,1
5,16,5,5,5,6,4,1
8781,2,1,1,5,5,1,0
3332,18,5,6,3,6,6,1
592,13,5,4,4,2,4,0
8293,10,4,3,4,1,4,1
1687,7,2,3,3,4,2,0
7703,18,5,5,6,6,5,1
4406,17,6,5,4,3,5,1
5569,19,6,6,2,4,6,1
4083,9,2,3,2,6,3,0
3440,13,5,5,3,2,5,0
4397,2,2,1,1,1,3,0
7655,16,5,5,4,6,5,1
3320,4,2,2,4,3,2,0
1074,3,2,2,2,1,2,0
984,11,4,4,2,3,4,1
8265,19,6,6,6,6,5,1
4167,9,3,3,4,4,3,0
2840,19,6,6,4,4,6,1
7286,5,2,2,3,1,3,0
2199,3,2,1,4,1,2,0
2387,9,2,3,2,6,2,0
8701,7,4,3,3,1,4,0
1383,15,5,5,5,2,5,0
7485,4,1,1,5,6,1,0
8610,1,1,1,2,1,1,0
8762,9,5,3,2,1,5,0
2371,3,1,2,1,2,2,0
1363,7,3,3,2,2,3,0
5745,2,1,1,6,5,1,0
402,4,1,1,5,5,1,0
2259,4,1,2,4,5,1,0
3867,16,6,6,3,3,6,0
4630,5,2,2,2,3,2,0
8112,1,1,1,1,1,1,0
3413,14,3,5,3,6,4,1
4423,16,6,5,4,1,6,0
2123,3,1,1,6,2,1,0
3560,19,6,6,2,4,6,1
7270,1,1,1,1,1,1,0
5355,6,2,2,4,5,2,0
4713,3,2,2,1,2,2,0
8758,15,5,4,5,3,5,1
5007,1,1,1,1,1,1,0
3226,16,4,5,4,6,4,1
2694,1,1,1,6,1,1,0
2164,7,4,3,2,1,4,0
6895,1,1,1,1,1,1,0
6260,2,1,1,1,1,2,0
5739,9,3,3,4,4,3,1
7603,5,2,3,1,2,3,0
2976,20,6,6,6,6,5,1
2934,8,3,3,4,3,3,0
8808,18,6,5,6,5,5,1
8483,16,5,5,5,4,5,1
4816,11,3,3,6,6,3,1
2397,18,6,5,5,4,5,1
1647,9,3,3,6,4,2,1
1410,18,6,6,3,4,6,1
7916,8,3,3,2,3,3,0
6612,1,1,1,1,1,1,0
1516,9,4,3,2,1,4,0
6173,8,2,3,2,6,3,0
4267,11,4,4,2,3,4,0
1677,10,4,2,6,2,3,0
5005,1,1,1,4,2,1,0
4018,2,1,1,6,1,1,0
7675,17,6,5,5,4,5,1
3311,11,4,4,3,4,4,1
2354,1,1,1,5,1,1,0
4020,2,1,1,1,1,2,0
5207,5,2,2,2,2,3,0
4138,5,2,2,2,5,2,0
3815,5,3,2,1,1,3,0
6217,11,4,4,4,2,4,0
6824,1,1,1,2,1,1,0
7249,8,2,3,4,6,2,0
8442,1,1,1,1,1,1,0
1259,20,6,6,3,5,6,1
1789,12,3,4,4,6,3,0
4128,10,4,3,4,2,4,1
8444,3,1,2,2,5,1,0
3114,7,2,3,2,6,2,0
5911,19,6,6,3,4,6,1
3407,14,5,4,6,3,4,1
1203,2,1,1,1,6,1,0
6663,2,1,1,6,1,1,0
4103,20,6,6,4,4,6,1
3242,16,6,6,1,3,6,1
2402,14,3,4,4,6,3,1
5942,12,4,5,2,3,5,1
3122,19,6,6,3,4,6,1
3803,10,5,4,2,1,5,0
5107,6,2,3,1,4,3,0
1138,16,5,5,4,4,5,1
1931,17,6,6,4,4,5,0
1936,3,1,1,2,6,1,0
8600,4,3,1,5,1,2,0
1810,20,6,6,3,4,6,1
8778,20,6,6,3,5,6,1
5592,1,1,1,3,1,1,0
4322,7,3,3,2,1,4,0
2656,20,6,6,6,5,6,1
6276,9,3,3,2,3,4,0
972,5,2,2,2,2,3,0
1000,9,3,3,4,4,3,0
8361,5,2,3,1,4,3,0
927,8,1,2,5,6,1,0
3255,3,2,2,1,1,2,0
5983,3,1,1,5,4,1,0
4998,1,1,1,6,1,1,0
4626,7,3,2,5,1,3,0
6341,16,5,5,5,5,5,1
1061,16,5,5,4,3,5,0
8041,17,6,6,1,4,6,1
5102,10,4,3,5,2,4,0
7475,13,4,4,4,6,4,1
3225,18,6,6,4,5,6,1
6427,9,4,2,6,2,3,1
6680,16,6,6,1,3,6,1
3103,14,5,5,2,2,6,0
1294,17,5,5,4,6,5,1
1645,20,6,6,4,6,6,1
5023,12,5,4,3,2,5,0
8313,6,2,2,6,6,1,0
5868,6,2,3,1,6,2,0
7719,9,3,4,1,4,4,0
3587,16,5,5,5,3,5,1
6440,5,2,2,3,3,2,0
165,20,6,6,3,6,6,1
1491,1,1,1,6,1,1,0
7165,11,3,4,2,6,3,0
7802,11,3,4,2,5,4,0
6079,16,5,5,4,6,4,1
4025,14,5,5,3,4,5,1
2948,12,4,3,5,5,3,0
2121,13,4,5,3,4,4,0
1773,1,1,1,5,1,1,0
7929,15,6,5,3,2,6,1
1636,2,1,1,3,1,1,0
1959,14,4,5,3,6,4,1
2890,11,3,4,3,5,3,0
8847,16,5,6,1,4,6,1
1066,18,6,6,3,4,6,1
1553,2,3,1,3,1,3,0
1391,10,3,3,5,6,2,0
1320,11,4,3,6,3,3,0
3144,5,3,2,5,1,3,0
8466,11,4,3,5,3,4,0
904,8,3,3,3,2,3,0
7657,17,5,5,4,6,4,1
4745,14,5,4,4,2,5,1
457,19,6,6,2,5,6,1
1486,4,2,3,1,1,3,0
8,5,2,3,1,4,3,0
2723,18,6,5,5,4,5,1
1796,18,5,5,6,6,4,1
872,7,3,3,3,4,3,1
2678,3,1,1,6,6,1,0
5312,17,6,6,2,2,6,1
4849,13,5,5,3,2,5,0
5991,8,4,3,2,1,4,0
489,5,2,3,1,3,3,0
7524,3,1,1,6,6,1,0
7276,9,3,3,5,5,2,1
8210,9,3,2,6,2,2,1
2767,11,4,4,2,4,4,0
7738,10,3,4,3,6,3,0
1557,16,6,5,5,3,5,1
5408,6,2,1,6,3,1,0
6494,6,2,2,6,6,1,0
4463,20,6,6,6,6,6,1
4714,2,2,1,3,1,2,0
124,13,4,4,5,4,4,1
2638,16,5,6,2,4,6,0
5106,1,1,1,1,1,1,0
8474,10,3,3,6,5,2,1
4473,14,5,4,6,4,4,1
2011,11,3,3,5,5,3,1
7369,12,4,4,4,2,4,0
6545,8,3,3,2,5,3,0
6353,5,2,3,1,2,3,0
5856,2,1,1,1,3,1,0
2458,12,5,4,5,1,5,1
353,15,6,6,1,2,6,1
5763,20,6,6,6,6,5,1
3817,3,1,2,1,6,2,0
4174,8,2,2,5,5,2,1
3713,5,1,2,2,6,2,0
969,18,6,6,2,5,6,1
8837,1,1,1,2,1,1,0
8228,18,6,6,4,5,5,1
6408,3,1,1,5,6,1,0
8339,1,1,1,3,1,1,0
2930,13,3,3,6,6,3,1
4271,18,5,6,3,5,6,1
6364,19,6,6,1,5,6,1
4059,19,6,6,3,4,6,1
5826,20,6,6,5,5,6,1
5519,12,4,4,4,3,4,0
1013,7,2,2,6,4,2,0
8081,16,5,6,1,6,5,1
4092,8,3,3,3,2,3,0
4799,7,2,2,5,6,1,0
6163,16,5,6,1,3,6,1
560,5,2,2,2,4,2,0
1961,5,2,1,6,3,1,1
1158,19,6,6,1,3,6,1
4941,14,4,4,6,5,3,1
1631,12,4,4,3,3,4,1
1654,4,2,2,4,3,2,0
7726,20,6,6,4,5,6,1
3121,4,2,2,2,3,2,0
2161,20,6,6,4,6,6,1
6234,5,1,2,5,6,1,0
5014,17,6,6,2,4,6,1
3748,19,6,6,2,6,6,1
8008,13,3,5,2,6,4,0
5070,5,2,3,1,4,3,0
1228,10,3,3,4,4,3,0
717,9,3,2,6,5,1,0
1252,17,6,6,3,4,6,1
2595,13,5,4,5,2,4,0
1496,17,6,6,3,4,6,1
1882,2,1,1,6,1,1,0
7747,20,6,6,3,6,6,1
4125,8,4,4,1,2,4,0
2284,11,3,3,6,6,2,0
2981,7,3,3,3,3,3,1
4139,19,6,6,4,6,6,1
4264,2,1,1,4,1,1,0
5632,6,3,3,1,2,4,0
1311,20,6,6,1,5,6,1
613,1,1,1,3,1,1,0
3685,6,3,3,1,1,4,0
835,6,2,1,6,4,1,0
126,14,4,3,6,5,3,1
2476,20,6,6,4,6,6,1
2899,16,5,5,5,4,5,1
4732,1,1,1,1,6,1,0
3089,4,1,1,6,6,1,0
1080,8,2,2,6,5,2,1
310,11,4,4,4,3,4,0
1144,6,2,2,4,3,2,0
7978,8,4,4,1,1,5,0
6099,16,6,5,6,3,5,1
8136,18,6,6,4,3,6,1
3617,7,3,2,5,2,3,0
8691,13,4,4,5,4,4,1
5315,6,2,3,1,5,3,0
5381,8,2,3,4,6,2,0
7501,5,2,1,6,4,1,1
1891,12,5,5,2,2,5,1
5438,16,4,6,1,6,5,0
7137,6,2,2,4,5,2,0
5316,17,6,6,2,3,6,1
2451,12,4,4,4,4,4,0
4748,5,2,3,1,2,3,0
2307,6,3,1,6,2,2,1
830,14,5,5,3,2,5,1
4739,4,2,2,2,1,3,0
28,4,1,2,3,6,1,0
8533,4,1,1,5,5,1,0
4429,3,2,1,4,1,2,0
8935,3,2,1,6,1,2,0
3619,10,3,2,6,5,2,1
1302,18,5,5,6,6,4,1
7771,18,6,6,3,4,6,1
5016,2,1,1,6,5,1,0
3352,19,6,6,3,3,6,1
4449,10,3,4,3,5,3,0
3584,17,6,5,6,4,5,1
641,11,4,4,2,4,4,0
5470,16,5,5,5,5,4,1
3180,3,1,1,2,3,2,0
4629,7,3,3,3,3,3,0
2480,13,4,5,2,5,4,1
1638,19,6,6,5,4,6,1
3243,13,5,5,2,3,5,1
5275,2,1,1,6,2,1,0
5175,8,4,4,1,1,5,0
924,6,2,3,2,6,2,0
7502,9,3,3,5,4,3,0
7924,8,4,3,2,1,4,1
2969,16,4,5,4,6,4,1
1073,2,1,1,6,4,1,0
4387,7,2,3,3,6,2,1
4899,19,6,6,5,5,6,1
838,10,3,2,6,4,2,1
3733,8,3,2,5,5,2,0
4328,11,3,4,1,5,4,1
5881,16,6,6,1,2,6,1
45,8,3,3,3,5,3,0
2529,1,1,1,6,1,1,0
2766,5,2,2,6,2,2,1
6642,6,2,2,4,3,2,0
2715,8,3,3,3,2,4,0
1122,13,5,4,4,2,5,1
3305,7,3,2,5,3,2,0
3577,1,1,1,4,3,1,0
7139,8,1,2,5,6,1,0
6939,16,6,6,1,2,6,1
1694,4,1,2,4,5,1,0
4379,16,5,5,6,5,4,1
6337,3,1,1,5,6,1,0
1567,12,4,5,2,2,5,1
371,3,2,1,2,1,2,0
8864,2,1,1,2,1,1,0
2537,9,3,3,4,4,3,1
8176,16,6,5,5,3,5,1
1610,11,4,4,3,3,4,1
7550,9,3,4,1,5,3,0
8194,6,2,3,1,3,3,0
8981,5,2,2,3,2,2,0
495,12,4,4,2,5,4,0
703,5,3,2,6,1,2,0
6868,11,5,4,4,2,4,0
6316,12,4,5,1,4,5,1
509,13,4,5,1,6,5,0
3518,18,6,6,3,5,6,1
2655,4,2,1,6,1,2,0
1526,5,2,2,3,5,2,0
6035,20,6,6,5,6,6,1
7422,7,3,2,4,1,3,0
3213,11,4,4,2,4,4,1
6101,5,3,2,5,1,3,1
4958,11,4,3,6,2,4,1
5340,15,5,5,4,3,5,1
5556,5,2,2,2,3,2,0
7135,13,5,5,2,3,5,0
1337,7,2,3,3,4,2,0
974,7,2,2,5,6,2,0
2325,20,6,6,3,6,6,1
7547,9,2,4,1,6,3,0
992,1,1,1,1,1,2,0
6372,16,6,6,2,3,6,1
3031,3,2,2,3,2,2,0
7366,6,4,3,1,1,4,0
6665,16,5,6,2,5,5,1
7333,1,1,1,1,1,1,0
1967,2,1,1,2,1,1,0
2726,6,2,3,1,2,3,0
2519,14,4,5,3,6,4,0
7068,14,4,5,3,5,4,0
4783,16,6,5,5,2,6,1
7766,1,1,1,3,1,1,0
5645,8,3,4,1,2,4,0
7226,11,4,4,1,2,5,0
6801,14,5,5,1,4,5,1
3456,8,3,3,2,2,4,0
572,1,1,1,4,1,1,0
8922,3,2,1,6,1,2,0
3538,8,2,3,3,6,2,0
8106,6,3,2,3,2,3,0
7299,7,3,3,3,2,3,0
3027,13,4,4,4,6,4,0
397,7,4,4,1,1,5,0
1933,14,5,5,1,2,6,1
396,10,3,4,2,4,4,0
5886,15,5,5,3,3,5,0
2022,19,6,6,5,4,6,1
598,20,6,6,6,5,6,1
8940,6,3,2,3,1,3,0
3671,19,6,6,6,5,5,1
1307,13,5,5,1,1,6,0
1777,7,3,3,2,2,4,0
7415,10,4,3,5,2,3,1
7607,11,3,4,2,5,4,1
4754,3,2,1,6,1,1,0
7525,7,3,2,5,3,2,0
4775,16,6,6,2,2,6,1
7831,15,5,6,1,5,5,1
7777,15,5,6,1,4,6,0
2631,20,6,6,4,5,6,1
2898,9,3,3,2,3,4,1
825,9,3,4,1,5,3,0
506,20,6,6,4,6,6,1
8372,3,1,2,1,6,1,0
196,13,3,4,6,6,3,1
8807,4,1,2,3,6,1,0
4946,13,4,3,6,4,3,0
8142,6,2,3,2,6,2,0
752,20,6,6,3,5,6,1
2435,17,6,6,2,2,6,0
7591,6,4,2,3,1,4,0
358,15,4,5,2,5,5,1
2212,14,5,5,2,3,5,1
8697,10,2,4,1,6,3,0
3047,12,5,5,2,2,5,0
4930,14,6,4,5,1,5,1
2894,10,4,4,1,2,5,0
1119,18,6,6,5,3,6,1
6057,8,3,3,2,2,4,0
646,18,6,6,4,3,6,1
2988,18,6,5,6,4,5,1
8391,13,3,3,6,6,2,0
1360,20,6,6,4,6,6,1
5495,5,3,2,1,1,3,0
6040,11,4,4,1,4,4,0
5779,1,1,1,1,1,1,0
1869,3,1,2,1,3,2,0
1900,3,2,2,1,2,3,0
549,12,4,3,5,4,3,1
4284,18,6,6,2,3,6,1
2083,12,5,4,3,2,5,0
4574,18,6,6,2,5,6,1
3670,16,5,5,4,4,5,0
1653,16,3,5,5,6,3,1
8347,16,6,5,3,3,6,0
8260,19,6,6,5,6,5,1
79,3,1,1,5,2,1,0
3288,12,4,5,2,3,5,0
5846,13,5,5,2,2,5,1
5412,17,6,6,2,4,6,1
1561,20,6,6,5,5,6,1
8928,6,2,1,6,5,1,0
468,3,1,1,6,3,1,0
3760,16,6,5,4,3,6,1
8715,18,6,6,3,4,6,1
6967,8,3,3,4,2,3,0
6502,6,2,2,3,3,3,0
7564,6,1,3,1,6,1,0
8875,20,6,6,3,5,6,1
6210,18,5,6,3,6,5,1
5628,20,6,6,5,6,6,1
8842,1,1,1,1,1,1,0
7075,19,6,6,4,4,6,1
3891,3,1,1,6,4,1,0
7160,12,3,4,2,6,3,0
1240,16,5,5,5,6,4,1
5612,5,2,2,1,2,3,0
8752,9,3,3,4,6,2,0
4509,14,4,5,1,6,5,1
7741,9,4,3,5,2,3,0
3174,1,1,1,4,1,1,0
8297,10,3,4,1,5,4,0
6767,7,4,3,1,1,5,0
4632,5,2,2,6,3,2,0
7494,5,1,2,6,6,1,0
8653,17,5,5,4,5,5,1
1957,9,2,2,6,6,1,0
5336,8,3,3,3,3,3,0
5292,19,6,6,2,4,6,1
693,1,1,1,1,1,1,0
8388,16,4,5,3,6,4,1
5176,16,6,6,1,2,6,1
3283,15,4,4,5,6,3,1
5446,20,6,6,4,5,6,1
3715,14,3,4,4,6,3,1
6084,19,6,6,2,5,6,1
1310,16,5,6,3,4,5,1
2299,19,6,6,3,5,6,1
8770,15,5,5,4,3,5,1
4723,12,3,3,6,6,3,1
617,2,1,1,2,1,1,0
8424,15,4,5,4,6,4,1
7801,13,5,5,3,2,5,1
5250,18,5,6,4,6,5,1
3952,3,1,1,6,3,1,0
7382,7,3,3,1,3,3,0
8070,10,3,3,5,6,3,0
8148,18,6,5,5,3,6,1
799,18,6,5,5,2,6,1
2760,10,4,4,1,3,5,0
4074,4,2,2,3,3,2,0
8375,13,5,4,6,3,4,1
8235,5,2,2,2,4,2,0
6981,2,1,1,2,1,1,0
5379,20,6,6,5,5,6,1
6244,16,5,5,5,5,4,1
4577,2,1,1,3,1,1,0
1247,11,4,3,5,3,3,1
4363,20,6,6,3,6,6,1
4883,16,5,5,4,4,5,1
3896,13,4,4,5,4,4,1
3260,2,1,1,1,2,1,0
4170,13,4,4,4,5,4,0
4434,9,3,3,6,4,2,1
7717,7,2,2,4,4,2,0
4870,1,1,1,2,1,1,0
8735,10,3,2,6,5,2,0
3635,16,5,5,4,3,5,1
7101,11,4,4,2,3,4,0
7453,18,6,6,4,4,6,1
4216,6,2,2,6,2,2,0
6103,16,6,6,1,2,6,0
1894,8,2,2,6,5,2,0
870,12,5,3,5,2,4,1
3410,8,3,2,6,3,2,0
276,19,6,6,5,5,6,1
2065,6,1,2,4,6,1,0
5678,4,2,2,3,1,3,0
4156,2,1,1,5,1,1,0
3390,2,1,1,1,1,2,0
1216,5,2,3,1,2,3,0
7951,8,3,3,3,3,3,0
4703,10,4,4,2,2,5,0
7396,7,2,2,6,5,2,1
7031,10,4,3,6,3,3,0
75,15,5,5,2,2,6,0
6869,3,2,1,4,2,1,0
7762,12,4,4,3,4,4,1
947,10,3,4,3,4,4,0
2822,19,6,6,6,3,6,1
326,9,3,3,2,3,4,1
7403,12,5,3,5,2,4,0
6617,8,3,2,5,2,3,1
1828,7,3,2,6,2,2,0
5743,10,4,4,3,3,4,1
3994,3,1,2,3,5,1,0
3105,1,1,1,1,2,1,0
3683,13,5,5,2,2,5,0
2973,13,5,4,4,3,5,1
600,19,6,6,3,3,6,1
8027,7,3,3,1,2,4,0
3726,14,5,5,2,4,5,1
8383,7,4,2,4,1,3,0
5538,17,5,6,1,5,6,1
8011,18,6,5,5,5,5,1
4878,9,4,3,2,2,4,0
6407,14,3,4,4,6,3,0
2060,6,3,2,5,2,2,0
2827,16,4,6,2,6,5,1
5529,19,5,6,6,6,5,1
7259,1,1,1,4,1,1,0
3662,2,1,1,4,1,1,0
1355,6,1,2,6,6,1,0
3606,2,1,2,1,1,2,0
1243,14,5,5,1,3,6,0
3372,5,2,2,1,3,3,0
3049,17,5,5,4,5,5,1
1459,12,4,4,5,5,3,0
7169,1,1,1,6,1,1,0
6605,5,2,2,5,3,2,0
6972,12,4,4,4,5,4,0
4010,11,3,5,1,6,4,1
1291,13,5,5,2,3,5,1
6752,12,4,5,2,5,4,0
8594,3,1,1,5,2,1,0
827,12,4,5,2,3,5,0
3189,17,6,6,1,3,6,0
4952,11,4,5,1,2,5,0
7461,16,6,5,4,2,5,1
4121,4,2,2,4,2,2,0
5474,3,2,2,3,2,2,0
1711,11,4,3,5,3,4,1
5133,7,3,2,6,3,2,0
6702,18,5,6,4,5,5,0
7642,11,3,4,2,6,3,0
2879,12,4,4,4,3,4,1
2362,13,3,4,4,6,3,1
146,18,5,6,5,6,5,1
84,4,1,1,6,4,1,0
7530,5,1,2,2,6,1,0
8032,2,1,1,1,1,2,0
5589,2,1,1,3,6,1,0
3884,7,3,2,4,2,3,1
8340,12,3,3,6,6,3,0
807,17,6,6,3,4,6,0
4124,17,5,6,1,5,6,1
5709,4,2,2,1,1,3,0
813,3,2,2,1,1,3,0
2585,1,1,1,5,1,1,0
1351,1,1,1,1,1,1,0
5834,14,5,4,5,2,5,1
1371,1,1,1,1,3,1,0
2092,14,6,5,3,1,6,1
1987,16,4,5,3,6,5,1
4978,2,1,1,5,2,1,0
2653,16,4,6,1,6,5,1
1546,18,6,6,5,5,5,1
1096,7,3,2,5,1,3,0
1621,1,1,1,1,1,1,0
4840,11,4,4,2,3,4,0
5192,17,6,6,2,3,6,1
670,20,6,6,2,5,6,1
3739,7,2,2,6,6,1,1
8719,6,3,3,2,1,3,0
1515,12,4,3,5,4,3,1
6719,11,4,3,5,2,4,1
4695,19,6,6,4,3,6,1
7104,12,4,4,5,5,3,0
2783,13,4,4,5,6,3,1
4653,16,5,5,3,3,6,1
5283,5,2,2,6,3,2,0
6654,7,2,2,6,5,2,0
520,16,6,5,6,2,5,1
7265,3,1,2,1,5,2,0
8728,2,1,1,1,1,2,0
1050,13,3,5,3,6,3,0
2521,10,4,3,4,3,4,1
5619,7,3,2,5,3,2,1
960,18,6,6,4,2,6,1
6186,3,1,1,5,3,1,0
2929,19,6,6,2,3,6,0
574,2,1,1,3,2,1,0
8379,20,6,6,5,5,6,1
3160,7,1,2,4,6,1,0
4915,7,2,3,2,5,3,0
8240,16,5,5,3,3,5,1
932,4,2,1,6,4,1,0
647,15,5,5,2,5,5,1
877,3,1,2,1,4,2,0
3337,12,4,3,6,4,3,1
756,14,4,5,3,4,4,1
4366,12,4,4,4,3,4,0
3968,16,5,5,4,4,5,1
3759,5,3,3,1,1,4,0
7676,20,6,6,3,6,6,1
8641,17,6,6,2,4,6,1
4616,16,5,5,6,5,4,1
4454,18,6,6,3,4,6,1
1205,12,4,4,3,3,4,1
6621,19,6,6,2,5,6,1
6304,7,3,3,1,3,3,0
4589,3,1,1,6,2,1,0
5298,4,1,2,3,4,2,0
5629,6,2,2,4,3,2,0
3680,18,6,6,4,4,6,1
8022,16,4,5,6,6,4,1
7141,9,3,3,4,4,3,0
926,3,1,2,2,4,2,0
2984,16,5,5,6,5,4,1
2287,11,2,3,6,6,2,1
8648,18,6,6,4,5,6,1
293,9,3,3,5,4,3,0
4027,3,2,2,2,2,2,0
116,2,1,1,1,1,2,0
5903,4,2,2,1,1,3,0
989,1,1,1,4,1,1,0
7222,2,1,1,6,1,1,0
3864,17,6,5,4,3,6,1
193,14,5,4,5,3,4,1
4064,4,1,2,2,6,1,0
3224,6,2,2,5,6,1,0
8998,12,5,4,4,2,4,0
3229,9,3,3,3,5,3,1
2103,20,6,6,4,5,6,1
3961,11,5,4,3,1,5,1
5459,6,3,3,2,1,4,0
7925,15,5,5,4,3,5,0
858,17,6,6,2,4,6,0
235,7,3,3,1,2,4,0
199,3,1,2,1,3,2,0
8417,10,3,4,2,6,3,0
6622,3,2,2,2,2,2,0
10,3,2,2,3,2,2,0
328,12,4,4,3,5,4,0
5904,3,2,1,6,1,1,0
751,5,1,1,6,6,1,0
262,1,1,1,6,1,1,0
821,2,1,1,3,4,1,0
4638,15,5,5,3,2,6,1
4606,13,4,5,2,6,4,1
5125,12,4,4,5,4,4,1
8669,18,6,6,2,4,6,1
8251,2,1,1,6,2,1,0
5934,7,2,3,1,5,3,0
8378,13,4,4,4,4,4,0
1827,17,5,6,3,5,5,1
6805,19,6,6,4,4,6,1
3356,11,4,4,3,4,4,0
2170,19,6,6,5,3,6,1
8166,7,4,3,1,1,4,0
5310,12,5,5,2,2,5,0
5979,15,5,5,2,4,5,1
1659,16,5,5,4,4,5,1
1857,15,4,4,6,6,3,1
3919,4,1,2,3,6,1,0
4256,17,6,6,4,4,6,0
7810,1,1,1,1,1,1,0
7354,4,1,2,3,6,1,0
2701,3,1,2,1,2,2,0
204,5,2,2,2,5,2,0
2697,12,4,5,2,3,5,1
4908,1,1,1,5,1,1,0
1892,18,6,6,5,4,5,1
4967,11,4,4,2,3,5,0
524,16,6,5,3,2,6,1
5002,11,4,4,3,2,4,1
3153,7,3,3,3,2,3,1
5164,5,2,2,3,2,2,0
5009,7,2,2,6,5,1,0
153,16,4,6,1,6,4,1
1075,1,1,1,6,4,1,0
6317,9,4,3,3,2,4,0
7616,1,1,1,5,1,1,0
1413,10,4,3,5,2,4,0
1535,7,2,2,6,6,1,0
887,18,6,6,3,5,6,1
6508,11,4,4,3,2,4,0
1649,9,4,3,5,2,3,0
2791,15,6,5,2,2,6,0
8573,17,6,6,1,4,6,1
7562,9,3,3,4,4,3,0
3981,10,4,4,1,2,5,1
4146,5,2,3,1,2,3,0
3291,18,5,6,3,6,5,1
348,18,6,6,5,4,6,1
5457,7,2,2,4,4,2,0
4070,18,6,6,4,3,6,1
8848,6,2,2,3,4,2,0
105,10,4,4,3,3,4,0
27,19,6,6,5,5,5,1
2906,15,5,6,1,3,6,1
3363,16,4,6,2,6,5,0
1628,5,3,2,1,1,4,0
1592,6,2,3,1,5,2,1
8674,20,6,6,5,5,6,1
4552,10,2,4,1,6,3,0
6263,15,5,5,2,3,6,1
7429,8,4,2,6,1,3,1
4705,11,4,4,3,2,4,1
2173,6,2,3,2,5,2,0
2066,8,3,3,2,3,4,0
8718,8,3,3,4,5,2,0
2501,4,2,2,2,4,2,0
3303,16,5,5,4,4,5,0
5104,14,4,4,6,4,4,1
7247,18,6,5,6,5,5,1
5156,12,5,4,3,2,5,0
3611,14,5,5,3,2,5,0
4211,19,6,6,3,5,6,1
2156,14,4,5,3,5,4,1
4557,1,1,1,6,1,1,0
8175,1,1,1,1,1,1,0
8134,15,4,5,5,6,4,1
8634,2,1,1,5,4,1,0
433,13,3,4,5,6,3,1
6411,11,3,3,6,5,2,1
1068,17,6,5,6,3,5,1
417,14,5,4,5,4,4,1
645,17,6,6,4,4,5,0
3794,11,4,3,6,5,3,1
5335,6,2,3,1,3,3,0
2334,7,3,2,4,2,3,0
8500,5,2,2,1,2,3,0
1064,16,5,6,1,3,6,1
5646,20,6,6,5,4,6,1
8000,3,1,1,4,3,1,0
8652,11,4,4,1,3,5,0
1269,11,3,4,2,5,4,0
5547,17,6,6,3,3,6,1
4050,10,3,3,5,4,3,0
652,10,4,4,2,2,4,0
2979,16,6,6,1,2,6,1
7290,18,6,6,2,4,6,1
1312,10,3,3,6,4,3,1
3727,15,4,4,5,5,4,1
2876,16,6,6,1,3,6,1
1625,5,2,2,1,2,3,0
5967,4,3,2,2,1,3,0
452,10,4,5,1,2,5,0
7174,9,4,3,5,2,3,0
2046,18,6,6,3,5,6,1
3527,10,4,3,4,2,4,0
29,4,2,2,4,2,2,1
6166,11,3,4,4,5,3,1
1940,18,5,5,5,6,5,1
8109,7,3,3,2,1,4,0
1922,17,6,6,3,3,6,1
6559,16,6,5,3,1,6,0
1785,4,2,2,1,1,3,0
5006,9,3,4,1,4,4,0
2194,20,6,6,4,5,6,1
8149,10,4,4,2,3,4,0
6439,1,1,1,6,1,1,0
5202,13,5,4,5,2,4,1
3326,20,6,6,4,5,6,1
2547,13,4,4,4,6,3,1
6071,16,5,5,3,5,5,1
3050,8,3,2,5,3,2,0
3324,8,3,3,3,4,3,0
2641,7,2,2,6,5,2,0
8395,13,5,5,3,2,5,1
2110,6,2,3,2,4,3,0
6811,10,3,4,2,4,4,0
2001,20,6,6,5,5,6,1
1029,4,1,2,2,5,2,0
7859,10,5,4,1,1,5,0
8074,20,6,6,4,5,6,1
309,16,5,5,2,6,5,1
6998,20,6,6,4,5,6,1
5777,4,2,1,6,4,1,0
6318,11,4,3,5,4,3,0
2310,3,2,2,3,2,2,0
5430,11,3,4,2,6,4,1
3774,5,2,2,5,2,2,0
4058,15,5,5,5,2,5,1
3702,19,6,6,4,5,6,1
4159,19,6,6,2,5,6,1
6261,12,2,3,6,6,2,1
8862,15,5,4,5,5,4,1
227,5,2,2,6,2,2,0
5850,15,5,5,4,4,5,1
527,16,6,5,4,3,5,1
5115,7,4,4,1,1,5,0
7463,12,4,4,3,2,5,0
8779,15,5,5,5,3,5,1
1712,14,5,5,3,3,5,1
885,2,1,1,1,6,1,0
5093,16,5,5,4,5,5,1
2932,3,2,2,1,2,3,0
5494,14,5,5,1,3,5,0
4383,18,6,5,5,5,5,1
1369,19,6,6,4,5,6,1
2709,19,6,6,4,5,6,1
8200,19,6,6,2,6,6,0
6296,13,5,5,3,1,5,0
427,9,3,3,4,4,3,0
3721,7,3,2,4,2,3,0
3297,7,3,2,4,2,3,0
8158,13,5,4,4,3,4,1
3059,9,5,3,3,1,5,0
7844,14,4,4,4,5,4,1
5347,12,4,4,5,5,3,0
2424,11,5,4,3,1,5,0
3351,13,4,4,6,6,3,1
3043,18,6,5,5,2,6,1
2544,7,2,3,3,5,2,0
5757,2,2,2,1,1,3,0
7559,3,2,2,2,2,2,0
6732,4,2,2,3,1,2,0
6457,14,5,5,3,2,5,1
1206,2,1,1,4,5,1,0
7548,17,6,6,3,4,6,1
6610,4,1,2,4,5,1,0
3614,13,5,5,3,2,5,1
6699,20,6,6,6,6,6,1
1973,12,4,4,2,4,4,0
5191,7,4,3,3,1,4,0
7857,13,4,5,2,3,5,1
4793,2,1,1,4,1,1,0
4356,8,3,2,5,2,3,0
58,8,3,4,1,2,4,0
5254,10,4,3,4,3,4,0
4888,10,4,4,1,3,4,1
5585,11,3,3,6,6,2,1
6555,9,3,4,1,3,4,1
3030,12,4,4,4,3,4,1
8919,1,1,1,1,1,1,0
5096,16,4,5,2,6,4,0
3097,13,5,5,3,2,5,0
5067,16,5,5,4,6,5,1
3220,8,3,2,6,4,2,0
3506,12,5,4,4,1,5,1
1033,20,6,6,3,6,6,1
4886,4,1,2,4,5,1,0
8818,10,4,4,1,1,5,0
3613,8,3,3,3,3,3,0
8740,2,1,1,5,1,1,0
4907,14,5,6,1,3,6,0
3486,4,1,1,6,6,1,0
7843,16,5,5,5,5,4,1
8513,1,1,1,5,1,1,0
5443,20,6,6,3,6,6,1
6023,2,1,1,2,1,1,0
6707,1,1,1,1,1,1,0
8597,3,2,1,6,1,1,0
6320,2,1,1,1,2,1,0
5041,12,4,4,5,4,4,1
4453,16,5,5,2,4,5,1
4541,10,3,4,1,4,4,0
1037,20,6,6,5,6,6,1
3710,18,6,6,3,3,6,1
256,11,4,4,2,2,4,0
3273,3,2,1,4,2,2,0
5537,13,4,4,4,5,4,1
2053,9,3,3,2,5,3,0
631,14,5,4,6,3,4,1
1679,18,6,5,6,5,5,1
2030,9,3,3,2,5,3,0
2042,6,2,3,2,6,2,0
4555,15,5,4,5,4,4,1
3503,8,2,2,5,6,2,0
6254,7,2,2,6,5,2,0
2738,5,2,1,6,3,1,0
8094,9,3,3,4,3,3,0
7423,9,3,3,5,5,2,0
8253,20,6,6,4,5,6,1
2662,1,1,1,5,2,1,0
804,16,5,5,3,5,5,1
5969,14,5,5,1,3,5,1
6734,13,4,4,5,4,4,1
553,18,6,6,5,4,6,1
5362,3,2,1,4,2,2,0
7786,11,4,4,2,5,4,0
6230,12,4,4,4,3,4,0
3417,13,4,3,6,4,3,1
7192,10,3,3,5,6,2,0
3204,1,1,1,6,3,1,0
2324,9,3,3,4,4,3,0
6713,12,4,4,4,5,4,1
2557,8,3,3,2,2,4,1
2244,3,1,1,5,6,1,0
1815,15,5,6,1,4,6,0
184,3,2,2,1,2,3,0
5371,1,1,1,4,1,1,0
6489,7,2,2,6,5,2,0
3798,1,1,1,1,1,1,0
6145,15,5,4,5,3,4,1
6894,12,3,3,5,6,3,0
2221,8,3,3,2,3,3,0
2417,15,5,5,5,3,5,1
4437,6,3,3,1,1,4,0
283,10,3,4,1,5,4,0
1955,17,5,6,2,5,6,0
3068,11,3,4,2,5,4,1
5188,16,6,6,1,3,6,1
6287,3,2,2,1,1,3,0
2140,7,2,2,4,6,2,0
5531,10,4,3,5,3,3,0
4797,2,1,1,6,2,1,0
2700,9,4,2,6,1,3,0
845,14,5,5,3,2,5,0
496,14,5,5,3,2,5,1
840,12,5,4,3,2,5,0
7234,5,3,2,2,1,3,0
4604,5,1,3,1,6,2,0
4859,2,1,1,1,2,1,0
8368,5,2,2,2,3,2,0
4145,6,3,3,1,2,3,0
7225,14,5,6,1,2,6,0
1763,1,1,1,3,1,1,0
1093,1,1,1,1,1,1,0
2393,20,6,6,4,3,6,1
3536,11,2,4,3,6,2,0
8667,4,3,1,6,1,2,0
1111,7,3,3,2,2,3,0
5908,8,3,2,6,2,2,0
2391,16,5,5,4,5,5,1
5561,10,4,4,1,2,5,0
4950,20,6,6,5,6,6,1
1421,16,5,6,3,5,5,1
5663,8,4,2,6,1,3,0
5888,12,5,5,2,2,5,0
6519,17,6,6,4,4,6,1
2293,20,6,6,4,6,6,1
6905,10,4,4,3,1,5,0
1715,6,2,2,4,3,2,0
2241,9,2,2,6,6,1,0
6422,9,3,2,6,6,2,0
1461,20,6,6,3,5,6,1
4321,16,6,5,4,3,5,1
7351,8,2,3,2,6,3,0
1710,6,2,2,4,5,2,0
4219,11,4,4,1,2,5,0
6031,2,1,1,6,6,1,0
6314,20,6,6,4,6,6,1
1218,4,2,1,5,2,2,0
7588,18,6,6,5,5,6,1
7514,11,5,5,1,1,6,0
8084,2,1,1,6,1,1,0
7953,3,2,1,4,2,2,0
7731,9,3,3,3,3,3,0
5972,14,6,5,3,1,6,1
4920,20,6,6,4,6,6,1
8246,16,5,5,4,3,5,1
464,18,5,6,5,6,5,1
3855,5,1,2,5,6,1,0
3849,12,4,4,2,4,4,0
6328,16,6,5,5,3,5,1
7100,5,2,2,2,2,3,0
7012,14,4,5,3,5,4,0
6239,6,2,2,5,3,2,0
3212,9,2,3,2,6,3,0
5397,14,5,4,5,3,4,1
3816,15,5,5,2,3,5,0
558,2,1,1,1,3,1,0
360,1,1,1,1,1,1,0
8988,16,4,5,4,6,4,1
934,19,6,6,1,5,6,0
728,7,3,3,3,1,3,0
7148,17,6,5,6,2,5,1
3540,3,1,1,6,2,1,0
3053,4,2,2,1,2,3,0
5201,15,5,5,2,5,5,0
8707,16,5,5,6,6,4,1
2018,1,1,1,1,1,2,0
6695,13,3,5,1,6,4,0
2913,20,6,6,2,4,6,1
2907,14,4,5,3,6,4,1
6259,11,4,3,6,4,3,1
2761,3,1,2,2,6,1,0
8298,11,2,3,5,6,2,0
628,2,1,1,3,2,1,0
7646,11,4,4,2,4,4,0
949,16,5,5,5,5,5,1
803,11,4,3,5,3,3,1
4470,15,5,5,3,3,5,1
8214,16,6,5,4,3,6,1
3389,13,4,4,6,5,3,1
3967,1,1,1,2,2,1,0
868,14,5,4,4,4,4,1
7697,11,3,4,2,6,3,0
2315,8,3,3,4,3,3,1
6061,20,6,6,5,6,6,1
5284,2,1,1,4,4,1,0
6628,10,3,4,1,5,4,0
7807,2,1,1,6,1,1,0
5659,15,5,6,1,3,6,0
5648,17,5,6,4,6,5,1
4096,5,2,2,2,4,2,0
1953,17,6,6,4,2,6,1
1152,9,4,3,3,2,4,0
4196,10,3,3,6,5,2,0
5236,8,3,3,3,3,3,0
4700,17,5,6,2,5,6,1
8743,10,4,4,1,2,4,0
1906,10,4,4,3,2,4,0
4206,4,1,1,6,5,1,0
4942,9,4,2,6,2,2,0
6363,6,2,2,3,6,2,0
5309,13,4,4,4,4,4,0
7428,2,1,1,1,2,2,0
7517,13,4,4,6,3,4,1
2510,8,3,3,3,3,3,0
552,15,5,4,6,3,4,1
6338,18,6,5,5,5,5,1
1566,9,4,4,1,1,5,0
4769,19,6,6,5,5,6,1
5043,3,1,3,1,5,2,0
6799,3,2,2,2,1,3,0
8861,4,2,1,6,4,1,0
1230,19,6,6,2,5,6,1
6914,19,6,6,5,5,6,1
6989,9,3,3,5,3,3,0
3219,15,5,5,4,4,5,1
2581,9,3,4,1,3,4,0
8815,3,1,2,2,6,1,0
4824,1,1,1,4,1,1,0
4721,2,1,1,1,3,1,0
1583,17,5,6,4,6,5,1
2546,16,6,5,4,3,5,1
7343,10,2,4,3,6,3,0
3360,20,6,6,2,6,6,1
4603,14,5,4,4,4,4,1
482,1,1,1,5,1,1,0
4822,3,2,1,4,2,2,0
6602,3,2,2,1,1,3,0
5304,4,2,2,3,3,2,0
5042,7,2,3,3,4,3,0
318,18,6,6,5,5,5,1
6839,1,1,1,6,1,1,0
6201,16,5,5,5,4,5,0
2084,12,4,5,1,3,5,1
1675,5,2,2,2,2,3,0
5578,2,1,1,6,2,1,0
8827,11,3,4,2,6,3,1
7172,13,5,5,1,3,5,1
6095,6,2,3,2,3,3,0
3244,16,6,5,4,1,6,0
253,20,6,6,2,5,6,1
2036,13,5,5,1,1,6,1
1837,2,1,1,1,2,2,0
1944,6,3,2,5,2,2,0
5794,6,2,2,5,3,2,0
1584,14,5,4,6,3,4,1
6270,15,5,5,2,5,5,1
7321,12,3,3,5,6,3,1
2039,9,4,4,1,1,5,0
4180,18,6,6,1,3,6,0
3370,16,5,6,1,4,6,0
2711,3,1,1,4,2,1,0
6336,9,2,3,3,6,3,0
5915,13,5,5,2,2,5,1
7840,1,1,1,6,1,1,0
2794,16,5,5,3,6,5,1
7113,12,4,4,4,3,4,0
5982,4,2,2,2,1,3,0
4222,3,1,2,3,5,1,0
5339,1,1,1,6,1,1,0
8299,18,5,6,2,6,6,0
370,13,4,3,6,5,3,0
8478,13,4,4,4,4,4,1
332,1,1,1,5,1,1,0
4352,18,6,6,2,4,6,0
8426,6,3,3,1,2,3,0
1027,14,4,4,4,5,4,1
5539,18,6,6,1,2,6,1
6735,14,5,6,1,3,6,0
7221,16,5,5,4,6,5,1
2740,3,1,1,5,4,1,0
5450,20,6,6,5,5,6,1
7664,20,6,6,4,4,6,1
1542,14,5,5,1,2,6,0
3184,17,5,6,3,6,5,1
6160,9,3,3,2,5,3,1
7917,9,4,3,5,2,3,1
1980,2,1,1,4,1,1,0
8204,11,3,3,5,5,3,0
3735,4,2,3,1,1,4,0
8047,17,5,5,6,5,5,1
1052,13,4,4,5,6,3,1
973,11,4,4,2,2,5,0
8710,3,2,1,6,2,1,0
6505,17,5,5,6,6,4,1
7712,6,3,3,2,2,3,0
1209,1,1,1,1,1,1,0
1765,11,5,4,3,1,5,0
2418,7,3,3,2,3,3,1
1759,3,2,2,1,1,2,0
1799,4,2,2,3,3,2,0
8259,8,2,2,6,5,2,0
5684,4,1,1,5,5,1,0
7482,14,5,6,1,2,6,0
3625,9,4,4,1,1,5,0
823,7,3,3,2,3,3,0
4115,18,6,6,2,3,6,1
2533,12,3,4,4,6,3,1
3475,2,1,1,5,5,1,0
6262,18,6,6,1,3,6,1
5964,4,2,1,6,1,2,0
8451,5,2,2,6,5,1,0
385,11,3,4,3,5,3,0
1767,4,3,2,2,1,3,0
3894,12,4,4,3,4,4,0
8060,11,4,4,2,2,4,0
2254,8,3,2,5,4,2,1
2773,15,5,5,2,5,5,0
4861,11,4,3,6,4,3,1
5265,16,5,4,6,4,4,1
6608,11,4,4,2,3,4,1
2489,12,4,4,4,4,4,0
7990,16,5,5,5,5,5,1
5993,14,4,4,5,6,4,0
2926,18,6,6,3,5,6,1
850,20,6,6,6,6,5,1
7372,3,1,2,1,5,1,0
5172,19,6,6,2,4,6,1
4494,8,2,2,6,5,2,0
3252,2,1,1,3,1,1,0
7791,19,6,6,2,3,6,1
233,13,3,4,6,6,3,0
5083,18,6,6,4,5,6,1
4237,6,2,2,3,4,2,0
5798,3,1,1,4,4,1,0
5500,13,4,4,6,3,4,1
1664,9,3,3,3,4,3,0
3058,14,5,4,5,3,4,1
6022,20,6,6,5,4,6,1
4079,11,4,4,4,3,4,0
8320,14,4,5,3,6,4,1
663,16,6,6,1,3,6,1
6258,2,1,1,1,2,1,0
903,11,5,4,2,1,5,0
3472,10,3,3,4,4,3,0
1983,8,3,3,2,4,3,0
5187,4,2,2,2,4,2,0
578,15,5,6,1,3,6,1
5947,8,2,2,6,6,1,0
189,14,6,5,3,1,6,1
2916,10,4,3,4,1,4,0
8955,4,2,2,1,1,3,0
8364,11,4,4,3,3,4,0
505,4,2,1,5,3,1,0
1760,19,6,6,5,6,5,1
44,12,5,5,1,2,6,0
7534,16,5,4,6,3,4,1
3725,8,3,3,2,3,3,0
2383,16,6,5,3,2,6,0
1032,5,2,1,6,3,1,0
7472,1,1,1,2,1,1,0
3552,13,5,4,6,2,4,0
3400,16,5,5,3,4,5,1
1913,18,6,6,2,5,6,1
8227,14,5,5,2,3,5,0
8035,8,3,3,2,4,3,0
4024,4,1,1,6,6,1,0
3876,2,1,1,6,4,1,0
6350,20,6,6,4,6,6,1
2567,15,5,5,5,3,5,1
5778,8,3,4,1,3,4,0
3100,16,5,5,5,5,5,0
7909,3,1,1,6,4,1,0
4768,17,5,5,6,5,4,1
6586,15,4,4,6,6,3,1
3368,2,1,1,6,6,1,0
4420,6,2,2,3,3,2,0
7976,3,1,1,4,6,1,0
2873,2,1,1,6,1,1,0
5084,3,1,2,1,4,1,0
3553,16,5,5,2,4,6,0
2077,8,4,3,4,1,4,1
2356,3,1,1,6,4,1,0
8939,7,2,3,2,5,3,1
1170,3,2,1,4,2,1,0
5847,2,1,1,6,5,1,0
6311,20,6,6,1,6,6,1
104,5,2,2,3,3,2,0
8332,9,3,3,2,3,4,0
3804,8,2,3,4,5,2,0
8255,14,4,5,1,5,5,0
434,20,6,6,4,5,6,1
4821,2,1,1,2,1,1,0
16,8,2,4,1,5,3,0
7622,14,4,5,3,5,4,1
623,8,3,3,2,2,4,0
4334,11,3,4,3,6,3,1
6922,17,6,6,2,4,6,0
655,3,1,1,6,5,1,0
967,4,2,1,6,4,1,0
2411,3,2,1,6,1,2,0
696,1,1,1,6,1,1,0
2590,8,2,3,3,6,2,0
1744,3,2,1,6,1,1,0
1387,9,4,3,2,1,4,1
2696,10,4,3,5,1,4,0
2841,6,3,3,1,2,3,0
5781,3,2,1,6,1,1,0
1113,15,5,6,1,5,5,1
7708,20,6,6,2,6,6,1
2667,5,2,2,3,4,2,0
5575,9,3,3,2,3,4,0
2802,10,5,4,2,1,5,0
8312,8,2,3,4,6,2,0
3831,1,1,1,1,1,1,0
580,11,4,3,6,2,3,1
4066,1,1,1,1,1,1,0
4415,1,1,1,6,1,1,0
1509,10,3,3,5,4,3,1
1714,1,1,1,1,1,1,0
536,5,3,3,1,1,4,0
8828,3,1,1,5,3,1,0
7376,1,1,1,1,1,2,0
1867,1,1,1,4,1,1,0
2122,6,2,2,5,4,2,0
1082,2,1,1,6,2,1,0
2034,7,4,3,1,1,4,0
6563,13,4,4,4,5,4,1
88,5,1,2,6,6,1,0
3993,2,1,1,2,1,1,0
4101,16,5,5,4,4,5,1
5170,15,5,4,5,3,5,1
940,20,6,6,5,4,6,1
6753,11,4,4,1,2,5,0
3910,8,2,2,6,6,2,1
3452,12,3,4,2,6,4,0
5673,15,5,5,4,2,5,1
6994,6,2,1,6,5,1,0
4254,3,1,1,4,2,1,0
6526,20,6,6,4,4,6,1
8236,10,3,3,4,6,3,1
8237,16,5,6,2,3,6,1
64,10,4,3,4,3,4,0
6240,1,1,1,1,1,2,0
7613,16,4,6,1,6,5,0
6366,6,2,2,4,5,2,0
3489,16,5,5,2,5,5,1
5774,16,4,5,4,6,4,1
5015,12,4,4,2,3,5,1
8229,12,4,5,2,5,4,0
2798,20,6,6,5,5,6,1
955,16,6,5,4,2,6,1
1336,11,4,4,1,3,5,1
1038,6,2,2,5,3,2,0
3749,3,1,2,2,3,2,0
3074,13,3,4,4,6,3,1
418,6,2,3,2,5,2,0
4981,3,1,1,4,5,1,0
2236,7,4,3,1,1,5,0
8797,19,6,6,5,6,6,1
3600,20,6,6,6,5,6,1
1909,12,5,5,1,1,6,0
5686,16,5,6,1,5,6,1
7319,6,3,2,3,1,3,0
2636,20,6,6,2,6,6,1
2823,6,2,2,6,3,2,1
6847,10,4,3,5,3,3,1
1219,10,3,3,4,5,3,1
8643,14,5,6,1,2,6,0
2443,9,3,3,3,3,3,1
3286,10,3,4,2,5,4,0
3799,3,2,2,2,3,2,0
4875,1,1,1,2,2,1,0
6742,10,2,3,6,6,2,1
6012,19,6,6,5,5,6,1
5109,2,1,1,5,2,1,0
6973,16,5,4,6,6,3,1
8763,14,4,5,3,5,5,0
862,10,4,4,1,2,5,0
8749,10,4,3,5,2,4,0
757,16,6,5,4,3,6,1
3437,10,4,4,3,1,5,0
1060,7,2,2,4,4,2,0
7023,16,5,4,6,5,4,1
1051,16,5,5,4,4,5,1
296,2,1,1,6,1,1,0
5296,1,1,1,6,2,1,0
4677,13,4,5,1,4,5,0
2909,8,3,3,4,2,3,0
6535,3,1,2,3,6,1,0
8126,10,3,3,4,4,3,0
1927,19,6,6,5,3,6,1
3230,14,5,4,4,2,5,1
5784,7,3,4,1,2,4,0
7107,16,6,5,5,2,6,1
6096,3,1,1,6,6,1,0
5827,16,5,5,5,4,5,1
1099,12,3,4,3,6,3,1
8231,1,1,1,1,1,1,0
2473,2,1,1,3,4,1,0
4459,2,1,1,1,1,1,0
6736,3,2,1,6,2,1,0
5751,8,3,3,4,4,3,0
5918,16,5,5,3,3,5,1
6541,16,6,4,6,2,5,1
4307,3,1,1,4,4,1,0
7820,7,2,2,6,6,1,0
1249,12,4,5,2,3,5,1
7339,12,3,4,3,6,4,1
7757,16,5,4,6,5,4,1
1131,8,4,4,1,1,5,0
5384,17,5,5,6,6,4,1
2340,17,5,6,2,5,5,1
1589,11,4,3,6,4,3,0
4448,10,4,3,5,2,4,1
5830,5,2,2,2,4,2,0
5306,9,3,4,1,4,4,0
1141,11,3,5,1,5,5,1
6666,14,5,5,2,2,5,0
4720,3,1,1,6,4,1,0
7433,8,3,3,2,2,4,0
3927,17,6,6,1,4,6,1
1221,8,3,4,1,2,5,0
7943,10,4,4,1,2,5,0
561,5,3,2,2,1,3,0
7734,18,4,6,4,6,4,1
2086,17,6,6,2,4,6,1
197,2,1,1,6,4,1,0
3069,11,3,3,5,5,3,1
5364,3,1,1,5,2,1,0
5140,3,1,1,6,3,1,0
6756,12,3,4,2,6,4,0
7484,5,2,2,1,2,3,0
414,9,4,4,1,2,5,0
7258,8,3,2,6,3,2,0
1238,11,3,4,1,5,4,0
7500,17,5,6,3,6,5,1
3315,12,4,3,5,3,4,0
5898,10,4,3,5,3,3,1
6446,19,6,6,2,6,6,1
7972,17,5,6,2,5,6,1
1587,4,2,1,6,3,1,0
6307,14,5,5,3,4,5,1
914,9,4,3,2,1,4,0
4531,2,1,1,3,2,1,0
203,18,6,6,2,3,6,1
4566,14,5,4,4,3,5,1
5610,1,1,1,4,2,1,0
7014,15,4,4,6,6,3,0
3971,8,3,3,4,3,3,0
7710,16,6,6,1,2,6,1
5773,16,5,5,3,6,5,1
2082,7,2,3,2,5,3,0
1258,7,4,2,4,1,3,1
5440,16,5,5,4,3,5,1
1917,4,1,1,5,6,1,0
6790,2,1,1,6,3,1,0
8169,2,1,1,1,3,1,0
5733,20,6,6,4,5,6,1
632,5,2,2,1,3,3,0
8110,17,6,6,2,4,6,1
4364,6,3,2,4,1,3,0
1914,13,4,4,4,5,4,1
2000,19,6,6,3,4,6,1
692,5,2,1,6,5,1,0
4600,16,6,6,2,3,6,0
8170,2,2,1,4,1,2,0
1186,20,6,6,5,6,6,1
1575,13,3,4,5,6,2,0
4466,10,4,4,1,2,5,0
4287,5,2,3,1,2,3,0
4690,20,6,6,5,6,6,1
299,11,3,4,4,5,3,0
5990,11,4,4,3,4,4,0
2384,11,5,4,2,1,5,0
5618,5,2,2,2,3,2,0
958,11,4,4,4,3,4,1
3477,6,3,2,3,2,3,0
3736,2,1,1,6,1,1,0
8097,9,4,3,5,2,3,0
7630,16,5,5,3,3,5,0
3316,13,4,4,4,4,4,0
7700,15,6,6,1,1,6,0
7582,7,2,2,4,4,2,0
4134,1,1,1,1,1,2,0
8539,18,6,6,3,3,6,1
963,2,1,1,1,1,2,0
6141,9,3,3,5,4,3,1
7895,14,3,5,3,6,4,1
4684,10,3,4,2,5,4,0
5654,16,6,4,6,2,5,1
7371,12,5,4,2,1,5,0
2481,7,3,3,1,3,3,0
8153,10,2,3,4,6,2,0
5590,8,3,2,6,2,2,0
2297,13,4,4,4,5,4,1
2852,3,1,2,2,6,1,0
1803,13,4,4,5,6,3,1
7720,20,6,6,5,5,6,1
8490,1,1,1,6,1,1,0
5476,9,3,3,2,3,4,0
7528,14,4,4,5,5,4,1
5235,15,5,4,5,4,4,1
3729,1,1,1,6,1,1,0
2471,2,1,1,4,1,1,0
7838,12,4,3,5,4,3,0
5428,14,4,5,1,6,5,1
8997,3,2,1,4,2,1,0
191,11,4,4,2,4,4,0
6175,20,6,6,5,5,6,1
3147,7,2,2,4,5,2,0
3731,8,2,3,2,6,2,0
3158,5,2,3,1,2,3,0
8090,2,1,1,4,6,1,0
2758,4,2,2,4,4,2,0
1846,6,2,3,2,2,3,0
1521,14,5,5,3,3,5,1
8868,3,1,1,4,3,1,0
1306,1,1,1,6,1,1,0
6512,2,1,1,3,1,1,0
6403,7,2,2,6,4,2,0
8450,12,4,5,2,3,5,0
2136,16,4,5,3,6,5,1
4239,2,1,1,3,3,1,0
3490,16,6,5,3,3,6,1
127,2,1,1,5,2,1,0
8399,10,3,2,6,5,2,0
4474,2,1,1,5,2,1,0
993,6,2,2,5,4,2,0
2348,16,5,5,5,4,5,1
6766,15,5,5,4,3,5,1
5699,18,6,6,2,5,6,1
8602,1,1,1,6,1,1,0
1952,9,2,3,4,6,2,0
910,15,5,4,5,5,4,1
7150,19,6,6,6,5,6,1
6729,1,1,1,3,1,1,0
7070,16,6,6,2,3,6,1
939,16,6,5,4,3,6,1
4643,20,6,6,5,5,6,1
1753,2,2,1,1,1,2,0
6771,12,3,4,3,6,3,0
377,10,4,4,2,2,5,0
6474,15,6,4,5,2,5,1
3793,16,6,6,2,1,6,1
5806,19,6,6,4,5,6,1
3066,15,4,5,4,5,4,0
3310,6,2,2,6,5,1,0
1709,2,2,1,3,1,2,0
2172,11,5,5,1,1,6,0
7115,3,1,1,6,6,1,0
2333,3,1,2,1,6,1,0
6509,9,3,3,6,6,2,0
6456,9,4,4,1,2,4,0
5238,2,1,1,4,1,1,0
8129,16,5,5,2,4,5,1
7449,16,5,6,1,4,6,0
2332,6,3,2,3,2,3,0
3672,1,1,1,6,1,1,0
4235,19,6,6,2,3,6,1
4655,17,5,6,2,5,6,1
4760,2,1,1,6,3,1,0
6404,5,3,2,5,1,3,0
7021,10,4,3,5,3,3,1
7768,18,6,6,4,4,6,1
8712,14,5,4,5,2,5,0
7789,15,5,5,5,2,5,1
7087,16,6,6,2,2,6,1
1419,2,1,1,1,1,1,0
5344,15,4,4,5,6,3,1
1536,1,1,1,4,2,1,0
686,14,6,5,2,1,6,0
4806,19,6,4,6,5,3,1
1040,1,1,1,1,1,2,0
3750,2,1,1,6,6,1,0
1164,16,5,4,6,4,4,0
8326,9,4,3,5,2,3,0
1332,12,3,5,1,6,4,0
1581,11,3,4,4,6,3,1
6549,17,6,6,2,2,6,1
2782,10,4,4,1,2,5,0
1191,20,6,6,3,4,6,1
3647,2,1,1,1,1,3,0
1368,12,5,4,3,1,5,1
3119,5,2,2,1,2,3,0
6037,18,6,6,2,3,6,1
5386,11,4,4,2,3,5,1
4860,5,2,2,3,2,2,0
8877,19,6,6,5,5,6,1
7155,3,1,1,4,3,1,0
4500,14,4,4,4,6,4,1
1315,5,2,2,3,5,2,0
4911,14,4,5,3,5,4,1
3289,12,3,4,2,6,4,1
2613,6,1,3,1,6,2,0
4365,14,5,5,3,3,5,0
2554,16,5,6,2,6,5,1
5914,19,6,6,5,5,6,1
7652,18,6,6,1,4,6,1
7202,12,4,5,2,3,5,0
8007,16,4,5,4,6,4,1
1297,5,1,1,6,6,1,0
6580,6,2,1,6,3,1,0
4084,11,4,5,1,2,6,0
376,19,6,6,4,5,6,1
2746,2,1,1,6,3,1,0
7055,5,1,2,3,6,1,0
4590,9,3,4,1,4,4,0
4179,5,1,2,6,6,1,0
3073,3,1,1,6,6,1,0
6761,12,4,3,6,5,3,1
3325,13,4,4,4,4,4,1
7599,14,5,4,6,3,4,0
1756,19,6,6,3,6,6,1
4510,2,2,1,1,1,3,0
5075,16,6,5,2,2,6,1
4550,20,6,6,2,6,6,1
3679,20,6,6,2,5,6,1
7892,2,2,2,1,1,3,0
3641,17,6,6,1,4,6,1
6759,12,4,3,5,4,3,0
22,18,6,6,3,4,6,1
786,1,1,1,2,1,1,0
8649,13,4,4,4,5,4,0
4955,16,5,5,6,3,5,1
1432,4,2,2,3,1,2,0
8056,11,5,4,2,1,5,0
5666,15,5,4,5,5,4,0
8786,15,5,5,3,4,5,1
508,4,2,2,2,4,2,0
7887,8,3,3,3,2,4,0
2643,11,4,4,1,2,5,0
1253,5,3,2,2,1,4,0
7980,1,1,1,4,4,1,0
7094,3,2,2,2,2,2,0
5206,6,2,2,4,4,2,0
4648,7,2,2,6,6,1,1
6705,3,2,2,1,1,3,0
65,4,1,1,6,4,1,1
5472,16,6,5,4,3,5,1
6818,16,5,4,6,3,4,1
8465,14,5,4,6,4,4,1
6793,6,3,3,2,1,3,0
8792,18,6,6,4,5,5,1
8023,16,5,5,4,6,5,1
6879,4,3,2,4,1,3,0
3330,3,2,2,1,2,2,0
2202,9,4,3,4,1,4,1
7610,7,2,3,1,4,3,0
723,14,5,5,3,4,5,1
2995,3,1,1,4,5,1,0
57,14,4,5,1,5,5,1
4584,17,5,6,3,6,5,1
6603,7,2,3,1,4,3,1
4492,5,3,3,1,1,4,0
5567,16,5,6,1,4,6,1
8799,11,4,3,5,2,4,1
4623,17,6,6,1,3,6,0
4077,10,3,3,4,6,3,0
6768,2,1,1,1,1,2,0
4789,9,3,3,3,4,3,0
2013,6,2,2,6,4,2,0
2858,3,1,1,6,3,1,0
6539,16,5,5,5,4,5,0
2096,13,4,5,2,5,4,0
8254,3,2,1,2,1,2,0
2498,11,5,4,3,1,5,0
2282,15,5,5,2,4,5,1
4627,18,6,6,2,3,6,1
4556,11,4,4,3,3,4,1
7706,2,2,1,4,1,2,0
4867,4,2,2,2,1,3,1
147,9,2,2,6,6,2,1
3874,1,1,1,5,1,1,0
4014,9,2,3,4,6,2,0
5429,5,1,2,1,6,2,0
3202,10,4,4,3,2,4,0
2507,20,6,6,5,5,6,1
1416,5,3,2,1,1,3,0
5664,20,6,6,3,4,6,1
7577,15,5,4,5,3,5,1
4954,5,1,1,6,6,1,0
6858,2,2,2,1,1,3,0
3575,17,5,6,2,5,6,0
1287,18,6,5,5,3,6,1
2689,13,5,5,3,1,6,0
4439,20,6,6,5,5,6,1
2530,4,2,1,5,1,2,0
2269,7,2,3,1,4,3,0
6235,8,3,3,4,3,3,0
538,6,2,2,3,5,2,0
5378,5,3,2,5,1,2,0
1890,6,2,3,1,3,3,0
5801,9,3,3,4,4,3,0
6455,8,3,2,6,4,2,0
4530,9,3,4,1,4,4,0
7553,3,2,1,4,2,1,0
708,7,2,3,2,4,3,0
8065,20,6,6,4,6,6,1
4833,15,4,5,5,6,4,0
920,2,1,1,3,1,2,0
824,20,6,6,5,6,6,1
8203,6,3,2,5,1,3,0
8185,7,2,2,6,5,1,0
4579,16,6,5,4,2,6,1
4325,16,6,6,1,3,6,0
3673,16,5,5,4,4,5,1
575,20,6,6,4,5,6,1
6370,3,2,2,2,1,2,0
5263,2,1,1,6,4,1,0
2078,11,3,4,2,6,4,0
1232,12,3,4,4,6,3,0
8584,14,3,5,3,6,4,1
224,1,1,1,1,1,1,0
7309,3,1,2,1,3,2,0
8123,9,3,3,5,4,3,0
3883,12,4,4,5,3,4,1
7881,3,1,2,2,3,2,0
7583,15,6,5,4,2,5,1
3249,17,6,6,2,2,6,1
428,9,3,3,3,5,3,0
3698,3,1,1,4,2,1,0
3859,6,2,2,3,4,2,0
6873,3,1,1,6,4,1,1
3983,10,2,3,5,6,2,1
7765,12,4,4,3,4,4,0
4497,2,1,1,3,2,1,0
6224,16,6,5,5,3,5,1
1274,11,3,4,4,6,3,1
171,19,6,6,4,3,6,1
251,9,2,2,6,6,1,1
467,2,1,1,1,2,2,0
3651,3,1,2,3,4,1,0
2338,9,4,3,2,1,5,0
278,17,6,5,4,3,6,1
2632,8,3,4,1,3,4,0
2142,16,4,5,6,6,4,1
774,11,3,4,2,6,4,0
5753,18,6,6,2,5,6,0
7952,4,2,2,3,2,2,0
1541,13,4,4,6,4,3,1
7688,11,4,4,2,4,4,0
1353,4,2,3,1,3,3,0
3646,20,6,6,5,5,6,1
3055,18,6,5,5,4,5,1
7280,5,3,2,2,1,3,0
1241,6,2,2,5,2,2,1
4280,3,2,1,6,2,1,0
8810,13,4,5,3,6,4,0
3150,19,6,6,5,5,5,1
8092,4,1,2,4,5,1,0
898,1,1,1,6,1,1,0
1449,5,2,2,2,2,3,0
7329,4,2,2,4,3,2,0
6436,20,6,6,5,4,6,1
3555,1,1,1,1,1,1,0
471,18,6,6,3,5,6,1
4777,11,3,4,4,6,3,0
4119,9,4,4,1,2,5,0
2326,11,3,4,3,6,3,1
4569,11,4,4,2,3,5,1
8950,3,2,2,1,2,3,0
7854,17,6,5,4,3,6,1
6170,12,4,5,2,3,5,0
7008,14,5,5,1,3,6,1
8790,12,4,4,2,5,4,0
4578,19,6,6,3,6,6,1
2301,13,4,4,4,5,4,0
3741,3,3,1,2,1,3,0
5883,10,4,4,1,1,5,0
4384,19,6,6,1,5,6,1
5060,3,2,2,2,1,3,0
2728,16,6,5,3,2,6,0
8279,19,6,6,5,5,6,1
892,3,1,2,1,2,2,0
7016,3,1,2,1,2,2,0
461,5,2,2,1,3,2,0
2686,14,5,5,2,2,6,1
1425,11,3,4,1,5,4,0
2327,8,3,3,2,3,3,0
8216,15,5,5,3,3,5,0
3281,9,4,3,3,1,4,0
8099,15,5,5,3,3,5,1
8659,13,5,5,3,3,5,1
6820,6,2,3,1,4,3,0
3388,16,5,5,4,4,5,1
4724,16,5,5,3,3,6,1
7896,7,2,3,2,6,2,0
5182,16,5,5,2,5,5,1
419,6,3,2,5,1,3,0
656,13,4,4,5,4,4,0
3422,16,6,6,2,4,6,1
6169,11,4,4,2,3,4,0
6495,16,5,5,4,4,5,1
1565,7,3,3,1,3,4,0
521,3,1,2,1,4,2,0
8263,2,2,1,6,1,1,0
6659,9,2,3,5,6,2,0
6453,17,6,6,1,4,6,1
2010,8,2,3,2,5,3,1
6920,6,3,2,4,1,3,0
2845,10,4,3,5,3,3,0
185,9,3,2,6,4,2,0
796,20,6,6,3,5,6,1
6661,18,6,6,4,5,6,1
8100,10,4,4,2,1,5,0
7401,20,6,6,4,4,6,1
7509,5,2,1,6,2,2,0
7284,5,2,3,1,4,2,0
61,3,2,1,5,1,2,0
2933,13,5,4,4,2,5,1
1735,2,1,1,4,2,1,0
6595,15,4,5,2,6,5,1
7522,14,5,5,3,4,5,1
2903,6,3,2,5,2,2,0
60,16,5,6,2,4,6,1
4313,1,1,1,5,1,1,0
6123,3,2,2,1,3,2,0
445,15,5,5,3,2,5,0
7049,16,5,5,2,4,6,1
7326,14,4,5,2,4,5,0
2888,13,5,4,4,2,5,0
4069,16,6,5,6,3,5,1
3267,2,1,1,2,4,1,0
3601,4,2,2,4,2,2,0
6412,10,3,3,4,6,3,0
3014,11,4,4,2,2,5,0
7730,16,4,5,2,6,5,1
7435,6,3,2,4,2,2,0
1300,13,4,4,4,5,4,0
3956,18,6,6,4,5,5,1
8411,8,2,1,6,6,1,1
8104,3,1,1,6,6,1,0
7960,2,1,2,1,1,2,0
2029,13,5,5,3,2,5,0
5205,2,1,1,6,4,1,0
7714,16,6,5,4,3,5,1
7740,16,5,5,5,4,5,1
4738,7,3,3,2,1,4,0
6955,14,5,6,1,2,6,1
8212,14,5,5,3,3,5,1
1819,7,3,2,4,3,3,0
514,18,6,6,5,5,5,1
8033,13,4,5,1,5,5,0
7080,20,6,6,5,6,6,1
6321,14,5,4,4,3,5,1
2208,17,6,5,4,3,6,1
8061,17,6,6,1,4,6,1
8053,17,6,6,3,4,6,1
7944,14,4,5,1,5,5,1
4944,11,4,4,1,2,5,0
342,3,2,2,1,1,3,0
2339,9,3,4,1,3,4,0
8871,18,6,6,4,4,6,1
3822,8,3,3,4,4,3,0
7783,1,1,1,1,1,1,0
8487,16,6,6,3,3,6,0
6464,2,1,1,6,2,1,0
4792,11,4,3,6,3,3,0
7362,14,5,4,5,4,4,1
2262,15,4,5,5,5,4,1
7097,5,3,2,2,1,3,0
5237,16,4,4,6,6,3,1
291,17,6,6,3,4,6,1
7015,16,5,5,5,3,5,1
5499,16,5,5,4,4,5,1
3827,11,3,3,6,5,3,0
2572,16,4,5,4,6,4,1
4395,16,5,5,2,3,6,0
8289,17,6,5,4,4,5,1
7649,20,6,6,4,5,6,1
3185,15,4,5,3,6,4,1
6431,1,1,1,6,1,1,0
5256,20,6,6,4,5,6,1
2886,19,6,6,4,5,6,1
4850,13,5,5,1,2,6,1
4369,5,2,2,5,5,2,0
8656,2,1,1,4,1,1,0
8586,12,5,4,3,1,5,1
1358,20,6,6,3,4,6,1
6181,6,2,2,3,4,2,0
2661,13,4,4,5,5,3,1
7552,9,3,3,3,5,3,0
2534,5,2,3,1,3,3,0
7042,20,6,6,2,5,6,1
3307,5,2,3,1,3,3,0
3810,10,4,3,5,3,3,0
5121,16,5,6,2,5,5,0
5810,9,3,3,3,5,3,0
8491,16,5,5,4,6,5,1
1424,3,3,2,1,1,4,0
4063,2,1,1,6,2,1,0
4987,3,3,2,2,1,3,0
6965,14,3,4,5,6,3,0
8975,12,4,5,1,5,5,0
2295,8,3,3,2,4,3,0
8082,13,4,4,4,4,4,1
6226,18,6,6,3,3,6,1
5425,7,3,3,2,2,3,0
3787,12,3,4,5,6,2,1
5690,9,4,3,3,2,4,0
7460,7,3,3,3,1,4,0
8325,1,1,1,4,4,1,0
3070,3,1,1,6,2,1,0
2745,10,4,4,3,3,4,0
5731,9,4,3,6,2,3,1
314,17,6,6,1,4,6,1
3682,20,6,6,3,4,6,1
7477,12,3,3,6,6,3,1
1021,3,3,2,2,1,3,0
614,5,2,2,2,4,2,0
8624,20,6,6,3,5,6,1
3645,6,3,2,3,1,3,1
26,4,2,1,6,3,1,0
2682,18,5,6,3,6,6,1
7491,12,4,4,4,4,4,0
3313,13,5,4,6,3,4,1
106,8,2,2,6,6,1,0
5451,12,4,4,3,3,4,1
8193,6,2,2,4,3,2,1
4140,17,4,5,4,6,4,1
5281,14,5,3,6,2,4,1
2217,8,2,3,2,6,2,0
3544,10,3,4,1,5,4,0
7787,5,3,2,3,1,3,0
8838,9,4,2,6,1,3,0
5399,16,5,5,4,4,5,1
588,4,1,2,2,4,2,0
3806,12,4,4,2,4,4,0
2500,16,4,5,4,6,4,1
404,2,1,1,6,1,1,0
4972,12,4,3,6,4,3,1
1420,7,3,3,2,2,3,0
1842,3,2,1,6,2,1,0
7597,16,5,6,3,4,5,1
6204,8,2,3,2,6,2,0
300,7,3,3,3,1,4,1
1325,10,4,5,1,1,6,0
6091,1,1,1,1,3,1,0
3157,20,6,6,3,5,6,1
7082,11,4,4,1,3,5,1
7629,10,3,4,3,4,4,0
1629,7,2,2,6,4,1,1
2497,3,1,1,6,3,1,0
5555,11,4,4,2,4,4,0
1652,9,3,3,3,3,4,0
7794,4,2,2,1,3,2,0
1101,6,2,3,1,3,3,0
6808,14,5,4,4,2,5,0
2067,3,2,2,1,1,2,0
2056,5,1,1,6,6,1,0
4539,17,6,6,2,4,6,1
5126,3,1,1,6,5,1,0
8765,11,4,4,4,3,4,1
2512,17,6,6,3,3,6,1
5742,1,1,1,3,1,1,0
7619,12,4,4,3,3,4,1
3920,8,2,1,6,6,1,1
463,10,4,3,5,2,3,0
8014,6,3,3,1,1,4,0
8335,3,2,1,2,1,2,0
4053,14,5,5,1,3,5,0
6566,7,3,3,1,3,3,0
1634,11,4,5,1,4,4,1
3026,19,6,6,2,5,6,1
3309,1,1,1,6,1,1,0
1665,10,3,3,4,6,3,0
6546,7,2,3,3,6,2,1
3860,18,6,6,3,3,6,1
5375,15,4,4,5,6,3,1
6216,7,2,3,2,6,2,0
8108,10,4,3,4,2,4,1
2280,8,4,2,5,1,3,0
98,18,5,5,6,5,5,1
5197,19,6,5,6,6,5,1
2553,5,2,2,6,3,2,0
3557,10,3,2,6,6,2,0
8208,12,5,5,1,2,6,1
4520,5,2,2,3,4,2,0
1951,15,5,5,4,4,5,1
7666,9,2,3,4,6,2,0
2300,15,5,5,4,5,5,0
7,3,1,2,3,5,1,0
531,16,6,6,2,2,6,1
1095,9,4,3,4,1,4,1
1495,10,3,3,4,6,3,1
942,4,1,2,2,6,1,0
1237,8,3,2,6,3,2,0
5901,14,5,6,1,2,6,0
8318,15,5,5,3,4,5,1
5755,11,4,3,5,5,3,1
7205,10,4,2,6,3,3,1
8161,3,2,2,3,2,2,0
1400,9,4,3,6,2,3,0
1713,14,4,4,5,6,3,1
6798,20,6,6,4,6,6,1
3779,1,1,1,1,1,1,0
5143,16,6,5,6,3,5,1
6785,1,1,1,1,1,1,0
8066,5,2,2,1,2,3,0
1199,14,5,4,5,2,5,1
4980,19,6,6,2,5,6,1
4400,10,4,3,5,3,3,0
1476,20,6,6,4,5,6,1
4342,18,6,6,4,5,6,1
118,4,2,2,2,4,2,0
5689,9,3,3,3,3,3,0
779,9,3,3,4,5,3,0
3006,17,5,6,3,5,5,1
2028,8,3,3,2,4,3,0
4381,4,2,2,2,1,3,0
6714,2,1,1,6,2,1,0
8745,12,4,4,5,3,4,1
52,9,2,2,6,6,1,1
6199,8,3,3,2,5,3,0
950,19,6,6,2,3,6,1
5674,6,2,2,3,5,2,1
990,14,4,4,6,5,3,0
2830,14,4,5,3,5,4,0
47,6,2,2,5,6,1,0
2928,3,1,2,1,3,2,0
8261,1,1,1,1,1,2,0
8629,13,5,4,4,2,4,1
562,14,5,5,2,3,5,1
3616,19,6,6,3,5,6,1
8644,12,5,5,1,1,6,0
2526,10,3,3,5,6,2,0
6294,2,1,1,6,1,1,0
5490,18,6,6,3,5,6,1
232,10,3,4,3,5,3,0
7584,9,3,3,2,4,4,1
6807,15,4,5,4,5,4,1
7853,14,5,5,2,2,6,0
7668,18,6,6,4,5,6,1
1330,19,6,6,4,5,6,1
271,15,5,5,3,4,5,1
547,15,5,5,3,5,5,1
5307,16,5,6,1,3,6,1
808,12,4,4,2,3,4,1
2706,11,3,4,3,6,3,0
1831,10,3,3,4,6,3,0
2381,18,5,5,6,6,4,1
7678,3,1,2,2,3,2,0
916,1,1,1,1,1,1,0
3959,3,1,1,2,4,1,0
7663,1,1,1,1,1,1,0
741,8,3,3,3,3,3,0
7119,6,2,2,5,5,2,0
4982,14,4,4,6,6,3,1
1022,19,6,6,3,6,6,1
680,5,2,2,5,5,2,0
6896,3,2,2,1,1,3,0
8509,9,3,3,2,3,4,0
3512,3,2,1,6,2,1,0
1100,14,4,4,6,5,3,1
4679,16,5,5,4,5,5,0
1802,16,6,5,3,3,6,1
2825,12,5,3,6,2,4,0
4832,1,1,1,1,1,1,0
619,12,3,4,5,6,3,1
2604,6,3,2,4,2,3,0
5702,19,6,6,4,3,6,1
988,19,6,6,2,5,6,1
4707,14,4,5,3,6,4,1
6778,16,5,5,3,4,5,1
3669,19,6,5,6,5,5,1
1681,2,2,1,1,1,2,0
7303,5,2,2,3,3,2,0
1910,1,1,1,6,1,1,0
4800,15,5,5,2,5,5,1
5950,15,5,5,2,2,6,1
8141,10,4,4,2,2,4,0
2076,15,5,5,2,3,6,0
343,19,6,6,6,5,6,1
4261,11,4,4,3,3,4,1
7800,9,4,3,4,2,3,0
4913,11,4,2,6,2,2,0
6105,16,5,5,3,5,5,1
7713,3,2,1,6,2,1,0
843,5,2,3,1,2,3,0
2559,18,5,5,6,5,5,1
134,14,4,3,6,5,3,0
4854,19,6,6,5,4,6,1
6656,3,1,2,1,5,2,0
7518,19,6,6,2,4,6,0
3077,4,1,2,1,5,2,0
6426,16,4,5,6,6,4,1
640,2,1,1,5,1,1,0
1520,3,1,2,3,5,1,0
3916,11,3,4,3,6,3,1
3403,17,5,6,3,5,5,1
8913,6,4,3,2,1,4,0
5687,13,4,4,4,4,4,1
4215,4,2,2,2,1,3,0
5323,15,5,5,4,3,5,1
6604,17,6,6,3,4,6,1
5879,7,3,2,4,3,3,0
2838,8,4,3,2,1,4,0
1179,5,2,1,6,5,1,0
8757,12,4,4,2,5,4,0
6030,3,1,2,1,5,1,0
848,1,1,1,4,1,1,0
4524,16,5,5,6,5,4,1
3135,14,5,4,5,4,4,1
1333,15,3,4,5,6,3,1
4934,6,2,1,6,6,1,0
4272,17,5,6,2,5,6,1
4164,9,3,3,2,5,3,0
4778,13,5,4,4,3,4,1
4012,13,5,5,3,2,5,1
682,5,1,3,1,6,3,0
435,2,1,1,5,6,1,0
7915,1,1,1,1,2,1,0
8389,1,1,1,1,1,1,0
6779,13,5,4,4,2,5,1
5799,10,3,3,4,4,3,0
7790,17,5,5,6,5,5,1
340,10,3,3,4,5,3,0
1603,9,4,3,5,2,3,0
6369,12,4,4,3,3,4,0
6620,10,4,3,5,3,3,0
1423,15,5,5,3,3,5,1
3865,9,4,4,1,1,5,1
2450,5,2,2,2,2,3,0
2609,12,4,4,2,3,5,0
1707,4,3,2,2,1,3,0
7677,4,2,1,6,3,1,0
5788,6,2,1,6,5,1,0
6997,15,5,5,2,3,6,0
5003,6,3,2,4,1,3,0
6036,4,2,2,4,3,2,0
4370,2,1,1,6,1,1,0
5584,1,1,1,1,1,2,0
8116,16,5,5,4,4,5,0
3314,8,3,2,6,2,2,1
8911,7,3,2,5,2,3,0
2127,17,6,5,5,3,5,1
41,16,6,6,2,2,6,1
5328,9,4,4,1,2,5,0
8705,4,1,1,6,4,1,0
2732,15,6,4,5,2,5,1
2470,4,3,2,4,1,3,0
3025,10,2,3,4,6,2,1
4836,12,5,4,4,2,4,0
7580,3,1,1,6,4,1,0
3814,9,3,3,3,4,3,0
1511,1,1,1,6,1,1,0
3141,2,1,1,5,2,1,0
846,9,2,3,2,6,3,0
1706,13,5,5,3,3,5,0
4592,6,2,3,2,5,2,0
3832,10,3,4,3,6,3,0
3507,6,4,3,1,1,5,0
8191,11,4,4,1,3,5,0
882,3,1,1,2,5,1,0
3573,12,4,3,5,3,4,0
6954,20,6,6,3,6,6,1
7177,8,4,3,3,1,4,0
1328,16,5,6,1,3,6,1
2,20,6,5,6,6,4,1
2629,2,1,1,5,1,1,0
8221,14,6,5,3,1,6,1
2565,3,2,2,3,1,2,0
3992,16,5,5,4,6,5,1
6831,12,4,5,1,2,5,1
5064,12,5,4,3,2,5,0
4300,10,4,4,1,2,5,0
39,5,2,2,3,5,2,0
8380,16,5,5,5,5,4,1
4127,20,6,6,2,5,6,1
1362,6,3,2,5,1,3,1
111,8,3,2,5,2,3,0
4086,10,4,3,5,2,4,0
5021,16,5,5,4,4,5,1
5422,13,4,5,1,4,5,0
6933,10,3,3,6,6,2,1
6637,11,4,3,5,4,3,1
5527,17,5,6,2,6,5,0
1811,2,2,1,1,1,3,0
3129,16,5,5,6,4,5,0
6528,11,3,3,5,5,3,0
5929,10,3,3,4,4,3,0
4602,14,4,5,3,5,4,0
5907,3,1,2,3,6,1,0
6554,1,1,1,4,5,1,0
1826,16,5,5,4,6,4,1
5821,1,1,1,2,1,1,0
3250,10,4,3,5,2,3,1
8699,4,2,2,1,1,3,0
6870,19,6,6,2,3,6,1
7213,18,6,5,5,5,5,0
7847,3,1,2,1,4,1,0
5723,12,4,3,5,4,3,1
4608,17,6,6,1,4,6,1
5520,13,4,4,5,4,4,1
6389,11,3,3,6,6,2,0
4445,16,6,5,5,3,5,1
3534,13,3,4,4,6,3,1
3262,19,6,6,4,6,6,1
2721,7,2,3,3,6,2,0
8051,11,3,3,6,6,2,1
4056,6,2,2,3,6,2,0
5032,10,4,3,4,2,4,0
8860,14,5,4,4,3,5,1
3820,7,3,2,6,3,2,0
177,6,2,2,3,4,2,0
8457,8,2,4,1,6,3,0
6122,4,3,2,2,1,3,0
3943,8,2,3,4,6,2,0
2006,14,4,4,4,5,4,1
5431,2,1,1,1,2,1,0
6846,7,1,2,4,6,1,1
6633,6,3,3,1,2,3,0
6360,5,2,3,1,2,4,0
5776,7,3,2,4,1,3,0
943,1,1,1,1,1,2,0
2468,14,5,4,4,2,5,1
6187,15,5,5,3,3,5,1
1281,10,4,4,1,2,5,0
2181,13,5,5,3,1,5,1
4262,13,4,4,5,5,4,1
8028,2,1,1,6,2,1,0
2818,12,5,4,2,1,5,1
4743,16,5,5,5,4,5,1
5749,17,5,6,2,5,6,1
6374,13,5,4,4,2,5,0
187,5,2,1,6,5,1,0
4110,12,5,5,1,2,6,1
5517,8,4,4,1,1,4,0
4989,11,4,4,4,4,4,0
3364,8,4,3,4,1,3,0
5604,15,5,5,5,2,5,1
8937,1,1,1,5,1,1,0
3997,11,5,4,2,1,5,1
8344,16,4,6,2,6,4,1
2814,12,4,4,2,4,4,0
3705,8,3,2,6,2,2,0
3763,13,4,5,1,5,5,1
847,2,1,2,1,2,2,0
424,6,2,2,6,5,1,0
1981,5,3,2,6,1,2,0
3722,5,3,2,2,1,3,0
5869,7,2,3,3,5,2,0
3478,2,1,1,6,2,1,0
3227,18,6,6,5,4,6,1
3549,14,4,4,4,5,4,1
6892,9,4,3,4,2,4,0
3319,10,4,4,1,2,5,0
4704,1,1,1,1,1,1,0
1772,1,1,1,4,1,1,0
2050,2,1,1,2,3,1,0
6069,10,4,5,1,3,5,0
1490,7,2,2,5,5,2,1
3833,5,1,1,6,6,1,0
5613,9,4,4,1,2,4,0
818,1,1,1,1,1,1,0
6041,16,5,5,3,4,5,1
425,11,5,4,2,1,5,0
1452,10,3,2,6,5,2,0
7399,8,3,3,2,4,3,0
1071,9,3,3,6,4,2,0
2044,7,3,3,3,1,3,0
1538,20,6,6,4,6,6,1
2070,2,1,1,5,1,1,0
4135,9,2,3,6,6,2,0
172,2,1,1,3,5,1,0
4281,2,1,1,1,2,2,0
810,7,2,3,3,4,2,1
5959,3,2,1,6,1,1,0
2051,3,1,2,1,3,2,0
5167,8,3,3,3,5,3,0
3574,16,5,4,6,4,4,1
4947,7,2,3,3,5,2,0
3148,9,4,4,1,1,5,0
5838,4,2,1,6,3,1,0
567,15,6,5,2,2,6,1
5407,14,5,5,3,3,5,1
811,9,4,3,2,1,5,0
2777,18,6,5,5,5,5,1
1475,14,4,3,6,5,3,1
7581,7,2,3,3,4,3,0
3354,9,3,4,1,3,4,0
2965,9,3,2,6,4,2,0
4426,2,1,1,6,2,1,0
2002,18,6,6,1,4,6,1
5382,12,4,4,5,3,4,1
5497,19,6,6,3,4,6,1
6919,4,2,2,4,1,2,0
4564,11,4,4,4,4,4,0
837,4,1,3,1,5,2,0
3782,15,5,6,1,3,6,0
1195,7,2,2,5,6,2,0
7408,8,4,3,2,1,4,0
490,7,2,3,1,6,3,0
161,18,6,6,3,5,6,1
6556,6,2,3,1,3,3,0
2329,20,6,6,2,3,6,1
7232,14,5,4,6,2,4,1
6053,1,1,1,4,1,1,0
3268,7,2,3,3,6,2,0
6748,12,3,3,5,6,2,1
7064,3,2,1,4,1,2,0
1818,3,2,1,4,1,2,0
7750,3,1,1,4,3,1,0
1847,4,2,1,5,4,1,0
7468,4,2,2,3,1,2,0
7845,13,5,4,6,2,4,0
4122,3,2,2,1,1,3,0
4890,20,6,6,4,6,6,1
2358,10,4,4,3,3,4,0
7835,18,6,5,6,4,5,1
7888,6,2,3,2,2,3,0
1372,13,5,5,1,2,5,0
8414,18,6,6,5,5,6,1
2185,2,2,1,6,1,1,1
3677,8,3,2,6,2,2,0
6386,15,4,5,2,6,5,0
2551,2,1,1,2,2,1,0
130,12,5,4,2,2,5,0
5034,3,1,1,6,3,1,0
8333,6,4,2,5,1,3,0
6343,9,4,4,1,1,5,0
5367,7,3,2,4,1,3,0
6889,18,6,6,5,4,5,1
4091,16,4,5,2,6,5,0
2031,19,5,6,4,6,5,1
3526,5,2,2,3,3,2,1
2005,2,1,1,1,5,1,0
7586,19,6,6,4,5,6,1
1017,11,4,4,2,3,4,0
4986,13,4,4,4,4,4,1
7335,18,6,6,1,5,6,0
6282,19,6,6,2,5,6,1
3361,6,2,3,2,5,2,0
5169,8,3,3,2,3,3,1
398,16,5,6,1,4,6,0
2461,6,4,2,5,1,3,0
642,20,6,6,5,4,6,1
5596,8,3,3,3,2,3,0
4712,10,3,4,2,4,4,1
4512,14,5,5,1,2,6,1
4779,7,3,2,4,2,3,0
4479,8,3,2,5,3,2,0
3322,19,6,6,3,4,6,1
5272,16,5,5,3,3,5,1
8087,11,3,3,5,6,3,1
3989,20,6,6,4,5,6,1
6468,6,3,3,1,1,4,0
770,12,4,4,2,3,4,0
5513,2,1,1,6,1,1,0
114,3,1,1,6,3,1,1
2543,14,4,4,4,6,4,1
4120,16,5,5,3,5,5,1
4936,18,6,6,4,4,6,1
8805,6,2,3,1,6,2,0
3875,13,3,3,6,6,2,1
7735,18,6,6,2,2,6,1
1346,18,6,5,6,4,5,1
2256,19,6,6,2,4,6,1
4725,14,5,5,3,4,5,1
4047,18,5,6,4,6,5,1
2780,3,1,1,6,2,1,0
2801,18,6,6,3,3,6,1
2616,9,3,3,2,3,4,0
5411,3,1,2,3,4,1,0
6874,16,5,4,6,5,4,1
8593,12,4,3,5,4,3,1
6417,20,6,6,3,6,6,1
6017,16,5,5,5,5,4,1
1779,16,4,5,3,6,4,1
608,5,1,2,5,6,1,0
1512,3,2,2,2,1,3,0
8172,7,2,3,1,5,3,0
7563,6,2,2,4,6,2,0
1428,1,1,1,6,6,1,0
7053,17,6,5,4,4,5,1
4292,6,3,3,2,1,3,0
4771,4,1,1,5,5,1,0
1485,19,6,6,4,5,6,1
6774,12,4,4,2,3,5,1
5383,11,4,4,3,3,4,0
8923,8,3,3,4,4,2,0
8675,12,3,4,5,6,3,0
1523,11,4,4,2,4,4,0
3701,3,2,1,6,2,1,0
4476,2,1,1,4,3,1,0
7875,1,1,1,6,1,1,0
476,16,5,5,5,5,4,0
4956,12,3,4,5,6,3,1
4970,17,6,6,2,2,6,1
6421,20,6,6,2,6,6,1
1270,16,6,5,5,3,5,1
2309,11,4,4,1,2,5,0
3872,4,2,2,2,4,2,0
4210,9,4,4,1,1,5,0
1888,4,2,2,3,3,2,0
1190,4,2,2,2,1,3,0
3628,7,2,3,1,6,2,0
7883,20,6,6,4,5,6,1
3424,11,4,3,6,4,3,0
4571,10,4,3,6,3,3,0
8038,2,1,1,6,2,1,0
4330,14,4,3,6,6,2,1
6295,7,2,2,4,4,2,0
4622,16,5,6,1,5,6,1
3991,20,6,6,6,5,5,1
6019,17,5,5,5,5,5,1
1367,15,5,6,1,4,6,1
6741,8,3,3,2,2,4,0
4161,3,1,2,3,5,1,0
6837,15,6,5,4,2,5,1
3423,1,1,1,1,1,1,0
2545,8,4,3,2,1,4,0
2074,14,5,5,1,3,6,1
1303,3,1,2,1,4,2,0
5111,17,5,5,5,6,4,1
8801,3,2,2,3,2,2,0
5039,7,2,3,3,6,2,0
3405,2,1,1,4,2,1,0
2824,11,3,4,3,6,3,1
2353,20,6,6,3,6,6,1
5086,7,2,2,6,4,2,0
3608,13,5,5,3,2,5,0
4687,2,1,1,1,1,1,0
3010,10,4,5,1,2,5,0
207,2,1,1,5,1,1,0
5557,6,3,3,1,1,4,0
7404,16,4,5,4,6,4,1
4545,7,3,3,2,1,4,0
7737,4,1,2,4,5,1,0
2057,8,2,3,3,5,2,0
3109,3,1,1,6,2,1,0
4247,14,5,4,6,4,4,1
3931,9,3,2,6,5,2,0
8215,7,2,2,6,6,1,0
3988,18,6,5,5,4,5,1
1525,11,3,3,6,6,2,1
6208,3,2,2,2,1,2,0
2756,6,2,2,3,2,3,0
4413,4,2,2,1,3,2,0
8883,5,1,3,1,6,2,0
336,3,1,1,2,2,2,0
1078,4,1,2,2,6,1,0
4974,12,4,4,3,4,4,0
2270,2,1,1,6,1,1,0
8441,7,3,3,3,3,3,0
5588,18,6,6,4,6,5,1
4877,13,5,4,6,3,4,1
2799,15,5,5,2,4,5,1
1149,7,2,2,6,6,1,0
8324,13,5,5,3,2,5,0
6945,8,2,3,3,6,2,0
192,18,6,6,4,4,6,1
3254,2,1,1,5,1,1,0
7479,11,4,4,2,4,4,1
6587,12,4,5,1,3,5,0
1262,18,6,5,6,4,5,1
1975,1,1,1,2,3,1,0
1280,4,3,2,1,1,3,0
657,9,3,3,4,5,3,1
6498,3,1,1,4,2,1,0
270,8,3,4,1,3,4,0
2323,9,3,2,6,5,2,0
2059,4,2,2,2,4,2,0
2671,16,5,6,1,5,6,1
5863,12,3,3,6,6,2,0
3411,9,3,3,5,5,2,0
2213,14,4,4,6,6,3,1
581,6,3,2,3,2,3,0
913,11,3,3,5,6,3,1
3048,7,2,2,5,4,2,0
6726,8,3,3,2,3,3,0
3551,9,3,3,5,3,3,0
7871,1,1,1,4,1,1,0
5395,1,1,1,5,1,1,0
6948,6,3,3,1,2,4,0
8977,1,1,1,3,1,1,0
429,10,5,4,1,1,5,0
2769,10,3,2,6,4,1,1
8607,3,2,1,2,1,2,0
650,7,2,2,4,6,2,0
4991,7,2,3,3,5,2,1
6738,16,5,5,4,3,5,1
582,9,3,3,4,4,3,0
6256,14,4,4,6,5,3,0
1995,9,2,3,4,6,2,1
7816,20,6,6,3,6,6,1
3881,16,4,5,5,6,4,1
1445,17,5,5,6,6,4,1
8579,7,3,2,4,3,3,0
4803,8,2,3,2,5,3,0
805,9,3,3,3,3,4,0
7098,11,5,4,4,1,5,1
6855,6,3,2,3,2,3,0
7445,15,5,4,5,3,5,1
391,20,6,6,2,6,6,1
3797,13,5,4,5,3,4,0
4212,18,6,6,2,6,6,1
3561,10,3,3,5,4,3,0
2175,9,3,3,6,5,2,0
559,8,3,4,1,3,4,0
1688,11,5,5,1,1,6,1
2954,15,5,4,5,4,4,1
7275,16,5,5,6,6,4,1
8689,8,3,3,2,4,3,0
8527,2,1,1,1,5,1,0
2775,4,2,2,1,3,3,0
3253,16,6,6,3,3,6,1
3908,8,3,3,2,2,4,0
1640,8,3,3,2,4,3,0
4040,2,1,1,1,3,1,0
6754,6,3,2,6,1,2,0
1455,9,4,3,3,1,4,1
3481,9,3,3,6,5,2,1
399,3,1,1,2,2,2,0
4132,18,6,6,3,4,6,1
7644,18,6,6,3,4,6,0
1807,20,6,6,4,6,6,1
3691,9,3,3,6,4,2,1
5605,5,1,2,6,5,1,0
8268,2,1,1,4,1,1,0
4918,10,4,3,4,3,4,0
907,16,5,6,1,4,6,1
8468,10,3,4,1,4,4,1
8036,1,1,1,6,1,1,0
8130,5,2,3,1,2,3,0
2974,11,4,4,2,3,4,0
4089,12,3,3,5,6,2,0
3909,20,6,6,4,5,6,1
8039,6,2,1,6,3,1,0
7736,8,2,3,4,5,2,0
5057,3,1,2,1,2,2,0
8858,20,6,6,4,6,6,1
3500,8,3,3,3,2,3,0
8244,3,1,1,6,4,1,0
7260,2,1,1,4,3,1,0
3873,2,1,1,1,1,2,0
1506,17,6,5,5,3,6,1
2040,16,6,5,3,3,6,1
1239,8,2,3,2,6,3,0
8239,15,4,5,2,6,5,1
1533,17,6,6,3,4,6,1
672,9,2,3,2,6,3,0
8604,6,2,2,4,3,2,0
4518,2,1,1,5,1,1,0
5413,16,6,5,4,1,6,1
3905,7,2,2,5,4,2,0
7238,6,2,2,3,5,2,1
3939,9,4,4,1,2,5,0
2785,2,2,1,3,1,2,0
1126,1,1,1,1,1,1,0
3385,18,6,6,5,5,5,1
4787,11,3,3,5,6,3,1
1201,18,5,6,3,6,5,1
1338,18,5,6,5,6,5,1
4260,17,5,5,5,5,5,1
7922,16,5,5,5,6,4,1
321,16,6,5,4,3,6,1
2915,12,4,5,1,3,5,0
6938,19,6,6,2,5,6,1
8195,18,5,6,2,6,6,1
3355,9,4,3,5,2,3,0
3987,2,1,1,2,1,2,0
3934,5,2,2,3,2,2,0
1829,8,3,3,3,2,3,1
664,9,2,3,2,6,3,0
784,6,2,3,1,3,3,0
4144,19,6,6,5,5,5,1
5245,11,4,3,6,3,3,1
3836,15,5,5,5,4,5,1
3062,1,1,1,1,1,1,0
4493,5,3,2,2,1,3,0
1578,16,5,5,3,3,6,0
383,3,2,2,1,1,3,0
6875,11,3,4,3,5,3,0
2808,20,6,6,4,6,6,1
1172,19,6,6,2,3,6,1
7149,1,1,1,6,1,1,0
3,4,2,2,3,4,2,0
2021,5,2,3,1,2,3,0
3427,17,6,5,6,4,5,1
7634,3,1,2,1,2,2,0
1901,6,2,3,1,4,3,0
5418,20,6,6,4,5,6,1
5652,2,1,1,6,3,1,0
6975,15,3,5,5,6,3,1
3469,3,1,2,1,3,2,0
3162,18,6,5,6,4,5,1
7106,16,4,5,5,6,4,1
8625,16,5,5,2,4,5,1
6080,2,2,1,4,1,2,0
6886,12,4,3,5,3,4,0
5069,3,2,1,6,2,1,0
7334,13,4,5,3,4,4,0
6310,9,3,3,3,4,3,1
8385,18,6,6,5,5,5,1
3052,3,2,1,6,1,2,0
4232,10,4,3,5,2,4,0
3592,9,3,2,6,5,2,0
4301,5,2,3,1,5,2,0
274,15,3,4,5,6,3,1
237,10,4,3,4,1,4,0
1532,11,4,4,2,3,4,0
8855,18,6,6,1,3,6,1
8524,17,6,6,1,3,6,1
7194,3,1,1,2,6,1,0
2562,1,1,1,1,1,1,0
4361,7,3,3,2,1,4,0
4559,18,6,6,4,3,6,1
1635,4,2,2,3,1,2,0
5532,7,3,2,4,3,3,0
8062,9,3,4,1,3,4,0
3462,14,4,4,5,5,4,1
7327,18,5,6,3,6,5,1
8688,7,3,2,6,3,2,0
2925,19,6,6,4,3,6,1
3656,1,1,1,5,1,1,0
4339,10,4,3,5,3,3,1
1684,13,3,4,4,6,3,1
3684,12,4,5,2,3,5,1
6978,5,3,2,2,1,3,0
8122,1,1,1,1,1,1,0
2079,3,1,2,1,3,2,0
5768,14,3,4,6,6,2,1
4150,3,2,1,2,1,2,0
7130,5,2,3,1,3,3,0
5514,9,3,3,4,5,3,0
6932,11,4,4,2,3,5,0
2201,4,2,2,4,3,2,0
5758,16,5,5,5,5,5,0
4409,16,5,5,4,4,5,0
8642,8,3,2,6,3,2,0
4666,6,3,2,5,2,2,0
2772,2,1,1,4,1,1,0
1123,5,2,2,1,4,2,0
5453,14,3,4,4,6,3,0
6609,8,3,2,6,2,2,1
6737,14,5,4,4,3,5,1
3272,4,2,2,2,1,3,0
3531,2,2,1,3,1,2,0
8517,14,5,5,2,2,6,1
1359,3,2,1,4,3,1,0
5528,17,5,5,4,4,5,1
2342,3,2,2,1,1,3,0
3970,8,3,1,6,2,1,0
3083,7,3,3,3,2,3,0
4808,1,1,1,2,1,1,0
2708,2,1,1,6,6,1,0
1159,12,5,4,2,2,5,1
3484,9,2,3,6,6,2,0
4327,5,3,2,1,1,3,0
7316,5,2,2,1,4,2,0
8727,15,5,5,3,4,5,1
7594,11,4,3,5,3,4,1
4435,1,1,1,4,1,1,0
7269,7,2,4,1,4,3,0
101,14,5,6,1,2,6,1
4670,13,4,5,3,5,4,1
7707,2,1,1,4,5,1,0
5363,14,4,4,5,5,4,0
2343,1,1,1,1,2,1,0
5719,2,1,1,4,2,1,0
8040,16,5,5,4,5,5,1
8076,2,1,1,4,5,1,0
2739,8,2,3,3,6,2,1
4433,16,5,5,3,5,5,1
1667,11,4,4,2,2,5,0
6219,18,6,6,2,5,6,1
8683,13,4,4,5,4,4,1
7432,18,6,6,3,4,6,1
5568,8,3,4,1,3,4,0
771,15,5,4,6,3,4,0
3639,13,5,5,2,2,5,0
999,14,4,3,6,6,3,1
1736,3,1,1,5,1,1,0
208,10,4,4,2,2,5,0
1210,20,6,6,5,5,6,1
611,10,3,3,5,5,3,0
5368,16,4,5,4,6,4,0
7102,12,4,3,5,3,4,1
900,19,6,6,6,4,6,1
95,13,4,4,4,4,4,1
12,18,6,6,1,4,6,1
5189,8,3,4,1,2,4,0
5705,8,2,3,3,6,2,0
5744,2,1,1,1,1,2,0
6242,2,1,2,1,1,2,0
1529,4,1,1,5,6,1,0
3851,14,4,4,4,5,4,1
548,8,2,3,4,5,2,0
5780,2,1,1,4,3,1,0
6882,14,4,4,5,6,3,1
5297,10,4,3,6,2,3,1
954,3,1,2,3,3,2,0
7648,9,3,3,6,3,3,0
4644,15,6,5,2,1,6,1
6197,1,1,1,1,1,1,0
2211,14,4,5,2,5,5,1
3207,2,1,1,6,2,1,0
4118,2,1,1,6,1,1,0
7863,14,4,5,2,6,4,0
4784,2,1,1,5,2,1,0
3037,14,6,4,4,1,6,0
3548,11,3,4,3,6,3,1
3269,13,5,5,1,3,6,0
4290,3,1,2,2,5,1,0
517,18,6,6,4,3,6,1
290,13,5,4,5,3,4,0
2179,19,6,6,5,4,6,1
6115,11,4,4,2,3,4,0
7825,2,1,1,1,2,2,0
1089,14,5,5,1,2,6,1
6151,4,2,2,3,2,2,0
5599,13,5,5,3,2,5,1
6158,20,6,6,5,4,6,1
7060,8,4,4,1,1,4,0
6536,1,1,1,1,1,1,0
8772,15,6,5,2,2,6,1
6065,5,2,2,3,4,2,0
1947,8,3,2,5,4,2,0
4613,19,6,6,6,5,5,1
5179,10,4,4,1,3,4,0
188,20,6,6,4,5,6,1
1812,14,3,4,5,6,3,1
874,11,3,4,2,6,3,0
8972,10,3,2,6,6,2,1
8650,4,2,2,2,1,3,0
661,10,4,3,5,2,3,0
1904,2,1,1,6,4,1,0
1856,2,1,1,2,3,1,0
2231,18,5,6,2,6,5,1
7310,14,5,3,6,4,3,1
1718,4,2,2,4,4,2,0
294,3,1,1,4,2,1,0
8836,6,1,3,1,6,2,0
3791,16,6,6,3,2,6,0
2278,18,6,6,4,5,6,1
6236,6,2,2,4,5,2,0
8608,2,1,1,1,5,1,0
5714,12,3,3,5,6,3,0
1676,16,4,5,6,6,4,1
8516,4,2,2,3,4,2,0
8717,20,6,6,6,6,5,1
8102,2,1,1,5,4,1,0
5271,17,5,6,4,5,5,1
6293,6,2,3,2,4,2,0
1593,6,3,1,6,1,2,0
5623,13,4,5,1,4,5,1
7561,2,1,1,1,4,1,0
1879,10,4,3,4,2,4,0
1750,4,2,2,3,2,2,0
7490,15,5,5,3,4,5,1
3998,11,4,3,5,4,3,1
1469,14,5,4,6,2,5,0
4646,7,2,3,3,5,2,0
2063,12,4,4,4,3,4,1
137,7,2,2,4,6,2,0
7711,3,2,1,6,1,1,0
8796,18,6,6,5,5,5,1
5463,8,3,3,3,3,3,1
7897,5,1,2,3,6,1,0
2691,5,2,2,3,4,2,0
610,3,1,1,4,3,1,0
601,5,2,1,6,3,1,0
1848,1,1,1,6,1,1,0
6039,8,3,3,3,2,3,0
4457,3,2,1,6,1,1,0
8494,2,1,1,1,2,1,0
3923,13,5,4,4,3,4,1
4587,6,4,3,1,1,5,0
272,3,2,2,1,1,3,0
768,8,2,3,2,5,3,1
5437,18,6,6,2,4,6,0
7745,4,2,2,3,1,2,0
7233,7,3,3,2,1,4,0
5421,1,1,1,6,1,1,0
8766,4,2,2,2,2,2,0
8454,19,6,6,4,5,6,1
8201,9,4,3,4,1,4,0
3464,8,3,3,2,2,4,0
1097,5,3,2,1,1,3,0
5013,11,2,3,6,6,2,0
6704,13,4,4,4,6,4,1
4953,12,4,4,5,3,4,1
4757,1,1,1,6,1,1,0
4996,10,4,4,3,3,4,1
6606,14,4,4,5,5,4,1
2872,9,4,3,2,2,4,0
8817,2,1,1,5,6,1,0
3761,16,6,5,5,4,5,1
3999,1,1,1,1,1,1,0
2757,11,4,4,2,3,4,0
5171,19,6,6,6,6,5,1
6011,16,5,6,2,6,5,1
302,7,3,3,2,3,3,0
8929,20,6,6,6,5,6,1
8330,3,1,1,6,6,1,0
3558,2,1,1,3,2,1,0
1974,14,5,5,2,2,5,0
3706,15,4,5,5,6,4,0
7282,3,1,1,4,5,1,0
7621,4,1,1,6,5,1,0
1530,3,2,2,1,1,3,0
5576,2,1,1,5,1,1,0
7110,11,5,4,1,2,5,1
7188,1,1,1,1,1,1,0
72,18,6,6,4,4,6,1
135,20,6,6,4,5,6,1
7681,2,1,1,6,2,1,0
2233,19,6,6,2,3,6,1
7919,15,6,6,1,2,6,0
1308,18,6,6,2,5,6,1
8319,12,3,4,4,6,3,1
3373,4,2,1,6,3,1,0
4858,15,4,5,5,6,3,1
5549,7,3,3,3,4,3,1
1102,1,1,1,6,1,1,0
4536,11,3,4,3,5,3,0
4274,20,6,6,4,4,6,1
7798,17,6,5,6,4,5,1
315,11,4,4,2,2,5,0
502,20,6,6,5,6,5,1
7694,7,2,2,4,5,2,0
162,2,1,1,6,4,1,0
6838,12,4,4,4,3,4,0
8329,4,2,3,1,3,3,0
266,11,3,4,3,6,3,1
3732,8,2,2,5,6,2,0
5473,2,1,1,1,1,2,0
5423,16,5,5,4,4,5,1
3630,13,4,5,2,4,5,0
1835,7,3,2,5,2,3,0
7973,3,2,1,6,1,2,0
8671,12,5,4,3,2,5,1
3156,16,5,5,4,3,5,0
3029,1,1,1,4,1,1,0
8174,6,2,3,2,4,2,0
5615,1,1,1,6,1,1,0
3168,18,6,6,2,4,6,1
5656,6,3,2,4,2,3,0
8429,20,6,6,6,6,5,1
3764,4,2,1,5,1,2,0
7039,6,2,2,4,3,2,1
6237,9,3,4,1,3,4,0
7377,15,6,5,2,2,6,1
3380,15,5,6,1,2,6,1
7257,9,3,4,1,4,4,0
4876,5,1,2,1,6,2,0
3418,15,5,5,3,3,5,1
1543,16,5,5,5,4,5,1
8120,2,1,1,1,1,2,0
125,13,5,4,4,2,5,0
6281,11,5,4,3,1,5,1
5161,16,6,6,2,2,6,1
5376,14,4,4,5,6,4,1
2386,16,5,5,5,6,4,0
4842,15,5,5,5,5,4,0
6744,6,2,3,1,6,3,0
1271,2,1,1,6,5,1,0
7870,3,1,1,5,2,1,0
2731,10,3,4,3,6,3,1
5471,14,5,4,5,4,4,1
5566,5,1,2,5,6,1,0
7163,14,5,5,3,3,5,0
3746,14,4,4,6,5,3,1
4740,12,3,4,5,6,2,1
387,14,5,4,4,4,4,0
3420,1,1,1,1,1,1,0
3304,9,4,3,5,1,4,0
7171,11,5,4,3,1,5,0
7639,13,5,4,4,2,5,1
7167,17,6,5,5,4,5,1
2865,20,6,6,3,5,6,1
4034,20,6,6,5,6,6,1
6292,8,4,2,5,1,3,0
5562,8,3,4,1,2,4,0
8485,7,3,2,4,2,3,0
6109,19,6,6,3,4,6,1
7808,14,4,5,3,6,4,1
2004,19,6,6,4,6,6,1
6538,19,6,6,4,4,6,1
8515,7,3,2,6,3,2,1
7158,18,5,6,4,6,4,1
8518,9,4,2,6,2,3,0
7913,19,6,5,6,4,4,1
8425,20,6,6,3,6,6,1
7272,9,3,3,2,3,4,0
6243,1,1,1,1,1,1,0
5892,16,5,6,3,4,6,1
8791,16,5,5,4,4,5,1
3468,11,4,5,1,2,5,0
1762,8,3,3,3,4,3,0
1945,16,6,6,1,3,6,1
5085,11,4,4,2,2,5,0
8695,20,6,6,4,5,6,1
7729,2,1,1,3,1,2,0
7005,15,5,5,5,2,5,1
3902,18,6,6,4,3,6,1
7532,7,2,2,4,6,2,0
7533,1,1,1,3,1,1,0
295,20,6,6,5,6,6,1
8619,5,2,2,2,2,3,0
4837,16,5,5,4,5,4,1
7512,5,3,2,5,1,3,0
6153,8,4,3,2,1,4,0
477,8,4,4,1,1,5,0
8096,16,5,6,3,4,5,1
2075,18,6,6,3,4,6,1
7851,1,1,1,6,1,1,0
6113,8,3,4,1,2,4,0
7120,16,5,5,5,4,5,1
7378,13,4,4,4,3,4,1
6809,12,3,4,4,6,3,1
4045,3,1,1,4,2,1,0
839,11,4,4,3,3,4,1
5029,16,6,5,4,3,6,1
1081,13,4,4,4,5,4,1
6233,11,5,4,1,1,6,0
6305,17,6,6,2,4,6,1
2440,9,4,3,2,1,5,0
4427,13,5,5,3,3,5,0
6124,3,1,2,1,3,2,0
888,2,1,1,6,1,1,0
2703,19,6,6,2,6,6,1
7902,1,1,1,6,1,1,0
8767,20,6,6,1,4,6,1
8978,12,4,4,4,5,4,0
7342,12,5,3,5,2,4,1
7968,3,1,1,6,3,1,0
3021,3,1,1,2,6,1,0
8645,16,5,4,6,6,3,1
5601,12,4,5,2,3,5,0
1943,9,4,3,4,2,4,0
3279,10,3,3,6,6,2,1
7579,8,2,3,3,6,2,0
280,10,4,4,2,2,4,1
7143,5,1,2,6,6,1,0
6969,16,5,6,1,3,6,0
3301,5,2,1,6,5,1,0
2924,19,6,5,6,4,5,1
4763,13,5,5,1,2,5,1
472,11,3,3,6,6,2,0
2385,5,2,2,5,4,2,0
8946,18,6,6,2,3,6,1
1764,17,5,5,6,5,5,1
691,3,1,1,6,2,1,0
7826,2,1,1,4,4,1,0
8550,17,6,5,4,4,5,1
2436,3,2,2,3,1,2,0
5078,4,2,1,6,1,2,0
244,14,4,4,5,5,4,1
6916,6,2,2,3,4,2,0
6693,8,3,3,2,4,3,0
4551,16,5,5,3,3,6,1
4378,12,4,3,6,3,3,1
8151,15,4,5,3,6,4,0
2457,4,1,2,3,6,1,0
6189,10,3,2,6,6,2,1
3247,11,3,4,4,6,3,1
1402,16,6,6,2,2,6,1
5598,12,4,4,5,3,4,1
3566,12,3,4,4,6,3,0
6112,12,5,5,2,2,5,1
936,7,2,2,6,6,1,0
4694,5,2,2,5,4,2,0
968,10,3,2,6,6,2,0
56,3,2,2,1,1,3,0
1606,1,1,1,1,1,1,0
5024,16,5,5,5,5,5,1
4593,12,4,4,3,4,4,0
2425,9,3,3,4,3,3,1
5053,17,6,5,4,4,5,1
3009,16,5,4,6,6,4,1
604,8,2,3,4,6,2,1
6582,1,1,1,6,1,1,0
4209,20,6,6,4,5,6,1
6961,2,1,1,4,5,1,0
2094,20,6,6,4,6,6,1
4505,7,4,2,6,1,3,0
3818,16,5,6,1,4,6,0
7809,5,3,2,2,1,3,0
620,19,6,6,2,5,6,1
2864,4,1,1,5,5,1,0
8063,18,6,6,2,4,6,1
820,9,3,3,2,4,3,0
4193,9,4,3,2,1,4,0
5910,16,4,5,6,6,4,1
7129,18,6,6,5,4,6,1
344,16,5,5,4,4,5,1
8878,20,6,6,4,5,6,1
2813,16,6,6,3,2,6,1
73,6,3,2,3,1,3,0
544,15,5,4,6,4,4,1
4731,20,6,6,3,6,6,1
5426,2,1,1,4,2,1,0
2347,20,6,6,3,5,6,1
1467,18,6,6,2,5,6,1
3734,17,4,6,2,6,4,1
718,11,3,4,2,6,3,0
4438,15,5,5,2,3,6,1
2663,16,5,6,2,5,5,1
166,2,1,2,1,2,2,0
2361,18,6,6,2,5,6,1
5342,19,6,5,6,5,4,1
7515,4,2,2,1,2,3,0
4273,3,1,2,2,4,2,0
2379,1,1,1,1,2,1,0
6291,20,6,6,3,6,6,1
2041,19,6,6,5,4,6,1
2232,18,6,6,5,5,5,1
3290,8,3,3,3,3,3,0
8435,20,6,6,2,5,6,1
236,19,6,6,4,5,6,1
6979,7,3,2,4,3,2,0
8198,19,6,6,5,5,6,1
1273,12,4,4,3,3,5,1
375,9,4,3,4,2,4,0
4044,5,2,2,5,2,2,0
5444,18,6,5,6,4,5,1
3948,10,3,3,5,5,3,1
5119,13,5,5,1,2,5,0
8708,3,1,2,1,2,2,0
4580,20,6,6,2,3,6,1
3448,11,3,4,3,5,3,1
8894,20,6,6,2,4,6,1
5525,7,2,2,5,5,2,0
8055,3,1,2,1,2,2,0
2152,18,6,6,2,4,6,1
5975,20,6,6,3,6,6,1
6570,19,6,6,3,5,6,1
367,2,1,1,3,1,1,0
6880,16,5,5,3,5,5,1
1720,2,1,1,4,4,1,0
8177,12,4,4,4,5,4,1
6923,8,3,3,3,3,3,1
6144,7,2,2,4,6,2,0
1698,3,2,2,1,2,2,0
487,9,4,4,1,2,4,0
3236,17,6,6,2,2,6,1
681,19,6,6,3,5,6,1
522,16,5,5,5,4,5,1
4928,12,5,4,2,2,5,0
6405,17,6,5,6,4,5,1
5540,13,5,5,3,2,5,0
5887,9,3,3,5,4,3,0
5997,5,3,2,1,1,4,0
7466,17,6,6,1,4,6,1
7628,11,5,4,2,1,5,1
6836,5,3,2,5,1,3,0
4358,13,4,5,2,4,5,1
6070,16,6,5,4,3,5,1
4458,7,3,2,6,3,2,1
7718,7,3,3,2,2,3,0
3742,16,5,5,3,5,5,1
386,14,5,5,3,4,5,0
8480,19,6,6,5,5,5,1
3653,3,2,1,6,1,1,0
4904,7,3,3,2,2,3,0
5498,2,1,1,6,1,1,0
7716,10,3,4,3,4,4,0
2196,4,1,1,5,6,1,0
7291,16,5,5,3,5,5,1
7011,3,1,1,5,3,1,0
7071,2,1,1,6,2,1,0
1244,7,2,2,5,5,2,0
5958,9,4,4,1,2,4,0
1497,11,4,4,3,3,4,0
6927,15,5,5,2,3,6,0
1547,15,5,6,1,4,5,1
5219,8,3,2,5,5,2,0
7277,5,2,2,3,5,2,0
3206,5,1,2,3,6,2,0
5679,8,4,3,2,1,4,0
6619,3,1,2,1,4,2,0
4285,11,4,4,4,4,4,0
7214,10,3,4,3,5,3,1
3898,1,1,1,1,1,1,0
4035,17,5,6,4,5,5,1
3510,15,5,5,3,3,5,1
6025,19,6,6,1,6,6,1
788,10,4,3,5,3,3,0
5978,5,2,3,1,3,3,0
6565,7,3,3,2,2,3,0
856,5,3,2,3,1,3,0
722,15,5,4,6,4,4,1
8001,4,1,1,6,6,1,0
931,7,2,2,5,6,2,0
8234,15,5,5,2,2,6,0
6274,10,3,4,3,4,4,1
2672,13,4,5,3,6,4,0
8633,3,2,1,6,1,1,0
5436,2,1,1,3,1,1,0
5475,2,2,2,1,1,3,0
3504,2,1,1,6,2,1,0
8744,2,2,1,1,1,2,0
2881,13,5,5,3,2,5,0
6483,17,6,6,3,4,6,1
2955,6,3,2,3,2,3,1
8614,11,4,4,2,4,4,0
2160,17,6,6,2,2,6,0
7792,12,3,4,2,6,4,0
7623,19,6,6,5,4,6,1
8882,1,1,1,6,1,1,0
2248,18,6,6,4,5,5,1
1832,13,5,5,2,1,6,1
8798,8,2,2,5,5,2,0
8101,13,4,4,4,6,4,0
1483,6,2,1,6,6,1,0
7197,16,5,5,3,4,5,1
2829,17,5,5,4,5,5,1
5894,18,6,6,4,5,6,1
674,19,6,6,5,4,6,1
3331,2,1,1,2,6,1,0
4496,12,4,5,2,4,4,0
8127,13,4,4,4,4,4,0
2404,3,3,2,1,1,4,0
6247,11,3,4,2,6,3,0
2748,1,1,1,6,1,1,0
4847,14,5,5,1,4,5,1
733,1,1,1,1,1,1,0
5878,16,5,5,3,3,6,0
312,7,3,2,4,3,3,0
6385,1,1,1,1,1,1,0
6731,6,2,2,3,6,2,0
3642,12,2,4,4,6,2,0
1277,8,3,3,4,4,2,0
7763,11,4,4,3,4,4,0
3181,12,4,4,3,4,4,1
5718,8,3,3,3,4,3,0
4900,10,3,3,5,4,3,0
3974,15,4,4,5,6,4,1
8771,12,5,4,3,2,5,1
5694,6,2,2,4,3,2,0
327,7,3,3,3,3,3,0
4483,19,6,6,1,5,6,1
4207,13,4,5,3,6,4,1
337,5,2,2,6,5,1,0
809,16,5,5,4,4,5,1
2049,10,4,2,6,2,2,1
7860,20,6,6,4,5,6,1
3620,3,1,2,1,2,2,0
1968,7,3,3,2,1,4,0
2242,8,4,3,3,1,4,1
4949,14,5,4,5,2,5,1
5244,1,1,1,4,1,1,0
7618,8,3,4,1,4,4,0
5586,13,5,3,6,3,4,1
7357,2,1,1,1,1,2,0
1397,4,2,1,5,2,2,0
4440,6,2,3,1,2,3,0
86,18,6,6,4,3,6,1
2197,14,5,5,3,2,6,0
7179,6,3,3,2,1,3,0
4785,20,6,6,4,5,6,1
7046,14,6,5,1,1,6,0
4761,16,6,5,3,3,6,1
1883,16,6,6,2,3,6,1
2617,16,5,6,1,5,6,0
2486,15,4,5,3,6,4,1
8898,20,6,6,2,6,6,1
891,13,5,4,4,3,4,0
8951,13,3,3,6,6,2,1
8800,9,2,3,6,6,2,0
7487,6,2,1,6,4,1,0
6649,2,1,1,1,2,2,0
8173,12,4,4,5,3,4,0
4129,6,3,2,3,1,3,0
7959,13,3,4,4,6,3,0
8932,8,2,3,2,6,2,0
2137,11,4,4,4,4,4,0
4405,16,6,5,3,3,6,0
769,17,5,5,6,6,4,1
8706,10,3,3,5,6,3,1
1926,12,4,4,4,3,4,1
6853,10,3,3,5,5,3,0
7748,1,1,1,2,1,1,0
8071,4,2,2,1,3,2,0
3649,3,2,1,6,1,1,0
2831,9,4,3,4,2,4,0
7551,13,5,4,4,2,5,1
753,8,3,3,2,3,3,0
6957,8,2,2,5,6,1,1
6289,16,5,5,4,5,5,1
4674,1,1,1,6,1,1,0
3094,10,5,4,1,1,5,0
4993,6,2,2,3,4,2,0
7121,17,6,6,2,3,6,1
7306,18,6,6,3,5,6,1
735,16,5,5,6,3,5,1
4864,15,5,5,3,4,5,0
6118,4,2,1,5,2,2,0
5239,2,2,1,6,1,1,0
4499,13,5,5,1,2,6,0
6984,16,6,5,4,2,6,1
1398,18,6,5,6,4,5,1
5944,3,2,1,4,1,2,0
3838,15,5,5,2,5,5,1
8961,13,4,5,3,4,5,0
7506,11,3,4,2,6,3,1
7526,3,1,1,6,3,1,0
8415,11,4,4,2,2,5,1
1304,6,3,3,2,1,4,1
5294,4,2,2,2,1,3,0
1083,13,3,4,6,6,2,1
4266,8,3,3,2,2,4,0
2225,10,2,3,5,6,2,1
6203,15,5,5,5,4,5,1
6784,6,3,2,6,1,2,0
3936,8,3,2,6,3,2,0
2683,8,3,2,6,2,2,0
3522,7,2,3,3,4,3,0
865,20,6,5,6,4,5,1
7127,5,1,2,6,6,1,0
4338,6,2,3,2,4,2,0
1817,3,1,1,4,5,1,0
1133,19,6,6,4,5,6,1
740,4,2,1,6,2,1,0
7927,17,6,6,2,3,6,1
8559,11,4,4,2,2,5,1
1990,7,2,1,6,4,1,1
2360,6,2,3,2,4,2,0
5833,2,1,2,1,4,1,0
7690,1,1,1,1,5,1,0
7193,9,4,3,3,2,4,1
1844,15,5,4,5,4,4,1
5103,9,3,3,4,4,3,0
5717,10,4,3,4,3,4,0
956,2,1,1,6,5,1,0
8895,14,5,5,3,4,5,1
451,17,6,6,4,4,5,1
7019,6,3,2,3,2,3,1
6255,8,1,2,6,6,1,0
8006,9,3,3,3,3,3,1
4061,9,2,3,6,6,2,0
2421,9,4,3,5,2,3,0
1207,8,4,3,2,1,4,0
3177,5,2,2,5,4,2,0
8427,14,3,5,3,6,3,1
5154,2,1,1,1,1,2,0
6578,4,2,2,1,3,2,0
1165,19,6,6,5,4,6,1
8774,16,5,6,2,4,6,1
8523,20,6,6,6,5,5,1
7038,10,3,3,4,4,3,1
5349,8,3,3,4,2,3,0
4094,5,1,2,2,6,2,0
6749,11,4,4,3,3,4,0
441,11,3,4,2,6,3,0
6909,18,6,6,4,3,6,1
1284,14,5,4,4,4,4,1
2820,18,6,6,1,3,6,1
3589,7,2,2,4,5,2,0
6762,18,5,6,4,5,5,0
8863,16,6,6,2,2,6,0
479,13,4,5,1,6,4,0
2644,4,2,2,3,3,2,0
1696,3,2,2,1,1,2,0
459,11,4,5,1,3,5,0
369,6,3,3,2,2,3,0
8806,19,6,6,5,3,6,1
3235,18,5,5,6,6,4,1
4591,8,2,3,4,5,2,0
5072,2,2,1,2,1,2,0
5358,9,3,3,5,5,3,0
8358,18,6,6,1,2,6,1
7593,13,4,5,3,5,4,0
6278,3,1,2,2,4,2,0
3024,16,6,5,4,3,5,1
5954,2,1,1,3,1,2,0
7571,3,2,1,5,1,1,0
4003,18,5,5,5,6,5,1
3040,1,1,1,2,1,1,0
8497,16,5,5,3,4,5,0
6983,15,4,6,1,6,5,0
7606,15,5,6,1,5,5,1
6558,10,3,4,1,5,4,0
5938,8,3,3,2,3,3,0
5099,6,4,3,1,1,5,0
2352,5,2,2,3,5,2,0
8433,6,1,1,6,6,1,0
5313,8,4,4,1,1,5,0
3451,14,6,4,4,1,5,1
7874,16,5,5,3,4,5,1
1866,13,4,4,6,4,4,1
5752,20,6,6,4,6,6,1
4347,11,3,4,3,6,3,1
895,4,2,2,2,3,2,0
431,19,6,6,6,5,5,1
8270,13,3,4,4,6,3,1
1197,18,5,6,4,6,5,1
8088,9,3,3,3,4,3,0
2245,9,2,3,3,6,2,0
1344,20,6,6,3,6,6,1
2024,1,1,1,2,1,1,0
1872,17,6,6,1,3,6,1
8323,12,4,4,2,3,5,0
4157,10,4,3,5,3,4,0
6191,5,3,2,3,1,3,0
675,16,5,5,4,4,5,1
4087,2,1,1,5,1,1,0
8264,7,2,2,4,5,2,0
3082,14,5,3,6,2,4,1
4519,4,2,2,1,3,3,0
2119,10,3,3,5,6,2,1
5427,8,3,3,2,2,4,0
8308,7,2,3,3,6,2,1
7585,15,5,5,3,3,5,1
443,6,3,1,6,2,2,0
2605,4,3,2,2,1,3,0
3409,16,6,5,2,2,6,1
5088,18,5,6,3,6,5,1
8813,19,6,6,3,6,6,1
3866,14,4,5,3,6,4,0
2200,8,3,3,3,2,3,0
8530,10,4,3,4,2,4,1
8152,20,6,6,6,6,5,1
5924,12,3,4,4,6,3,0
860,17,5,6,2,5,6,1
7037,2,1,1,3,1,1,0
4422,3,1,1,4,5,1,0
2576,4,2,2,2,3,2,0
2548,18,6,5,6,5,4,1
8511,15,4,4,6,5,3,1
438,18,6,4,6,5,4,1
705,1,1,1,2,2,1,0
5374,13,4,3,6,4,3,1
6016,20,6,6,4,6,6,1
3695,16,5,5,4,3,5,1
6089,9,3,4,1,5,3,0
3178,16,5,5,4,4,5,0
3431,13,4,4,5,6,3,1
379,20,6,6,3,6,6,1
7834,4,2,1,5,3,2,0
1788,11,5,4,2,1,5,0
8987,20,6,6,5,5,6,1
4502,8,4,5,1,1,5,0
3365,6,2,3,1,4,3,1
3387,12,5,5,1,2,6,1
5135,4,2,2,4,1,2,0
8402,3,1,1,4,3,1,0
8168,6,3,2,3,2,3,0
7670,15,5,5,5,3,5,1
5186,5,2,2,2,5,2,0
6523,1,1,1,6,1,1,0
5177,7,3,2,6,1,3,0
4810,9,4,5,1,2,5,0
6877,7,3,2,4,2,3,0
5321,3,1,1,5,2,1,0
1015,5,2,2,5,2,2,0
6129,14,5,4,6,3,4,1
2556,18,6,6,1,5,6,1
8440,9,3,4,1,5,3,1
7230,11,3,4,4,6,3,0
5409,3,1,1,4,4,1,0
6476,2,1,1,1,1,2,0
3341,7,3,3,2,2,3,0
2658,18,6,5,6,5,5,1
257,19,6,6,5,6,5,1
7867,13,5,4,4,2,5,1
6009,12,4,5,2,5,4,1
2588,15,5,5,2,4,5,1
3270,6,3,2,4,2,3,0
586,20,6,6,2,4,6,1
5019,2,1,1,5,1,1,0
6675,3,2,1,4,2,2,0
4436,5,1,2,5,6,1,0
6075,6,2,3,1,6,2,0
2793,2,1,1,3,3,1,0
2296,15,5,5,5,2,5,1
899,2,1,1,1,2,2,0
3318,13,4,5,2,4,5,1
492,16,5,5,5,6,4,1
5677,19,5,6,5,6,5,1
8753,18,6,6,2,4,6,1
6332,4,2,1,6,1,1,0
2298,8,4,4,1,1,5,0
6611,15,5,5,3,3,5,1
4331,8,4,3,2,1,5,1
4756,1,1,1,6,3,1,0
2956,11,2,4,4,6,2,0
4979,15,4,5,2,5,5,1
6418,9,4,4,1,2,5,0
3493,10,4,4,3,3,4,1
7671,5,2,2,2,4,2,0
2792,4,3,2,1,1,3,0
3348,20,6,6,2,5,6,1
5996,10,4,5,1,3,5,0
3769,14,5,4,5,3,5,1
4729,10,3,3,5,5,3,0
2135,5,2,2,2,2,3,0
5090,19,6,6,5,6,5,1
3789,1,1,1,4,2,1,0
432,2,1,1,1,1,2,0
3638,10,3,3,4,5,3,0
494,13,4,5,2,5,4,0
8802,15,4,5,2,6,4,1
3349,16,5,5,4,3,5,0
7679,7,2,2,4,6,2,0
8461,1,1,1,1,1,2,0
2687,16,5,5,3,5,5,0
198,12,4,5,2,5,4,0
6121,6,2,2,4,5,2,0
374,4,1,2,1,6,2,0
5114,16,5,5,6,4,5,1
7092,10,3,3,5,4,3,1
6765,13,4,4,4,6,4,1
6209,8,3,2,5,4,2,0
5257,2,1,1,6,3,1,0
3550,1,1,1,5,2,1,0
6429,9,4,3,3,2,4,0
2634,5,2,2,5,4,2,0
1106,12,3,4,5,6,3,1
2045,11,3,4,4,6,3,0
3657,15,5,4,5,4,4,1
3545,17,6,6,4,4,6,0
5912,17,5,6,2,5,6,1
6448,10,3,4,2,5,4,0
6890,7,3,2,4,3,3,0
8010,2,1,1,6,2,1,0
5885,14,4,5,2,5,5,1
3377,3,1,1,6,6,1,0
4198,10,2,3,4,6,2,0
4204,19,6,6,2,3,6,1
3022,17,6,5,6,3,5,1
7151,10,3,2,6,5,2,0
3511,14,5,5,3,3,5,1
6878,13,4,5,1,5,4,0
7955,6,3,3,1,2,4,0
690,16,6,5,4,3,5,1
7674,7,2,2,5,6,2,0
5163,2,1,1,6,4,1,0
8416,4,2,2,2,2,2,0
3104,14,5,5,2,2,5,0
8773,6,2,2,6,3,2,1
317,18,5,6,3,6,5,1
852,1,1,1,2,1,1,0
4558,2,1,1,6,2,1,0
987,19,6,6,4,4,6,1
3005,5,2,2,6,5,1,0
109,6,3,2,3,2,3,0
1036,13,4,5,1,4,5,0
7220,16,5,5,5,5,4,0
4477,12,5,4,3,2,5,1
5388,7,2,3,3,4,3,0
5644,1,1,1,2,1,1,0
4527,3,2,2,1,3,2,0
5614,6,2,3,1,5,3,0
8243,5,2,1,6,2,1,0
6583,6,2,2,5,2,2,0
2846,4,2,2,4,3,2,0
5891,13,3,4,4,6,3,1
7570,20,6,6,6,6,6,1
7352,6,3,3,1,2,3,0
6072,3,1,1,6,5,1,0
3102,18,6,6,2,4,6,1
7769,9,2,3,6,6,2,1
5330,1,1,1,2,1,1,0
7945,3,1,1,6,3,1,0
5823,12,5,3,6,2,3,1
6435,11,4,4,2,2,5,1
164,2,1,1,2,1,1,0
1142,8,2,2,5,5,2,0
1048,13,4,5,1,6,4,0
6676,19,6,6,4,5,6,1
7647,10,4,3,4,2,4,0
518,4,1,2,4,6,1,0
3917,3,1,1,4,2,1,0
7981,6,3,2,5,2,2,0
1465,1,1,1,1,1,1,0
1976,3,1,1,4,2,1,0
4819,5,3,1,6,1,2,0
2210,13,4,4,4,4,4,1
5622,8,3,4,1,4,4,1
6402,5,2,1,6,4,1,0
4798,10,3,3,4,5,3,0
4857,5,1,2,3,6,1,0
221,10,3,2,6,4,2,1
1637,2,1,1,6,1,1,0
3984,15,5,4,6,3,4,1
2939,6,3,3,1,1,3,0
2071,7,3,3,1,3,3,0
3921,15,6,5,2,1,6,1
8048,9,4,3,6,2,3,1
3709,14,5,4,4,4,4,0
6550,6,4,2,3,1,4,1
7510,7,2,3,2,4,3,0
6485,18,6,6,2,4,6,1
5259,9,4,4,1,1,5,0
6136,18,5,6,3,6,5,1
5608,10,3,3,4,6,3,1
3138,15,4,5,3,6,4,1
4625,2,1,1,3,2,1,0
7184,12,4,4,4,5,4,1
323,12,5,4,4,2,4,1
3041,13,4,4,4,5,4,1
1440,2,1,1,2,2,1,0
4391,14,4,5,3,4,5,0
2964,4,2,1,6,2,1,0
4317,9,3,2,6,3,2,0
937,11,4,4,1,2,5,0
7081,17,6,5,6,4,4,1
3491,20,6,6,5,6,6,1
1701,13,4,5,3,5,4,1
3802,15,5,5,4,3,5,1
2114,17,5,6,3,5,5,1
4755,17,6,5,4,4,5,1
373,5,3,3,1,1,3,0
2666,13,4,5,3,4,4,0
2446,19,6,6,2,3,6,1
6987,3,2,1,6,2,1,0
5402,6,3,1,6,1,2,0
3757,2,1,1,1,5,1,0
5862,2,1,1,5,1,1,0
33,17,6,5,5,4,5,1
6154,13,4,5,3,5,4,1
3404,1,1,1,1,1,1,0
8043,7,3,2,6,3,2,1
2091,7,3,2,6,2,2,0
2586,16,5,5,5,4,5,1
1962,8,3,4,1,2,4,1
3752,20,6,6,3,5,6,1
2712,6,3,3,2,1,4,0
1693,4,1,2,3,6,1,0
6165,1,1,1,1,1,2,0
2487,2,1,1,4,1,1,0
3926,12,4,4,2,4,4,0
8794,6,2,3,1,4,3,0
2182,18,5,6,3,5,5,1
8640,1,1,1,6,1,1,0
7182,7,2,2,5,6,2,0
8962,13,3,4,6,6,2,1
4275,4,2,1,5,2,2,0
4109,16,5,5,5,5,5,1
5056,16,5,5,3,3,5,1
7199,11,3,4,2,6,3,1
6358,16,5,5,4,4,5,1
1662,3,2,2,3,1,2,0
37,14,3,4,5,6,3,1
5230,18,5,5,5,6,5,1
5447,3,2,2,2,2,2,0
1001,7,2,2,6,5,1,0
844,2,1,1,3,4,1,0
8338,3,2,1,2,1,2,0
7508,18,6,6,3,3,6,1
284,6,3,2,3,2,3,0
131,8,2,2,6,5,2,1
3240,10,3,3,4,6,3,1
698,13,5,5,1,2,6,0
3824,2,1,1,1,2,2,0
649,6,3,2,5,2,2,1
2268,18,5,6,5,6,5,1
7785,3,1,2,2,3,2,0
1893,18,6,5,5,4,5,1
7289,3,2,2,1,1,3,0
1988,5,2,2,1,2,3,0
7566,3,2,2,1,2,2,0
2764,8,3,3,4,3,3,0
8572,9,4,4,1,1,5,0
6803,3,2,1,6,1,1,0
2528,20,6,6,5,4,6,1
4028,15,5,6,1,2,6,0
2837,14,5,5,1,2,6,1
8046,11,3,4,4,5,3,0
4171,7,1,2,6,6,1,1
7057,4,1,2,3,5,2,0
1751,1,1,1,3,1,1,0
4043,12,4,4,5,3,4,1
7356,13,4,4,5,4,4,0
6015,2,1,1,2,3,1,0
1265,12,5,4,5,2,4,1
3172,15,5,4,5,3,4,1
190,3,1,1,4,2,1,0
1824,12,5,4,2,1,6,0
3723,8,3,3,4,4,3,0
4925,11,3,3,5,6,2,0
5660,8,4,3,2,1,4,0
6740,20,6,6,5,5,6,1
7910,6,3,2,3,2,3,0
8292,2,2,2,1,1,3,0
8186,9,3,3,4,4,3,0
6458,3,2,2,1,1,2,0
3333,17,5,5,6,5,4,1
1327,19,6,6,5,5,5,1
92,6,2,2,4,3,2,0
6043,12,3,4,4,6,3,0
437,16,5,6,3,4,6,1
8822,16,5,6,1,5,6,0
4794,4,2,2,4,3,2,0
5424,19,5,5,6,6,5,1
1999,11,3,4,2,5,4,0
732,16,6,5,5,2,6,1
2434,18,6,6,1,2,6,1
1540,9,3,3,5,6,2,0
1289,11,4,3,5,4,3,0
7132,5,1,2,2,6,2,0
2238,17,6,6,4,3,6,1
5361,11,3,4,3,5,4,0
5369,2,1,1,3,1,2,0
7850,8,4,4,1,1,5,0
7444,18,6,6,1,5,6,0
6706,11,4,4,4,4,4,0
85,9,4,3,6,2,3,1
2330,1,1,1,2,1,1,0
4147,14,4,4,4,4,4,1
1286,11,4,4,4,2,4,1
1655,2,1,1,4,5,1,0
8394,11,3,3,6,6,2,1
1301,3,1,2,1,5,1,0
5805,5,2,2,3,2,2,0
2714,10,3,3,5,6,2,1
1630,18,6,6,2,4,6,1
6857,3,2,2,1,1,4,0
3878,15,5,6,1,3,6,0
3529,7,4,3,2,1,4,0
1498,4,2,2,4,1,2,0
1864,10,3,4,1,6,4,0
1991,9,3,3,4,4,3,0
8314,5,3,2,5,1,2,0
1437,9,4,3,4,1,4,0
2016,13,3,4,4,6,3,1
6513,13,5,4,4,3,4,1
4265,3,1,2,3,5,1,0
2735,7,2,2,4,4,2,0
6460,15,5,6,1,3,6,1
7527,3,1,2,3,3,2,0
341,5,2,2,5,2,2,0
1070,3,2,1,6,2,1,0
7992,16,5,5,4,5,5,1
5327,12,5,5,1,2,6,1
6354,9,3,4,1,4,4,0
5178,16,5,5,4,4,5,1
1903,5,3,2,3,1,3,0
7496,14,4,3,6,5,3,1
2455,7,2,2,6,5,1,0
1478,15,5,5,2,5,5,1
3697,3,2,2,1,1,3,0
7411,10,2,3,4,6,2,0
7030,2,1,1,1,6,1,0
3340,11,4,4,4,3,4,0
6949,20,6,6,3,5,6,1
8512,12,3,4,2,6,4,0
2430,6,3,2,5,2,2,0
1103,2,1,1,6,1,1,0
7297,19,6,6,4,5,6,1
1357,20,6,6,6,6,6,1
7176,4,1,2,3,5,2,0
1178,15,5,5,4,2,5,1
2762,16,6,5,3,3,6,1
1105,10,4,4,2,2,5,1
2090,3,1,2,1,1,2,0
6544,18,6,5,5,4,5,1
6687,6,3,3,1,1,5,0
4737,1,1,1,6,1,1,0
7122,3,2,2,1,2,3,0
8879,12,4,3,6,4,3,1
1481,20,6,6,6,5,6,1
8398,3,1,1,2,2,2,0
906,15,5,5,2,5,5,0
388,8,3,3,4,2,3,0
4682,9,3,3,5,5,2,0
1226,3,1,1,6,3,1,0
238,15,5,5,3,3,5,1
1443,2,1,1,1,2,1,0
4137,6,2,3,2,3,3,0
5521,5,2,2,5,2,2,0
2784,12,4,4,4,4,4,1
7974,8,3,3,2,2,3,0
2372,12,4,4,4,3,4,0
773,9,3,3,5,4,3,0
4523,4,2,1,6,1,2,0
2249,14,5,6,1,3,6,0
8672,12,3,4,3,6,4,0
8252,18,6,6,3,5,6,1
7239,16,6,6,3,2,6,1
2275,20,6,6,5,5,6,1
7126,9,2,3,6,6,2,0
3744,2,1,1,1,1,1,0
6273,16,6,6,2,3,6,0
4306,12,3,3,6,6,2,1
5416,9,3,2,6,3,2,0
3634,9,2,3,6,6,2,0
8241,5,2,2,1,2,3,0
2502,5,2,1,6,5,1,0
3276,11,4,3,6,2,4,1
3841,7,3,3,1,2,4,0
8920,20,6,6,2,5,6,1
6507,13,4,4,4,4,4,1
5089,20,6,6,5,5,6,1
3570,14,5,5,1,2,6,1
8611,16,5,6,2,3,6,1
7093,14,4,5,3,5,4,0
5025,16,5,5,2,4,5,1
8575,3,2,2,1,1,2,0
1436,9,3,3,4,3,3,0
2892,13,5,5,1,2,6,0
6613,14,5,5,3,3,5,1
7450,16,5,6,2,3,6,0
7096,16,4,5,5,6,4,1
6842,14,4,5,3,5,4,0
5052,3,1,2,1,5,2,0
1875,14,4,5,2,6,4,1
7420,19,6,6,3,4,6,1
4573,11,3,4,2,6,3,1
3922,13,5,4,4,2,5,1
5352,16,5,6,1,3,6,1
8679,19,6,6,2,3,6,1
4774,8,3,3,2,3,3,0
5795,14,4,4,4,6,4,1
8162,4,2,2,3,2,2,0
3271,7,3,2,5,1,3,0
3056,14,4,5,3,6,4,1
3973,14,4,5,3,4,5,0
8569,15,5,5,2,2,6,0
2230,4,2,2,1,1,3,0
4165,19,6,6,3,5,6,1
3453,12,5,5,2,2,5,0
1814,10,3,4,2,4,4,0
1130,1,1,1,1,2,1,0
529,8,3,2,5,3,3,0
4538,7,3,2,6,2,2,0
4450,19,6,6,5,5,5,1
8646,12,4,5,2,2,5,0
3028,3,1,1,2,2,2,0
7882,2,1,1,6,5,1,0
5351,12,5,4,4,2,4,0
1956,2,1,1,6,2,1,0
7344,13,5,5,3,2,5,1
1135,4,2,3,1,2,3,0
2399,16,4,5,5,6,4,1
5141,12,3,4,5,6,3,1
4288,15,5,4,5,4,4,0
6976,18,6,6,5,4,6,1
23,11,3,5,1,6,4,0
902,19,6,6,5,3,6,1
2568,6,1,2,4,6,1,1
6238,2,1,1,2,1,1,0
720,13,5,5,3,2,5,1
4826,18,6,6,5,4,6,1
8436,15,4,5,4,6,4,1
7795,19,6,6,2,3,6,1
8367,7,3,3,3,3,3,0
3903,18,6,6,2,4,6,1
5675,7,3,4,1,2,4,0
6641,7,2,2,6,4,2,0
7920,17,4,6,4,6,4,1
4057,16,5,5,4,6,4,1
7683,14,5,5,3,3,5,0
7006,10,4,4,1,2,5,1
245,1,1,1,6,1,1,0
25,7,3,2,4,2,3,0
4189,15,5,5,3,2,5,1
8952,3,2,2,2,2,2,0
8012,18,6,6,2,5,6,1
1797,7,2,3,1,5,3,1
4671,16,5,5,2,5,5,1
1602,6,2,2,4,3,2,0
5880,13,5,4,4,2,5,0
525,8,2,3,4,6,2,0
6724,10,3,3,4,5,3,0
5277,15,4,5,3,6,4,0
306,10,3,3,5,4,3,0
1820,20,6,6,5,6,6,1
959,1,1,1,4,1,1,0
5038,2,1,1,5,1,1,0
2187,3,2,1,6,2,1,0
440,3,1,1,4,3,1,0
4486,17,6,6,4,4,5,1
7240,12,5,3,5,2,4,1
3112,18,5,6,5,6,5,1
585,16,6,4,6,3,5,1
8026,14,5,3,6,3,3,1
3312,11,3,3,5,6,3,0
2101,3,2,1,4,1,2,0
6375,1,1,1,6,1,1,0
4495,8,3,4,1,5,3,0
1775,18,6,5,6,4,5,1
2093,1,1,1,1,1,1,0
8536,8,3,4,1,2,4,0
209,2,1,1,2,2,1,0
4407,15,4,4,6,5,4,0
8957,10,3,3,4,5,3,1
7950,4,2,1,5,4,1,1
2582,16,5,5,4,5,5,1
1524,11,4,4,3,4,4,1
2085,3,2,2,1,1,3,0
5151,2,1,1,3,2,1,0
6568,11,4,5,1,3,5,0
480,20,6,6,3,5,6,1
5617,17,6,6,4,4,6,1
1519,11,2,3,6,6,2,1
5503,11,2,3,5,6,2,0
826,3,2,1,2,1,2,0
7085,7,4,3,2,1,4,0
4897,1,1,1,3,1,1,0
8906,2,1,1,1,2,2,0
763,14,4,4,4,5,4,1
2272,8,2,3,4,6,2,0
4654,10,4,3,4,2,4,0
6960,8,3,3,2,4,3,0
4123,13,3,4,4,6,3,0
2120,2,1,1,5,1,1,0
1658,5,2,2,3,2,2,0
5627,16,5,6,3,6,5,1
8393,16,5,5,2,5,5,1
6864,19,6,6,1,6,6,1
911,13,5,4,4,3,4,1
1166,16,5,5,4,5,5,1
5803,3,2,2,2,1,2,0
3977,2,1,1,1,2,2,0
2188,6,2,2,5,4,2,0
4501,9,2,4,1,6,3,0
30,7,2,1,6,6,1,0
5542,9,3,2,6,4,2,1
2597,5,2,1,6,2,1,0
946,2,1,1,5,2,1,0
7480,18,5,6,4,5,5,1
5809,5,2,1,6,2,1,0
1462,15,5,6,1,3,6,1
4619,11,4,4,4,3,4,1
750,1,1,1,6,1,1,0
1853,14,5,6,1,4,6,0
2237,7,2,2,6,6,1,1
4245,16,5,6,3,5,5,1
644,20,5,6,5,6,5,1
5326,10,4,3,5,3,3,1
5802,10,4,3,6,1,3,1
2344,8,3,2,6,4,2,1
7027,14,5,5,3,4,5,0
754,18,5,6,4,6,5,1
2902,19,6,6,3,4,6,1
841,4,2,2,3,4,2,0
282,10,3,3,5,6,2,1
8570,13,4,4,4,5,4,0
1780,18,6,6,3,5,6,1
3007,8,3,2,5,3,3,0
7767,5,2,2,5,2,2,0
7078,19,5,6,2,6,5,1
3569,18,6,6,5,5,5,1
8915,7,1,2,6,6,1,0
6569,13,5,5,3,3,5,1
7997,12,4,3,6,5,3,0
4767,18,6,6,3,4,6,1
1574,20,6,6,4,6,6,1
570,10,4,4,3,3,4,0
4011,16,4,6,3,6,4,1
255,6,1,2,4,6,1,0
579,19,6,6,1,4,6,1
6711,15,5,5,5,4,4,1
4796,3,2,2,2,1,3,0
3441,19,6,6,2,3,6,1
8303,9,3,2,6,5,2,1
6503,14,5,4,5,4,4,0
2087,19,6,6,5,4,6,1
442,13,3,4,5,6,3,1
8113,17,6,6,2,4,6,1
3450,12,4,3,6,3,3,1
1182,6,3,2,5,1,3,0
5209,17,5,6,2,6,5,1
3700,11,4,3,5,2,4,1
5278,18,5,5,6,6,4,1
2294,2,1,1,2,3,1,0
3825,6,3,3,1,2,3,0
8761,15,5,4,6,4,4,1
8179,6,2,2,5,3,2,0
5217,17,6,6,4,4,5,1
5962,4,2,2,1,3,2,0
5682,19,6,5,6,3,5,1
8025,14,5,4,4,3,5,1
3443,5,2,2,3,4,2,0
267,7,3,3,3,3,3,0
5761,4,1,1,6,5,1,0
378,16,5,4,6,3,4,1
8470,10,3,4,1,4,4,0
148,16,5,5,3,5,5,1
4460,12,4,4,2,3,5,0
5246,16,5,5,4,6,5,1
8956,7,4,3,3,1,4,0
7817,15,5,5,2,3,6,0
4131,19,6,6,4,6,6,1
3196,1,1,1,1,1,1,0
4568,11,4,3,6,4,3,1
5118,17,5,5,6,5,4,1
5845,16,5,5,4,4,5,1
2897,9,4,3,3,1,4,0
4873,7,2,2,4,4,2,0
4335,16,5,5,3,6,5,1
8616,18,6,6,2,3,6,1
1345,19,6,6,3,5,6,1
1928,1,1,1,1,1,1,0
4230,10,3,3,5,5,3,1
7852,9,3,3,5,5,2,1
923,9,3,3,6,3,3,1
7067,18,6,6,4,4,6,1
2713,3,1,1,6,2,1,0
1716,16,6,5,5,3,5,0
8220,12,4,4,4,3,4,1
5168,2,1,1,1,2,1,0
994,2,1,1,6,5,1,0
6747,15,4,5,3,6,4,0
5692,2,1,1,1,2,1,0
8196,4,3,2,3,1,3,0
5600,16,5,6,2,5,5,1
7842,5,2,1,6,2,1,0
6058,18,6,6,3,3,6,1
7470,3,1,2,1,2,2,0
8553,13,3,4,5,6,3,0
3655,16,4,5,3,6,4,1
5288,13,4,4,4,6,3,0
6265,10,5,4,1,1,5,0
210,11,4,3,5,3,3,0
5196,2,1,1,5,1,1,0
3858,3,2,2,1,1,2,0
1597,6,2,2,4,6,2,0
3770,5,3,3,1,1,3,0
7942,19,6,6,4,5,6,1
8832,5,2,3,1,2,3,0
1806,3,2,2,1,1,2,0
2396,20,6,6,5,5,6,1
1442,6,2,2,4,5,2,0
7296,1,1,1,6,1,1,0
3176,3,2,1,4,1,2,0
2647,1,1,1,2,6,1,0
5225,3,1,1,4,6,1,0
1378,2,1,1,6,1,1,0
4562,6,3,2,3,2,3,0
8567,10,3,4,3,5,3,1
4715,12,5,5,2,2,5,0
3111,1,1,1,1,1,1,0
6871,14,4,4,6,5,3,1
8327,19,6,6,4,3,6,1
5642,15,4,5,3,6,4,0
1770,17,6,6,4,3,6,1
7123,9,2,3,4,6,2,1
8111,6,2,3,2,6,2,0
1454,5,2,2,1,5,2,0
3369,6,3,2,5,2,2,0
5228,10,3,3,5,6,2,0
7281,5,2,2,3,3,2,0
2688,10,4,4,1,3,4,0
4169,1,1,1,1,1,1,0
8886,10,4,4,2,3,4,0
8184,3,2,2,1,1,3,0
2155,14,5,4,5,4,4,1
2790,16,5,6,1,4,6,1
3000,18,6,5,6,3,6,0
5220,5,2,3,1,4,3,0
117,16,5,5,6,4,4,1
2854,10,2,5,1,6,3,1
3278,14,5,4,5,2,5,0
5204,14,5,4,6,3,4,1
2264,19,6,6,4,5,6,1
7592,1,1,1,1,1,1,0
6399,18,5,6,5,6,5,1
4782,10,2,4,2,6,2,0
2751,15,4,5,4,6,4,1
6198,11,4,4,3,3,4,0
8804,10,3,3,5,5,3,0
948,17,6,6,4,3,6,1
7373,4,1,2,1,6,2,0
4516,3,1,1,2,4,1,0
7361,2,1,1,6,1,1,0
8155,18,5,5,5,6,5,1
1173,16,6,6,1,3,6,0
7441,6,2,1,6,3,1,1
6451,20,6,6,1,5,6,1
3758,15,5,5,4,4,5,1
1749,16,6,5,4,2,5,1
4852,1,1,1,6,1,1,0
5165,5,2,2,5,4,2,0
426,13,5,5,3,1,5,0
4621,10,3,4,2,4,4,0
3730,12,4,3,5,5,3,0
3392,5,3,2,1,1,4,0
8021,8,3,3,2,2,4,0
889,5,3,2,2,1,3,0
2673,4,2,2,3,1,2,0
5551,6,3,2,5,2,2,0
3745,18,6,5,5,3,5,1
4441,1,1,1,2,2,1,0
3912,7,3,2,4,3,3,0
7436,15,5,5,3,4,5,0
3447,2,1,1,4,1,1,0
2163,20,6,6,1,5,6,1
4802,12,4,4,4,4,4,1
297,11,4,4,2,4,4,1
2419,16,6,5,6,2,5,0
1026,14,5,5,1,2,6,0
2536,11,3,3,6,6,2,0
3564,5,2,2,3,2,2,0
8580,8,3,3,3,4,3,1
1793,18,6,6,5,5,5,1
557,18,5,6,2,5,6,1
8343,2,1,1,6,3,1,0
90,11,3,3,5,6,3,0
1859,7,3,2,6,3,2,0
7784,7,4,1,6,1,2,0
6078,20,6,6,3,5,6,1
8819,11,4,4,3,2,4,0
7397,12,5,5,2,2,5,0
2366,6,3,2,3,2,3,0
8188,1,1,1,1,1,1,0
584,3,1,1,6,3,1,0
4487,10,3,3,5,4,3,0
