row_id,high_eff_min_freq_0.796875,high_eff_scorer_freq_0.5319444444444444,scoring_impact_binning_standard_3,minutes_played_binning_standard_4,eff_times_minutes_binning_standard_3,efficiency_binning_standard_13,target
6782,True,True,False,False,False,False,0
4553,True,False,True,True,True,False,1
3801,True,True,False,False,False,False,0
7385,True,True,False,False,False,False,0
469,True,False,False,False,False,False,0
2716,True,True,False,False,False,False,0
2433,True,True,False,False,False,False,0
5999,True,False,True,True,True,True,1
643,True,False,False,True,True,False,0
3567,True,True,False,False,False,False,0
2117,True,True,False,True,True,False,0
35,False,False,False,False,False,False,1
8690,True,False,True,False,False,False,1
2972,True,True,False,True,True,False,0
2174,True,True,False,False,False,False,1
2579,True,False,False,False,False,False,0
2281,False,False,False,False,False,False,1
5933,True,True,False,False,False,False,0
8502,True,False,True,False,False,False,1
5906,True,True,False,False,False,False,0
4529,True,True,False,False,False,False,0
7611,True,False,False,True,True,False,1
2488,True,True,False,False,False,False,1
3712,True,True,False,False,False,False,0
5848,False,True,False,True,False,True,1
4163,False,False,True,True,True,True,1
4336,True,True,False,False,False,False,0
5127,True,True,False,False,False,False,0
8577,True,True,False,False,False,False,0
8345,True,False,False,True,True,False,1
4583,False,False,False,True,False,False,1
2106,True,False,False,True,True,False,1
4688,True,True,False,True,True,False,1
1231,True,True,False,False,True,True,1
6351,True,True,False,False,False,False,0
8443,True,True,False,False,False,False,0
4663,True,False,True,False,False,True,1
406,True,False,False,True,True,False,1
7370,True,False,False,True,True,False,1
8540,True,True,False,False,False,False,0
3788,True,True,False,False,False,False,1
1268,True,False,True,False,True,True,1
6671,True,True,False,True,True,False,0
393,True,False,True,True,True,False,1
594,True,True,False,False,False,False,0
5048,True,False,True,False,True,False,0
4341,True,True,False,False,False,False,0
2918,False,False,True,True,True,True,0
4416,True,False,True,False,True,True,1
2410,True,True,False,False,False,False,0
4158,False,False,False,False,False,False,1
3485,True,True,False,False,False,False,0
2335,True,True,False,False,False,False,0
6959,True,True,False,False,False,False,0
500,True,True,False,False,False,False,0
3375,True,True,False,False,False,False,1
6442,True,False,False,False,False,False,1
2690,True,True,False,False,False,False,0
4938,True,False,False,True,True,False,0
3145,True,True,False,False,False,False,0
8589,True,True,False,False,False,False,0
4062,True,False,False,False,True,False,1
405,True,True,False,False,False,False,0
2439,False,False,True,False,False,False,1
6313,True,False,True,False,True,False,1
8484,True,True,False,False,False,False,0
6306,True,False,False,False,True,False,0
2447,True,False,False,False,False,False,1
5508,True,False,False,True,True,False,1
6796,True,True,False,False,False,False,1
3618,True,True,False,False,False,False,0
1668,True,True,False,False,False,False,0
2319,True,False,False,True,True,False,0
7298,True,False,False,False,True,False,1
2552,True,True,False,False,False,False,0
7018,True,True,False,False,False,False,0
8075,True,False,True,False,False,True,1
3703,True,True,False,False,False,False,0
3668,False,False,True,True,True,True,1
8785,True,True,False,False,False,False,0
6791,True,True,False,False,False,False,0
1404,True,False,False,False,False,False,1
6005,True,False,False,False,False,False,0
6698,True,True,False,False,False,False,0
7032,True,True,False,False,False,False,0
8463,True,True,False,False,False,False,0
5269,True,True,False,False,False,False,0
7884,True,True,False,False,False,False,0
8218,True,False,False,False,False,False,0
1134,True,False,False,False,False,False,0
3687,True,True,False,False,False,False,0
7558,False,False,False,True,True,False,0
5149,False,False,True,True,True,False,1
423,True,True,False,False,False,False,1
3792,True,True,False,False,False,False,0
951,True,True,False,False,False,False,0
5516,False,False,True,True,False,True,1
2810,True,False,False,False,True,False,0
7605,True,True,False,False,False,False,0
2401,True,True,False,False,False,False,0
8554,True,True,False,False,False,False,0
7620,True,True,False,False,False,False,0
4522,True,True,False,False,False,False,0
8963,True,True,False,False,True,True,1
8722,True,True,False,False,False,False,0
5130,True,True,False,False,False,False,0
7283,True,False,False,True,True,False,1
2645,False,False,True,True,True,False,0
944,True,True,False,True,False,False,0
7572,False,True,False,True,True,False,1
2843,True,True,False,False,False,False,0
5162,False,False,False,False,False,False,1
3975,True,False,False,True,True,False,0
5157,True,False,True,False,True,False,1
2896,True,True,False,False,False,False,0
1834,True,False,True,True,True,False,0
345,True,False,True,False,True,False,1
6231,True,True,False,False,False,False,0
1937,True,False,False,True,True,False,0
8549,True,False,True,False,False,False,1
4403,True,True,False,False,False,False,0
8870,True,True,False,False,False,False,0
7457,True,True,False,False,False,False,0
8984,False,False,True,True,False,True,1
6176,True,True,False,False,False,False,1
6367,True,True,False,False,False,False,1
3784,True,False,False,False,True,False,1
6003,False,True,False,True,True,False,1
436,False,False,False,True,False,False,0
5241,False,False,False,False,False,False,1
6681,True,True,False,False,False,False,0
6434,False,False,False,False,False,False,1
1059,False,False,False,True,True,False,1
8900,True,True,False,False,False,False,0
5710,True,False,False,True,True,False,1
678,True,True,False,True,True,False,1
3136,True,True,False,False,False,False,0
1120,False,False,False,False,False,False,0
2416,True,False,True,True,False,False,1
1873,True,True,False,False,False,False,0
4742,True,True,False,False,False,False,0
3343,True,False,False,False,False,False,1
2118,True,True,False,False,False,False,0
1705,True,False,False,True,True,False,1
2176,True,True,False,False,False,False,0
3328,True,False,True,True,True,True,1
8300,True,True,False,False,False,False,0
6775,True,False,True,True,True,False,1
8564,True,True,False,True,False,False,1
5543,True,True,False,False,False,False,0
5394,True,True,False,False,False,False,0
3345,False,False,False,True,True,False,1
3594,True,True,False,False,False,False,0
6083,True,True,False,False,False,False,0
3359,True,True,False,True,True,False,1
5817,True,True,False,False,False,False,0
8566,True,True,False,False,False,False,0
5261,False,False,True,True,True,False,1
6908,False,False,True,True,False,True,1
3882,True,False,False,False,True,False,0
7142,True,True,False,False,False,False,0
5695,True,False,True,False,True,False,1
2149,True,True,False,False,False,False,0
4570,True,True,False,False,False,False,0
2483,False,False,False,False,False,False,1
633,True,True,False,False,False,False,1
5746,True,True,False,False,False,False,0
3241,True,True,False,True,True,False,1
4236,True,True,False,False,False,False,0
2081,True,False,False,False,False,False,1
4277,True,False,False,False,True,False,0
5260,True,True,False,False,False,False,0
6161,True,True,False,False,False,False,0
2511,True,True,False,False,False,False,0
3694,True,True,False,False,False,False,0
5044,True,True,False,False,False,False,1
1614,True,True,False,True,True,False,1
5076,False,False,True,True,True,True,0
1851,True,True,False,False,False,False,1
6985,True,False,True,True,True,True,1
8776,True,True,False,False,False,False,0
8225,False,False,True,True,True,True,1
6943,True,False,True,True,True,False,1
4006,False,False,True,True,True,False,1
2998,True,True,False,False,False,False,0
7880,True,False,False,False,False,False,1
8350,True,False,False,False,True,False,0
2627,True,True,False,False,False,False,0
4817,True,True,False,False,False,False,0
55,True,True,False,False,False,False,0
4041,True,False,False,False,False,False,0
167,True,True,False,False,False,False,0
3766,True,False,True,False,True,False,1
8514,False,False,True,True,True,True,1
4318,False,False,True,True,False,True,1
2331,True,True,False,False,False,False,0
4181,False,False,False,True,False,False,1
6033,True,True,False,False,False,False,0
2345,False,False,True,False,False,False,1
3020,False,False,False,True,False,False,1
3850,True,False,False,False,True,False,1
1752,True,False,True,False,True,True,0
2705,True,False,False,False,False,False,0
6212,True,True,False,False,False,False,0
180,False,False,True,False,False,False,1
4377,False,False,False,False,False,False,1
8154,True,True,False,False,False,False,0
6419,True,False,False,False,False,False,1
6840,True,True,False,False,False,False,0
1379,True,True,False,False,False,False,0
4186,True,True,False,False,False,False,0
4442,True,True,False,False,False,False,0
8037,True,True,False,False,False,False,1
5790,False,False,False,False,False,False,1
4923,False,False,True,False,False,False,1
8501,True,True,False,False,False,False,0
2904,False,False,False,False,False,False,1
2637,False,False,False,True,False,True,0
3869,True,True,False,False,False,False,1
7103,False,False,True,True,True,False,1
1885,True,True,False,False,False,False,0
901,True,True,False,False,False,False,0
286,True,True,False,False,False,False,0
8983,True,True,False,False,False,False,0
1886,True,False,False,False,False,False,0
5370,True,True,False,False,False,False,0
2157,False,False,True,True,False,False,1
2273,True,False,False,False,False,False,0
3358,True,True,False,False,False,False,0
4350,True,False,False,False,False,False,0
4892,True,True,False,False,False,False,0
4016,True,True,False,False,False,False,0
3861,False,False,False,True,False,True,0
1768,True,True,False,False,False,False,0
831,True,False,False,False,False,False,1
6077,False,False,True,True,False,True,1
7906,True,True,False,False,False,False,0
1858,True,False,True,False,False,False,1
855,True,False,False,False,False,False,0
615,True,True,False,False,False,False,0
6279,True,True,False,False,False,False,0
8003,True,True,False,False,False,False,0
8275,True,True,False,False,False,False,0
2318,True,False,False,True,True,False,0
635,False,False,True,True,False,False,1
214,True,True,False,False,False,False,0
7651,True,False,False,True,True,False,1
787,False,False,True,True,False,False,1
6690,True,False,False,False,True,False,1
5662,False,False,False,True,False,False,0
6893,True,False,False,True,True,False,0
6288,True,True,False,False,False,False,0
5501,True,False,True,False,False,False,1
1479,True,False,True,True,True,False,0
1989,False,False,True,True,False,False,1
325,True,True,False,True,True,False,1
8869,True,True,False,False,False,False,0
8552,True,False,False,True,True,False,1
3636,True,False,False,False,False,False,0
766,True,True,False,True,False,False,0
3275,True,True,False,False,False,False,0
3203,True,True,False,False,False,False,0
1385,True,False,False,False,False,False,1
5994,True,False,True,True,True,False,1
1816,True,True,False,False,False,False,0
8661,False,False,True,True,False,False,1
7175,True,True,False,False,False,False,0
159,False,False,True,True,True,True,0
5580,True,True,False,False,False,False,0
2649,False,False,False,False,False,False,1
4344,True,True,False,False,False,False,1
7004,True,True,False,True,True,False,1
935,True,False,False,False,True,False,0
5812,True,False,True,False,False,False,0
6925,False,False,False,False,False,False,1
7995,True,True,False,False,False,False,0
4988,True,True,False,False,False,False,0
8107,True,True,False,False,False,False,0
6346,False,False,True,True,False,False,1
7698,False,False,False,True,False,False,1
4898,True,True,False,False,False,False,1
8747,True,False,True,False,True,False,1
7278,True,True,False,False,False,False,0
513,False,False,False,False,False,False,1
8591,True,True,False,False,False,False,0
1761,False,False,True,True,False,False,1
7837,True,True,False,False,False,False,0
202,True,True,False,True,True,False,0
8182,True,True,False,False,False,False,0
8531,True,True,False,False,False,False,1
7105,True,False,True,True,True,False,1
3116,True,False,True,False,False,False,1
1580,True,True,False,False,False,False,0
7478,True,False,True,True,True,False,1
1256,True,True,False,False,False,False,0
1409,False,False,True,True,True,True,1
5783,True,True,False,False,False,False,1
8985,True,True,False,False,False,False,0
1204,True,True,False,False,False,False,0
918,True,False,False,False,True,False,0
1348,True,True,False,False,True,False,1
8307,True,True,False,True,False,False,0
205,True,True,False,False,False,False,1
8386,True,True,False,False,False,False,0
1960,True,False,False,False,False,False,0
4730,True,True,False,False,False,False,0
6272,True,False,False,True,True,False,0
507,True,True,False,False,False,False,0
3231,False,True,False,True,True,True,1
7330,True,False,False,False,False,False,1
5405,True,True,False,False,False,False,0
1978,True,True,False,True,True,False,1
7886,True,True,False,False,False,False,0
7058,False,False,True,True,True,True,1
4896,True,True,False,False,False,False,1
7417,True,False,True,False,False,True,0
6147,True,True,False,False,False,False,0
8890,False,False,True,True,True,True,1
5094,False,False,False,False,False,False,1
1224,False,False,False,False,False,False,1
712,True,True,False,False,False,False,0
7189,False,False,True,True,False,False,1
6828,True,True,False,False,False,False,0
400,True,True,False,False,False,False,0
5136,True,False,False,True,False,False,1
330,True,True,False,False,False,False,0
407,True,True,False,False,False,False,0
4480,False,False,True,True,True,True,1
7779,True,False,False,True,True,False,0
1156,True,True,False,False,False,False,0
8276,True,False,False,False,False,False,0
3067,True,True,False,False,False,False,0
5001,True,True,False,False,False,False,0
1868,True,True,False,False,False,False,0
7052,True,True,False,False,False,False,1
7020,True,True,False,True,True,False,0
6540,True,True,False,False,False,False,0
3265,True,True,False,False,False,False,0
627,True,False,True,True,True,False,0
4844,True,False,False,False,False,False,1
3391,True,False,True,False,False,False,1
2290,True,True,False,False,False,False,0
261,False,False,False,True,False,False,1
2571,True,False,True,False,False,False,1
6068,True,False,False,False,False,False,0
1670,True,True,False,False,False,False,0
6667,True,True,False,False,False,False,0
381,True,True,False,False,True,False,1
6804,True,False,False,True,True,False,0
8666,False,False,False,False,False,False,1
4977,True,True,False,False,False,False,0
2369,True,True,False,False,False,False,0
1118,False,False,False,True,False,False,1
6493,True,True,False,True,True,False,0
7822,True,True,False,False,False,False,1
8091,True,False,True,False,False,True,0
2657,True,True,False,True,True,False,1
7933,True,False,False,True,True,False,1
2266,True,False,True,False,True,False,1
6615,True,True,False,False,False,False,0
5150,True,True,False,False,False,False,1
6515,True,True,False,False,False,False,0
5839,False,False,False,True,False,False,1
3080,False,False,False,True,False,False,1
6088,False,False,False,False,False,False,1
8558,True,False,False,False,True,False,0
7056,True,False,True,True,True,True,1
1160,True,True,False,False,False,False,0
3990,True,True,False,False,False,False,0
4054,True,True,False,False,False,False,0
7059,False,False,False,False,False,False,1
7430,True,True,False,False,False,False,0
119,True,False,False,False,False,False,1
144,True,True,False,False,False,False,0
8601,True,True,False,False,False,False,0
2635,True,True,False,False,False,False,1
6964,True,True,False,False,False,False,1
3515,False,False,False,False,False,False,1
7890,True,False,False,True,True,False,1
6589,False,False,False,True,True,False,0
6085,True,False,True,True,True,False,1
2812,False,False,False,False,False,False,1
3096,True,True,False,False,False,False,1
1007,True,True,False,True,False,False,0
4917,True,False,True,True,True,False,0
4985,False,False,True,True,True,False,1
6462,True,True,False,False,True,False,1
5074,True,True,False,False,False,False,0
8401,True,False,False,True,True,False,0
6093,True,False,False,True,True,False,1
8578,True,True,False,False,False,False,0
8309,True,True,False,False,False,False,0
4071,True,True,False,False,False,False,0
6669,False,False,False,False,False,False,1
8548,True,True,False,False,False,False,0
4418,True,True,False,False,False,False,0
6479,False,False,False,False,False,False,1
3692,True,True,False,False,False,False,0
1518,False,False,False,True,False,False,1
2102,True,True,False,False,False,False,0
5142,False,False,True,True,False,False,1
481,True,True,False,False,False,False,0
1108,True,False,True,False,False,True,1
1471,True,True,False,False,False,False,0
8280,True,True,False,False,False,False,0
6924,False,False,True,True,True,False,1
2670,False,False,False,False,False,False,1
1977,True,False,False,False,True,False,0
7302,True,True,False,False,False,False,0
1932,False,False,True,True,False,False,1
7340,True,True,False,False,False,False,0
8974,False,False,False,False,False,False,1
542,True,False,True,False,False,False,1
2676,True,True,False,False,False,False,1
2316,True,True,False,False,False,False,0
7353,True,True,False,False,False,False,0
6524,True,False,True,True,True,False,0
3287,True,True,False,False,False,False,0
8969,True,True,False,False,False,False,0
4719,True,True,False,False,False,False,0
6819,True,False,False,False,False,False,0
8682,True,True,False,False,False,False,0
6225,True,False,False,False,False,False,1
6060,True,True,False,False,False,False,0
8093,False,False,False,True,False,True,1
5477,True,True,False,False,False,False,0
6309,False,False,False,False,False,False,1
8996,True,True,False,True,True,False,1
7601,True,True,False,True,False,False,0
8199,True,True,False,False,False,False,0
2804,True,False,True,False,False,False,0
2258,True,True,False,False,False,False,0
5966,True,True,False,False,False,False,0
7935,True,True,False,False,False,False,0
4699,True,True,False,False,True,False,1
6928,False,False,True,True,False,True,1
6645,True,True,False,False,False,False,0
212,True,False,True,False,False,False,1
1115,True,True,False,False,False,False,0
142,True,True,False,False,False,False,0
8693,True,False,False,False,True,False,1
444,True,False,True,True,True,False,0
5285,True,True,False,False,False,False,0
730,True,False,True,False,True,True,1
2467,True,True,False,False,False,False,0
6280,True,True,False,True,False,False,1
3954,True,False,True,False,False,True,0
4430,True,False,False,True,True,False,1
2618,True,False,True,False,False,False,0
6746,True,False,True,False,False,True,0
5113,True,True,False,False,False,False,0
2205,True,True,False,False,False,False,0
7244,True,True,False,False,False,False,0
1912,True,True,False,False,True,False,1
6937,False,False,True,True,False,True,0
1743,True,True,False,False,False,False,0
8069,True,True,False,False,False,False,0
7187,False,False,True,True,False,True,1
4722,True,True,False,False,False,False,0
4489,True,True,False,False,False,False,1
2815,True,True,False,True,True,False,0
4231,True,True,False,False,False,False,0
1477,True,True,False,False,False,False,0
5722,True,True,False,False,False,False,0
2341,True,True,False,False,False,False,0
814,True,True,False,False,False,False,1
8354,True,False,False,True,False,True,0
8737,False,False,True,True,True,True,1
1389,True,True,False,False,False,False,0
5696,True,True,False,False,False,False,0
401,True,True,False,False,False,False,0
7855,False,False,False,False,False,False,1
8016,True,True,False,True,True,False,1
5105,True,True,False,False,False,False,0
8098,True,True,False,False,False,False,0
6862,True,False,True,True,True,False,0
1902,True,True,False,False,False,False,0
7305,False,False,True,True,False,False,1
6443,False,False,True,True,True,False,1
4019,True,True,False,False,False,False,1
2365,True,False,False,False,False,False,1
1704,True,True,False,True,False,False,0
5132,False,True,False,True,True,True,1
1599,True,True,False,False,False,False,0
8924,True,False,False,False,False,False,0
3198,True,False,True,False,False,False,1
7455,True,False,True,True,True,False,1
6952,True,True,False,False,False,False,0
2591,True,True,False,False,False,False,0
5343,True,False,True,False,True,False,1
4155,False,False,False,False,False,False,1
2138,True,False,True,False,True,False,1
6352,True,True,False,False,False,False,0
5963,True,False,True,False,False,False,0
3036,True,True,False,False,False,False,0
5638,True,False,False,False,False,False,1
2550,True,True,False,False,False,False,0
5980,True,True,False,False,False,False,0
5511,True,True,False,False,False,False,1
2229,True,True,False,False,False,False,0
875,True,True,False,False,False,False,0
5334,True,False,False,False,False,False,0
4049,True,False,True,True,True,False,0
5033,True,True,False,False,False,False,0
7756,True,False,True,True,True,False,1
3467,False,False,True,True,True,True,1
7751,True,True,False,False,False,False,0
8814,True,True,False,False,False,False,1
6029,True,True,False,False,False,False,0
1014,False,False,False,False,False,False,1
3335,True,False,False,True,False,False,1
1925,True,False,True,True,True,False,1
8760,True,True,False,False,False,False,0
5456,True,True,False,False,False,False,0
5223,True,True,False,False,False,False,0
3179,True,True,False,True,True,False,1
6327,False,False,False,True,False,False,1
4809,False,False,False,False,False,False,1
254,True,True,False,False,False,False,1
7967,True,True,False,False,False,False,0
8628,True,True,False,False,False,False,0
7722,True,False,False,True,True,False,0
1778,True,False,True,False,False,False,0
7661,True,True,False,False,False,False,0
4645,True,True,False,False,False,False,0
3238,True,True,False,True,False,False,0
710,True,True,False,False,False,False,0
5485,True,False,False,False,True,False,0
8510,True,False,True,True,True,False,0
6902,True,False,True,True,True,True,1
8353,False,False,False,True,False,False,1
4931,True,True,False,False,False,False,0
4926,False,False,False,True,False,False,1
362,True,False,False,False,False,False,0
4461,True,True,False,False,False,False,0
1225,False,False,False,False,False,False,1
7957,True,True,False,False,False,False,0
1472,True,False,False,False,False,False,0
3811,True,True,False,False,False,False,0
4283,True,True,False,False,False,False,0
3945,False,False,False,False,False,False,1
4414,True,False,False,False,False,False,1
7389,False,True,False,True,True,True,1
8970,True,False,False,True,True,False,0
4689,True,True,False,False,False,False,0
8493,False,False,False,False,False,False,1
8370,True,True,False,False,False,False,0
6048,True,True,False,False,False,False,0
6849,True,False,True,True,True,False,0
3087,True,False,True,True,False,False,0
3175,True,True,False,False,False,False,0
1934,True,False,True,False,True,True,1
5252,True,True,False,False,False,False,1
1685,True,True,False,False,False,False,0
7207,True,True,False,False,False,False,0
2593,True,False,True,False,True,True,1
8687,False,False,True,True,True,True,0
1549,False,False,False,True,False,False,1
7878,True,False,True,False,False,True,1
2601,False,False,False,False,False,False,1
4560,True,True,False,False,False,False,0
6055,True,True,False,False,False,False,0
6599,False,False,True,False,False,False,1
1147,True,True,False,False,False,False,0
6532,True,True,False,False,False,False,0
1208,True,False,True,False,False,False,1
390,True,True,False,False,False,False,0
2220,False,False,True,True,True,True,1
6324,False,False,True,True,True,True,1
5035,True,False,False,False,False,False,0
3528,True,True,False,False,False,False,1
8290,True,False,False,True,True,False,0
7614,True,True,False,False,True,False,1
3294,False,False,True,True,True,True,0
7575,True,False,False,True,True,False,0
785,True,True,False,False,False,False,0
4315,True,False,False,True,True,False,0
6543,True,True,False,False,False,False,0
8209,False,False,True,True,False,False,1
7893,True,True,False,False,False,False,0
8630,False,False,True,True,False,False,1
5233,False,False,True,False,False,False,1
3535,False,False,False,False,False,False,1
6172,True,True,False,False,True,False,1
2991,True,True,False,False,False,False,0
8551,True,True,False,False,False,False,0
2147,True,False,True,False,False,False,1
8725,False,False,True,True,False,False,0
6185,True,True,False,False,False,False,0
4969,True,True,False,True,False,False,0
1586,True,False,False,False,False,False,0
8953,False,False,True,True,False,False,1
3509,True,True,False,False,False,False,0
4922,True,True,False,False,False,False,0
449,True,False,True,True,True,False,0
5234,True,True,False,False,False,False,0
4937,True,True,False,False,False,False,0
4747,True,False,False,False,False,False,1
1605,True,True,False,False,False,False,1
410,True,False,True,False,True,False,1
5396,False,False,True,True,False,False,1
3416,True,True,False,False,False,False,0
8145,True,True,False,False,False,False,0
7949,True,True,False,False,False,False,0
801,True,True,False,False,False,False,0
6516,True,True,False,False,False,False,0
2227,False,False,True,True,True,False,1
4659,True,False,False,True,False,False,1
8262,False,False,False,True,False,False,0
5854,False,False,True,True,False,False,1
1939,False,False,False,False,False,False,1
2171,False,False,False,True,False,False,1
1572,True,True,False,False,False,False,0
7727,True,True,False,False,False,False,0
6127,True,True,False,False,False,False,0
8422,True,True,False,True,False,False,0
4269,True,True,False,False,False,False,1
5159,True,False,False,False,False,False,1
6010,True,True,False,False,False,False,0
8529,True,True,False,False,False,False,0
3813,True,True,False,True,True,False,0
1233,True,True,False,False,False,False,1
4879,False,False,True,True,False,True,1
7758,False,False,False,False,False,False,1
3193,True,False,True,False,False,False,0
3233,True,True,False,False,False,False,0
5507,True,False,False,False,False,True,1
1030,True,False,False,True,True,False,0
2283,True,True,False,False,False,False,0
6708,True,True,False,False,False,False,1
1611,True,True,False,True,False,False,0
7438,True,True,False,False,False,False,0
1132,True,True,False,False,False,False,0
5081,True,False,False,False,True,False,0
8506,True,False,True,False,False,False,1
2052,True,True,False,False,False,False,0
8376,True,True,False,False,False,False,0
5807,True,False,False,False,True,False,0
7555,True,True,False,False,False,False,0
7166,False,False,False,True,False,False,1
3412,True,False,True,False,False,False,0
8349,False,False,True,True,True,False,1
2753,True,True,False,True,False,False,0
8095,True,True,False,False,False,False,0
8605,False,True,False,True,True,True,1
1680,True,True,False,False,False,False,0
6851,True,True,False,False,False,False,0
5282,True,True,False,True,True,False,1
1272,True,True,False,False,False,False,0
7637,True,True,False,False,False,False,0
7923,False,False,True,True,False,False,1
2599,True,True,False,False,False,False,0
1787,False,False,True,True,False,False,1
6228,True,True,False,False,False,False,0
2797,True,True,False,False,True,False,1
1451,True,True,False,False,False,False,0
828,True,True,False,False,False,False,0
1757,True,False,True,False,False,True,1
5231,True,False,True,True,False,True,1
8420,True,False,False,True,True,False,0
2695,True,False,False,False,False,False,0
5199,True,True,False,False,False,False,0
8381,True,False,False,True,True,False,1
6777,True,True,False,False,False,False,0
1155,True,True,False,False,False,False,0
6930,False,False,False,False,False,False,1
8285,True,True,False,False,False,False,0
4814,True,False,True,False,True,True,1
285,True,False,False,True,True,False,1
6625,True,True,False,False,False,False,0
6598,True,True,False,False,False,False,0
5243,True,False,True,True,True,False,1
5137,False,False,True,True,False,False,1
2479,True,False,False,False,False,False,0
5333,True,True,False,False,False,False,0
6213,False,False,True,True,True,False,1
537,True,False,False,False,False,False,0
4992,True,True,False,False,False,False,0
5968,True,False,False,True,True,False,0
2265,False,False,False,False,False,False,1
8658,True,False,True,False,False,False,1
4675,True,True,False,False,False,False,0
6100,True,True,False,False,False,False,0
48,True,False,True,False,False,False,1
3844,True,True,False,True,False,False,0
6631,False,False,False,False,False,False,1
7350,True,False,True,False,False,True,1
8503,True,False,True,True,True,False,1
4611,True,True,False,False,False,False,0
2874,True,True,False,False,False,False,0
2409,True,True,False,False,False,False,0
5460,True,True,False,False,False,False,0
5650,True,False,True,False,True,False,1
2569,True,False,False,True,True,False,0
5512,True,True,False,False,False,False,0
8780,False,False,True,True,True,False,0
5641,True,False,True,False,False,False,0
3892,True,True,False,False,False,False,0
919,True,True,False,False,False,False,0
7521,True,True,False,False,False,False,0
8271,True,False,True,False,True,False,0
7267,False,False,False,False,False,False,1
3525,True,False,True,True,True,False,1
957,True,False,True,False,False,True,0
8938,False,False,True,True,False,False,1
8403,True,False,True,False,False,False,0
8912,True,True,False,False,False,False,0
7323,True,True,False,False,False,False,0
5815,True,True,False,False,False,False,0
8434,True,True,False,False,False,False,0
3514,True,False,False,False,False,False,1
4253,True,True,False,False,False,False,0
5554,True,True,False,False,False,False,0
3879,True,False,True,True,True,False,0
8811,True,True,False,False,False,False,0
6501,True,True,False,False,False,False,0
2975,False,True,False,True,False,False,1
4488,True,True,False,False,False,False,0
1046,False,False,False,False,False,False,1
3444,True,False,False,False,False,False,0
5772,True,True,False,False,False,False,0
2884,True,True,False,False,False,False,0
6362,True,True,False,False,True,False,1
3386,True,False,True,True,True,False,1
2943,True,True,False,False,False,False,0
3371,True,True,False,False,False,False,0
2733,False,False,False,True,True,False,1
2619,True,True,False,False,False,False,1
8419,True,True,False,False,False,False,0
8636,False,False,True,True,False,False,1
4482,True,True,False,False,False,False,0
699,False,False,False,True,True,False,0
8163,False,False,False,True,False,False,1
4005,False,False,True,True,True,False,1
8337,False,False,True,True,False,False,1
7191,True,True,False,False,False,False,0
7595,True,False,False,True,True,False,0
8756,True,False,False,True,True,False,0
1790,True,True,False,False,False,False,0
465,True,True,False,False,False,False,1
8587,False,False,True,True,False,False,1
1854,False,False,True,True,False,True,1
6024,True,True,False,False,False,False,0
5218,True,True,False,False,False,False,0
8676,True,True,False,False,False,False,0
7346,True,False,False,True,True,False,1
8592,True,True,False,False,False,False,1
2351,True,True,False,False,True,False,0
4098,True,False,True,False,True,True,1
7643,True,False,False,False,False,False,0
4153,False,False,True,True,False,False,1
6114,True,True,False,False,False,False,0
2922,True,False,True,True,True,False,1
8684,True,True,False,True,False,False,0
1726,True,True,False,False,False,False,0
1474,True,True,False,False,False,False,0
3976,True,True,False,False,False,False,0
3378,False,False,False,False,False,False,1
3035,True,True,False,False,False,False,0
7228,False,False,True,True,True,False,0
4385,True,True,False,False,False,False,1
997,True,False,False,False,False,False,0
965,True,True,False,False,False,False,1
7383,False,False,False,True,False,False,1
5923,True,False,False,False,False,False,0
1896,True,True,False,False,False,False,0
3928,True,False,False,False,False,False,1
8421,True,True,False,False,False,False,0
5404,False,False,True,True,True,True,1
1590,True,False,True,False,False,False,1
5771,True,True,False,True,True,False,0
3953,True,True,False,False,False,False,0
2911,True,False,True,True,True,False,0
6205,True,False,False,True,True,False,0
1406,True,True,False,False,False,False,1
5303,False,False,True,True,False,True,0
455,True,True,False,False,False,False,0
4610,True,True,False,True,True,False,0
453,True,False,True,True,True,False,0
5735,True,False,False,True,True,False,0
6887,False,False,True,True,True,False,0
2835,False,False,False,True,False,False,1
7970,True,True,False,False,False,False,0
725,True,False,True,False,False,False,0
4143,False,False,False,False,False,False,1
758,True,True,False,False,False,False,0
8258,True,False,False,False,False,False,0
1356,False,False,False,False,False,False,1
1448,True,False,True,False,True,False,0
3142,True,True,False,False,False,False,0
726,True,False,False,False,True,False,1
7531,False,False,True,True,True,True,1
5890,True,True,False,False,False,False,0
6285,True,False,True,False,False,False,1
1554,False,False,True,True,True,True,0
881,True,False,False,False,False,False,1
2936,True,False,False,True,True,False,0
5570,True,True,False,False,False,False,0
1822,False,False,True,True,True,False,0
3108,True,True,False,False,False,False,0
5667,True,True,False,False,False,False,0
3829,False,False,True,True,False,True,1
606,True,True,False,False,False,False,0
3487,True,True,False,False,False,False,0
4872,True,True,False,False,True,False,0
1573,False,False,False,False,False,False,1
421,True,True,False,False,False,False,0
220,True,False,True,False,False,False,1
3046,True,False,False,True,True,False,0
2380,True,False,True,False,True,True,1
5843,True,False,False,True,True,False,0
5479,False,False,False,False,False,False,0
7459,True,True,False,False,False,False,0
3494,True,True,False,True,True,False,0
1997,True,False,False,False,True,False,0
1690,True,True,False,False,False,False,0
5454,True,True,False,False,False,False,0
3383,True,True,False,False,False,False,0
5433,True,True,False,False,False,False,0
2504,False,False,True,True,True,False,0
6632,True,False,True,False,False,True,1
7861,True,True,False,True,False,False,0
8973,False,False,True,True,False,False,1
8698,True,True,False,False,False,False,0
313,True,True,False,True,True,False,0
5286,True,True,False,False,False,False,1
4612,True,True,False,False,False,False,0
3159,False,False,True,True,True,False,0
979,True,False,True,True,True,False,1
2765,True,True,False,False,False,False,1
2426,True,True,False,False,False,False,0
8534,True,True,False,False,False,False,0
991,True,True,False,False,False,False,0
6146,False,False,False,False,False,False,1
5789,True,False,False,False,False,False,0
2800,True,True,False,False,False,False,0
1399,True,False,False,True,True,False,0
1949,True,True,False,False,False,False,0
8410,True,True,False,False,False,False,0
5837,True,False,True,True,True,True,1
7770,True,True,False,False,False,False,1
7728,True,True,False,False,False,False,1
6962,True,False,False,True,True,False,1
5320,True,False,False,False,False,False,1
886,True,True,False,False,False,False,0
6511,True,True,False,False,False,False,0
4464,True,True,False,False,False,False,0
4543,True,True,False,False,False,False,0
6110,True,True,False,False,False,False,0
2805,False,False,False,False,False,False,1
5449,True,False,False,False,True,False,1
7405,True,True,False,False,False,False,0
2741,True,False,True,False,True,False,1
4804,True,True,False,False,False,False,0
6045,True,False,True,True,True,False,1
7439,True,True,False,False,False,False,0
8140,True,True,False,False,False,False,0
6342,False,False,True,True,True,True,1
1522,True,False,False,True,True,False,1
6885,True,True,False,False,False,False,0
3623,True,True,False,False,False,False,0
5796,True,True,False,False,False,False,0
607,False,False,True,False,False,False,1
3809,True,False,False,False,False,False,1
4773,True,True,False,False,False,False,0
6143,True,True,False,True,False,True,1
4178,True,True,False,True,True,False,1
6491,True,True,False,False,False,False,0
7827,True,False,False,False,True,False,1
5730,True,True,False,False,False,False,0
5173,True,False,False,True,True,False,1
3284,True,False,False,True,False,False,0
1708,True,True,False,False,False,False,0
2768,True,False,False,True,True,False,1
6221,False,False,True,True,False,False,1
1276,True,True,False,False,False,False,0
4882,True,False,False,False,False,False,0
2406,False,True,False,True,True,True,1
3292,True,False,False,False,False,False,0
1905,True,True,False,False,False,False,0
7848,True,False,True,False,False,False,0
3676,True,False,True,False,False,False,1
63,True,True,False,False,False,False,0
2388,False,False,False,False,False,False,1
3218,True,True,False,False,False,False,0
7391,True,False,True,True,True,False,0
110,True,False,True,False,False,False,1
6104,True,True,False,False,False,False,0
8447,True,False,True,False,False,False,0
3964,True,True,False,False,False,False,0
6634,True,False,False,True,True,False,0
3612,True,False,True,True,True,False,1
1577,True,True,False,True,True,False,1
817,True,True,False,True,False,False,1
8248,True,True,False,False,False,False,0
4425,True,False,False,False,True,False,0
2622,True,True,False,False,False,False,0
2337,True,True,False,False,False,False,0
5061,True,True,False,False,False,False,0
1261,True,True,False,True,False,False,0
2833,False,False,True,True,True,True,1
5700,True,False,False,False,False,False,0
4544,True,True,False,False,False,False,0
3496,False,False,True,True,False,True,1
8793,True,True,False,False,False,False,1
8242,True,True,False,False,True,True,1
1507,True,True,False,False,False,False,1
1830,True,True,False,False,True,False,0
7040,True,True,False,False,False,False,0
1031,True,True,False,True,True,False,0
1862,True,True,False,False,False,False,1
3338,True,True,False,False,False,False,0
8918,True,True,False,False,False,False,0
8085,False,False,False,True,False,False,1
5633,True,False,False,True,True,False,0
7246,True,False,True,False,False,True,1
5874,True,False,False,True,True,False,0
8356,True,True,False,False,False,False,0
8446,False,False,False,False,False,False,0
1623,True,True,False,False,False,False,0
4375,True,False,False,False,True,False,0
2025,True,True,False,False,False,False,0
1918,True,False,False,False,False,False,0
3408,True,True,False,False,False,False,0
8857,True,True,False,False,False,False,0
8077,True,True,False,False,False,False,0
569,False,False,True,True,True,True,1
6164,True,False,False,False,False,False,0
8165,True,False,True,False,False,False,1
250,True,True,False,True,True,False,0
2999,True,False,True,False,True,False,1
925,True,True,False,False,False,False,1
7939,True,False,True,True,True,False,0
6323,False,False,False,True,False,False,1
5995,True,False,True,False,True,True,1
4319,False,False,True,True,False,False,1
5434,True,True,False,True,True,False,1
5670,True,False,True,True,True,False,0
2328,True,True,False,False,False,False,0
3191,True,True,False,False,False,False,0
1855,False,False,True,True,True,False,1
2891,True,True,False,False,False,False,0
7819,True,False,True,False,True,False,1
8782,True,False,True,True,True,False,1
7218,True,True,False,False,True,False,1
7542,True,True,False,False,False,False,0
6315,True,True,False,False,False,False,0
6284,True,True,False,False,False,False,0
6102,False,False,False,False,False,False,1
2368,True,True,False,False,False,False,0
3471,True,True,False,False,False,False,0
2849,True,True,False,True,True,False,0
6530,True,True,False,False,False,False,0
8732,True,True,False,False,False,False,0
3541,True,True,False,False,False,False,0
2492,True,True,False,True,True,False,1
4599,True,True,False,False,False,False,0
8067,True,True,False,False,False,False,0
1595,True,True,False,False,False,False,0
1441,False,False,True,True,False,True,1
2774,True,True,False,False,False,False,0
1646,True,False,False,True,False,False,0
103,True,False,False,False,False,False,1
2531,True,True,False,False,False,False,0
3323,False,False,True,True,False,False,1
5027,True,False,False,True,True,False,0
1215,True,True,False,False,False,False,0
1798,True,True,False,True,True,False,0
4597,True,True,False,True,False,False,0
8930,True,True,False,False,False,False,0
6218,True,False,False,False,False,False,0
6094,True,True,False,False,False,False,1
7569,True,True,False,False,False,False,0
3295,True,False,True,False,False,False,1
8359,True,False,True,True,True,False,0
1600,True,True,False,False,False,False,1
4000,True,False,True,True,True,False,0
2429,False,False,False,False,False,False,1
7948,True,True,False,False,False,False,0
7891,False,False,False,False,False,False,1
5916,False,False,False,False,False,False,1
2779,False,False,False,False,False,False,1
408,True,True,False,False,False,False,1
372,True,True,False,False,False,False,0
447,True,True,False,False,False,False,0
4398,True,True,False,False,True,False,0
5302,True,False,False,False,False,False,0
4293,True,True,False,False,False,False,0
4874,True,False,False,True,True,False,0
2921,True,True,False,True,True,False,0
6432,True,True,False,False,False,False,0
2771,True,True,False,False,False,False,0
1843,True,True,False,True,False,False,1
7223,True,True,False,False,False,False,0
50,True,False,True,True,True,False,0
721,False,True,False,True,True,False,1
8247,True,True,False,False,False,False,0
1642,False,False,True,True,True,True,1
7544,True,False,False,False,False,False,0
1745,True,True,False,False,False,False,0
2107,True,False,False,True,True,False,1
4090,False,False,True,True,False,False,1
460,True,False,True,True,True,False,0
747,False,False,True,True,False,False,1
3042,True,True,False,False,False,False,0
5129,True,False,False,True,True,False,1
2038,True,False,False,False,True,False,0
1464,False,False,False,True,True,False,1
151,True,True,False,True,False,False,0
516,True,True,False,True,True,False,0
7010,True,False,False,True,True,False,0
526,False,False,True,True,True,False,1
7062,True,False,False,False,False,False,0
2648,True,True,False,False,False,False,0
1897,True,True,False,False,False,False,0
5058,False,False,False,False,False,False,1
962,True,True,False,False,False,False,0
781,False,False,False,True,True,False,1
3293,True,True,False,False,False,False,1
4841,False,False,False,False,False,False,1
7288,True,True,False,False,False,False,0
8505,True,True,False,False,False,False,1
1292,True,True,False,False,False,False,0
392,True,True,False,False,False,False,0
3342,True,True,False,False,False,False,0
1895,False,False,False,False,False,False,1
357,True,True,False,False,False,False,0
3740,True,False,False,True,False,False,0
4346,True,True,False,False,False,False,0
4637,True,True,False,False,False,False,0
7806,True,True,False,False,False,False,0
6275,True,True,False,False,False,False,0
4240,False,True,False,True,True,True,1
6843,True,True,False,True,True,False,0
7632,True,True,False,False,False,False,1
1564,True,True,False,False,False,False,0
3187,True,True,False,False,False,False,0
5676,True,True,False,False,False,False,0
7365,True,False,False,True,True,False,0
7554,False,False,False,False,False,False,1
8850,False,False,False,True,False,False,1
366,True,True,False,False,False,False,0
4734,True,True,False,False,False,False,0
1458,True,True,False,False,False,False,0
7418,True,False,False,False,False,False,0
4022,True,False,False,False,False,False,0
6906,False,False,True,True,True,True,1
2608,True,True,False,False,False,False,0
3610,False,False,True,True,True,False,1
6907,True,True,False,False,False,False,0
1381,False,False,False,True,False,False,1
5545,True,False,True,False,False,True,1
5611,False,False,False,False,False,False,1
8991,True,False,True,False,False,True,0
6982,True,True,False,False,False,False,0
7931,False,False,True,True,False,True,1
298,True,True,False,False,False,False,0
3805,True,True,False,False,False,False,0
6134,True,True,False,False,False,False,0
7536,True,False,False,False,False,False,1
1648,True,True,False,False,True,False,1
8907,False,False,True,False,False,False,1
3454,False,False,False,False,False,False,1
2675,False,False,True,True,False,False,1
5865,True,True,False,False,False,False,0
4889,True,True,False,False,False,False,0
8295,True,False,True,False,False,False,0
5987,True,True,False,False,False,False,0
4567,True,True,False,True,True,False,1
2263,True,True,False,False,False,False,0
5071,True,True,False,False,False,False,1
8180,True,True,False,False,False,False,0
4534,True,True,False,False,False,False,0
5808,True,True,False,False,False,False,0
8456,True,True,False,False,False,False,0
2704,False,False,True,True,False,False,1
7654,True,False,False,True,True,False,1
1800,True,True,False,False,False,False,1
2373,True,True,False,False,False,False,0
2989,True,True,False,False,False,False,0
1322,True,True,False,False,False,False,0
4199,True,True,False,False,False,False,0
1965,True,False,False,False,True,True,1
176,False,False,False,False,False,False,1
2962,True,True,False,False,False,False,0
2938,True,False,False,False,False,False,1
5851,False,False,True,True,False,False,1
7864,False,False,False,True,False,False,1
782,True,True,False,False,False,False,0
2970,False,False,True,True,False,False,1
1212,True,False,True,True,True,False,0
7395,True,False,False,True,True,False,0
945,True,True,False,False,False,False,0
5194,True,True,False,False,False,False,0
1175,True,True,False,False,False,False,0
2047,True,True,False,False,False,False,0
2033,True,True,False,False,True,False,1
6936,False,False,False,False,False,False,1
7462,True,False,False,False,False,False,0
4279,False,False,False,False,False,False,1
1823,True,True,False,False,False,False,0
7227,True,False,False,True,True,False,1
1343,False,False,True,False,False,False,1
4362,False,False,False,True,False,False,1
7954,True,True,False,False,False,False,0
7467,True,True,False,False,False,False,0
3854,False,False,False,True,False,False,1
2614,True,True,False,False,False,False,1
3554,True,False,False,False,True,False,1
7013,True,False,True,False,True,False,1
3256,True,False,False,False,False,False,0
982,True,True,False,False,False,False,0
5391,True,False,True,True,True,False,1
3664,True,False,False,False,True,False,1
897,True,True,False,False,False,False,0
7982,True,True,False,False,False,False,0
6008,True,False,False,True,True,True,1
3765,True,True,False,False,False,False,0
4097,True,True,False,True,True,False,1
7263,True,True,False,True,True,False,0
5721,True,True,False,False,False,False,0
6794,True,True,False,False,False,False,0
4582,True,True,False,False,False,False,0
3812,True,True,False,False,False,False,0
849,True,True,False,False,False,False,0
7724,False,False,False,False,False,False,1
3751,True,True,False,False,False,False,0
5593,True,True,False,False,False,False,0
154,True,True,False,True,True,False,1
2816,True,True,False,False,False,False,0
1591,False,False,True,False,False,False,1
163,True,False,True,True,True,False,1
7908,True,False,True,False,False,False,1
6506,True,False,True,True,True,False,0
3045,True,False,True,True,True,False,1
3023,False,False,True,False,False,False,1
3495,True,False,False,False,False,False,1
7292,True,False,False,False,False,False,1
2394,True,True,False,False,False,False,1
6812,False,False,False,False,False,False,0
4676,True,False,False,False,False,False,0
1086,True,True,False,False,False,False,0
3930,True,True,False,False,True,False,1
5300,True,True,False,False,False,False,0
5716,True,False,True,False,True,False,1
6470,True,True,False,False,False,False,0
5253,True,True,False,True,True,False,0
5020,True,True,False,False,False,False,0
1505,True,True,False,False,False,False,0
303,True,True,False,False,False,False,0
3063,True,True,False,False,False,False,0
4498,True,False,False,False,False,False,0
8397,True,False,True,True,True,False,0
5560,True,True,False,False,False,False,0
4033,True,True,False,False,False,False,0
530,True,False,True,True,True,True,1
1724,True,True,False,False,False,False,0
550,True,False,False,False,False,False,0
8132,False,False,True,True,True,True,1
3659,True,True,False,False,False,False,0
5550,True,True,False,False,False,False,0
260,True,False,False,False,False,False,1
2415,False,False,True,False,False,False,1
6229,True,True,False,False,False,False,0
8944,True,False,False,False,False,False,1
7173,True,True,False,False,False,False,1
8115,True,False,False,True,True,False,0
1380,True,True,False,False,False,False,0
6232,True,True,False,False,False,False,0
8831,True,True,False,False,False,False,0
1682,True,False,False,False,False,False,0
5651,False,False,True,True,False,False,1
7744,True,True,False,False,False,False,0
4286,False,False,False,True,False,False,1
4880,False,False,True,False,False,False,1
687,True,False,True,False,True,False,1
5927,True,False,True,False,False,False,1
3107,True,True,False,True,False,False,0
7695,True,True,False,False,True,False,1
6929,True,True,False,False,False,False,1
6527,True,False,False,False,True,False,1
4485,True,True,False,False,False,False,0
8495,False,False,False,False,False,False,1
3857,True,False,True,False,False,False,0
7680,True,False,False,True,True,False,1
8525,False,False,False,True,False,False,1
1783,False,False,False,True,False,False,1
4733,True,True,False,True,False,False,0
155,True,True,False,True,False,False,0
5609,True,True,False,True,True,False,1
4647,True,False,True,True,True,True,1
5737,True,True,False,True,True,False,0
8563,True,True,False,False,False,False,0
3980,True,True,False,False,False,False,0
6018,True,True,False,False,False,False,0
2257,True,False,True,False,True,False,1
8677,True,True,False,False,False,False,0
5986,True,False,False,False,True,False,1
2734,True,True,False,False,False,False,0
4469,True,True,False,False,False,False,1
3596,True,False,False,False,True,False,1
6823,False,False,True,True,False,False,1
2495,False,False,True,True,True,False,0
729,False,False,False,False,False,False,1
8018,False,False,True,True,True,False,1
6097,True,False,True,False,False,True,1
5095,True,True,False,False,False,False,0
8921,True,True,False,False,False,False,0
2145,True,False,True,False,False,False,1
4372,True,False,False,False,True,False,1
6368,True,True,False,True,True,False,0
6770,True,False,False,False,True,False,1
1034,False,False,False,True,True,False,0
6703,True,False,False,False,True,False,0
1555,True,False,False,True,True,False,0
4951,True,True,False,False,False,False,0
4106,True,True,False,False,False,False,1
2832,True,True,False,False,False,False,0
2963,True,False,False,False,False,False,1
6117,False,False,True,True,False,True,1
6616,True,True,False,False,False,False,0
6888,True,True,False,False,False,False,0
8521,True,True,False,False,False,False,0
7047,True,True,False,False,False,False,0
1236,True,False,False,False,False,False,1
8266,True,True,False,False,False,False,0
8089,True,True,False,False,False,False,0
546,True,True,False,False,False,False,0
6562,False,False,False,False,False,False,1
5909,True,True,False,True,False,False,0
2191,True,False,True,False,False,False,1
4002,False,False,True,False,False,True,1
5087,True,True,False,False,False,False,0
5951,True,False,False,False,False,False,1
1880,True,False,True,False,False,False,1
4781,True,True,False,False,False,False,0
6712,True,True,False,False,False,False,1
6014,True,False,True,False,False,False,0
1313,True,False,True,False,False,False,1
7009,True,True,False,False,False,False,0
491,False,False,True,True,False,False,1
4250,True,True,False,False,False,False,0
1352,True,True,False,False,False,False,0
563,True,True,False,False,False,False,0
4149,True,True,False,False,False,False,0
4665,True,False,True,False,True,False,0
8959,True,True,False,False,False,False,0
6710,True,True,False,True,False,False,0
5921,False,False,True,False,False,False,1
7242,True,False,True,True,True,False,0
4786,True,True,False,False,False,False,0
5268,True,True,False,True,False,False,0
5448,False,False,False,False,False,False,0
4753,False,False,False,True,True,False,1
143,True,False,False,False,False,False,1
6636,True,False,True,False,False,True,1
2594,False,False,True,True,False,False,1
5417,True,False,False,True,True,False,0
6786,True,True,False,False,False,False,0
2847,False,False,False,False,False,False,1
7686,True,True,False,False,False,False,0
6042,False,False,True,True,False,False,1
7033,True,True,False,False,False,False,0
93,False,False,False,False,False,False,1
6007,True,False,False,True,True,False,1
8273,True,True,False,False,False,False,0
700,False,False,False,False,False,False,1
7604,True,True,False,False,False,False,0
4184,True,True,False,True,False,False,0
2203,True,True,False,False,False,False,0
2640,True,True,False,False,False,False,0
6377,True,True,False,False,False,False,0
5976,True,True,False,False,False,False,0
953,True,True,False,False,False,False,0
8555,False,False,True,True,True,True,1
217,False,False,True,True,False,True,1
5985,False,False,False,False,False,False,1
861,True,False,False,False,False,False,1
4233,True,True,False,True,False,False,0
736,True,True,False,False,False,False,0
3008,True,True,False,False,False,False,0
269,False,False,False,True,False,False,1
7797,True,False,False,True,True,False,0
2770,True,True,False,False,False,False,0
5756,True,False,True,False,False,True,1
5882,True,True,False,False,False,False,1
4932,True,False,True,True,False,False,1
8543,True,False,False,False,False,False,1
2193,True,False,False,True,True,False,1
5877,True,True,False,False,False,False,0
3719,False,True,False,True,True,False,1
532,True,False,True,False,False,False,1
1840,True,False,False,False,False,False,1
8980,False,False,False,False,False,False,1
2444,True,True,False,False,False,False,0
2055,True,True,False,True,True,False,0
4446,True,True,False,False,False,True,1
8453,True,True,False,False,False,False,0
3887,True,True,False,False,False,False,0
3675,True,False,True,False,True,False,1
8257,True,True,False,False,False,False,0
706,True,False,False,False,False,False,1
5884,True,False,False,True,True,False,0
5155,True,True,False,False,True,False,1
6303,True,False,False,False,False,False,1
1470,True,True,False,False,False,False,0
5166,False,False,False,True,False,False,1
2148,True,True,False,False,False,False,0
7814,False,False,False,False,False,False,1
4718,True,True,False,False,False,False,0
5332,True,False,True,True,True,False,1
1876,False,False,True,True,True,False,1
6648,False,False,True,True,True,True,1
1214,True,True,False,False,False,False,0
1129,True,True,False,False,False,False,0
7813,True,True,False,False,False,False,0
8322,True,True,False,False,False,False,0
4960,True,False,False,False,False,False,1
7063,True,True,False,False,False,False,0
1457,True,True,False,False,False,False,0
8979,True,False,True,True,True,False,0
3576,True,False,False,False,True,False,1
6639,True,True,False,False,False,False,0
4547,True,False,False,True,True,False,0
755,True,False,False,False,False,False,0
4017,False,False,False,True,False,False,1
8118,True,True,False,False,False,False,0
2100,False,False,False,True,False,False,1
4462,True,True,False,True,False,False,1
1911,True,True,False,True,True,False,0
1192,True,True,False,True,True,False,0
778,True,False,False,True,True,False,0
4411,False,False,False,False,False,False,1
5842,True,False,False,True,True,False,1
2842,True,False,True,False,True,True,1
4404,False,False,False,False,False,False,1
503,True,False,False,False,False,False,0
4807,True,True,False,False,False,False,0
7003,False,False,True,True,True,True,1
5989,True,False,True,False,True,False,1
3470,False,False,True,True,True,False,1
1411,True,False,True,False,True,True,1
893,True,False,False,False,False,False,0
1235,True,True,False,False,False,False,0
8721,True,True,False,False,False,False,0
3199,True,True,False,False,False,False,1
2607,True,True,False,False,False,False,0
5432,True,True,False,False,False,False,1
2949,True,True,False,False,False,False,0
662,True,True,False,True,True,False,0
1009,True,True,False,False,False,False,1
3586,False,False,True,True,True,True,1
7568,True,True,False,False,False,False,0
3399,False,False,True,True,True,True,1
7869,True,False,False,False,False,False,0
6990,True,False,False,True,True,False,0
6789,True,True,False,False,False,False,0
4452,False,False,True,True,True,True,0
1145,True,True,False,False,False,False,0
8843,True,True,False,True,True,False,0
6376,True,True,False,False,False,False,0
5116,True,True,False,False,False,False,0
7752,True,True,False,False,False,False,1
5461,True,True,False,False,False,False,0
2072,False,False,True,True,True,False,1
7000,True,True,False,False,False,False,0
6810,True,False,False,True,True,False,0
5305,True,True,False,False,False,False,0
6579,True,False,False,False,True,False,0
4311,True,True,False,False,False,False,0
6574,True,False,True,True,True,False,1
6733,True,False,False,False,True,False,0
6220,False,False,True,True,False,False,1
3886,False,True,False,True,True,False,1
1016,False,False,False,False,False,False,1
5524,True,True,False,False,False,False,0
1285,True,True,False,False,False,False,0
7961,True,True,False,True,True,False,1
1612,True,False,False,True,True,False,0
242,True,True,False,False,False,False,1
1884,True,False,False,False,True,False,0
6821,True,True,False,False,False,False,0
1110,False,False,False,True,False,False,1
7962,False,False,True,False,False,False,1
1251,False,False,True,True,False,True,1
5493,True,True,False,False,False,False,0
565,False,False,True,True,False,False,1
3562,True,True,False,False,False,False,0
2023,False,False,False,True,False,False,1
8288,True,True,False,False,False,False,0
3353,True,True,False,False,False,False,0
7002,False,False,True,True,True,False,0
2985,True,False,False,True,True,False,1
3013,True,False,True,False,True,False,1
1153,False,False,False,False,False,False,1
4692,True,True,False,False,False,False,0
6685,True,True,False,False,False,False,0
6891,True,True,False,False,False,False,1
11,True,True,False,False,False,False,0
5389,False,False,False,False,False,False,1
912,True,True,False,True,True,False,0
1487,True,True,False,False,False,False,0
1582,True,True,False,False,False,False,0
194,True,True,False,False,False,False,0
6781,True,False,False,False,True,False,0
3652,False,False,False,True,False,False,1
2453,True,False,True,False,True,False,1
1737,True,True,False,False,False,False,0
2159,False,False,False,False,False,False,1
4855,True,False,True,True,True,False,1
1699,True,True,False,False,False,False,0
797,True,True,False,False,False,False,0
3524,True,True,False,False,False,False,0
4513,True,False,False,False,False,False,0
4999,False,False,False,True,False,False,1
2603,True,False,False,False,False,False,1
3585,False,False,True,True,True,False,0
1042,True,True,False,False,False,False,0
4038,True,True,False,False,False,False,0
5535,True,True,False,False,False,False,1
5893,True,False,True,False,False,False,1
4255,False,False,False,False,False,False,1
4001,True,True,False,False,False,False,0
1860,True,True,False,True,True,False,0
7476,True,False,True,False,False,False,1
2015,True,False,False,False,False,False,0
6999,True,True,False,False,False,False,0
4995,True,True,False,False,False,False,0
890,True,False,False,False,False,False,0
854,False,False,True,True,True,True,0
5232,True,False,False,True,True,False,0
4046,True,False,True,False,False,False,1
5054,True,True,False,False,False,False,0
2754,True,False,False,False,False,False,0
1043,True,False,True,False,True,False,1
2702,False,False,True,True,False,False,1
6597,True,False,True,False,False,False,1
6126,False,False,True,True,False,False,1
4528,True,False,True,False,False,False,1
4475,True,True,False,True,False,False,0
3165,True,True,False,False,False,False,0
8526,True,False,True,False,False,True,1
3714,True,True,False,False,False,False,0
2412,False,True,False,True,True,False,1
3130,True,False,False,False,False,False,0
5403,True,True,False,False,False,False,0
2851,True,True,False,False,False,False,0
5725,True,True,False,False,False,False,0
3868,True,False,False,False,False,False,0
483,True,False,True,True,True,False,1
228,True,False,False,False,False,False,0
3955,False,False,True,False,False,False,1
3110,True,True,False,False,False,False,0
4282,True,False,True,False,True,False,0
2014,True,True,False,False,False,False,0
8927,True,True,False,False,False,False,0
3210,True,True,False,True,True,False,0
7301,True,True,False,False,False,False,0
160,True,True,False,False,False,False,0
265,True,True,False,False,False,False,0
4823,True,False,True,True,True,False,0
7099,True,False,False,False,False,False,1
7715,True,False,True,True,True,True,1
7248,True,True,False,False,False,False,0
7204,True,True,False,False,False,False,0
8479,False,False,True,True,True,False,0
5486,True,False,False,False,False,False,0
7971,True,True,False,False,True,False,0
6013,False,False,True,True,False,False,1
8128,True,True,False,True,True,False,1
6995,True,True,False,False,False,False,0
5697,True,True,False,False,False,False,0
8498,True,True,False,False,False,False,0
2787,True,True,False,False,False,False,1
3643,True,False,True,False,True,False,0
3599,False,False,True,False,False,False,1
4399,True,True,False,False,False,False,0
1065,True,True,False,False,True,False,0
3776,True,True,False,False,False,False,0
2286,True,False,True,False,False,True,1
6573,True,True,False,False,False,False,0
7495,True,True,False,False,False,False,0
4214,True,False,False,False,False,False,0
3455,True,True,False,False,False,False,0
4451,True,False,False,True,True,False,1
3133,True,True,False,True,True,False,1
8582,True,True,False,False,False,False,0
738,True,False,True,False,False,True,1
7989,True,True,False,True,False,False,0
8137,False,False,False,False,False,False,1
8448,False,False,True,True,True,False,1
7268,True,True,False,False,False,False,0
8696,True,False,True,False,False,False,0
639,True,True,False,False,False,False,0
2730,True,False,False,True,True,False,1
6472,False,False,True,True,False,False,1
5787,True,False,False,False,False,False,0
1728,True,True,False,False,False,False,0
2505,True,True,False,False,False,False,0
1669,False,False,False,True,False,False,1
915,False,False,False,False,False,False,1
3182,True,True,False,False,False,False,0
8464,True,True,False,False,False,False,0
6056,True,True,False,False,False,False,0
4076,True,False,False,False,False,False,0
5988,True,False,True,True,True,False,1
7442,True,True,False,False,False,False,0
819,True,True,False,False,False,False,1
8741,True,True,False,False,False,False,1
2304,False,False,True,True,False,True,1
6827,True,True,False,False,False,False,0
1125,True,True,False,False,False,False,1
4009,False,False,True,True,True,True,1
1435,True,False,False,False,False,False,0
2420,True,True,False,False,False,False,1
2882,True,True,False,False,False,False,0
3011,True,False,False,True,False,False,1
4971,True,False,True,False,True,False,1
8834,True,True,False,False,False,False,0
3897,True,False,True,False,True,True,1
8336,True,True,False,False,False,False,0
4561,False,False,True,True,True,False,1
4349,True,True,False,False,False,False,0
2776,True,False,False,False,True,False,1
2966,True,True,False,False,False,False,0
3780,True,True,False,False,False,False,0
4633,True,False,False,True,False,False,0
8341,False,False,True,True,True,False,1
2574,True,False,True,False,False,True,1
6283,True,True,False,False,False,False,0
3192,True,True,False,False,False,False,0
2260,True,False,False,False,False,False,0
7424,True,True,False,False,False,False,0
8159,True,True,False,False,False,False,0
3946,True,False,True,False,False,False,1
6159,True,True,False,False,False,False,0
8223,True,False,False,False,False,False,0
7209,False,False,True,True,True,False,1
3169,True,True,False,False,True,False,1
7084,True,True,False,False,False,False,0
4546,True,False,False,False,True,False,1
5671,True,False,True,True,True,False,0
4432,True,True,False,True,True,False,1
6246,True,False,True,False,False,False,1
8859,True,True,False,False,False,False,1
1187,True,False,False,False,False,False,1
1601,False,False,False,False,False,False,1
7456,True,False,False,True,True,False,1
1460,True,True,False,False,False,False,0
7152,True,True,False,False,False,False,0
7409,True,True,False,False,False,False,0
5059,True,False,False,False,False,False,1
6414,True,True,False,False,True,False,1
4601,True,True,False,False,False,False,1
8351,False,False,False,True,False,False,1
7866,True,False,False,False,False,False,0
8366,False,False,True,True,False,False,1
4444,True,True,False,False,False,False,0
6592,True,True,False,False,False,False,0
4316,False,False,False,True,False,False,1
346,True,True,False,False,False,False,0
8681,True,True,False,False,False,False,0
3084,True,False,True,False,True,True,0
7203,True,False,True,True,True,True,1
8004,False,False,False,True,False,False,0
2239,True,True,False,False,False,False,0
1754,True,False,True,True,True,True,1
8599,True,True,False,False,False,False,1
8829,True,False,False,False,True,False,0
3924,True,True,False,False,False,False,1
8876,True,True,False,False,False,False,1
4443,True,True,False,False,False,False,1
5415,True,True,False,False,False,False,0
1229,True,True,False,False,False,False,0
339,False,False,True,False,False,False,1
3221,False,False,True,True,True,True,0
8989,True,True,False,False,False,False,0
4691,False,False,True,True,True,False,0
4762,True,True,False,False,False,False,0
2650,True,True,False,False,False,False,0
1674,True,True,False,False,False,False,0
6646,False,False,False,True,False,False,1
4759,True,True,False,False,False,False,0
7001,True,True,False,False,False,False,0
225,True,True,False,False,False,False,0
7181,True,True,False,False,False,False,0
4065,True,True,False,False,False,False,0
1825,True,True,False,False,False,False,0
4736,False,False,False,False,False,False,1
2967,True,True,False,False,False,False,0
1109,False,False,False,False,False,False,1
247,False,False,True,True,True,True,1
6514,True,True,False,False,False,False,0
8467,True,True,False,False,False,False,0
775,True,True,False,False,False,False,0
6380,True,True,False,False,False,False,0
5100,True,True,False,True,False,False,1
7219,True,True,False,False,False,False,1
4680,True,True,False,False,False,False,0
7133,True,True,False,False,False,False,0
8993,True,True,False,False,False,False,1
7993,True,True,False,False,False,False,0
2168,True,True,False,False,False,False,0
7556,True,False,False,False,False,False,1
3588,True,False,False,False,False,False,0
5895,True,True,False,False,False,False,0
3795,True,True,False,False,False,False,0
4456,True,True,False,True,True,False,0
1092,True,False,False,False,True,True,1
8296,True,True,False,False,False,False,0
4201,True,False,True,False,False,True,0
3308,True,True,False,True,True,False,1
4964,True,True,False,False,False,False,0
6297,True,False,False,True,True,False,1
2584,True,True,False,False,False,False,0
6331,True,False,False,False,False,False,0
3115,True,True,False,False,False,False,1
7549,True,True,False,False,False,False,0
6721,False,False,True,True,False,True,0
46,True,True,False,False,False,False,0
7178,False,False,True,True,False,True,1
5729,True,True,False,False,False,False,0
4371,True,False,False,True,True,False,0
1972,True,False,False,False,False,False,1
3521,True,False,True,False,False,False,0
2625,True,False,False,True,True,False,0
5147,False,False,True,True,True,False,1
7118,False,False,True,True,False,True,1
3118,True,True,False,False,False,False,0
5849,True,True,False,False,False,False,0
7431,True,True,False,False,False,False,0
1774,False,False,False,True,False,False,1
4885,True,True,False,True,False,False,0
2602,True,False,True,False,False,False,1
1786,True,False,False,True,True,False,1
5595,True,True,False,False,False,False,0
76,True,False,True,True,True,True,0
816,True,True,False,False,False,False,0
5764,True,True,False,False,False,False,0
3139,True,True,False,False,False,False,1
6697,False,True,False,True,False,False,1
3259,True,True,False,False,False,False,0
2781,True,True,False,False,False,False,0
896,False,False,False,False,False,False,1
4373,False,False,True,False,False,False,1
3563,True,True,False,False,False,False,0
7673,False,False,True,True,True,False,1
4812,True,False,False,False,False,False,0
4585,True,True,False,True,True,False,1
5031,True,False,True,False,False,True,1
7988,True,True,False,False,False,False,0
6950,True,True,False,False,False,False,0
668,True,True,False,False,False,False,0
8854,True,True,False,False,False,False,0
4685,False,False,False,True,False,False,1
6245,True,True,False,False,False,False,1
4758,True,True,False,False,False,False,0
4252,True,False,True,True,True,False,0
5748,True,False,True,True,True,False,0
5124,True,True,False,False,False,False,0
1971,True,True,False,False,False,False,0
3966,True,False,True,False,True,False,0
5354,False,False,False,False,False,False,1
2878,True,False,True,False,True,True,0
4963,False,False,False,True,False,False,1
289,False,False,False,True,False,False,0
129,True,False,True,True,True,False,0
1527,True,True,False,True,True,False,0
8360,True,False,True,False,True,True,1
2195,True,True,False,False,False,False,0
301,False,False,False,False,False,False,1
3426,False,False,False,True,True,False,1
3251,False,False,False,False,False,False,1
4227,False,False,False,True,False,False,1
8856,False,False,False,False,False,False,1
364,True,True,False,False,False,False,0
6715,True,True,False,False,False,False,0
2919,True,True,False,False,False,False,0
908,True,True,False,False,False,False,0
2464,False,False,False,False,False,False,1
2752,True,True,False,False,False,False,0
7811,True,True,False,False,False,False,0
1405,True,False,False,False,True,False,1
8880,True,True,False,False,False,False,0
1966,True,False,True,False,True,False,1
8508,True,True,False,False,False,False,1
8867,False,False,True,True,True,True,1
2491,True,True,False,False,False,False,0
470,True,False,False,False,True,False,0
420,True,True,False,False,False,False,0
3430,True,True,False,True,False,False,0
8005,True,True,False,False,False,False,0
8892,True,True,False,True,False,False,0
3696,True,True,False,False,False,False,0
5144,False,False,False,False,False,False,1
263,True,False,False,False,True,False,1
1354,False,False,True,True,True,True,1
7984,False,False,True,True,False,False,1
6757,False,False,False,False,False,False,1
4243,True,True,False,False,False,False,0
7206,False,False,False,False,False,False,1
6373,True,True,False,True,True,False,0
2395,False,False,True,True,True,False,1
1998,True,False,True,True,True,False,1
894,True,True,False,False,False,False,0
1161,True,True,False,False,False,False,0
5480,True,False,True,False,False,True,0
8079,False,False,False,True,False,False,0
4678,True,True,False,False,False,False,0
6500,True,True,False,False,False,False,0
8724,False,False,False,False,False,False,1
5861,True,False,True,False,False,True,1
7608,True,False,False,False,True,False,0
5073,True,True,False,False,False,False,0
6223,True,False,True,False,False,False,0
4467,True,False,False,True,True,False,0
6345,True,True,False,False,False,False,0
6326,False,False,False,True,False,False,1
5240,True,False,False,False,False,False,1
5515,False,False,False,False,False,False,1
1171,False,False,False,False,False,False,1
5691,True,False,True,False,False,False,1
8105,False,False,False,False,False,False,1
7596,True,True,False,False,False,False,0
4667,True,True,False,False,False,False,0
2931,True,True,False,True,False,False,0
4060,True,False,True,False,True,True,1
6137,True,True,False,False,False,False,0
798,True,True,False,False,False,False,0
183,True,True,False,False,False,False,1
515,True,True,False,False,False,False,1
6588,True,True,False,False,False,False,0
7271,True,True,False,False,False,False,0
8119,True,False,False,False,False,False,1
2946,False,False,False,False,False,False,1
3666,True,True,False,False,False,False,1
1639,True,True,False,False,False,False,1
2251,True,True,False,True,True,False,1
2423,True,True,False,False,False,False,0
986,True,True,False,False,False,False,0
4417,True,True,False,False,False,False,0
8437,True,False,True,True,True,False,0
3913,True,True,False,False,False,False,0
5876,True,True,False,False,False,False,0
3578,True,True,False,False,False,False,0
1279,False,False,True,True,True,False,1
2141,True,False,False,False,False,False,0
8504,True,True,False,False,False,False,0
2862,True,True,False,False,False,False,0
1429,True,True,False,False,False,False,0
7279,True,False,False,False,True,False,0
5496,True,False,False,True,True,False,0
2027,True,False,True,False,False,False,1
658,True,False,True,False,True,False,1
1466,False,False,False,False,False,False,1
5452,True,True,False,False,False,False,1
2357,True,False,False,True,True,False,0
5828,True,False,True,False,True,False,0
2198,False,False,False,False,False,False,1
7091,False,False,False,True,False,False,1
7937,True,True,False,False,False,False,0
7022,True,True,False,False,False,False,0
4770,False,False,False,True,False,False,1
876,False,False,False,True,False,False,1
977,True,True,False,False,False,False,0
1626,True,True,False,True,True,False,1
7799,True,True,False,False,False,False,0
5017,True,True,False,False,False,False,0
3583,True,True,False,False,False,False,0
281,True,True,False,False,False,False,1
3826,True,True,False,False,False,False,0
8371,True,False,True,False,False,False,0
4891,False,False,False,False,False,False,1
4628,True,True,False,True,True,False,0
8704,True,True,False,False,False,False,0
83,True,True,False,False,False,False,0
54,True,True,False,False,False,False,0
7208,True,False,False,True,True,False,0
3433,False,False,True,True,True,True,1
113,True,True,False,False,True,False,1
277,True,True,False,False,False,False,0
5138,False,False,True,True,True,False,0
2043,True,True,False,False,False,False,0
3164,True,True,False,False,False,False,0
6167,True,True,False,False,False,False,0
2669,True,False,False,False,False,False,0
589,False,False,True,True,True,True,0
7443,True,True,False,False,False,False,0
1361,False,False,False,True,False,False,1
1250,True,True,False,True,True,False,0
1396,True,True,False,False,False,False,0
3223,True,False,False,False,False,False,0
3941,True,True,False,False,False,False,0
7904,True,True,False,False,False,False,1
4249,False,False,False,False,False,False,1
4244,True,True,False,False,False,False,0
6135,True,True,False,False,False,False,0
7211,True,True,False,False,False,False,0
2724,False,False,True,True,False,False,1
981,True,True,False,True,True,False,0
921,False,False,True,True,False,False,1
4412,False,False,False,True,False,False,1
2806,True,False,False,False,False,False,0
1293,True,False,False,False,False,False,0
3497,True,False,False,True,False,False,0
8281,True,False,False,False,False,False,0
3222,False,False,True,True,True,False,1
4664,True,True,False,False,False,False,0
6108,True,True,False,False,False,False,0
1067,True,True,False,False,False,False,0
2990,True,True,False,True,True,False,1
8301,True,True,False,False,False,False,0
411,True,True,False,False,False,False,0
6277,False,False,True,True,False,True,1
8390,True,True,False,True,False,False,1
7216,True,True,False,False,False,False,0
7317,True,False,False,False,False,False,0
5747,True,True,False,False,False,False,0
4107,True,True,False,True,True,False,1
8904,False,False,False,False,False,False,1
879,True,True,False,False,False,False,0
6356,True,False,False,False,False,False,1
1508,True,False,False,False,False,False,1
1084,True,True,False,False,False,False,1
8664,True,True,False,True,False,False,0
2207,True,True,False,False,False,False,0
6590,False,False,True,True,False,False,1
3274,True,True,False,False,False,False,0
1686,True,True,False,False,False,False,0
2478,True,False,False,False,False,True,0
3476,True,False,True,False,True,False,1
7565,True,True,False,False,False,False,0
6813,True,True,False,True,False,False,0
7159,True,True,False,False,False,False,0
5483,True,True,False,False,False,False,0
2477,True,False,False,False,False,False,0
6743,False,False,True,True,False,False,1
5249,False,True,False,True,True,False,1
7028,True,True,False,False,False,False,0
7410,True,True,False,False,False,False,0
3582,True,True,False,False,False,False,0
2853,True,False,False,False,False,False,0
1263,True,False,True,False,False,False,1
201,True,True,False,False,True,False,1
2937,True,True,False,False,False,False,0
5902,True,True,False,False,False,False,0
616,True,True,False,False,False,False,0
8982,True,True,False,False,False,False,0
6447,False,False,False,True,False,False,1
7578,True,True,False,False,False,False,0
7684,False,False,True,True,True,True,1
864,False,False,True,False,False,False,1
3537,True,False,True,False,False,True,1
8481,True,False,True,True,True,False,1
5792,True,False,True,False,True,False,1
5,True,False,True,False,True,True,1
8781,True,True,False,False,False,False,0
3332,False,False,False,True,False,False,1
592,True,False,False,True,True,False,0
8293,True,True,False,True,True,False,1
1687,True,True,False,False,False,False,0
7703,False,False,True,True,False,False,1
4406,False,False,True,False,False,False,1
5569,False,False,False,False,False,False,1
4083,True,False,False,False,False,False,0
3440,True,False,False,False,True,False,0
4397,True,True,False,True,False,False,0
7655,True,False,True,False,True,True,1
3320,True,True,False,False,False,False,0
1074,True,True,False,False,False,False,0
984,True,False,False,False,True,False,1
8265,False,False,True,True,False,False,1
4167,True,True,False,False,False,False,0
2840,False,False,False,False,False,False,1
7286,True,True,False,False,False,False,0
2199,True,True,False,False,False,False,0
2387,True,False,False,False,False,False,0
8701,True,True,False,True,False,False,0
1383,True,False,True,False,False,False,0
7485,True,True,False,False,False,False,0
8610,True,True,False,False,False,False,0
8762,True,False,False,False,True,False,0
2371,True,True,False,False,False,False,0
1363,True,True,False,False,False,False,0
5745,True,True,False,False,False,False,0
402,True,True,False,False,False,False,0
2259,True,True,False,False,False,False,0
3867,True,False,True,False,False,True,0
4630,True,True,False,False,False,False,0
8112,True,True,False,False,False,False,0
3413,True,False,True,False,False,False,1
4423,True,False,True,False,False,True,0
2123,True,True,False,False,False,False,0
3560,False,False,False,False,False,False,1
7270,True,True,False,False,False,False,0
5355,True,True,False,False,False,False,0
4713,True,True,False,False,False,False,0
8758,True,False,False,True,True,False,1
5007,True,True,False,False,False,False,0
3226,True,False,True,False,True,True,1
2694,True,True,False,False,False,False,0
2164,True,True,False,True,False,False,0
6895,True,True,False,False,False,False,0
6260,True,True,False,False,False,False,0
5739,True,True,False,False,False,False,1
7603,True,True,False,False,False,False,0
2976,False,False,False,True,False,False,1
2934,True,True,False,False,False,False,0
8808,False,False,True,True,False,False,1
8483,False,False,True,True,True,True,1
4816,True,True,False,False,False,False,1
2397,False,False,True,True,False,False,1
1647,True,True,False,False,False,False,1
1410,False,False,False,True,False,False,1
7916,True,True,False,False,False,False,0
6612,True,True,False,False,False,False,0
1516,True,False,False,True,True,False,0
6173,True,False,False,False,False,False,0
4267,True,False,False,True,True,False,0
1677,True,True,False,True,True,False,0
5005,True,True,False,False,False,False,0
4018,True,True,False,False,False,False,0
7675,False,False,True,False,False,False,1
3311,True,False,False,False,False,False,1
2354,True,True,False,False,False,False,0
4020,True,True,False,False,False,False,0
5207,True,True,False,False,False,False,0
4138,True,True,False,False,False,False,0
3815,True,True,False,False,False,False,0
6217,True,True,False,True,True,False,0
6824,True,True,False,False,False,False,0
7249,True,True,False,False,False,False,0
8442,True,True,False,False,False,False,0
1259,False,False,False,False,False,False,1
1789,True,False,False,False,False,False,0
4128,True,True,False,True,True,False,1
8444,True,True,False,False,False,False,0
3114,True,True,False,False,False,False,0
5911,False,False,False,False,False,False,1
3407,True,True,False,True,True,False,1
1203,True,True,False,False,False,False,0
6663,True,True,False,False,False,False,0
4103,False,False,False,False,False,False,1
3242,True,False,True,False,False,True,1
2402,True,False,False,False,False,False,1
5942,True,False,True,True,True,False,1
3122,False,False,False,False,False,False,1
3803,True,False,False,True,True,False,0
5107,True,True,False,False,False,False,0
1138,False,False,True,True,False,True,1
1931,False,False,True,True,False,False,0
1936,True,True,False,False,False,False,0
8600,True,True,False,False,False,False,0
1810,False,False,False,False,False,False,1
8778,False,False,False,False,False,False,1
5592,True,True,False,False,False,False,0
4322,True,True,False,True,False,False,0
2656,False,False,False,False,False,False,1
6276,True,False,False,False,False,False,0
972,True,True,False,False,False,False,0
1000,True,True,False,False,False,False,0
8361,True,True,False,False,False,False,0
927,True,True,False,False,False,False,0
3255,True,True,False,False,False,False,0
5983,True,True,False,False,False,False,0
4998,True,True,False,False,False,False,0
4626,True,True,False,True,False,False,0
6341,False,False,True,True,True,True,1
1061,False,False,True,True,False,True,0
8041,False,False,False,True,False,False,1
5102,True,True,False,True,True,False,0
7475,True,False,False,False,False,False,1
3225,False,False,True,True,False,False,1
6427,True,True,False,True,True,False,1
6680,True,False,True,False,False,True,1
3103,True,False,True,False,False,False,0
1294,True,False,True,False,True,False,1
1645,False,False,False,True,False,False,1
5023,True,False,False,True,True,False,0
8313,True,True,False,False,False,False,0
5868,True,True,False,False,False,False,0
7719,True,False,False,False,False,False,0
3587,False,False,True,True,False,True,1
6440,True,True,False,False,False,False,0
165,False,False,False,False,False,False,1
1491,True,True,False,False,False,False,0
7165,True,False,False,False,False,False,0
7802,True,False,False,False,False,False,0
6079,True,False,True,False,True,True,1
4025,False,False,True,True,True,False,1
2948,True,True,False,False,False,False,0
2121,True,False,False,True,True,False,0
1773,True,True,False,False,False,False,0
7929,True,False,True,False,False,False,1
1636,True,True,False,False,False,False,0
1959,True,False,True,False,True,False,1
2890,True,False,False,False,False,False,0
8847,False,False,True,True,False,True,1
1066,False,False,False,False,False,False,1
1553,True,True,False,True,False,False,0
1391,True,True,False,False,False,False,0
1320,True,True,False,True,True,False,0
3144,True,True,False,True,False,False,0
8466,True,True,False,True,True,False,0
904,True,True,False,False,False,False,0
7657,True,False,True,False,True,False,1
4745,True,False,False,True,True,False,1
457,False,False,False,True,False,False,1
1486,True,True,False,False,False,False,0
8,True,True,False,False,False,False,0
2723,False,False,True,False,False,False,1
1796,True,False,True,False,True,False,1
872,True,True,False,False,False,False,1
2678,True,True,False,False,False,False,0
5312,True,False,True,False,False,False,1
4849,True,False,False,True,True,False,0
5991,True,True,False,True,False,False,0
489,True,True,False,False,False,False,0
7524,True,True,False,False,False,False,0
7276,True,True,False,False,False,False,1
8210,True,True,False,False,False,False,1
2767,True,False,False,False,False,False,0
7738,True,False,False,False,False,False,0
1557,False,False,True,False,False,True,1
5408,True,True,False,False,False,False,0
6494,True,True,False,False,False,False,0
4463,False,False,False,True,False,False,1
4714,True,True,False,False,False,False,0
124,True,True,False,False,True,False,1
2638,False,False,True,True,True,True,0
5106,True,True,False,False,False,False,0
8474,True,True,False,False,False,False,1
4473,True,True,False,True,True,False,1
2011,True,True,False,False,False,False,1
7369,True,False,False,True,True,False,0
6545,True,False,False,False,False,False,0
6353,True,True,False,False,False,False,0
5856,True,True,False,False,False,False,0
2458,True,True,False,False,True,False,1
353,True,False,True,False,False,False,1
5763,False,False,False,True,False,False,1
3817,True,True,False,False,False,False,0
4174,True,True,False,False,False,False,1
3713,True,True,False,False,False,False,0
969,False,False,False,True,False,False,1
8837,True,True,False,False,False,False,0
8228,False,False,False,True,False,False,1
6408,True,True,False,False,False,False,0
8339,True,True,False,False,False,False,0
2930,True,True,False,False,False,False,1
4271,False,False,False,True,False,False,1
6364,False,False,False,False,False,False,1
4059,False,False,False,False,False,False,1
5826,False,False,False,False,False,False,1
5519,True,False,False,True,True,False,0
1013,True,True,False,False,False,False,0
8081,True,False,True,False,True,True,1
4092,True,True,False,False,False,False,0
4799,True,True,False,False,False,False,0
6163,False,False,True,True,False,True,1
560,True,True,False,False,False,False,0
1961,True,True,False,False,False,False,1
1158,True,False,False,False,False,False,1
4941,True,True,False,False,True,False,1
1631,True,False,False,True,True,False,1
1654,True,True,False,False,False,False,0
7726,False,False,False,False,False,False,1
3121,True,True,False,False,False,False,0
2161,False,False,False,True,False,False,1
6234,True,True,False,False,False,False,0
5014,False,False,True,True,False,False,1
3748,False,False,False,True,False,False,1
8008,True,False,True,False,False,False,0
5070,True,True,False,False,False,False,0
1228,True,True,False,False,False,False,0
717,True,True,False,False,False,False,0
1252,False,False,True,True,False,False,1
2595,True,True,False,True,True,False,0
1496,False,False,True,True,False,False,1
1882,True,True,False,False,False,False,0
7747,False,False,False,False,False,False,1
4125,True,False,False,True,False,False,0
2284,True,True,False,False,False,False,0
2981,True,True,False,False,False,False,1
4139,False,False,False,True,False,False,1
4264,True,True,False,False,False,False,0
5632,True,True,False,False,False,False,0
1311,False,False,False,False,False,False,1
613,True,True,False,False,False,False,0
3685,True,True,False,False,False,False,0
835,True,True,False,False,False,False,0
126,True,True,False,False,True,False,1
2476,False,False,False,True,False,False,1
2899,False,False,True,True,True,True,1
4732,True,True,False,False,False,False,0
3089,True,True,False,False,False,False,0
1080,True,True,False,False,False,False,1
310,True,True,False,False,True,False,0
1144,True,True,False,False,False,False,0
7978,True,False,False,True,False,False,0
6099,False,False,True,True,False,True,1
8136,False,False,False,False,False,False,1
3617,True,True,False,False,False,False,0
8691,True,True,False,False,True,False,1
5315,True,True,False,False,False,False,0
5381,True,True,False,False,False,False,0
7501,True,True,False,False,False,False,1
1891,True,False,True,True,True,False,1
5438,True,False,True,False,True,True,0
7137,True,True,False,False,False,False,0
5316,True,False,True,False,False,False,1
2451,True,False,False,False,True,False,0
4748,True,True,False,False,False,False,0
2307,True,True,False,False,False,False,1
830,True,False,True,True,True,False,1
4739,True,True,False,False,False,False,0
28,True,True,False,False,False,False,0
8533,True,True,False,False,False,False,0
4429,True,True,False,False,False,False,0
8935,True,True,False,False,False,False,0
3619,True,True,False,False,False,False,1
1302,False,False,True,True,False,False,1
7771,False,False,False,False,False,False,1
5016,True,True,False,False,False,False,0
3352,False,False,False,False,False,False,1
4449,True,False,False,False,False,False,0
3584,False,False,True,True,False,False,1
641,True,False,False,False,False,False,0
5470,True,False,True,True,True,True,1
3180,True,True,False,False,False,False,0
4629,True,True,False,False,False,False,0
2480,True,False,True,False,True,False,1
1638,False,False,True,False,False,False,1
3243,True,False,True,True,True,False,1
5275,True,True,False,False,False,False,0
5175,True,False,False,True,True,False,0
924,True,True,False,False,False,False,0
7502,True,True,False,False,False,False,0
7924,True,False,False,True,False,False,1
2969,True,False,True,False,True,True,1
1073,True,True,False,False,False,False,0
4387,True,True,False,False,False,False,1
4899,False,False,False,True,False,False,1
838,True,True,False,False,False,False,1
3733,True,True,False,False,False,False,0
4328,True,False,False,False,False,False,1
5881,True,False,True,False,False,True,1
45,True,True,False,False,False,False,0
2529,True,True,False,False,False,False,0
2766,True,True,False,False,False,False,1
6642,True,True,False,False,False,False,0
2715,True,True,False,True,False,False,0
1122,True,False,False,True,True,False,1
3305,True,True,False,False,False,False,0
3577,True,True,False,False,False,False,0
7139,True,True,False,False,False,False,0
6939,True,False,False,False,False,True,1
1694,True,True,False,False,False,False,0
4379,False,False,True,True,True,True,1
6337,True,True,False,False,False,False,0
1567,True,False,True,True,True,False,1
371,True,True,False,False,False,False,0
8864,True,True,False,False,False,False,0
2537,True,True,False,False,False,False,1
8176,False,False,True,True,False,True,1
1610,True,False,False,True,True,False,1
7550,True,False,False,False,False,False,0
8194,True,True,False,False,False,False,0
8981,True,True,False,False,False,False,0
495,True,False,False,False,False,False,0
703,True,True,False,True,False,False,0
6868,True,True,False,True,True,False,0
6316,True,False,True,False,True,False,1
509,True,False,True,False,False,False,0
3518,False,False,False,True,False,False,1
2655,True,True,False,False,False,False,0
1526,True,True,False,False,False,False,0
6035,False,False,False,True,False,False,1
7422,True,True,False,True,False,False,0
3213,True,False,False,False,False,False,1
6101,True,True,False,True,False,False,1
4958,True,True,False,True,True,False,1
5340,True,False,True,True,True,False,1
5556,True,True,False,False,False,False,0
7135,False,False,True,True,True,False,0
1337,True,True,False,False,False,False,0
974,True,True,False,False,False,False,0
2325,False,False,False,False,False,False,1
7547,True,False,False,False,False,False,0
992,True,True,False,False,False,False,0
6372,True,False,True,False,False,True,1
3031,True,True,False,False,False,False,0
7366,True,True,False,True,False,False,0
6665,False,False,True,True,True,True,1
7333,True,True,False,False,False,False,0
1967,True,True,False,False,False,False,0
2726,True,True,False,False,False,False,0
2519,True,False,True,False,True,False,0
7068,True,False,True,False,True,False,0
4783,True,False,True,False,False,True,1
7766,True,True,False,False,False,False,0
5645,True,False,False,False,False,False,0
7226,True,False,False,True,True,False,0
6801,False,False,True,True,True,False,1
3456,True,False,False,False,False,False,0
572,True,True,False,False,False,False,0
8922,True,True,False,False,False,False,0
3538,True,True,False,False,False,False,0
8106,True,True,False,False,False,False,0
7299,True,True,False,False,False,False,0
3027,True,False,False,False,False,False,0
397,True,True,False,True,True,False,0
1933,True,False,True,True,True,False,1
396,True,False,False,False,False,False,0
5886,True,False,True,True,False,False,0
2022,False,False,True,False,False,False,1
598,False,False,False,False,False,False,1
8940,True,True,False,True,False,False,0
3671,False,False,True,False,False,False,1
1307,True,False,True,False,False,False,0
1777,True,True,False,False,False,False,0
7415,True,True,False,True,True,False,1
7607,True,False,False,False,False,False,1
4754,True,True,False,False,False,False,0
7525,True,True,False,False,False,False,0
4775,True,False,True,False,False,True,1
7831,True,False,True,True,True,False,1
7777,False,False,True,True,True,False,0
2631,False,False,False,False,False,False,1
2898,True,False,False,False,False,False,1
825,True,False,False,False,False,False,0
506,False,False,False,False,False,False,1
8372,True,True,False,False,False,False,0
196,True,True,False,False,False,False,1
8807,True,True,False,False,False,False,0
4946,True,True,False,True,True,False,0
8142,True,True,False,False,False,False,0
752,False,False,False,False,False,False,1
2435,True,False,False,False,False,False,0
7591,True,True,False,True,False,False,0
358,True,False,True,False,True,False,1
2212,True,False,True,True,True,False,1
8697,True,False,False,False,False,False,0
3047,True,False,True,True,True,False,0
4930,True,False,False,False,False,False,1
2894,True,False,False,True,True,False,0
1119,True,False,True,False,False,False,1
6057,True,True,False,False,False,False,0
646,True,False,True,False,False,False,1
2988,False,False,True,False,False,False,1
8391,True,True,False,False,False,False,0
1360,False,False,False,True,False,False,1
5495,True,True,False,False,False,False,0
6040,True,False,False,False,False,False,0
5779,True,True,False,False,False,False,0
1869,True,True,False,False,False,False,0
1900,True,True,False,False,False,False,0
549,True,True,False,False,True,False,1
4284,False,False,False,False,False,False,1
2083,True,False,False,True,True,False,0
4574,False,False,False,True,False,False,1
3670,False,False,True,True,False,True,0
1653,True,False,True,False,False,True,1
8347,True,False,True,False,False,True,0
8260,False,False,False,True,False,False,1
79,True,True,False,False,False,False,0
3288,True,False,True,True,True,False,0
5846,True,False,True,True,True,False,1
5412,False,False,False,True,False,False,1
1561,False,False,False,False,False,False,1
8928,True,True,False,False,False,False,0
468,True,True,False,False,False,False,0
3760,True,False,True,False,False,True,1
8715,False,False,False,False,False,False,1
6967,True,True,False,False,False,False,0
6502,True,True,False,False,False,False,0
7564,True,True,False,False,False,False,0
8875,False,False,False,False,False,False,1
6210,False,False,False,True,False,False,1
5628,False,False,False,True,False,False,1
8842,True,True,False,False,False,False,0
7075,False,False,False,False,False,False,1
3891,True,True,False,False,False,False,0
7160,True,False,False,False,False,False,0
1240,True,False,True,False,True,True,1
5612,True,True,False,False,False,False,0
8752,True,True,False,False,False,False,0
4509,True,False,True,False,False,False,1
7741,True,True,False,False,False,False,0
3174,True,True,False,False,False,False,0
8297,True,False,False,False,False,False,0
6767,True,True,False,True,True,False,0
4632,True,True,False,False,False,False,0
7494,True,True,False,False,False,False,0
8653,False,False,True,True,False,False,1
1957,True,True,False,False,False,False,0
5336,True,True,False,False,False,False,0
5292,False,False,False,False,False,False,1
693,True,True,False,False,False,False,0
8388,True,False,True,False,True,True,1
5176,True,False,True,False,False,True,1
3283,True,False,False,False,True,False,1
5446,False,False,False,False,False,False,1
3715,True,False,False,False,False,False,1
6084,False,False,False,False,False,False,1
1310,False,False,True,True,True,True,1
2299,False,False,False,False,False,False,1
8770,False,False,True,True,True,False,1
4723,True,True,False,False,False,False,1
617,True,True,False,False,False,False,0
8424,True,False,True,False,True,False,1
7801,True,False,False,True,True,False,1
5250,True,False,True,False,True,False,1
3952,True,True,False,False,False,False,0
7382,True,True,False,False,False,False,0
8070,True,True,False,False,False,False,0
8148,False,False,True,False,False,False,1
799,True,False,True,False,False,False,1
2760,True,False,False,False,False,False,0
4074,True,True,False,False,False,False,0
8375,False,True,False,True,True,False,1
8235,True,True,False,False,False,False,0
6981,True,True,False,False,False,False,0
5379,False,False,False,False,False,False,1
6244,False,False,True,True,True,True,1
4577,True,True,False,False,False,False,0
1247,True,True,False,False,True,False,1
4363,False,False,False,True,False,False,1
4883,False,False,True,True,False,True,1
3896,True,True,False,True,True,False,1
3260,True,True,False,False,False,False,0
4170,True,False,False,False,False,False,0
4434,True,True,False,False,False,False,1
7717,True,True,False,False,False,False,0
4870,True,True,False,False,False,False,0
8735,True,True,False,False,False,False,0
3635,False,False,True,True,True,True,1
7101,True,False,False,True,True,False,0
7453,False,False,True,True,False,False,1
4216,True,True,False,False,False,False,0
6103,True,False,False,False,False,True,0
1894,True,True,False,False,False,False,0
870,True,True,False,True,True,False,1
3410,True,True,False,False,False,False,0
276,False,False,False,False,False,False,1
2065,True,True,False,False,False,False,0
5678,True,True,False,False,False,False,0
4156,True,True,False,False,False,False,0
3390,True,True,False,False,False,False,0
1216,True,True,False,False,False,False,0
7951,True,True,False,False,False,False,0
4703,True,False,False,True,True,False,0
7396,True,True,False,False,False,False,1
7031,True,True,False,False,False,False,0
75,True,False,True,False,False,False,0
6869,True,True,False,False,False,False,0
7762,True,False,False,False,True,False,1
947,True,False,False,False,False,False,0
2822,False,False,True,False,False,False,1
326,True,False,False,False,False,False,1
7403,True,True,False,True,True,False,0
6617,True,True,False,False,False,False,1
1828,True,True,False,False,False,False,0
5743,True,False,False,False,False,False,1
3994,True,True,False,False,False,False,0
3105,True,True,False,False,False,False,0
3683,True,False,True,True,True,False,0
2973,True,False,False,True,True,False,1
600,False,False,False,False,False,False,1
8027,True,True,False,False,False,False,0
3726,True,False,True,True,True,False,1
8383,True,True,False,True,False,False,0
5538,False,False,False,True,False,False,1
8011,False,False,True,True,False,False,1
4878,True,False,False,True,False,False,0
6407,True,False,False,False,False,False,0
2060,True,True,False,False,False,False,0
2827,True,False,True,False,True,True,1
5529,True,False,True,True,False,False,1
7259,True,True,False,False,False,False,0
3662,True,True,False,False,False,False,0
1355,True,True,False,False,False,False,0
3606,True,True,False,False,False,False,0
1243,True,False,True,True,True,False,0
3372,True,True,False,False,False,False,0
3049,False,False,True,True,False,False,1
1459,True,True,False,False,False,False,0
7169,True,True,False,False,False,False,0
6605,True,True,False,False,False,False,0
6972,True,False,False,False,False,False,0
4010,True,False,True,False,False,False,1
1291,False,False,True,True,True,False,1
6752,True,False,True,False,False,False,0
8594,True,True,False,False,False,False,0
827,True,False,True,True,True,False,0
3189,False,False,False,False,False,False,0
4952,True,False,True,True,True,False,0
7461,True,False,True,False,False,True,1
4121,True,True,False,False,False,False,0
5474,True,True,False,False,False,False,0
1711,True,True,False,True,True,False,1
5133,True,True,False,False,False,False,0
6702,False,False,True,True,False,False,0
7642,True,False,False,False,False,False,0
2879,True,False,False,True,True,False,1
2362,True,False,False,False,False,False,1
146,True,False,True,True,False,False,1
84,True,True,False,False,False,False,0
7530,True,True,False,False,False,False,0
8032,True,True,False,False,False,False,0
5589,True,True,False,False,False,False,0
3884,True,True,False,False,False,False,1
8340,True,True,False,False,False,False,0
807,False,False,True,True,False,False,0
4124,False,False,False,True,False,False,1
5709,True,True,False,False,False,False,0
813,True,True,False,False,False,False,0
2585,True,True,False,False,False,False,0
1351,True,True,False,False,False,False,0
5834,True,False,False,True,True,False,1
1371,True,True,False,False,False,False,0
2092,True,False,True,False,False,False,1
1987,True,False,True,False,True,True,1
4978,True,True,False,False,False,False,0
2653,True,False,True,False,True,True,1
1546,False,False,True,True,False,False,1
1096,True,True,False,False,False,False,0
1621,True,True,False,False,False,False,0
4840,True,False,False,True,True,False,0
5192,False,False,True,False,False,False,1
670,False,False,False,False,False,False,1
3739,True,True,False,False,False,False,1
8719,True,True,False,False,False,False,0
1515,True,True,False,False,True,False,1
6719,True,True,False,True,True,False,1
4695,True,False,False,False,False,False,1
7104,True,True,False,False,False,False,0
2783,True,True,False,False,False,False,1
4653,True,False,True,True,False,True,1
5283,True,True,False,False,False,False,0
6654,True,True,False,False,False,False,0
520,True,False,True,False,False,True,1
7265,True,True,False,False,False,False,0
8728,True,True,False,False,False,False,0
1050,True,False,False,False,False,False,0
2521,True,True,False,False,False,False,1
5619,True,True,False,False,False,False,1
960,True,False,True,False,False,False,1
6186,True,True,False,False,False,False,0
2929,True,False,False,False,False,False,0
574,True,True,False,False,False,False,0
8379,False,False,False,False,False,False,1
3160,True,True,False,False,False,False,0
4915,True,True,False,False,False,False,0
8240,False,False,True,True,False,True,1
932,True,True,False,False,False,False,0
647,True,False,True,True,True,False,1
877,True,True,False,False,False,False,0
3337,True,True,False,True,True,False,1
756,True,False,True,True,True,False,1
4366,True,False,False,True,True,False,0
3968,False,False,True,True,False,True,1
3759,True,True,False,True,False,False,0
7676,False,False,False,True,False,False,1
8641,False,False,False,True,False,False,1
4616,False,False,False,True,True,True,1
4454,False,False,False,False,False,False,1
1205,True,False,False,True,True,False,1
6621,False,False,False,True,False,False,1
6304,True,True,False,False,False,False,0
4589,True,True,False,False,False,False,0
5298,True,True,False,False,False,False,0
5629,True,True,False,False,False,False,0
3680,False,False,True,True,False,False,1
8022,True,False,False,False,True,True,1
7141,True,True,False,False,False,False,0
926,True,True,False,False,False,False,0
2984,True,False,True,True,True,True,1
2287,True,True,False,False,False,False,1
8648,False,False,False,True,False,False,1
293,True,True,False,False,False,False,0
4027,True,True,False,False,False,False,0
116,True,True,False,False,False,False,0
5903,True,True,False,False,False,False,0
989,True,True,False,False,False,False,0
7222,True,True,False,False,False,False,0
3864,False,False,True,False,False,False,1
193,True,False,False,True,True,False,1
4064,True,True,False,False,False,False,0
3224,True,True,False,False,False,False,0
8998,True,False,False,True,True,False,0
3229,True,True,False,False,False,False,1
2103,False,False,False,True,False,False,1
3961,True,False,False,True,True,False,1
5459,True,True,False,True,False,False,0
7925,False,False,True,True,True,False,0
858,False,False,True,True,False,False,0
235,True,True,False,False,False,False,0
199,True,True,False,False,False,False,0
8417,True,False,False,False,False,False,0
6622,True,True,False,False,False,False,0
10,True,True,False,False,False,False,0
328,True,False,False,False,True,False,0
5904,True,True,False,False,False,False,0
751,True,True,False,False,False,False,0
262,True,True,False,False,False,False,0
821,True,True,False,False,False,False,0
4638,True,False,True,False,False,False,1
4606,True,False,True,False,False,False,1
5125,True,True,False,False,True,False,1
8669,False,False,False,True,False,False,1
8251,True,True,False,False,False,False,0
5934,True,True,False,False,False,False,0
8378,True,False,False,True,True,False,0
1827,False,False,True,True,False,False,1
6805,False,False,False,False,False,False,1
3356,True,False,False,False,False,False,0
2170,False,False,False,False,False,False,1
8166,True,True,False,True,False,False,0
5310,True,False,True,True,True,False,0
5979,False,False,True,True,True,False,1
1659,False,False,True,True,True,True,1
1857,True,True,False,False,True,False,1
3919,True,True,False,False,False,False,0
4256,False,False,True,False,False,False,0
7810,True,True,False,False,False,False,0
7354,True,True,False,False,False,False,0
2701,True,True,False,False,False,False,0
204,True,True,False,False,False,False,0
2697,True,False,True,True,True,False,1
4908,True,True,False,False,False,False,0
1892,False,False,True,False,False,False,1
4967,True,False,False,True,True,False,0
524,True,False,True,False,False,True,1
5002,True,False,False,True,True,False,1
3153,True,True,False,False,False,False,1
5164,True,True,False,False,False,False,0
5009,True,True,False,False,False,False,0
153,True,False,True,False,False,True,1
1075,True,True,False,False,False,False,0
6317,True,True,False,True,False,False,0
7616,True,True,False,False,False,False,0
1413,True,True,False,True,True,False,0
1535,True,True,False,False,False,False,0
887,False,False,False,True,False,False,1
6508,True,False,False,True,True,False,0
1649,True,True,False,False,False,False,0
2791,True,False,True,False,False,False,0
8573,False,False,False,True,False,False,1
7562,True,True,False,False,False,False,0
3981,True,False,False,True,True,False,1
4146,True,True,False,False,False,False,0
3291,True,False,False,False,True,False,1
348,False,False,True,False,False,False,1
5457,True,True,False,False,False,False,0
4070,True,False,True,False,False,False,1
8848,True,True,False,False,False,False,0
105,True,False,False,True,True,False,0
27,False,False,True,True,False,False,1
2906,True,False,True,True,False,False,1
3363,True,False,True,False,True,True,0
1628,True,True,False,True,False,False,0
1592,True,True,False,False,False,False,1
8674,False,False,False,False,False,False,1
4552,True,False,False,False,False,False,0
6263,True,False,True,True,True,False,1
7429,True,True,False,True,False,False,1
4705,True,False,False,True,True,False,1
2173,True,True,False,False,False,False,0
2066,True,False,False,False,False,False,0
8718,True,True,False,False,False,False,0
2501,True,True,False,False,False,False,0
3303,False,False,True,True,True,True,0
5104,True,True,False,True,True,False,1
7247,False,False,True,True,False,False,1
5156,True,False,False,True,True,False,0
3611,True,False,True,True,True,False,0
4211,False,False,False,True,False,False,1
2156,True,False,True,False,True,False,1
4557,True,True,False,False,False,False,0
8175,True,True,False,False,False,False,0
8134,True,False,True,False,True,False,1
8634,True,True,False,False,False,False,0
433,True,True,False,False,False,False,1
6411,True,True,False,False,False,False,1
1068,True,False,True,False,False,False,1
417,False,False,False,True,True,False,1
645,False,False,True,True,False,False,0
3794,True,True,False,False,False,False,1
5335,True,True,False,False,False,False,0
2334,True,True,False,False,False,False,0
8500,True,True,False,False,False,False,0
1064,True,False,True,True,False,True,1
5646,False,False,False,False,False,False,1
8000,True,True,False,False,False,False,0
8652,True,False,False,True,True,False,0
1269,True,False,False,False,False,False,0
5547,False,False,True,False,False,False,1
4050,True,True,False,False,False,False,0
652,True,False,False,True,True,False,0
2979,True,False,False,False,False,True,1
7290,False,False,False,False,False,False,1
1312,True,True,False,False,False,False,1
3727,True,False,False,False,True,False,1
2876,True,False,True,False,False,True,1
1625,True,True,False,False,False,False,0
5967,True,True,False,True,False,False,0
452,True,False,True,True,True,False,0
7174,True,True,False,True,False,False,0
2046,False,False,False,True,False,False,1
3527,True,True,False,True,True,False,0
29,True,True,False,False,False,False,1
6166,True,True,False,False,False,False,1
1940,True,False,True,True,True,False,1
8109,True,True,False,True,False,False,0
1922,True,False,True,False,False,False,1
6559,True,False,True,False,False,True,0
1785,True,True,False,False,False,False,0
5006,True,False,False,False,False,False,0
2194,False,False,False,False,False,False,1
8149,True,False,False,True,True,False,0
6439,True,True,False,False,False,False,0
5202,True,True,False,True,True,False,1
3326,False,False,False,False,False,False,1
2547,True,False,False,False,False,False,1
6071,True,False,True,True,True,True,1
3050,True,True,False,False,False,False,0
3324,True,True,False,False,False,False,0
2641,True,True,False,False,False,False,0
8395,True,False,False,True,True,False,1
2110,True,True,False,False,False,False,0
6811,True,False,False,False,False,False,0
2001,False,False,False,False,False,False,1
1029,True,True,False,False,False,False,0
7859,True,False,False,True,True,False,0
8074,False,False,False,False,False,False,1
309,True,False,True,False,True,True,1
6998,False,False,False,False,False,False,1
5777,True,True,False,False,False,False,0
6318,True,True,False,False,False,False,0
2310,True,True,False,False,False,False,0
5430,True,False,False,False,False,False,1
3774,True,True,False,False,False,False,0
4058,True,False,True,False,False,False,1
3702,False,False,False,True,False,False,1
4159,False,False,False,False,False,False,1
6261,True,True,False,False,False,False,1
8862,True,False,False,True,True,False,1
227,True,True,False,False,False,False,0
5850,False,False,True,True,True,False,1
527,False,False,True,True,False,True,1
5115,True,True,False,True,False,False,0
7463,True,False,False,True,True,False,0
8779,False,False,True,True,True,False,1
1712,True,False,True,True,True,False,1
885,True,True,False,False,False,False,0
5093,False,False,True,True,True,True,1
2932,True,True,False,False,False,False,0
5494,False,False,True,True,True,False,0
4383,False,False,True,True,False,False,1
1369,False,False,False,False,False,False,1
2709,False,False,False,False,False,False,1
8200,False,False,False,True,False,False,0
6296,True,False,False,False,True,False,0
427,True,True,False,False,False,False,0
3721,True,True,False,False,False,False,0
3297,True,True,False,False,False,False,0
8158,True,False,False,True,True,False,1
3059,True,True,False,False,True,False,0
7844,True,False,False,False,True,False,1
5347,True,True,False,False,False,False,0
2424,True,False,False,True,True,False,0
3351,True,True,False,False,False,False,1
3043,True,False,True,False,False,False,1
2544,True,True,False,False,False,False,0
5757,True,True,False,False,False,False,0
7559,True,True,False,False,False,False,0
6732,True,True,False,False,False,False,0
6457,True,False,True,True,True,False,1
1206,True,True,False,False,False,False,0
7548,False,False,True,True,False,False,1
6610,True,True,False,False,False,False,0
3614,True,False,False,True,True,False,1
6699,False,False,False,False,False,False,1
1973,True,False,False,True,True,False,0
5191,True,True,False,True,False,False,0
7857,False,False,True,True,True,False,1
4793,True,True,False,False,False,False,0
4356,True,True,False,False,False,False,0
58,True,False,False,False,False,False,0
5254,True,True,False,False,False,False,0
4888,True,False,False,False,False,False,1
5585,True,True,False,False,False,False,1
6555,True,False,False,False,False,False,1
3030,True,False,False,True,True,False,1
8919,True,True,False,False,False,False,0
5096,True,False,True,False,True,True,0
3097,True,False,False,True,True,False,0
5067,True,False,True,False,True,True,1
3220,True,True,False,False,False,False,0
3506,True,False,False,False,True,False,1
1033,False,False,False,False,False,False,1
4886,True,True,False,False,False,False,0
8818,True,False,False,True,True,False,0
3613,True,True,False,False,False,False,0
8740,True,True,False,False,False,False,0
4907,True,False,False,True,True,False,0
3486,True,True,False,False,False,False,0
7843,False,False,True,True,True,True,1
8513,True,True,False,False,False,False,0
5443,False,False,False,True,False,False,1
6023,True,True,False,False,False,False,0
6707,True,True,False,False,False,False,0
8597,True,True,False,False,False,False,0
6320,True,True,False,False,False,False,0
5041,True,True,False,False,True,False,1
4453,False,False,True,True,True,True,1
4541,True,False,False,False,False,False,0
1037,False,False,False,True,False,False,1
3710,True,False,False,False,False,False,1
256,True,False,False,True,True,False,0
3273,True,True,False,False,False,False,0
5537,True,False,False,False,True,False,1
2053,True,False,False,False,False,False,0
631,True,True,False,True,True,False,1
1679,False,False,True,True,False,False,1
2030,True,False,False,False,False,False,0
2042,True,True,False,False,False,False,0
4555,False,False,False,True,True,False,1
3503,True,True,False,False,False,False,0
6254,True,True,False,False,False,False,0
2738,True,True,False,False,False,False,0
8094,True,True,False,False,False,False,0
7423,True,True,False,False,False,False,0
8253,False,False,False,False,False,False,1
2662,True,True,False,False,False,False,0
804,False,False,True,True,True,True,1
5969,True,False,True,True,True,False,1
6734,True,True,False,True,True,False,1
553,False,False,True,False,False,False,1
5362,True,True,False,False,False,False,0
7786,True,False,False,False,False,False,0
6230,True,False,False,True,True,False,0
3417,True,True,False,True,True,False,1
7192,True,True,False,False,False,False,0
3204,True,True,False,False,False,False,0
2324,True,True,False,False,False,False,0
6713,True,False,False,False,False,False,1
2557,True,False,False,False,False,False,1
2244,True,True,False,False,False,False,0
1815,False,False,True,True,True,False,0
184,True,True,False,False,False,False,0
5371,True,True,False,False,False,False,0
6489,True,True,False,False,False,False,0
3798,True,True,False,False,False,False,0
6145,False,False,False,True,True,False,1
6894,True,True,False,False,False,False,0
2221,True,True,False,False,False,False,0
2417,False,False,True,True,True,False,1
4437,True,True,False,True,False,False,0
283,True,False,False,False,False,False,0
1955,False,False,False,True,False,False,0
3068,True,False,False,False,False,False,1
5188,False,False,True,False,False,True,1
6287,True,True,False,False,False,False,0
2140,True,True,False,False,False,False,0
5531,True,True,False,True,False,False,0
4797,True,True,False,False,False,False,0
2700,True,True,False,True,True,False,0
845,True,False,True,False,True,False,0
496,True,False,True,True,True,False,1
840,True,False,False,True,True,False,0
7234,True,True,False,False,False,False,0
4604,True,True,False,False,False,False,0
4859,True,True,False,False,False,False,0
8368,True,True,False,False,False,False,0
4145,True,True,False,False,False,False,0
7225,True,False,True,False,False,False,0
1763,True,True,False,False,False,False,0
1093,True,True,False,False,False,False,0
2393,False,False,False,False,False,False,1
3536,True,False,False,False,False,False,0
8667,True,True,False,False,False,False,0
1111,True,True,False,False,False,False,0
5908,True,True,False,False,False,False,0
2391,True,False,True,True,True,True,1
5561,True,False,False,True,True,False,0
4950,False,False,False,True,False,False,1
1421,False,False,True,True,True,True,1
5663,True,True,False,True,True,False,0
5888,True,False,True,True,True,False,0
6519,False,False,True,True,False,False,1
2293,False,False,False,False,False,False,1
6905,True,False,False,True,True,False,0
1715,True,True,False,False,False,False,0
2241,True,True,False,False,False,False,0
6422,True,True,False,False,False,False,0
1461,False,False,False,False,False,False,1
4321,False,False,True,True,False,True,1
7351,True,False,False,False,False,False,0
1710,True,True,False,False,False,False,0
4219,True,False,False,True,True,False,0
6031,True,True,False,False,False,False,0
6314,False,False,False,False,False,False,1
1218,True,True,False,False,False,False,0
7588,False,False,True,True,False,False,1
7514,True,False,True,False,True,False,0
8084,True,True,False,False,False,False,0
7953,True,True,False,False,False,False,0
7731,True,True,False,False,False,False,0
5972,True,False,True,False,False,False,1
4920,False,False,False,True,False,False,1
8246,False,False,True,True,False,True,1
464,True,False,True,True,True,False,1
3855,True,True,False,False,False,False,0
3849,True,False,False,False,True,False,0
6328,True,False,True,False,False,True,1
7100,True,True,False,False,False,False,0
7012,True,False,True,False,True,False,0
6239,True,True,False,False,False,False,0
3212,True,False,False,False,False,False,0
5397,False,False,False,True,True,False,1
3816,True,False,True,True,True,False,0
558,True,True,False,False,False,False,0
360,True,True,False,False,False,False,0
8988,True,False,True,False,True,True,1
934,False,False,False,False,False,False,0
728,True,True,False,False,False,False,0
7148,True,False,True,False,False,False,1
3540,True,True,False,False,False,False,0
3053,True,True,False,False,False,False,0
5201,True,False,True,True,True,False,0
8707,True,False,True,False,True,True,1
2018,True,True,False,False,False,False,0
6695,True,False,True,False,False,False,0
2913,False,False,False,False,False,False,1
2907,True,False,True,False,False,False,1
6259,True,True,False,False,False,False,1
2761,True,True,False,False,False,False,0
8298,True,True,False,False,False,False,0
628,True,True,False,False,False,False,0
7646,True,False,False,False,False,False,0
949,False,False,True,True,True,True,1
803,True,True,False,True,True,False,1
4470,False,False,True,True,True,False,1
8214,True,False,True,False,False,True,1
3389,True,True,False,False,True,False,1
3967,True,True,False,False,False,False,0
868,True,False,False,True,True,False,1
7697,True,False,False,False,False,False,0
2315,True,True,False,False,False,False,1
6061,False,False,False,True,False,False,1
5284,True,True,False,False,False,False,0
6628,True,False,False,False,False,False,0
7807,True,True,False,False,False,False,0
5659,True,False,True,True,False,False,0
5648,True,False,True,False,True,False,1
4096,True,True,False,False,False,False,0
1953,True,False,True,False,False,False,1
1152,True,True,False,True,False,False,0
4196,True,True,False,False,False,False,0
5236,True,True,False,False,False,False,0
4700,False,False,True,True,False,False,1
8743,True,False,False,True,True,False,0
1906,True,False,False,True,True,False,0
4206,True,True,False,False,False,False,0
4942,True,True,False,True,True,False,0
6363,True,True,False,False,False,False,0
5309,True,False,False,False,True,False,0
7428,True,True,False,False,False,False,0
7517,False,True,False,True,True,False,1
2510,True,True,False,False,False,False,0
552,False,True,False,True,True,False,1
6338,False,False,True,True,False,False,1
1566,True,False,False,True,True,False,0
4769,False,False,False,False,False,False,1
5043,True,True,False,False,False,False,0
6799,True,True,False,False,False,False,0
8861,True,True,False,False,False,False,0
1230,False,False,False,False,False,False,1
6914,False,False,False,True,False,False,1
6989,True,True,False,False,False,False,0
3219,False,False,True,True,True,False,1
2581,True,False,False,False,False,False,0
8815,True,True,False,False,False,False,0
4824,True,True,False,False,False,False,0
4721,True,True,False,False,False,False,0
1583,True,False,True,False,True,False,1
2546,False,False,True,True,False,True,1
7343,True,False,False,False,False,False,0
3360,False,False,False,False,False,False,1
4603,False,False,False,True,True,False,1
482,True,True,False,False,False,False,0
4822,True,True,False,False,False,False,0
6602,True,True,False,False,False,False,0
5304,True,True,False,False,False,False,0
5042,True,True,False,False,False,False,0
318,False,False,True,True,False,False,1
6839,True,True,False,False,False,False,0
6201,False,False,True,True,True,True,0
2084,True,False,True,True,True,False,1
1675,True,True,False,False,False,False,0
5578,True,True,False,False,False,False,0
8827,True,False,False,False,False,False,1
7172,False,False,True,True,True,False,1
6095,True,True,False,False,False,False,0
3244,True,False,True,False,False,True,0
253,False,False,False,False,False,False,1
2036,True,False,True,False,False,False,1
1837,True,True,False,False,False,False,0
1944,True,True,False,False,False,False,0
5794,True,True,False,False,False,False,0
1584,False,True,False,True,True,False,1
6270,True,False,True,True,True,False,1
7321,True,True,False,False,False,False,1
2039,True,False,False,True,True,False,0
4180,True,False,False,False,False,False,0
3370,False,False,False,True,False,True,0
2711,True,True,False,False,False,False,0
6336,True,True,False,False,False,False,0
5915,True,False,True,True,True,False,1
7840,True,True,False,False,False,False,0
2794,True,False,True,False,True,True,1
7113,True,False,False,True,True,False,0
5982,True,True,False,False,False,False,0
4222,True,True,False,False,False,False,0
5339,True,True,False,False,False,False,0
8299,True,False,False,True,True,False,0
370,True,True,False,False,True,False,0
8478,False,False,False,True,True,False,1
332,True,True,False,False,False,False,0
4352,False,False,False,False,False,False,0
8426,True,True,False,False,False,False,0
1027,True,False,False,False,True,False,1
5539,True,False,False,False,False,False,1
6735,False,False,True,True,True,False,0
7221,True,False,True,False,True,True,1
2740,True,True,False,False,False,False,0
5450,False,False,False,False,False,False,1
7664,False,False,False,False,False,False,1
1542,True,False,True,True,True,False,0
3184,True,False,True,True,True,False,1
6160,True,False,False,False,False,False,1
7917,True,True,False,True,False,False,1
1980,True,True,False,False,False,False,0
8204,True,True,False,False,False,False,0
3735,True,True,False,False,False,False,0
8047,False,False,True,True,False,False,1
1052,True,True,False,False,False,False,1
973,True,False,False,True,True,False,0
8710,True,True,False,False,False,False,0
6505,True,False,True,False,True,False,1
7712,True,True,False,False,False,False,0
1209,True,True,False,False,False,False,0
1765,True,False,False,False,True,False,0
2418,True,True,False,False,False,False,1
1759,True,True,False,False,False,False,0
1799,True,True,False,False,False,False,0
8259,True,True,False,False,False,False,0
5684,True,True,False,False,False,False,0
7482,True,False,True,False,False,False,0
3625,True,False,False,True,True,False,0
823,True,True,False,False,False,False,0
4115,False,False,False,False,False,False,1
2533,True,False,False,False,False,False,1
3475,True,True,False,False,False,False,0
6262,False,False,False,False,False,False,1
5964,True,True,False,False,False,False,0
8451,True,True,False,False,False,False,0
385,True,False,False,False,False,False,0
1767,True,True,False,False,False,False,0
3894,True,False,False,False,True,False,0
8060,True,False,False,True,True,False,0
2254,True,True,False,False,False,False,1
2773,True,False,True,False,True,False,0
4861,True,True,False,False,False,False,1
5265,False,True,False,True,True,True,1
6608,True,False,False,False,True,False,1
2489,True,False,False,False,True,False,0
7990,False,False,True,True,True,True,1
5993,True,False,False,False,True,False,0
2926,False,False,False,True,False,False,1
850,False,False,True,True,False,False,1
7372,True,True,False,False,False,False,0
5172,False,False,False,False,False,False,1
4494,True,True,False,False,False,False,0
3252,True,True,False,False,False,False,0
7791,False,False,False,False,False,False,1
233,True,True,False,False,False,False,0
5083,False,False,False,True,False,False,1
4237,True,True,False,False,False,False,0
5798,True,True,False,False,False,False,0
5500,False,True,False,True,True,False,1
1664,True,True,False,False,False,False,0
3058,False,False,False,True,True,False,1
6022,False,False,False,False,False,False,1
4079,True,True,False,True,True,False,0
8320,True,False,True,False,False,False,1
663,True,False,True,False,False,True,1
6258,True,True,False,False,False,False,0
903,True,False,False,False,True,False,0
3472,True,True,False,False,False,False,0
1983,True,True,False,False,False,False,0
5187,True,True,False,False,False,False,0
578,False,False,True,True,True,False,1
5947,True,True,False,False,False,False,0
189,True,False,True,False,False,False,1
2916,True,True,False,True,True,False,0
8955,True,True,False,False,False,False,0
8364,True,False,False,True,True,False,0
505,True,True,False,False,False,False,0
1760,False,False,False,True,False,False,1
44,True,False,True,True,True,False,0
7534,False,True,False,True,False,True,1
3725,True,True,False,False,False,False,0
2383,True,False,True,False,False,True,0
1032,True,True,False,False,False,False,0
7472,True,True,False,False,False,False,0
3552,True,True,False,True,True,False,0
3400,False,False,True,True,True,True,1
1913,False,False,False,True,False,False,1
8227,True,False,True,True,True,False,0
8035,True,True,False,False,False,False,0
4024,True,True,False,False,False,False,0
3876,True,True,False,False,False,False,0
6350,False,False,False,False,False,False,1
2567,False,False,True,True,True,False,1
5778,True,False,False,False,False,False,0
3100,False,False,True,True,True,True,0
7909,True,True,False,False,False,False,0
4768,False,False,True,True,False,False,1
6586,True,True,False,False,True,False,1
3368,True,True,False,False,False,False,0
4420,True,True,False,False,False,False,0
7976,True,True,False,False,False,False,0
2873,True,True,False,False,False,False,0
5084,True,True,False,False,False,False,0
3553,False,False,True,True,True,True,0
2077,True,True,False,True,True,False,1
2356,True,True,False,False,False,False,0
8939,True,True,False,False,False,False,1
1170,True,True,False,False,False,False,0
5847,True,True,False,False,False,False,0
6311,False,False,False,True,False,False,1
104,True,True,False,False,False,False,0
8332,True,False,False,False,False,False,0
3804,True,True,False,False,False,False,0
8255,True,False,True,False,True,False,0
434,False,False,False,False,False,False,1
4821,True,True,False,False,False,False,0
16,True,False,False,False,False,False,0
7622,True,False,True,False,True,False,1
623,True,True,False,False,False,False,0
4334,True,False,False,False,False,False,1
6922,False,False,True,True,False,False,0
655,True,True,False,False,False,False,0
967,True,True,False,False,False,False,0
2411,True,True,False,False,False,False,0
696,True,True,False,False,False,False,0
2590,True,True,False,False,False,False,0
1744,True,True,False,False,False,False,0
1387,True,False,False,True,True,False,1
2696,True,True,False,True,True,False,0
2841,True,True,False,False,False,False,0
5781,True,True,False,False,False,False,0
1113,True,False,True,True,True,False,1
7708,False,False,False,True,False,False,1
2667,True,True,False,False,False,False,0
5575,True,False,False,False,False,False,0
2802,True,False,False,True,True,False,0
8312,True,True,False,False,False,False,0
3831,True,True,False,False,False,False,0
580,True,True,False,True,True,False,1
4066,True,True,False,False,False,False,0
4415,True,True,False,False,False,False,0
1509,True,True,False,False,False,False,1
1714,True,True,False,False,False,False,0
536,True,True,False,False,False,False,0
8828,True,True,False,False,False,False,0
7376,True,True,False,False,False,False,0
1867,True,True,False,False,False,False,0
2122,True,True,False,False,False,False,0
1082,True,True,False,False,False,False,0
2034,True,True,False,True,False,False,0
6563,True,False,False,False,True,False,1
88,True,True,False,False,False,False,0
3993,True,True,False,False,False,False,0
4101,False,False,True,True,True,True,1
5170,True,False,False,True,True,False,1
940,False,False,False,False,False,False,1
6753,True,False,False,True,True,False,0
3910,True,True,False,False,False,False,1
3452,True,False,False,False,False,False,0
5673,True,False,True,False,False,False,1
6994,True,True,False,False,False,False,0
4254,True,True,False,False,False,False,0
6526,False,False,False,False,False,False,1
8236,True,True,False,False,False,False,1
8237,True,False,True,True,False,True,1
64,True,True,False,False,False,False,0
6240,True,True,False,False,False,False,0
7613,True,False,False,False,True,True,0
6366,True,True,False,False,False,False,0
3489,True,False,True,False,True,True,1
5774,True,False,True,False,True,True,1
5015,True,False,False,True,True,False,1
8229,True,False,True,False,False,False,0
2798,False,False,False,False,False,False,1
955,True,False,True,False,False,True,1
1336,True,False,False,True,True,False,1
1038,True,True,False,False,False,False,0
3749,True,True,False,False,False,False,0
3074,True,False,False,False,False,False,1
418,True,True,False,False,False,False,0
4981,True,True,False,False,False,False,0
2236,True,True,False,True,True,False,0
8797,False,False,False,True,False,False,1
3600,False,False,False,False,False,False,1
1909,True,False,True,False,False,False,0
5686,False,False,True,True,True,True,1
7319,True,True,False,False,False,False,0
2636,False,False,False,True,False,False,1
2823,True,True,False,False,False,False,1
6847,True,True,False,False,False,False,1
1219,True,True,False,False,False,False,1
8643,True,False,True,True,True,False,0
2443,True,True,False,False,False,False,1
3286,True,False,False,False,False,False,0
3799,True,True,False,False,False,False,0
4875,True,True,False,False,False,False,0
6742,True,True,False,False,False,False,1
6012,False,False,True,False,False,False,1
5109,True,True,False,False,False,False,0
6973,True,True,False,False,True,True,1
8763,True,False,True,False,True,False,0
862,True,False,False,True,True,False,0
8749,True,True,False,True,True,False,0
757,True,False,True,False,False,True,1
3437,True,False,False,True,True,False,0
1060,True,True,False,False,False,False,0
7023,False,True,False,True,True,True,1
1051,False,False,True,True,True,True,1
296,True,True,False,False,False,False,0
5296,True,True,False,False,False,False,0
4677,True,False,True,True,True,False,0
2909,True,True,False,False,False,False,0
6535,True,True,False,False,False,False,0
8126,True,True,False,False,False,False,0
1927,False,False,True,False,False,False,1
3230,True,False,False,True,True,False,1
5784,True,True,False,False,False,False,0
7107,True,False,True,False,False,True,1
6096,True,True,False,False,False,False,0
5827,False,False,True,True,False,True,1
1099,True,False,False,False,False,False,1
8231,True,True,False,False,False,False,0
2473,True,True,False,False,False,False,0
4459,True,True,False,False,False,False,0
6736,True,True,False,False,False,False,0
5751,True,True,False,False,False,False,0
5918,False,False,True,True,False,True,1
6541,True,True,False,False,False,True,1
4307,True,True,False,False,False,False,0
7820,True,True,False,False,False,False,0
1249,True,False,True,True,True,False,1
7339,True,False,False,False,False,False,1
7757,True,True,False,True,True,True,1
1131,True,False,False,True,False,False,0
5384,True,False,True,False,True,False,1
2340,False,False,True,True,True,False,1
1589,True,True,False,False,False,False,0
4448,True,True,False,True,True,False,1
5830,True,True,False,False,False,False,0
5306,True,False,False,False,False,False,0
1141,True,False,True,False,False,False,1
6666,True,False,True,True,True,False,0
4720,True,True,False,False,False,False,0
7433,True,False,False,True,False,False,0
3927,False,False,False,True,False,False,1
1221,True,False,False,False,False,False,0
7943,True,False,False,True,True,False,0
561,True,True,False,False,False,False,0
7734,True,False,True,False,True,False,1
2086,False,False,False,True,False,False,1
197,True,True,False,False,False,False,0
3069,True,True,False,False,False,False,1
5364,True,True,False,False,False,False,0
5140,True,True,False,False,False,False,0
6756,True,False,False,False,False,False,0
7484,True,True,False,False,False,False,0
414,True,False,False,True,True,False,0
7258,True,True,False,False,False,False,0
1238,True,False,False,False,False,False,0
7500,True,False,True,False,True,False,1
3315,True,True,False,True,True,False,0
5898,True,True,False,False,False,False,1
6446,False,False,False,True,False,False,1
7972,False,False,False,True,False,False,1
1587,True,True,False,False,False,False,0
6307,False,False,True,True,True,False,1
914,True,False,False,True,True,False,0
4531,True,True,False,False,False,False,0
203,True,False,False,False,False,False,1
4566,False,False,False,True,True,False,1
5610,True,True,False,False,False,False,0
7014,True,True,False,False,True,False,0
3971,True,True,False,False,False,False,0
7710,True,False,False,False,False,True,1
5773,True,False,True,False,True,True,1
2082,True,True,False,False,False,False,0
1258,True,True,False,True,False,False,1
5440,False,False,True,True,False,True,1
1917,True,True,False,False,False,False,0
6790,True,True,False,False,False,False,0
8169,True,True,False,False,False,False,0
5733,False,False,False,False,False,False,1
632,True,True,False,False,False,False,0
8110,False,False,False,True,False,False,1
4364,True,True,False,True,False,False,0
1914,True,False,False,False,True,False,1
2000,False,False,False,False,False,False,1
692,True,True,False,False,False,False,0
4600,False,False,True,True,False,True,0
8170,True,True,False,False,False,False,0
1186,False,False,False,True,False,False,1
1575,True,True,False,False,False,False,0
4466,True,False,False,True,True,False,0
4287,True,True,False,False,False,False,0
4690,False,False,False,False,False,False,1
299,True,True,False,False,False,False,0
5990,True,False,False,False,False,False,0
2384,True,False,False,True,True,False,0
5618,True,True,False,False,False,False,0
958,True,True,False,True,True,False,1
3477,True,True,False,False,False,False,0
3736,True,True,False,False,False,False,0
8097,True,True,False,True,False,False,0
7630,False,False,True,True,False,True,0
3316,True,False,False,True,True,False,0
7700,True,False,False,False,False,False,0
7582,True,True,False,False,False,False,0
4134,True,True,False,False,False,False,0
8539,True,False,False,False,False,False,1
963,True,True,False,False,False,False,0
6141,True,True,False,False,False,False,1
7895,True,False,True,False,False,False,1
4684,True,False,False,False,False,False,0
5654,True,True,False,False,False,True,1
7371,True,False,False,False,True,False,0
2481,True,True,False,False,False,False,0
8153,True,True,False,False,False,False,0
5590,True,True,False,False,False,False,0
2297,True,False,False,False,True,False,1
2852,True,True,False,False,False,False,0
1803,True,True,False,False,False,False,1
7720,False,False,False,False,False,False,1
8490,True,True,False,False,False,False,0
5476,True,False,False,False,False,False,0
7528,True,False,False,False,True,False,1
5235,False,False,False,True,True,False,1
3729,True,True,False,False,False,False,0
2471,True,True,False,False,False,False,0
7838,True,True,False,False,True,False,0
5428,True,False,True,False,True,False,1
8997,True,True,False,False,False,False,0
191,True,False,False,False,False,False,0
6175,False,False,False,False,False,False,1
3147,True,True,False,False,False,False,0
3731,True,True,False,False,False,False,0
3158,True,True,False,False,False,False,0
8090,True,True,False,False,False,False,0
2758,True,True,False,False,False,False,0
1846,True,True,False,False,False,False,0
1521,False,False,True,True,True,False,1
8868,True,True,False,False,False,False,0
1306,True,True,False,False,False,False,0
6512,True,True,False,False,False,False,0
6403,True,True,False,False,False,False,0
8450,True,False,True,True,True,False,0
2136,True,False,True,False,True,True,1
4239,True,True,False,False,False,False,0
3490,True,False,True,False,False,True,1
127,True,True,False,False,False,False,0
8399,True,True,False,False,False,False,0
4474,True,True,False,False,False,False,0
993,True,True,False,False,False,False,0
2348,False,False,True,True,True,True,1
6766,False,False,True,True,True,False,1
5699,False,False,False,True,False,False,1
8602,True,True,False,False,False,False,0
1952,True,True,False,False,False,False,0
910,True,False,False,False,True,False,1
7150,False,False,True,False,False,False,1
6729,True,True,False,False,False,False,0
7070,True,False,True,False,False,True,1
939,True,False,True,False,False,True,1
4643,False,False,False,False,False,False,1
1753,True,True,False,False,False,False,0
6771,True,False,False,False,False,False,0
377,True,False,False,True,True,False,0
6474,True,False,False,False,False,False,1
3793,True,False,True,False,False,True,1
5806,False,False,False,True,False,False,1
3066,True,False,True,False,True,False,0
3310,True,True,False,False,False,False,0
1709,True,True,False,False,False,False,0
2172,True,False,True,False,True,False,0
7115,True,True,False,False,False,False,0
2333,True,True,False,False,False,False,0
6509,True,True,False,False,False,False,0
6456,True,False,False,True,False,False,0
5238,True,True,False,False,False,False,0
8129,False,False,True,True,True,True,1
7449,False,False,True,True,False,True,0
2332,True,True,False,False,False,False,0
3672,True,True,False,False,False,False,0
4235,True,False,False,False,False,False,1
4655,False,False,False,True,False,False,1
4760,True,True,False,False,False,False,0
6404,True,True,False,True,False,False,0
7021,True,True,False,False,False,False,1
7768,False,False,True,True,False,False,1
8712,True,False,False,True,True,False,0
7789,True,False,True,False,False,False,1
7087,True,False,True,False,False,True,1
1419,True,True,False,False,False,False,0
5344,True,False,False,False,True,False,1
1536,True,True,False,False,False,False,0
686,True,False,True,False,False,False,0
4806,False,True,False,True,False,False,1
1040,True,True,False,False,False,False,0
3750,True,True,False,False,False,False,0
1164,False,True,False,True,True,True,0
8326,True,True,False,False,False,False,0
1332,True,False,True,False,False,False,0
1581,True,True,False,False,False,False,1
6549,True,False,True,False,False,False,1
2782,True,False,False,True,True,False,0
1191,False,False,False,False,False,False,1
3647,True,True,False,False,False,False,0
1368,True,False,False,True,True,False,1
3119,True,True,False,False,False,False,0
6037,False,False,False,False,False,False,1
5386,True,False,False,True,True,False,1
4860,True,True,False,False,False,False,0
8877,False,False,True,True,False,False,1
7155,True,True,False,False,False,False,0
4500,True,False,False,False,True,False,1
1315,True,True,False,False,False,False,0
4911,True,False,True,False,True,False,1
3289,True,False,False,False,False,False,1
2613,True,True,False,False,False,False,0
4365,True,False,True,True,True,False,0
2554,True,False,True,False,True,True,1
5914,False,False,False,False,False,False,1
7652,False,False,False,False,False,False,1
7202,True,False,True,True,True,False,0
8007,True,False,True,False,True,True,1
1297,True,True,False,False,False,False,0
6580,True,True,False,False,False,False,0
4084,True,False,True,True,True,False,0
376,False,False,False,True,False,False,1
2746,True,True,False,False,False,False,0
7055,True,True,False,False,False,False,0
4590,True,False,False,False,False,False,0
4179,True,True,False,False,False,False,0
3073,True,True,False,False,False,False,0
6761,True,True,False,False,False,False,1
3325,True,False,False,True,True,False,1
7599,True,True,False,True,True,False,0
1756,False,False,False,True,False,False,1
4510,True,True,False,False,False,False,0
5075,True,False,True,False,False,True,1
4550,False,False,False,False,False,False,1
3679,False,False,False,False,False,False,1
7892,True,True,False,False,False,False,0
3641,False,False,False,True,False,False,1
6759,True,True,False,False,True,False,0
22,False,False,False,False,False,False,1
786,True,True,False,False,False,False,0
8649,True,False,False,False,True,False,0
4955,True,False,False,True,False,True,1
1432,True,True,False,False,False,False,0
8056,True,False,False,True,True,False,0
5666,True,False,False,True,True,False,0
8786,False,False,True,True,True,False,1
508,True,True,False,False,False,False,0
7887,True,True,False,True,False,False,0
2643,True,False,False,True,True,False,0
1253,True,True,False,True,False,False,0
7980,True,True,False,False,False,False,0
7094,True,True,False,False,False,False,0
5206,True,True,False,False,False,False,0
4648,True,True,False,False,False,False,1
6705,True,True,False,False,False,False,0
65,True,True,False,False,False,False,1
5472,True,False,True,False,False,True,1
6818,False,True,False,True,False,True,1
8465,True,True,False,True,True,False,1
6793,True,True,False,False,False,False,0
8792,False,False,True,True,False,False,1
8023,True,False,True,False,True,True,1
6879,True,True,False,True,False,False,0
3330,True,True,False,False,False,False,0
2202,True,True,False,True,True,False,1
7610,True,True,False,False,False,False,0
723,True,False,True,True,True,False,1
2995,True,True,False,False,False,False,0
57,True,False,True,True,True,False,1
4584,True,False,True,True,True,False,1
6603,True,True,False,False,False,False,1
4492,True,True,False,True,False,False,0
5567,False,False,True,True,True,True,1
8799,True,True,False,True,True,False,1
4623,True,False,False,False,False,False,0
4077,True,True,False,False,False,False,0
6768,True,True,False,False,False,False,0
4789,True,True,False,False,False,False,0
2013,True,True,False,False,False,False,0
2858,True,True,False,False,False,False,0
6539,False,False,True,True,True,True,0
2096,True,False,True,False,True,False,0
8254,True,True,False,False,False,False,0
2498,True,False,False,True,True,False,0
2282,False,False,True,True,True,False,1
4627,False,False,False,False,False,False,1
4556,True,False,False,True,True,False,1
7706,True,True,False,False,False,False,0
4867,True,True,False,False,False,False,1
147,True,True,False,False,False,False,1
3874,True,True,False,False,False,False,0
4014,True,True,False,False,False,False,0
5429,True,True,False,False,False,False,0
3202,True,False,False,True,True,False,0
2507,False,False,False,False,False,False,1
1416,True,True,False,False,False,False,0
5664,False,False,False,False,False,False,1
7577,True,False,False,True,False,False,1
4954,True,True,False,False,False,False,0
6858,True,True,False,False,False,False,0
3575,False,False,True,True,False,False,0
1287,False,False,True,False,False,False,1
2689,True,False,False,False,False,False,0
4439,False,False,False,False,False,False,1
2530,True,True,False,False,False,False,0
2269,True,True,False,False,False,False,0
6235,True,True,False,False,False,False,0
538,True,True,False,False,False,False,0
5378,True,True,False,False,False,False,0
1890,True,True,False,False,False,False,0
5801,True,True,False,False,False,False,0
6455,True,True,False,False,False,False,0
4530,True,False,False,False,False,False,0
7553,True,True,False,False,False,False,0
708,True,True,False,False,False,False,0
8065,False,False,False,False,False,False,1
4833,True,False,True,False,True,False,0
920,True,True,False,False,False,False,0
824,False,False,False,True,False,False,1
8203,True,True,False,False,False,False,0
8185,True,True,False,False,False,False,0
4579,True,False,True,False,False,True,1
4325,True,False,False,False,False,True,0
3673,False,False,True,True,False,True,1
575,False,False,False,False,False,False,1
6370,True,True,False,False,False,False,0
5263,True,True,False,False,False,False,0
2078,True,False,False,False,False,False,0
1232,True,False,False,False,False,False,0
8584,True,False,True,False,False,False,1
224,True,True,False,False,False,False,0
7309,True,True,False,False,False,False,0
8123,True,True,False,False,False,False,0
3883,True,True,False,True,True,False,1
7881,True,True,False,False,False,False,0
7583,True,False,True,False,False,False,1
3249,True,False,True,False,False,False,1
428,True,True,False,False,False,False,0
3698,True,True,False,False,False,False,0
3859,True,True,False,False,False,False,0
6873,True,True,False,False,False,False,1
3983,True,True,False,False,False,False,1
7765,True,False,False,False,True,False,0
4497,True,True,False,False,False,False,0
6224,False,False,True,True,False,True,1
1274,True,True,False,False,False,False,1
171,False,False,False,False,False,False,1
251,True,True,False,False,False,False,1
467,True,True,False,False,False,False,0
3651,True,True,False,False,False,False,0
2338,True,False,False,True,True,False,0
278,True,False,True,False,False,False,1
2632,True,False,False,False,False,False,0
2142,True,False,False,False,True,True,1
774,True,False,False,False,False,False,0
5753,False,False,False,True,False,False,0
7952,True,True,False,False,False,False,0
1541,True,True,False,False,True,False,1
7688,True,False,False,False,False,False,0
1353,True,True,False,False,False,False,0
3646,False,False,False,False,False,False,1
3055,False,False,True,True,False,False,1
7280,True,True,False,True,False,False,0
1241,True,True,False,False,False,False,1
4280,True,True,False,False,False,False,0
8810,True,False,False,False,False,False,0
3150,False,False,True,True,False,False,1
8092,True,True,False,False,False,False,0
898,True,True,False,False,False,False,0
1449,True,True,False,False,False,False,0
7329,True,True,False,False,False,False,0
6436,False,False,False,False,False,False,1
3555,True,True,False,False,False,False,0
471,False,False,False,True,False,False,1
4777,True,True,False,False,False,False,0
4119,True,False,False,True,False,False,0
2326,True,False,False,False,False,False,1
4569,True,False,False,True,True,False,1
8950,True,True,False,False,False,False,0
7854,True,False,True,False,False,False,1
6170,True,False,True,True,True,False,0
7008,True,False,True,True,True,False,1
8790,True,False,False,False,False,False,0
4578,False,False,False,True,False,False,1
2301,True,False,False,False,True,False,0
3741,True,True,False,True,False,False,0
5883,True,False,False,True,True,False,0
4384,False,False,False,False,False,False,1
5060,True,True,False,False,False,False,0
2728,True,False,True,False,False,True,0
8279,False,False,True,False,False,False,1
892,True,True,False,False,False,False,0
7016,True,True,False,False,False,False,0
461,True,True,False,False,False,False,0
2686,True,False,True,False,True,False,1
1425,True,False,False,False,False,False,0
2327,True,True,False,False,False,False,0
8216,False,False,True,True,True,False,0
3281,True,True,False,True,True,False,0
8099,False,False,True,True,True,False,1
8659,True,False,False,True,True,False,1
6820,True,True,False,False,False,False,0
3388,False,False,True,True,False,True,1
4724,False,False,True,True,False,True,1
7896,True,True,False,False,False,False,0
5182,False,False,True,True,True,True,1
419,True,True,False,True,False,False,0
656,True,True,False,True,True,False,0
3422,False,False,True,True,False,True,1
6169,True,False,False,False,True,False,0
6495,False,False,True,True,True,True,1
1565,True,True,False,False,False,False,0
521,True,True,False,False,False,False,0
8263,True,True,False,False,False,False,0
6659,True,True,False,False,False,False,0
6453,False,False,False,True,False,False,1
2010,True,False,False,False,False,False,1
6920,True,True,False,False,False,False,0
2845,True,True,False,False,False,False,0
185,True,True,False,False,False,False,0
796,False,False,False,True,False,False,1
6661,False,False,False,True,False,False,1
8100,True,False,False,True,True,False,0
7401,False,False,False,False,False,False,1
7509,True,True,False,False,False,False,0
7284,True,True,False,False,False,False,0
61,True,True,False,False,False,False,0
2933,True,False,False,True,True,False,1
1735,True,True,False,False,False,False,0
6595,True,False,True,False,True,False,1
7522,False,False,True,True,True,False,1
2903,True,True,False,False,False,False,0
60,False,False,True,True,False,True,1
4313,True,True,False,False,False,False,0
6123,True,True,False,False,False,False,0
445,True,False,True,True,False,False,0
7049,False,False,True,True,True,True,1
7326,True,False,True,True,True,False,0
2888,True,False,False,True,True,False,0
4069,True,False,True,False,False,True,1
3267,True,True,False,False,False,False,0
3601,True,True,False,False,False,False,0
6412,True,True,False,False,False,False,0
3014,True,False,False,True,True,False,0
7730,True,False,True,False,True,True,1
7435,True,True,False,False,False,False,0
1300,True,False,False,False,True,False,0
3956,False,False,True,True,False,False,1
8411,True,True,False,False,False,False,1
8104,True,True,False,False,False,False,0
7960,True,True,False,False,False,False,0
2029,True,False,False,False,True,False,0
5205,True,True,False,False,False,False,0
7714,False,False,True,True,False,True,1
7740,False,False,True,True,False,True,1
4738,True,True,False,True,False,False,0
6955,True,False,False,True,True,False,1
8212,True,False,True,True,True,False,1
1819,True,True,False,False,False,False,0
514,False,False,True,True,False,False,1
8033,True,False,True,False,True,False,0
7080,False,False,False,True,False,False,1
6321,False,False,False,True,True,False,1
2208,True,False,True,False,False,False,1
8061,False,False,False,True,False,False,1
8053,False,False,True,True,False,False,1
7944,True,False,True,False,True,False,1
4944,True,False,False,True,True,False,0
342,True,True,False,False,False,False,0
2339,True,False,False,False,False,False,0
8871,False,False,False,True,False,False,1
3822,True,True,False,False,False,False,0
7783,True,True,False,False,False,False,0
8487,False,False,True,False,False,True,0
6464,True,True,False,False,False,False,0
4792,True,True,False,True,True,False,0
7362,False,False,False,True,True,False,1
2262,True,False,True,False,True,False,1
7097,True,True,False,True,False,False,0
5237,True,True,False,False,True,True,1
291,False,False,True,True,False,False,1
7015,False,False,True,True,True,True,1
5499,False,False,True,True,True,True,1
3827,True,True,False,False,False,False,0
2572,True,False,True,False,True,True,1
4395,False,False,True,True,False,True,0
8289,False,False,True,True,False,False,1
7649,False,False,False,False,False,False,1
3185,True,False,True,False,True,False,1
6431,True,True,False,False,False,False,0
5256,False,False,False,False,False,False,1
2886,False,False,False,True,False,False,1
4850,True,False,True,True,True,False,1
4369,True,True,False,False,False,False,0
8656,True,True,False,False,False,False,0
8586,True,False,False,False,True,False,1
1358,False,False,False,False,False,False,1
6181,True,True,False,False,False,False,0
2661,True,True,False,False,True,False,1
7552,True,True,False,False,False,False,0
2534,True,True,False,False,False,False,0
7042,False,False,False,False,False,False,1
3307,True,True,False,False,False,False,0
3810,True,True,False,False,False,False,0
5121,True,False,True,True,True,True,0
5810,True,True,False,False,False,False,0
8491,True,False,True,False,True,True,1
1424,True,True,False,True,False,False,0
4063,True,True,False,False,False,False,0
4987,True,True,False,True,False,False,0
6965,True,False,False,False,False,False,0
8975,True,False,True,False,False,False,0
2295,True,False,False,False,False,False,0
8082,True,False,False,True,True,False,1
6226,False,False,False,False,False,False,1
5425,True,True,False,False,False,False,0
3787,True,True,False,False,False,False,1
5690,True,True,False,True,False,False,0
7460,True,True,False,True,False,False,0
8325,True,True,False,False,False,False,0
3070,True,True,False,False,False,False,0
2745,True,False,False,False,False,False,0
5731,True,True,False,False,False,False,1
314,False,False,False,True,False,False,1
3682,False,False,False,False,False,False,1
7477,True,True,False,False,False,False,1
1021,True,True,False,True,False,False,0
614,True,True,False,False,False,False,0
8624,False,False,False,False,False,False,1
3645,True,True,False,True,False,False,1
26,True,True,False,False,False,False,0
2682,False,False,False,True,False,False,1
7491,True,False,False,False,True,False,0
3313,True,True,False,True,True,False,1
106,True,True,False,False,False,False,0
5451,True,False,False,True,True,False,1
8193,True,True,False,False,False,False,1
4140,True,False,True,False,True,False,1
5281,True,True,False,False,False,False,1
2217,True,True,False,False,False,False,0
3544,True,False,False,False,False,False,0
7787,True,True,False,False,False,False,0
8838,True,True,False,True,True,False,0
5399,False,False,True,True,True,True,1
588,True,True,False,False,False,False,0
3806,True,False,False,True,True,False,0
2500,True,False,True,False,True,True,1
404,True,True,False,False,False,False,0
4972,True,True,False,False,True,False,1
1420,True,True,False,False,False,False,0
1842,True,True,False,False,False,False,0
7597,False,False,True,True,False,True,1
6204,True,True,False,False,False,False,0
300,True,True,False,True,False,False,1
1325,True,False,True,True,True,False,0
6091,True,True,False,False,False,False,0
3157,False,False,False,False,False,False,1
7082,True,False,False,True,True,False,1
7629,True,False,False,False,False,False,0
1629,True,True,False,False,False,False,1
2497,True,True,False,False,False,False,0
5555,True,False,False,False,False,False,0
1652,True,True,False,False,False,False,0
7794,True,True,False,False,False,False,0
1101,True,True,False,False,False,False,0
6808,True,False,False,False,False,False,0
2067,True,True,False,False,False,False,0
2056,True,True,False,False,False,False,0
4539,False,False,True,True,False,False,1
5126,True,True,False,False,False,False,0
8765,True,True,False,True,True,False,1
2512,True,False,True,False,False,False,1
5742,True,True,False,False,False,False,0
7619,True,False,False,True,True,False,1
3920,True,True,False,False,False,False,1
463,True,True,False,True,True,False,0
8014,True,True,False,False,False,False,0
8335,True,True,False,False,False,False,0
4053,False,False,True,True,True,False,0
6566,True,True,False,False,False,False,0
1634,True,False,True,False,False,False,1
3026,False,False,False,True,False,False,1
3309,True,True,False,False,False,False,0
1665,True,True,False,False,False,False,0
6546,True,True,False,False,False,False,1
3860,True,False,False,False,False,False,1
5375,True,False,False,False,True,False,1
6216,True,True,False,False,False,False,0
8108,True,True,False,True,True,False,1
2280,True,True,False,True,False,False,0
98,False,False,True,True,False,False,1
5197,False,False,True,True,False,False,1
2553,True,True,False,False,False,False,0
3557,True,True,False,False,False,False,0
8208,True,False,True,True,True,False,1
4520,True,True,False,False,False,False,0
1951,False,False,True,True,True,False,1
7666,True,True,False,False,False,False,0
2300,True,False,True,True,True,False,0
7,True,True,False,False,False,False,0
531,True,False,True,False,False,True,1
1095,True,True,False,True,True,False,1
1495,True,True,False,False,False,False,1
942,True,True,False,False,False,False,0
1237,True,True,False,False,False,False,0
5901,True,False,True,False,True,False,0
8318,False,False,True,True,True,False,1
5755,True,True,False,False,False,False,1
7205,True,True,False,False,False,False,1
8161,True,True,False,False,False,False,0
1400,True,True,False,True,False,False,0
1713,True,False,False,False,False,False,1
6798,False,False,False,False,False,False,1
3779,True,True,False,False,False,False,0
5143,False,False,True,True,False,True,1
6785,True,True,False,False,False,False,0
8066,True,True,False,False,False,False,0
1199,True,False,False,False,False,False,1
4980,False,False,False,False,False,False,1
4400,True,True,False,False,False,False,0
1476,False,False,False,False,False,False,1
4342,False,False,False,True,False,False,1
118,True,True,False,False,False,False,0
5689,True,True,False,False,False,False,0
779,True,True,False,False,False,False,0
3006,False,False,True,True,False,False,1
2028,True,False,False,False,False,False,0
4381,True,True,False,False,False,False,0
6714,True,True,False,False,False,False,0
8745,True,True,False,True,True,False,1
52,True,True,False,False,False,False,1
6199,True,True,False,False,False,False,0
950,False,False,False,False,False,False,1
5674,True,True,False,False,False,False,1
990,True,True,False,False,True,False,0
2830,True,False,True,True,True,False,0
47,True,True,False,False,False,False,0
2928,True,True,False,False,False,False,0
8261,True,True,False,False,False,False,0
8629,True,False,False,True,True,False,1
562,True,False,True,True,True,False,1
3616,False,False,False,False,False,False,1
8644,True,False,True,False,True,False,0
2526,True,True,False,False,False,False,0
6294,True,True,False,False,False,False,0
5490,False,False,False,True,False,False,1
232,True,False,False,False,False,False,0
7584,True,False,False,False,False,False,1
6807,True,False,True,False,True,False,1
7853,True,False,True,True,True,False,0
7668,False,False,False,True,False,False,1
1330,False,False,False,True,False,False,1
271,False,False,True,True,True,False,1
547,True,False,True,True,True,False,1
5307,False,False,False,True,False,True,1
808,True,False,False,True,True,False,1
2706,True,False,False,False,False,False,0
1831,True,True,False,False,False,False,0
2381,True,False,True,True,True,False,1
7678,True,True,False,False,False,False,0
916,True,True,False,False,False,False,0
3959,True,True,False,False,False,False,0
7663,True,True,False,False,False,False,0
741,True,True,False,False,False,False,0
7119,True,True,False,False,False,False,0
4982,True,True,False,False,False,False,1
1022,False,False,False,True,False,False,1
680,True,True,False,False,False,False,0
6896,True,True,False,False,False,False,0
8509,True,False,False,False,False,False,0
3512,True,True,False,False,False,False,0
1100,True,True,False,False,True,False,1
4679,False,False,True,True,True,True,0
1802,True,False,True,False,False,True,1
2825,True,True,False,True,True,False,0
4832,True,True,False,False,False,False,0
619,True,True,False,False,False,False,1
2604,True,True,False,False,False,False,0
5702,True,False,False,False,False,False,1
988,False,False,False,False,False,False,1
4707,True,False,True,False,True,False,1
6778,False,False,True,True,True,True,1
3669,False,False,True,False,False,False,1
1681,True,True,False,False,False,False,0
7303,True,True,False,False,False,False,0
1910,True,True,False,False,False,False,0
4800,True,False,True,True,True,False,1
5950,True,False,True,False,False,False,1
8141,True,False,False,True,True,False,0
2076,True,False,True,True,True,False,0
343,False,False,True,False,False,False,1
4261,True,False,False,False,True,False,1
7800,True,True,False,False,False,False,0
4913,True,True,False,True,True,False,0
6105,False,False,True,True,True,True,1
7713,True,True,False,False,False,False,0
843,True,True,False,False,False,False,0
2559,False,False,True,True,False,False,1
134,True,True,False,False,True,False,0
4854,False,False,False,False,False,False,1
6656,True,True,False,False,False,False,0
7518,False,False,False,False,False,False,0
3077,True,True,False,False,False,False,0
6426,True,False,False,False,True,True,1
640,True,True,False,False,False,False,0
1520,True,True,False,False,False,False,0
3916,True,False,False,False,False,False,1
3403,False,False,True,True,True,False,1
8913,True,True,False,True,False,False,0
5687,True,False,False,False,True,False,1
4215,True,True,False,False,False,False,0
5323,True,False,True,True,False,False,1
6604,False,False,True,True,False,False,1
5879,True,True,False,False,False,False,0
2838,True,False,False,True,False,False,0
1179,True,True,False,False,False,False,0
8757,True,False,False,False,False,False,0
6030,True,True,False,False,False,False,0
848,True,True,False,False,False,False,0
4524,True,False,False,True,True,True,1
3135,False,False,False,True,True,False,1
1333,True,False,False,False,False,False,1
4934,True,True,False,False,False,False,0
4272,False,False,True,True,False,False,1
4164,True,False,False,False,False,False,0
4778,True,False,False,True,True,False,1
4012,True,False,False,True,True,False,1
682,True,True,False,False,False,False,0
435,True,True,False,False,False,False,0
7915,True,True,False,False,False,False,0
8389,True,True,False,False,False,False,0
6779,True,False,False,False,True,False,1
5799,True,True,False,False,False,False,0
7790,False,False,True,True,False,False,1
340,True,True,False,False,False,False,0
1603,True,True,False,True,False,False,0
6369,True,False,False,True,True,False,0
6620,True,True,False,False,False,False,0
1423,True,False,True,True,True,False,1
3865,True,False,False,True,True,False,1
2450,True,True,False,False,False,False,0
2609,True,False,False,True,True,False,0
1707,True,True,False,False,False,False,0
7677,True,True,False,False,False,False,0
5788,True,True,False,False,False,False,0
6997,True,False,True,True,True,False,0
5003,True,True,False,True,False,False,0
6036,True,True,False,False,False,False,0
4370,True,True,False,False,False,False,0
5584,True,True,False,False,False,False,0
8116,False,False,True,True,False,True,0
3314,True,True,False,False,False,False,1
8911,True,True,False,False,False,False,0
2127,False,False,True,False,False,False,1
41,True,False,True,False,False,True,1
5328,True,False,False,False,False,False,0
8705,True,True,False,False,False,False,0
2732,True,False,False,False,False,False,1
2470,True,True,False,True,False,False,0
3025,True,True,False,False,False,False,1
4836,True,False,False,True,True,False,0
7580,True,True,False,False,False,False,0
3814,True,True,False,False,False,False,0
1511,True,True,False,False,False,False,0
3141,True,True,False,False,False,False,0
846,True,False,False,False,False,False,0
1706,True,False,False,True,True,False,0
4592,True,True,False,False,False,False,0
3832,True,False,False,False,False,False,0
3507,True,True,False,True,False,False,0
8191,True,False,False,True,True,False,0
882,True,True,False,False,False,False,0
3573,True,True,False,True,True,False,0
6954,False,False,False,True,False,False,1
7177,True,True,False,True,True,False,0
1328,True,False,False,True,False,True,1
2,False,False,True,True,False,False,1
2629,True,True,False,False,False,False,0
8221,True,False,True,False,False,False,1
2565,True,True,False,False,False,False,0
3992,True,False,True,False,True,True,1
6831,True,False,True,True,True,False,1
5064,True,False,False,True,True,False,0
4300,True,False,False,True,True,False,0
39,True,True,False,False,False,False,0
8380,False,False,True,True,True,True,1
4127,False,False,False,False,False,False,1
1362,True,True,False,False,False,False,1
111,True,True,False,False,False,False,0
4086,True,True,False,True,True,False,0
5021,False,False,True,True,True,True,1
5422,True,False,True,True,True,False,0
6933,True,True,False,False,False,False,1
6637,True,True,False,False,False,False,1
5527,False,False,True,True,True,False,0
1811,True,True,False,True,False,False,0
3129,False,False,True,True,False,True,0
6528,True,True,False,False,False,False,0
5929,True,True,False,False,False,False,0
4602,True,False,True,False,True,False,0
5907,True,True,False,False,False,False,0
6554,True,True,False,False,False,False,0
1826,True,False,True,False,True,True,1
5821,True,True,False,False,False,False,0
3250,True,True,False,True,True,False,1
8699,True,True,False,False,False,False,0
6870,False,False,False,False,False,False,1
7213,False,False,True,True,False,False,0
7847,True,True,False,False,False,False,0
5723,True,True,False,False,True,False,1
4608,False,False,False,True,False,False,1
5520,True,True,False,True,True,False,1
6389,True,True,False,False,False,False,0
4445,True,False,True,False,False,True,1
3534,True,False,False,False,False,False,1
3262,False,False,False,True,False,False,1
2721,True,True,False,False,False,False,0
8051,True,True,False,False,False,False,1
4056,True,True,False,False,False,False,0
5032,True,True,False,True,True,False,0
8860,False,False,False,True,True,False,1
3820,True,True,False,False,False,False,0
177,True,True,False,False,False,False,0
8457,True,False,False,False,False,False,0
6122,True,True,False,False,False,False,0
3943,True,True,False,False,False,False,0
2006,True,False,False,False,True,False,1
5431,True,True,False,False,False,False,0
6846,True,True,False,False,False,False,1
6633,True,True,False,False,False,False,0
6360,True,True,False,False,False,False,0
5776,True,True,False,False,False,False,0
943,True,True,False,False,False,False,0
2468,True,False,False,True,True,False,1
6187,True,False,True,True,True,False,1
1281,True,False,False,True,True,False,0
2181,True,False,False,False,False,False,1
4262,True,True,False,False,True,False,1
8028,True,True,False,False,False,False,0
2818,True,False,False,False,True,False,1
4743,False,False,True,True,True,True,1
5749,False,False,False,True,False,False,1
6374,True,False,False,True,True,False,0
187,True,True,False,False,False,False,0
4110,True,False,True,True,True,False,1
5517,True,False,False,True,False,False,0
4989,True,True,False,False,False,False,0
3364,True,True,False,True,False,False,0
5604,True,False,True,True,False,False,1
8937,True,True,False,False,False,False,0
3997,True,False,False,True,True,False,1
8344,True,False,True,False,True,True,1
2814,True,False,False,True,True,False,0
3705,True,True,False,False,False,False,0
3763,True,False,True,False,True,False,1
847,True,True,False,False,False,False,0
424,True,True,False,False,False,False,0
1981,True,True,False,False,False,False,0
3722,True,True,False,True,False,False,0
5869,True,True,False,False,False,False,0
3478,True,True,False,False,False,False,0
3227,False,False,True,False,False,False,1
3549,True,False,False,False,True,False,1
6892,True,True,False,True,False,False,0
3319,True,False,False,True,True,False,0
4704,True,True,False,False,False,False,0
1772,True,True,False,False,False,False,0
2050,True,True,False,False,False,False,0
6069,True,False,True,False,False,False,0
1490,True,True,False,False,False,False,1
3833,True,True,False,False,False,False,0
5613,True,False,False,True,True,False,0
818,True,True,False,False,False,False,0
6041,False,False,True,True,False,True,1
425,True,False,False,False,True,False,0
1452,True,True,False,False,False,False,0
7399,True,False,False,False,False,False,0
1071,True,True,False,False,False,False,0
2044,True,True,False,False,False,False,0
1538,False,False,False,True,False,False,1
2070,True,True,False,False,False,False,0
4135,True,True,False,False,False,False,0
172,True,True,False,False,False,False,0
4281,True,True,False,False,False,False,0
810,True,True,False,False,False,False,1
5959,True,True,False,False,False,False,0
2051,True,True,False,False,False,False,0
5167,True,True,False,False,False,False,0
3574,False,True,False,True,True,True,1
4947,True,True,False,False,False,False,0
3148,True,False,False,True,True,False,0
5838,True,True,False,False,False,False,0
567,True,False,True,False,False,False,1
5407,True,False,True,True,True,False,1
811,True,False,False,True,True,False,0
2777,False,False,True,True,False,False,1
1475,True,True,False,False,True,False,1
7581,True,True,False,False,False,False,0
3354,True,False,False,False,False,False,0
2965,True,True,False,False,False,False,0
4426,True,True,False,False,False,False,0
2002,False,False,False,True,False,False,1
5382,True,True,False,True,True,False,1
5497,False,False,False,False,False,False,1
6919,True,True,False,False,False,False,0
4564,True,True,False,False,False,False,0
837,True,True,False,False,False,False,0
3782,True,False,True,True,True,False,0
1195,True,True,False,False,False,False,0
7408,True,False,False,True,False,False,0
490,True,True,False,False,False,False,0
161,False,False,False,True,False,False,1
6556,True,True,False,False,False,False,0
2329,False,False,False,False,False,False,1
7232,True,True,False,True,True,False,1
6053,True,True,False,False,False,False,0
3268,True,True,False,False,False,False,0
6748,True,True,False,False,False,False,1
7064,True,True,False,False,False,False,0
1818,True,True,False,False,False,False,0
7750,True,True,False,False,False,False,0
1847,True,True,False,False,False,False,0
7468,True,True,False,False,False,False,0
7845,True,True,False,True,True,False,0
4122,True,True,False,False,False,False,0
4890,False,False,False,True,False,False,1
2358,True,False,False,False,False,False,0
7835,False,False,True,False,False,False,1
7888,True,True,False,False,False,False,0
1372,True,False,True,True,True,False,0
8414,False,False,True,True,False,False,1
2185,True,True,False,False,False,False,1
3677,True,True,False,False,False,False,0
6386,True,False,True,False,True,False,0
2551,True,True,False,False,False,False,0
130,True,False,False,True,True,False,0
5034,True,True,False,False,False,False,0
8333,True,True,False,True,False,False,0
6343,True,False,False,True,True,False,0
5367,True,True,False,True,False,False,0
6889,False,False,True,False,False,False,1
4091,True,False,True,False,True,True,0
2031,True,False,False,False,False,False,1
3526,True,True,False,False,False,False,1
2005,True,True,False,False,False,False,0
7586,False,False,False,True,False,False,1
1017,True,False,False,True,True,False,0
4986,True,False,False,True,True,False,1
7335,False,False,False,True,False,False,0
6282,False,False,False,True,False,False,1
3361,True,True,False,False,False,False,0
5169,True,True,False,False,False,False,1
398,False,False,True,True,False,True,0
2461,True,True,False,True,False,False,0
642,False,False,False,False,False,False,1
5596,True,True,False,False,False,False,0
4712,True,False,False,False,False,False,1
4512,True,False,True,False,False,False,1
4779,True,True,False,False,False,False,0
4479,True,True,False,False,False,False,0
3322,False,False,False,False,False,False,1
5272,False,False,True,True,True,True,1
8087,True,True,False,False,False,False,1
3989,False,False,False,False,False,False,1
6468,True,True,False,False,False,False,0
770,True,False,False,True,True,False,0
5513,True,True,False,False,False,False,0
114,True,True,False,False,False,False,1
2543,True,False,False,False,True,False,1
4120,False,False,True,True,True,True,1
4936,False,False,True,False,False,False,1
8805,True,True,False,False,False,False,0
3875,True,True,False,False,False,False,1
7735,True,False,False,False,False,False,1
1346,False,False,True,False,False,False,1
2256,False,False,False,False,False,False,1
4725,False,False,True,True,True,False,1
4047,False,False,False,True,False,False,1
2780,True,True,False,False,False,False,0
2801,False,False,False,False,False,False,1
2616,True,False,False,False,False,False,0
5411,True,True,False,False,False,False,0
6874,True,True,False,True,True,True,1
8593,True,True,False,False,True,False,1
6417,False,False,False,False,False,False,1
6017,False,False,True,True,True,True,1
1779,True,False,True,False,True,True,1
608,True,True,False,False,False,False,0
1512,True,True,False,False,False,False,0
8172,True,True,False,False,False,False,0
7563,True,True,False,False,False,False,0
1428,True,True,False,False,False,False,0
7053,False,False,True,True,False,False,1
4292,True,True,False,False,False,False,0
4771,True,True,False,False,False,False,0
1485,False,False,False,True,False,False,1
6774,True,False,False,True,True,False,1
5383,True,False,False,True,True,False,0
8923,True,True,False,False,False,False,0
8675,True,True,False,False,False,False,0
1523,True,False,False,False,False,False,0
3701,True,True,False,False,False,False,0
4476,True,True,False,False,False,False,0
7875,True,True,False,False,False,False,0
476,False,False,True,True,True,True,0
4956,True,True,False,False,False,False,1
4970,True,False,True,False,False,False,1
6421,False,False,False,True,False,False,1
1270,True,False,True,False,False,True,1
2309,True,False,False,True,True,False,0
3872,True,True,False,False,False,False,0
4210,True,False,False,True,True,False,0
1888,True,True,False,False,False,False,0
1190,True,True,False,False,False,False,0
3628,True,True,False,False,False,False,0
7883,False,False,False,False,False,False,1
3424,True,True,False,False,False,False,0
4571,True,True,False,True,False,False,0
8038,True,True,False,False,False,False,0
4330,True,True,False,False,False,False,1
6295,True,True,False,False,False,False,0
4622,False,False,False,True,True,True,1
3991,False,False,True,True,False,False,1
6019,False,False,True,True,False,False,1
1367,False,False,True,True,True,False,1
6741,True,False,False,False,False,False,0
4161,True,True,False,False,False,False,0
6837,True,False,True,False,False,False,1
3423,True,True,False,False,False,False,0
2545,True,True,False,True,False,False,0
2074,True,False,True,True,True,False,1
1303,True,True,False,False,False,False,0
5111,True,False,True,True,True,False,1
8801,True,True,False,False,False,False,0
5039,True,True,False,False,False,False,0
3405,True,True,False,False,False,False,0
2824,True,False,False,False,False,False,1
2353,False,False,False,False,False,False,1
5086,True,True,False,False,False,False,0
3608,True,False,False,False,True,False,0
4687,True,True,False,False,False,False,0
3010,True,False,False,True,True,False,0
207,True,True,False,False,False,False,0
5557,True,True,False,True,False,False,0
7404,True,False,True,False,True,True,1
4545,True,True,False,True,False,False,0
7737,True,True,False,False,False,False,0
2057,True,True,False,False,False,False,0
3109,True,True,False,False,False,False,0
4247,False,True,False,True,True,False,1
3931,True,True,False,False,False,False,0
8215,True,True,False,False,False,False,0
3988,False,False,True,False,False,False,1
1525,True,True,False,False,False,False,1
6208,True,True,False,False,False,False,0
2756,True,True,False,False,False,False,0
4413,True,True,False,False,False,False,0
8883,True,True,False,False,False,False,0
336,True,True,False,False,False,False,0
1078,True,True,False,False,False,False,0
4974,True,False,False,False,True,False,0
2270,True,True,False,False,False,False,0
8441,True,True,False,False,False,False,0
5588,False,False,False,True,False,False,1
4877,True,True,False,True,True,False,1
2799,False,False,True,True,True,False,1
1149,True,True,False,False,False,False,0
8324,True,False,False,True,True,False,0
6945,True,True,False,False,False,False,0
192,False,False,True,False,False,False,1
3254,True,True,False,False,False,False,0
7479,True,False,False,False,False,False,1
6587,True,False,True,True,True,False,0
1262,False,False,True,True,False,False,1
1975,True,True,False,False,False,False,0
1280,True,True,False,False,False,False,0
657,True,True,False,False,False,False,1
6498,True,True,False,False,False,False,0
270,True,False,False,False,False,False,0
2323,True,True,False,False,False,False,0
2059,True,True,False,False,False,False,0
2671,False,False,False,True,True,True,1
5863,True,True,False,False,False,False,0
3411,True,True,False,False,False,False,0
2213,True,True,False,False,True,False,1
581,True,True,False,False,False,False,0
913,True,True,False,False,False,False,1
3048,True,True,False,False,False,False,0
6726,True,True,False,False,False,False,0
3551,True,True,False,False,False,False,0
7871,True,True,False,False,False,False,0
5395,True,True,False,False,False,False,0
6948,True,True,False,False,False,False,0
8977,True,True,False,False,False,False,0
429,True,False,False,False,True,False,0
2769,True,True,False,False,False,False,1
8607,True,True,False,False,False,False,0
650,True,True,False,False,False,False,0
4991,True,True,False,False,False,False,1
6738,False,False,True,True,False,True,1
582,True,True,False,False,False,False,0
6256,True,True,False,False,True,False,0
1995,True,True,False,False,False,False,1
7816,False,False,False,True,False,False,1
3881,True,False,True,False,True,True,1
1445,True,False,True,False,True,False,1
8579,True,True,False,False,False,False,0
4803,True,False,False,False,False,False,0
805,True,True,False,False,False,False,0
7098,True,True,False,False,True,False,1
6855,True,True,False,False,False,False,0
7445,True,False,False,True,True,False,1
391,False,False,False,False,False,False,1
3797,True,True,False,True,True,False,0
4212,False,False,False,True,False,False,1
3561,True,True,False,False,False,False,0
2175,True,True,False,False,False,False,0
559,True,False,False,False,False,False,0
1688,True,False,True,True,True,False,1
2954,False,False,False,True,True,False,1
7275,True,False,False,False,True,True,1
8689,True,True,False,False,False,False,0
8527,True,True,False,False,False,False,0
2775,True,True,False,False,False,False,0
3253,False,False,True,False,False,True,1
3908,True,True,False,False,False,False,0
1640,True,False,False,False,False,False,0
4040,True,True,False,False,False,False,0
6754,True,True,False,False,False,False,0
1455,True,True,False,True,True,False,1
3481,True,True,False,False,False,False,1
399,True,True,False,False,False,False,0
4132,False,False,False,False,False,False,1
7644,False,False,False,False,False,False,0
1807,False,False,False,False,False,False,1
3691,True,True,False,False,False,False,1
5605,True,True,False,False,False,False,0
8268,True,True,False,False,False,False,0
4918,True,True,False,False,False,False,0
907,False,False,True,True,True,True,1
8468,True,False,False,False,False,False,1
8036,True,True,False,False,False,False,0
8130,True,True,False,False,False,False,0
2974,True,False,False,True,True,False,0
4089,True,True,False,False,False,False,0
3909,False,False,False,False,False,False,1
8039,True,True,False,False,False,False,0
7736,True,True,False,False,False,False,0
5057,True,True,False,False,False,False,0
8858,False,False,False,True,False,False,1
3500,True,True,False,False,False,False,0
8244,True,True,False,False,False,False,0
7260,True,True,False,False,False,False,0
3873,True,True,False,False,False,False,0
1506,True,False,True,False,False,False,1
2040,False,False,True,True,False,True,1
1239,True,False,False,False,False,False,0
8239,True,False,True,False,True,False,1
1533,False,False,True,True,False,False,1
672,True,False,False,False,False,False,0
8604,True,True,False,False,False,False,0
4518,True,True,False,False,False,False,0
5413,True,False,True,False,False,True,1
3905,True,True,False,False,False,False,0
7238,True,True,False,False,False,False,1
3939,True,False,False,True,False,False,0
2785,True,True,False,False,False,False,0
1126,True,True,False,False,False,False,0
3385,False,False,True,True,False,False,1
4787,True,True,False,False,False,False,1
1201,True,False,False,True,True,False,1
1338,True,False,True,True,True,False,1
4260,False,False,True,True,True,False,1
7922,True,False,True,True,True,True,1
321,True,False,True,False,False,True,1
2915,True,False,True,True,True,False,0
6938,False,False,False,False,False,False,1
8195,True,False,False,True,True,False,1
3355,True,True,False,False,False,False,0
3987,True,True,False,False,False,False,0
3934,True,True,False,False,False,False,0
1829,True,True,False,False,False,False,1
664,True,False,False,False,False,False,0
784,True,True,False,False,False,False,0
4144,False,False,False,True,False,False,1
5245,True,True,False,False,True,False,1
3836,False,False,True,True,True,False,1
3062,True,True,False,False,False,False,0
4493,True,True,False,False,False,False,0
1578,True,False,True,True,False,True,0
383,True,True,False,False,False,False,0
6875,True,False,False,False,False,False,0
2808,False,False,False,True,False,False,1
1172,True,False,False,False,False,False,1
7149,True,True,False,False,False,False,0
3,True,True,False,False,False,False,0
2021,True,True,False,False,False,False,0
3427,False,False,True,True,False,False,1
7634,True,True,False,False,False,False,0
1901,True,True,False,False,False,False,0
5418,False,False,False,False,False,False,1
5652,True,True,False,False,False,False,0
6975,True,False,True,False,False,False,1
3469,True,True,False,False,False,False,0
3162,False,False,True,False,False,False,1
7106,True,False,True,False,True,True,1
8625,False,False,True,True,True,True,1
6080,True,True,False,False,False,False,0
6886,True,True,False,True,True,False,0
5069,True,True,False,False,False,False,0
7334,True,False,False,False,True,False,0
6310,True,True,False,False,False,False,1
8385,False,False,True,True,False,False,1
3052,True,True,False,False,False,False,0
4232,True,True,False,True,True,False,0
3592,True,True,False,False,False,False,0
4301,True,True,False,False,False,False,0
274,True,False,False,False,False,False,1
237,True,True,False,True,True,False,0
1532,True,False,False,True,True,False,0
8855,False,False,False,False,False,False,1
8524,True,False,False,False,False,False,1
7194,True,True,False,False,False,False,0
2562,True,True,False,False,False,False,0
4361,True,True,False,True,False,False,0
4559,True,False,False,False,False,False,1
1635,True,True,False,False,False,False,0
5532,True,True,False,False,False,False,0
8062,True,False,False,False,False,False,0
3462,True,False,False,False,True,False,1
7327,True,False,False,False,True,False,1
8688,True,True,False,False,False,False,0
2925,False,False,False,False,False,False,1
3656,True,True,False,False,False,False,0
4339,True,True,False,False,False,False,1
1684,True,False,False,False,False,False,1
3684,True,False,True,True,True,False,1
6978,True,True,False,True,False,False,0
8122,True,True,False,False,False,False,0
2079,True,True,False,False,False,False,0
5768,True,True,False,False,False,False,1
4150,True,True,False,False,False,False,0
7130,True,True,False,False,False,False,0
5514,True,True,False,False,False,False,0
6932,True,False,False,True,True,False,0
2201,True,True,False,False,False,False,0
5758,False,False,True,True,True,True,0
4409,False,False,True,True,False,True,0
8642,True,True,False,False,False,False,0
4666,True,True,False,False,False,False,0
2772,True,True,False,False,False,False,0
1123,True,True,False,False,False,False,0
5453,True,False,False,False,False,False,0
6609,True,True,False,False,False,False,1
6737,False,False,False,True,True,False,1
3272,True,True,False,False,False,False,0
3531,True,True,False,False,False,False,0
8517,True,False,True,True,True,False,1
1359,True,True,False,False,False,False,0
5528,False,False,True,True,False,False,1
2342,True,True,False,False,False,False,0
3970,True,True,False,False,False,False,0
3083,True,True,False,False,False,False,0
4808,True,True,False,False,False,False,0
2708,True,True,False,False,False,False,0
1159,True,False,False,True,True,False,1
3484,True,True,False,False,False,False,0
4327,True,True,False,False,False,False,0
7316,True,True,False,False,False,False,0
8727,False,False,True,True,True,False,1
7594,True,True,False,True,True,False,1
4435,True,True,False,False,False,False,0
7269,True,True,False,False,False,False,0
101,True,False,True,False,False,False,1
4670,True,False,False,False,True,False,1
7707,True,True,False,False,False,False,0
5363,True,False,False,False,True,False,0
2343,True,True,False,False,False,False,0
5719,True,True,False,False,False,False,0
8040,False,False,True,True,True,True,1
8076,True,True,False,False,False,False,0
2739,True,True,False,False,False,False,1
4433,True,False,True,False,True,True,1
1667,True,False,False,True,True,False,0
6219,False,False,False,True,False,False,1
8683,True,True,False,False,True,False,1
7432,False,False,False,True,False,False,1
5568,True,False,False,False,False,False,0
771,False,True,False,True,True,False,0
3639,True,False,True,True,True,False,0
999,True,True,False,False,False,False,1
1736,True,True,False,False,False,False,0
208,True,False,False,True,True,False,0
1210,False,False,False,False,False,False,1
611,True,True,False,False,False,False,0
5368,True,False,True,False,True,True,0
7102,True,True,False,True,True,False,1
900,False,False,True,False,False,False,1
95,True,False,False,True,True,False,1
12,False,False,False,False,False,False,1
5189,True,False,False,False,False,False,0
5705,True,True,False,False,False,False,0
5744,True,True,False,False,False,False,0
6242,True,True,False,False,False,False,0
1529,True,True,False,False,False,False,0
3851,True,False,False,False,True,False,1
548,True,True,False,False,False,False,0
5780,True,True,False,False,False,False,0
6882,True,False,False,False,False,False,1
5297,True,True,False,True,True,False,1
954,True,True,False,False,False,False,0
7648,True,True,False,False,False,False,0
4644,True,False,True,False,False,False,1
6197,True,True,False,False,False,False,0
2211,True,False,True,False,True,False,1
3207,True,True,False,False,False,False,0
4118,True,True,False,False,False,False,0
7863,True,False,True,False,False,False,0
4784,True,True,False,False,False,False,0
3037,True,False,False,False,False,False,0
3548,True,False,False,False,False,False,1
3269,True,False,True,True,True,False,0
4290,True,True,False,False,False,False,0
517,True,False,True,False,False,False,1
290,False,True,False,True,True,False,0
2179,False,False,True,False,False,False,1
6115,True,False,False,True,True,False,0
7825,True,True,False,False,False,False,0
1089,True,False,True,True,True,False,1
6151,True,True,False,False,False,False,0
5599,True,False,False,False,True,False,1
6158,False,False,False,False,False,False,1
7060,True,False,False,True,False,False,0
6536,True,True,False,False,False,False,0
8772,True,False,True,False,False,False,1
6065,True,True,False,False,False,False,0
1947,True,True,False,False,False,False,0
4613,False,False,True,True,False,False,1
5179,True,False,False,False,False,False,0
188,False,False,False,False,False,False,1
1812,True,False,False,False,False,False,1
874,True,False,False,False,False,False,0
8972,True,True,False,False,False,False,1
8650,True,True,False,False,False,False,0
661,True,True,False,True,True,False,0
1904,True,True,False,False,False,False,0
1856,True,True,False,False,False,False,0
2231,True,False,False,True,True,False,1
7310,False,True,False,True,True,False,1
1718,True,True,False,False,False,False,0
294,True,True,False,False,False,False,0
8836,True,True,False,False,False,False,0
3791,True,False,True,False,False,True,0
2278,False,False,False,True,False,False,1
6236,True,True,False,False,False,False,0
8608,True,True,False,False,False,False,0
5714,True,True,False,False,False,False,0
1676,True,False,False,False,True,True,1
8516,True,True,False,False,False,False,0
8717,False,False,True,True,False,False,1
8102,True,True,False,False,False,False,0
5271,False,False,True,True,False,False,1
6293,True,True,False,False,False,False,0
1593,True,True,False,False,False,False,0
5623,True,False,True,True,True,False,1
7561,True,True,False,False,False,False,0
1879,True,True,False,True,True,False,0
1750,True,True,False,False,False,False,0
7490,False,False,True,True,True,False,1
3998,True,True,False,False,False,False,1
1469,True,True,False,True,True,False,0
4646,True,True,False,False,False,False,0
2063,True,False,False,True,True,False,1
137,True,True,False,False,False,False,0
7711,True,True,False,False,False,False,0
8796,False,False,True,True,False,False,1
5463,True,True,False,False,False,False,1
7897,True,True,False,False,False,False,0
2691,True,True,False,False,False,False,0
610,True,True,False,False,False,False,0
601,True,True,False,False,False,False,0
1848,True,True,False,False,False,False,0
6039,True,True,False,False,False,False,0
4457,True,True,False,False,False,False,0
8494,True,True,False,False,False,False,0
3923,False,False,False,True,True,False,1
4587,True,True,False,True,False,False,0
272,True,True,False,False,False,False,0
768,True,True,False,False,False,False,1
5437,False,False,False,False,False,False,0
7745,True,True,False,False,False,False,0
7233,True,True,False,True,False,False,0
5421,True,True,False,False,False,False,0
8766,True,True,False,False,False,False,0
8454,False,False,False,True,False,False,1
8201,True,True,False,True,True,False,0
3464,True,False,False,False,False,False,0
1097,True,True,False,False,False,False,0
5013,True,True,False,False,False,False,0
6704,True,False,False,False,False,False,1
4953,True,True,False,True,True,False,1
4757,True,True,False,False,False,False,0
4996,True,False,False,False,False,False,1
6606,True,False,False,True,True,False,1
2872,True,False,False,True,False,False,0
8817,True,True,False,False,False,False,0
3761,False,False,True,True,False,True,1
3999,True,True,False,False,False,False,0
2757,True,False,False,True,True,False,0
5171,False,False,True,True,False,False,1
6011,True,False,True,True,True,True,1
302,True,True,False,False,False,False,0
8929,False,False,False,False,False,False,1
8330,True,True,False,False,False,False,0
3558,True,True,False,False,False,False,0
1974,True,False,True,True,True,False,0
3706,True,False,True,False,True,False,0
7282,True,True,False,False,False,False,0
7621,True,True,False,False,False,False,0
1530,True,True,False,False,False,False,0
5576,True,True,False,False,False,False,0
7110,True,False,False,True,True,False,1
7188,True,True,False,False,False,False,0
72,False,False,True,True,False,False,1
135,False,False,False,False,False,False,1
7681,True,True,False,False,False,False,0
2233,True,False,False,False,False,False,1
7919,True,False,True,False,False,False,0
1308,False,False,False,True,False,False,1
8319,True,False,False,False,False,False,1
3373,True,True,False,False,False,False,0
4858,True,False,True,False,False,False,1
5549,True,True,False,False,False,False,1
1102,True,True,False,False,False,False,0
4536,True,False,False,False,False,False,0
4274,False,False,False,False,False,False,1
7798,False,False,True,True,False,False,1
315,True,False,False,True,True,False,0
502,False,False,False,True,False,False,1
7694,True,True,False,False,False,False,0
162,True,True,False,False,False,False,0
6838,True,False,False,True,True,False,0
8329,True,True,False,False,False,False,0
266,True,False,False,False,False,False,1
3732,True,True,False,False,False,False,0
5473,True,True,False,False,False,False,0
5423,False,False,True,True,False,True,1
3630,True,False,True,True,True,False,0
1835,True,True,False,False,False,False,0
7973,True,True,False,False,False,False,0
8671,True,False,False,True,True,False,1
3156,False,False,True,True,False,True,0
3029,True,True,False,False,False,False,0
8174,True,True,False,False,False,False,0
5615,True,True,False,False,False,False,0
3168,False,False,False,False,False,False,1
5656,True,True,False,False,False,False,0
8429,False,False,True,True,False,False,1
3764,True,True,False,False,False,False,0
7039,True,True,False,False,False,False,1
6237,True,False,False,False,False,False,0
7377,True,False,True,False,False,False,1
3380,True,False,True,True,False,False,1
7257,True,False,False,False,False,False,0
4876,True,True,False,False,False,False,0
3418,True,False,True,True,True,False,1
1543,False,False,True,True,True,True,1
8120,True,True,False,False,False,False,0
125,True,False,False,True,True,False,0
6281,True,False,False,True,True,False,1
5161,True,False,True,False,False,True,1
5376,True,False,False,False,True,False,1
2386,True,False,True,False,True,True,0
4842,True,False,True,False,True,False,0
6744,True,True,False,False,False,False,0
1271,True,True,False,False,False,False,0
7870,True,True,False,False,False,False,0
2731,True,False,False,False,False,False,1
5471,False,False,False,True,True,False,1
5566,True,True,False,False,False,False,0
7163,True,False,True,True,True,False,0
3746,True,True,False,False,True,False,1
4740,True,True,False,False,False,False,1
387,False,False,False,True,True,False,0
3420,True,True,False,False,False,False,0
3304,True,True,False,True,True,False,0
7171,True,False,False,True,True,False,0
7639,True,False,False,True,True,False,1
7167,False,False,True,True,False,False,1
2865,False,False,False,False,False,False,1
4034,False,False,False,True,False,False,1
6292,True,True,False,True,True,False,0
5562,True,False,False,False,False,False,0
8485,True,True,False,False,False,False,0
6109,False,False,False,False,False,False,1
7808,True,False,True,False,False,False,1
2004,False,False,False,True,False,False,1
6538,False,False,False,False,False,False,1
8515,True,True,False,False,False,False,1
7158,True,False,True,False,True,False,1
8518,True,True,False,True,False,False,0
7913,False,True,True,False,False,False,1
8425,False,False,False,True,False,False,1
7272,True,False,False,False,False,False,0
6243,True,True,False,False,False,False,0
5892,False,False,True,True,False,True,1
8791,False,False,True,True,True,True,1
3468,True,False,True,True,True,False,0
1762,True,True,False,False,False,False,0
1945,False,False,False,False,False,True,1
5085,True,False,False,True,True,False,0
8695,False,False,False,False,False,False,1
7729,True,True,False,False,False,False,0
7005,True,False,True,False,False,False,1
3902,True,False,True,False,False,False,1
7532,True,True,False,False,False,False,0
7533,True,True,False,False,False,False,0
295,False,False,False,True,False,False,1
8619,True,True,False,False,False,False,0
4837,True,False,True,False,True,True,1
7512,True,True,False,True,False,False,0
6153,True,False,False,True,False,False,0
477,True,False,False,True,False,False,0
8096,False,False,True,True,True,True,1
2075,False,False,False,True,False,False,1
7851,True,True,False,False,False,False,0
6113,True,False,False,False,False,False,0
7120,False,False,True,True,True,True,1
7378,False,False,False,True,True,False,1
6809,True,False,False,False,False,False,1
4045,True,True,False,False,False,False,0
839,True,False,False,False,True,False,1
5029,True,False,True,False,False,True,1
1081,True,False,False,False,True,False,1
6233,True,False,False,False,True,False,0
6305,False,False,True,True,False,False,1
2440,True,False,False,True,True,False,0
4427,True,False,False,True,True,False,0
6124,True,True,False,False,False,False,0
888,True,True,False,False,False,False,0
2703,False,False,False,True,False,False,1
7902,True,True,False,False,False,False,0
8767,False,False,False,False,False,False,1
8978,True,False,False,False,True,False,0
7342,True,True,False,True,True,False,1
7968,True,True,False,False,False,False,0
3021,True,True,False,False,False,False,0
8645,True,True,False,False,True,True,1
5601,True,False,True,True,True,False,0
1943,True,True,False,True,True,False,0
3279,True,True,False,False,False,False,1
7579,True,True,False,False,False,False,0
280,True,False,False,True,True,False,1
7143,True,True,False,False,False,False,0
6969,True,False,False,True,False,True,0
3301,True,True,False,False,False,False,0
2924,False,False,True,False,False,False,1
4763,True,False,True,True,True,False,1
472,True,True,False,False,False,False,0
2385,True,True,False,False,False,False,0
8946,False,False,False,False,False,False,1
1764,False,False,True,True,False,False,1
691,True,True,False,False,False,False,0
7826,True,True,False,False,False,False,0
8550,False,False,True,True,False,False,1
2436,True,True,False,False,False,False,0
5078,True,True,False,False,False,False,0
244,True,False,False,False,True,False,1
6916,True,True,False,False,False,False,0
6693,True,True,False,False,False,False,0
4551,True,False,True,True,False,True,1
4378,True,True,False,True,True,False,1
8151,True,False,True,False,True,False,0
2457,True,True,False,False,False,False,0
6189,True,True,False,False,False,False,1
3247,True,True,False,False,False,False,1
1402,True,False,True,False,False,True,1
5598,True,True,False,True,True,False,1
3566,True,False,False,False,False,False,0
6112,True,False,True,True,True,False,1
936,True,True,False,False,False,False,0
4694,True,True,False,False,False,False,0
968,True,True,False,False,False,False,0
56,True,True,False,False,False,False,0
1606,True,True,False,False,False,False,0
5024,False,False,True,True,True,True,1
4593,True,False,False,True,True,False,0
2425,True,True,False,False,False,False,1
5053,False,False,True,True,False,False,1
3009,True,True,False,False,True,True,1
604,True,True,False,False,False,False,1
6582,True,True,False,False,False,False,0
4209,False,False,False,False,False,False,1
6961,True,True,False,False,False,False,0
2094,False,False,False,True,False,False,1
4505,True,True,False,True,False,False,0
3818,False,False,False,True,False,True,0
7809,True,True,False,False,False,False,0
620,False,False,False,False,False,False,1
2864,True,True,False,False,False,False,0
8063,False,False,False,False,False,False,1
820,True,False,False,False,False,False,0
4193,True,False,False,True,True,False,0
5910,True,False,True,False,True,True,1
7129,False,False,True,False,False,False,1
344,False,False,True,True,True,True,1
8878,False,False,False,False,False,False,1
2813,True,False,True,False,False,True,1
73,True,True,False,False,False,False,0
544,False,True,False,True,True,False,1
4731,False,False,False,True,False,False,1
5426,True,True,False,False,False,False,0
2347,False,False,False,False,False,False,1
1467,False,False,False,True,False,False,1
3734,True,False,True,False,False,False,1
718,True,False,False,False,False,False,0
4438,True,False,True,True,False,False,1
2663,True,False,True,True,True,True,1
166,True,True,False,False,False,False,0
2361,False,False,False,True,False,False,1
5342,False,True,True,True,False,False,1
7515,True,True,False,False,False,False,0
4273,True,True,False,False,False,False,0
2379,True,True,False,False,False,False,0
6291,False,False,False,False,False,False,1
2041,False,False,False,False,False,False,1
2232,False,False,True,True,False,False,1
3290,True,True,False,False,False,False,0
8435,False,False,False,False,False,False,1
236,False,False,False,True,False,False,1
6979,True,True,False,False,False,False,0
8198,False,False,False,False,False,False,1
1273,True,False,False,True,True,False,1
375,True,True,False,True,False,False,0
4044,True,True,False,False,False,False,0
5444,False,False,True,False,False,False,1
3948,True,True,False,False,False,False,1
5119,True,False,True,True,True,False,0
8708,True,True,False,False,False,False,0
4580,False,False,False,False,False,False,1
3448,True,False,False,False,False,False,1
8894,False,False,False,False,False,False,1
5525,True,True,False,False,False,False,0
8055,True,True,False,False,False,False,0
2152,False,False,False,False,False,False,1
5975,False,False,False,True,False,False,1
6570,False,False,False,False,False,False,1
367,True,True,False,False,False,False,0
6880,True,False,True,True,True,True,1
1720,True,True,False,False,False,False,0
8177,True,False,False,False,False,False,1
6923,True,True,False,False,False,False,1
6144,True,True,False,False,False,False,0
1698,True,True,False,False,False,False,0
487,True,False,False,False,False,False,0
3236,True,False,False,False,False,False,1
681,False,False,False,True,False,False,1
522,False,False,True,True,False,True,1
4928,True,False,False,True,True,False,0
6405,False,False,True,True,False,False,1
5540,True,False,False,True,True,False,0
5887,True,True,False,False,False,False,0
5997,True,True,False,True,False,False,0
7466,False,False,False,True,False,False,1
7628,True,False,False,True,True,False,1
6836,True,True,False,True,False,False,0
4358,True,False,True,True,True,False,1
6070,True,False,True,False,False,True,1
4458,True,True,False,False,False,False,1
7718,True,True,False,False,False,False,0
3742,False,False,True,True,True,True,1
386,False,False,True,True,True,False,0
8480,False,False,True,True,False,False,1
3653,True,True,False,False,False,False,0
4904,True,True,False,False,False,False,0
5498,True,True,False,False,False,False,0
7716,True,False,False,False,False,False,0
2196,True,True,False,False,False,False,0
7291,False,False,True,True,True,True,1
7011,True,True,False,False,False,False,0
7071,True,True,False,False,False,False,0
1244,True,True,False,False,False,False,0
5958,True,False,False,False,False,False,0
1497,True,False,False,True,True,False,0
6927,True,False,True,True,False,False,0
1547,False,False,True,True,True,False,1
5219,True,True,False,False,False,False,0
7277,True,True,False,False,False,False,0
3206,True,True,False,False,False,False,0
5679,True,False,False,True,True,False,0
6619,True,True,False,False,False,False,0
4285,True,True,False,False,False,False,0
7214,True,False,False,False,False,False,1
3898,True,True,False,False,False,False,0
4035,False,False,True,True,False,False,1
3510,False,False,True,True,True,False,1
6025,False,False,False,True,False,False,1
788,True,True,False,False,False,False,0
5978,True,True,False,False,False,False,0
6565,True,True,False,False,False,False,0
856,True,True,False,False,False,False,0
722,False,True,False,True,True,False,1
8001,True,True,False,False,False,False,0
931,True,True,False,False,False,False,0
8234,True,False,True,False,False,False,0
6274,True,False,False,False,False,False,1
2672,True,False,False,False,False,False,0
8633,True,True,False,False,False,False,0
5436,True,True,False,False,False,False,0
5475,True,True,False,False,False,False,0
3504,True,True,False,False,False,False,0
8744,True,True,False,False,False,False,0
2881,True,False,False,True,True,False,0
6483,False,False,True,True,False,False,1
2955,True,True,False,False,False,False,1
8614,True,False,False,False,False,False,0
2160,True,False,True,False,False,False,0
7792,True,False,False,False,False,False,0
7623,False,False,False,False,False,False,1
8882,True,True,False,False,False,False,0
2248,False,False,False,True,False,False,1
1832,True,False,True,False,True,False,1
8798,True,True,False,False,False,False,0
8101,True,False,False,False,False,False,0
1483,True,True,False,False,False,False,0
7197,False,False,True,True,True,True,1
2829,False,False,True,True,True,False,1
5894,False,False,False,True,False,False,1
674,False,False,True,False,False,False,1
3331,True,True,False,False,False,False,0
4496,True,False,True,False,True,False,0
8127,True,False,False,True,True,False,0
2404,True,True,False,True,False,False,0
6247,True,False,False,False,False,False,0
2748,True,True,False,False,False,False,0
4847,False,False,True,True,True,False,1
733,True,True,False,False,False,False,0
5878,True,False,True,True,False,True,0
312,True,True,False,False,False,False,0
6385,True,True,False,False,False,False,0
6731,True,True,False,False,False,False,0
3642,True,False,False,False,False,False,0
1277,True,True,False,False,False,False,0
7763,True,False,False,False,False,False,0
3181,True,False,False,False,True,False,1
5718,True,True,False,False,False,False,0
4900,True,True,False,False,False,False,0
3974,True,False,False,False,True,False,1
8771,True,False,False,True,True,False,1
5694,True,True,False,False,False,False,0
327,True,True,False,False,False,False,0
4483,False,False,False,True,False,False,1
4207,True,False,False,False,False,False,1
337,True,True,False,False,False,False,0
809,False,False,True,True,True,True,1
2049,True,True,False,True,True,False,1
7860,False,False,False,False,False,False,1
3620,True,True,False,False,False,False,0
1968,True,True,False,True,False,False,0
2242,True,True,False,True,False,False,1
4949,True,False,False,True,True,False,1
5244,True,True,False,False,False,False,0
7618,True,False,False,False,False,False,0
5586,True,True,False,True,True,False,1
7357,True,True,False,False,False,False,0
1397,True,True,False,False,False,False,0
4440,True,True,False,False,False,False,0
86,True,False,False,False,False,False,1
2197,True,False,True,False,False,False,0
7179,True,True,False,False,False,False,0
4785,False,False,False,False,False,False,1
7046,True,False,True,False,False,False,0
4761,True,False,True,False,False,True,1
1883,True,False,True,False,False,True,1
2617,True,False,False,True,True,True,0
2486,True,False,True,False,True,False,1
8898,False,False,False,False,False,False,1
891,False,False,False,True,True,False,0
8951,True,True,False,False,False,False,1
8800,True,True,False,False,False,False,0
7487,True,True,False,False,False,False,0
6649,True,True,False,False,False,False,0
8173,True,True,False,True,True,False,0
4129,True,True,False,False,False,False,0
7959,True,False,False,False,False,False,0
8932,True,False,False,False,False,False,0
2137,True,True,False,False,False,False,0
4405,True,False,True,False,False,True,0
769,True,False,True,True,True,False,1
8706,True,True,False,False,False,False,1
1926,True,False,False,True,True,False,1
6853,True,True,False,False,False,False,0
7748,True,True,False,False,False,False,0
8071,True,True,False,False,False,False,0
3649,True,True,False,False,False,False,0
2831,True,True,False,True,False,False,0
7551,True,False,False,True,True,False,1
753,True,True,False,False,False,False,0
6957,True,True,False,False,False,False,1
6289,False,False,True,True,True,True,1
4674,True,True,False,False,False,False,0
3094,True,False,False,True,True,False,0
4993,True,True,False,False,False,False,0
7121,False,False,False,False,False,False,1
7306,False,False,False,True,False,False,1
735,True,False,False,True,False,True,1
4864,False,False,True,True,True,False,0
6118,True,True,False,False,False,False,0
5239,True,True,False,False,False,False,0
4499,True,False,True,True,True,False,0
6984,True,False,True,False,False,True,1
1398,False,False,True,False,False,False,1
5944,True,True,False,False,False,False,0
3838,True,False,True,True,True,False,1
8961,True,False,False,True,True,False,0
7506,True,False,False,False,False,False,1
7526,True,True,False,False,False,False,0
8415,True,False,False,True,True,False,1
1304,True,True,False,True,False,False,1
5294,True,True,False,False,False,False,0
1083,True,True,False,False,False,False,1
4266,True,True,False,False,False,False,0
2225,True,True,False,False,False,False,1
6203,False,False,True,True,True,False,1
6784,True,True,False,False,False,False,0
3936,True,True,False,False,False,False,0
2683,True,True,False,False,False,False,0
3522,True,True,False,False,False,False,0
865,False,False,True,False,False,False,1
7127,True,True,False,False,False,False,0
4338,True,True,False,False,False,False,0
1817,True,True,False,False,False,False,0
1133,False,False,False,True,False,False,1
740,True,True,False,False,False,False,0
7927,False,False,False,False,False,False,1
8559,True,False,False,True,True,False,1
1990,True,True,False,False,False,False,1
2360,True,True,False,False,False,False,0
5833,True,True,False,False,False,False,0
7690,True,True,False,False,False,False,0
7193,True,True,False,False,False,False,1
1844,False,False,False,True,True,False,1
5103,True,True,False,False,False,False,0
5717,True,True,False,False,False,False,0
956,True,True,False,False,False,False,0
8895,True,False,True,True,True,False,1
451,False,False,True,True,False,False,1
7019,True,True,False,False,False,False,1
6255,True,True,False,False,False,False,0
8006,True,True,False,False,False,False,1
4061,True,True,False,False,False,False,0
2421,True,True,False,False,False,False,0
1207,True,True,False,True,False,False,0
3177,True,True,False,False,False,False,0
8427,True,False,True,False,False,False,1
5154,True,True,False,False,False,False,0
6578,True,True,False,False,False,False,0
1165,False,False,True,False,False,False,1
8774,False,False,True,True,True,True,1
8523,False,False,False,False,False,False,1
7038,True,True,False,False,False,False,1
5349,True,True,False,False,False,False,0
4094,True,True,False,False,False,False,0
6749,True,False,False,False,True,False,0
441,True,False,False,False,False,False,0
6909,False,False,False,False,False,False,1
1284,False,False,False,True,True,False,1
2820,False,False,False,False,False,False,1
3589,True,True,False,False,False,False,0
6762,False,False,True,True,False,False,0
8863,True,False,True,False,False,True,0
479,True,False,True,False,False,False,0
2644,True,True,False,False,False,False,0
1696,True,True,False,False,False,False,0
459,True,False,True,True,True,False,0
369,True,True,False,False,False,False,0
8806,False,False,True,False,False,False,1
3235,False,False,True,True,True,False,1
4591,True,True,False,False,False,False,0
5072,True,True,False,True,False,False,0
5358,True,True,False,False,False,False,0
8358,True,False,False,False,False,False,1
7593,True,False,False,False,True,False,0
6278,True,True,False,False,False,False,0
3024,True,False,True,False,False,True,1
5954,True,True,False,False,False,False,0
7571,True,True,False,False,False,False,0
4003,False,False,True,True,False,False,1
3040,True,True,False,False,False,False,0
8497,False,False,True,True,True,True,0
6983,True,False,True,False,True,False,0
7606,True,False,True,True,True,False,1
6558,True,False,False,False,False,False,0
5938,True,True,False,False,False,False,0
5099,True,True,False,True,False,False,0
2352,True,True,False,False,False,False,0
8433,True,True,False,False,False,False,0
5313,True,False,False,True,False,False,0
3451,True,False,False,False,False,False,1
7874,False,False,True,True,True,True,1
1866,True,True,False,True,True,False,1
5752,False,False,False,True,False,False,1
4347,True,False,False,False,False,False,1
895,True,True,False,False,False,False,0
431,False,False,True,True,False,False,1
8270,True,False,False,False,False,False,1
1197,False,False,False,True,False,False,1
8088,True,True,False,False,False,False,0
2245,True,True,False,False,False,False,0
1344,False,False,False,False,False,False,1
2024,True,True,False,False,False,False,0
1872,False,False,False,False,False,False,1
8323,True,False,False,True,True,False,0
4157,True,True,False,True,True,False,0
6191,True,True,False,False,False,False,0
675,False,False,True,True,True,True,1
4087,True,True,False,False,False,False,0
8264,True,True,False,False,False,False,0
3082,True,True,False,True,True,False,1
4519,True,True,False,False,False,False,0
2119,True,True,False,False,False,False,1
5427,True,True,False,False,False,False,0
8308,True,True,False,False,False,False,1
7585,True,False,True,True,True,False,1
443,True,True,False,False,False,False,0
2605,True,True,False,True,False,False,0
3409,True,False,True,False,False,True,1
5088,False,False,False,True,False,False,1
8813,False,False,False,True,False,False,1
3866,True,False,True,False,True,False,0
2200,True,True,False,False,False,False,0
8530,True,True,False,True,True,False,1
8152,False,False,True,True,False,False,1
5924,True,False,False,False,False,False,0
860,False,False,True,True,False,False,1
7037,True,True,False,False,False,False,0
4422,True,True,False,False,False,False,0
2576,True,True,False,False,False,False,0
2548,False,False,True,True,False,False,1
8511,True,True,False,False,True,False,1
438,False,True,False,True,False,False,1
705,True,True,False,False,False,False,0
5374,True,True,False,True,True,False,1
6016,False,False,False,True,False,False,1
3695,False,False,True,True,True,True,1
6089,True,False,False,False,False,False,0
3178,False,False,True,True,False,True,0
3431,True,True,False,False,False,False,1
379,False,False,False,True,False,False,1
7834,True,True,False,False,False,False,0
1788,True,False,False,False,True,False,0
8987,False,False,False,False,False,False,1
4502,True,False,False,True,False,False,0
3365,True,True,False,False,False,False,1
3387,True,False,True,True,True,False,1
5135,True,True,False,False,False,False,0
8402,True,True,False,False,False,False,0
8168,True,True,False,False,False,False,0
7670,False,False,True,True,True,False,1
5186,True,True,False,False,False,False,0
6523,True,True,False,False,False,False,0
5177,True,True,False,True,False,False,0
4810,True,False,False,False,False,False,0
6877,True,True,False,False,False,False,0
5321,True,True,False,False,False,False,0
1015,True,True,False,False,False,False,0
6129,False,True,False,True,True,False,1
2556,False,False,False,True,False,False,1
8440,True,False,False,False,False,False,1
7230,True,True,False,False,False,False,0
5409,True,True,False,False,False,False,0
6476,True,True,False,False,False,False,0
3341,True,True,False,False,False,False,0
2658,False,False,True,True,False,False,1
257,False,False,False,True,False,False,1
7867,True,False,False,True,True,False,1
6009,True,False,True,False,False,False,1
2588,False,False,True,True,True,False,1
3270,True,True,False,False,False,False,0
586,False,False,False,False,False,False,1
5019,True,True,False,False,False,False,0
6675,True,True,False,False,False,False,0
4436,True,True,False,False,False,False,0
6075,True,True,False,False,False,False,0
2793,True,True,False,False,False,False,0
2296,True,False,True,False,False,False,1
899,True,True,False,False,False,False,0
3318,True,False,True,True,True,False,1
492,True,False,True,False,True,True,1
5677,True,False,True,False,True,False,1
8753,False,False,False,False,False,False,1
6332,True,True,False,False,False,False,0
2298,True,False,False,True,True,False,0
6611,True,False,True,True,True,False,1
4331,True,False,False,False,True,False,1
4756,True,True,False,False,False,False,0
2956,True,True,False,False,False,False,0
4979,True,False,True,False,True,False,1
6418,True,False,False,True,True,False,0
3493,True,False,False,False,False,False,1
7671,True,True,False,False,False,False,0
2792,True,True,False,False,False,False,0
3348,False,False,False,False,False,False,1
5996,True,False,False,False,False,False,0
3769,True,False,False,True,True,False,1
4729,True,True,False,False,False,False,0
2135,True,True,False,False,False,False,0
5090,False,False,True,True,False,False,1
3789,True,True,False,False,False,False,0
432,True,True,False,False,False,False,0
3638,True,True,False,False,False,False,0
494,True,False,True,False,True,False,0
8802,True,False,True,False,False,False,1
3349,True,False,True,True,False,True,0
7679,True,True,False,False,False,False,0
8461,True,True,False,False,False,False,0
2687,False,False,True,True,True,True,0
198,True,False,True,False,True,False,0
6121,True,True,False,False,False,False,0
374,True,True,False,False,False,False,0
5114,False,False,True,True,False,True,1
7092,True,True,False,False,False,False,1
6765,True,False,False,False,False,False,1
6209,True,True,False,False,False,False,0
5257,True,True,False,False,False,False,0
3550,True,True,False,False,False,False,0
6429,True,True,False,True,False,False,0
2634,True,True,False,False,False,False,0
1106,True,True,False,False,False,False,1
2045,True,True,False,False,False,False,0
3657,False,False,False,True,True,False,1
3545,False,False,True,True,False,False,0
5912,False,False,True,True,False,False,1
6448,True,False,False,False,False,False,0
6890,True,True,False,False,False,False,0
8010,True,True,False,False,False,False,0
5885,True,False,True,False,True,False,1
3377,True,True,False,False,False,False,0
4198,True,True,False,False,False,False,0
4204,False,False,False,False,False,False,1
3022,True,False,True,False,False,False,1
7151,True,True,False,False,False,False,0
3511,True,False,True,True,True,False,1
6878,True,False,True,False,True,False,0
7955,True,True,False,False,False,False,0
690,True,False,True,False,False,True,1
7674,True,True,False,False,False,False,0
5163,True,True,False,False,False,False,0
8416,True,True,False,False,False,False,0
3104,True,False,True,True,True,False,0
8773,True,True,False,False,False,False,1
317,True,False,False,True,False,False,1
852,True,True,False,False,False,False,0
4558,True,True,False,False,False,False,0
987,False,False,False,False,False,False,1
3005,True,True,False,False,False,False,0
109,True,True,False,False,False,False,0
1036,True,False,True,True,True,False,0
7220,True,False,True,False,True,True,0
4477,True,False,False,True,True,False,1
5388,True,True,False,False,False,False,0
5644,True,True,False,False,False,False,0
4527,True,True,False,False,False,False,0
5614,True,True,False,False,False,False,0
8243,True,True,False,False,False,False,0
6583,True,True,False,False,False,False,0
2846,True,True,False,False,False,False,0
5891,True,False,False,False,False,False,1
7570,False,False,False,False,False,False,1
7352,True,True,False,False,False,False,0
6072,True,True,False,False,False,False,0
3102,False,False,False,False,False,False,1
7769,True,True,False,False,False,False,1
5330,True,True,False,False,False,False,0
7945,True,True,False,False,False,False,0
5823,True,True,False,True,True,False,1
6435,True,False,False,True,True,False,1
164,True,True,False,False,False,False,0
1142,True,True,False,False,False,False,0
1048,True,False,True,False,False,False,0
6676,False,False,False,True,False,False,1
7647,True,True,False,True,True,False,0
518,True,True,False,False,False,False,0
3917,True,True,False,False,False,False,0
7981,True,True,False,False,False,False,0
1465,True,True,False,False,False,False,0
1976,True,True,False,False,False,False,0
4819,True,True,False,False,False,False,0
2210,True,False,False,True,True,False,1
5622,True,False,False,False,False,False,1
6402,True,True,False,False,False,False,0
4798,True,True,False,False,False,False,0
4857,True,True,False,False,False,False,0
221,True,True,False,False,False,False,1
1637,True,True,False,False,False,False,0
3984,True,True,False,True,False,False,1
2939,True,True,False,False,False,False,0
2071,True,True,False,False,False,False,0
3921,True,False,True,False,False,False,1
8048,True,True,False,False,False,False,1
3709,False,False,False,True,True,False,0
6550,True,True,False,True,False,False,1
7510,True,True,False,False,False,False,0
6485,False,False,False,False,False,False,1
5259,True,False,False,True,True,False,0
6136,True,False,False,False,True,False,1
5608,True,True,False,False,False,False,1
3138,True,False,True,False,True,False,1
4625,True,True,False,False,False,False,0
7184,True,False,False,False,False,False,1
323,True,False,False,True,True,False,1
3041,True,False,False,False,True,False,1
1440,True,True,False,False,False,False,0
4391,True,False,True,True,True,False,0
2964,True,True,False,False,False,False,0
4317,True,True,False,False,False,False,0
937,True,False,False,True,True,False,0
7081,False,True,False,True,False,False,1
3491,False,False,False,True,False,False,1
1701,True,False,False,False,True,False,1
3802,True,False,True,True,False,False,1
2114,False,False,True,True,True,False,1
4755,False,False,True,True,False,False,1
373,True,True,False,False,False,False,0
2666,True,False,False,False,True,False,0
2446,False,False,False,False,False,False,1
6987,True,True,False,False,False,False,0
5402,True,True,False,True,False,False,0
3757,True,True,False,False,False,False,0
5862,True,True,False,False,False,False,0
33,False,False,True,True,False,False,1
6154,True,False,False,False,True,False,1
3404,True,True,False,False,False,False,0
8043,True,True,False,False,False,False,1
2091,True,True,False,False,False,False,0
2586,False,False,True,True,False,True,1
1962,True,False,False,True,False,False,1
3752,False,False,False,False,False,False,1
2712,True,True,False,True,False,False,0
1693,True,True,False,False,False,False,0
6165,True,True,False,False,False,False,0
2487,True,True,False,False,False,False,0
3926,True,False,False,True,True,False,0
8794,True,True,False,False,False,False,0
2182,False,False,False,True,False,False,1
8640,True,True,False,False,False,False,0
7182,True,True,False,False,False,False,0
8962,True,True,False,False,False,False,1
4275,True,True,False,False,False,False,0
4109,False,False,True,True,True,True,1
5056,False,False,True,True,False,True,1
7199,True,False,False,False,False,False,1
6358,False,False,True,True,True,True,1
1662,True,True,False,False,False,False,0
37,True,False,False,False,False,False,1
5230,False,False,True,True,False,False,1
5447,True,True,False,False,False,False,0
1001,True,True,False,False,False,False,0
844,True,True,False,False,False,False,0
8338,True,True,False,False,False,False,0
7508,False,False,False,False,False,False,1
284,True,True,False,False,False,False,0
131,True,True,False,False,False,False,1
3240,True,True,False,False,False,False,1
698,True,False,True,True,True,False,0
3824,True,True,False,False,False,False,0
649,True,True,False,False,False,False,1
2268,False,False,True,True,False,False,1
7785,True,True,False,False,False,False,0
1893,False,False,True,False,False,False,1
7289,True,True,False,False,False,False,0
1988,True,True,False,False,False,False,0
7566,True,True,False,False,False,False,0
2764,True,True,False,False,False,False,0
8572,True,False,False,True,True,False,0
6803,True,True,False,False,False,False,0
2528,False,False,False,False,False,False,1
4028,True,False,True,False,False,False,0
2837,True,False,True,False,True,False,1
8046,True,True,False,False,False,False,0
4171,True,True,False,False,False,False,1
7057,True,True,False,False,False,False,0
1751,True,True,False,False,False,False,0
4043,True,True,False,True,True,False,1
7356,True,True,False,True,True,False,0
6015,True,True,False,False,False,False,0
1265,True,True,False,True,True,False,1
3172,False,False,False,True,True,False,1
190,True,True,False,False,False,False,0
1824,True,False,False,False,False,False,0
3723,True,True,False,False,False,False,0
4925,True,True,False,False,False,False,0
5660,True,True,False,True,False,False,0
6740,False,False,False,False,False,False,1
7910,True,True,False,False,False,False,0
8292,True,True,False,False,False,False,0
8186,True,True,False,False,False,False,0
6458,True,True,False,False,False,False,0
3333,False,False,True,True,True,False,1
1327,False,False,False,True,False,False,1
92,True,True,False,False,False,False,0
6043,True,False,False,False,False,False,0
437,False,False,True,True,False,True,1
8822,False,False,False,True,True,True,0
4794,True,True,False,False,False,False,0
5424,True,False,True,True,False,False,1
1999,True,False,False,False,False,False,0
732,True,False,True,False,False,True,1
2434,True,False,False,False,False,False,1
1540,True,True,False,False,False,False,0
1289,True,True,False,False,False,False,0
7132,True,True,False,False,False,False,0
2238,True,False,True,False,False,False,1
5361,True,False,False,False,False,False,0
5369,True,True,False,False,False,False,0
7850,True,False,False,True,True,False,0
7444,False,False,False,True,False,False,0
6706,True,True,False,False,False,False,0
85,True,True,False,True,False,False,1
2330,True,True,False,False,False,False,0
4147,True,False,False,True,True,False,1
1286,True,True,False,True,True,False,1
1655,True,True,False,False,False,False,0
8394,True,True,False,False,False,False,1
1301,True,True,False,False,False,False,0
5805,True,True,False,False,False,False,0
2714,True,True,False,False,False,False,1
1630,False,False,False,False,False,False,1
6857,True,True,False,False,False,False,0
3878,False,False,True,True,True,False,0
3529,True,True,False,True,True,False,0
1498,True,True,False,False,False,False,0
1864,True,False,False,False,False,False,0
1991,True,True,False,False,False,False,0
8314,True,True,False,False,False,False,0
1437,True,True,False,True,True,False,0
2016,True,False,False,False,False,False,1
6513,True,False,False,True,True,False,1
4265,True,True,False,False,False,False,0
2735,True,True,False,False,False,False,0
6460,False,False,True,True,True,False,1
7527,True,True,False,False,False,False,0
341,True,True,False,False,False,False,0
1070,True,True,False,False,False,False,0
7992,True,False,True,True,True,True,1
5327,True,False,True,True,True,False,1
6354,True,False,False,False,False,False,0
5178,False,False,True,True,True,True,1
1903,True,True,False,False,False,False,0
7496,True,True,False,False,True,False,1
2455,True,True,False,False,False,False,0
1478,True,False,True,False,True,False,1
3697,True,True,False,False,False,False,0
7411,True,True,False,False,False,False,0
7030,True,True,False,False,False,False,0
3340,True,True,False,True,True,False,0
6949,False,False,False,False,False,False,1
8512,True,False,False,False,False,False,0
2430,True,True,False,False,False,False,0
1103,True,True,False,False,False,False,0
7297,False,False,False,True,False,False,1
1357,False,False,False,True,False,False,1
7176,True,True,False,False,False,False,0
1178,True,False,True,False,False,False,1
2762,True,False,True,False,False,True,1
1105,True,False,False,True,True,False,1
2090,True,True,False,False,False,False,0
6544,False,False,True,False,False,False,1
6687,True,True,False,True,False,False,0
4737,True,True,False,False,False,False,0
7122,True,True,False,False,False,False,0
8879,True,True,False,False,True,False,1
1481,False,False,False,False,False,False,1
8398,True,True,False,False,False,False,0
906,True,False,True,True,True,False,0
388,True,True,False,False,False,False,0
4682,True,True,False,False,False,False,0
1226,True,True,False,False,False,False,0
238,True,False,True,True,True,False,1
1443,True,True,False,False,False,False,0
4137,True,True,False,False,False,False,0
5521,True,True,False,False,False,False,0
2784,True,False,False,False,True,False,1
7974,True,True,False,False,False,False,0
2372,True,False,False,True,True,False,0
773,True,True,False,False,False,False,0
4523,True,True,False,False,False,False,0
2249,True,False,True,True,True,False,0
8672,True,False,False,False,False,False,0
8252,False,False,False,True,False,False,1
7239,True,False,True,False,False,True,1
2275,False,False,False,False,False,False,1
7126,True,True,False,False,False,False,0
3744,True,True,False,False,False,False,0
6273,False,False,True,True,False,True,0
4306,True,True,False,False,False,False,1
5416,True,True,False,False,False,False,0
3634,True,True,False,False,False,False,0
8241,True,True,False,False,False,False,0
2502,True,True,False,False,False,False,0
3276,True,True,False,True,True,False,1
3841,True,True,False,False,False,False,0
8920,False,False,False,False,False,False,1
6507,True,False,False,False,True,False,1
5089,False,False,False,False,False,False,1
3570,True,False,True,False,True,False,1
8611,False,False,True,True,False,True,1
7093,True,False,True,False,True,False,0
5025,False,False,True,True,True,True,1
8575,True,True,False,False,False,False,0
1436,True,True,False,False,False,False,0
2892,True,False,True,True,True,False,0
6613,False,False,True,True,True,False,1
7450,False,False,True,True,False,True,0
7096,True,False,True,False,True,True,1
6842,True,False,True,False,True,False,0
5052,True,True,False,False,False,False,0
1875,True,False,True,False,True,False,1
7420,False,False,False,False,False,False,1
4573,True,False,False,False,False,False,1
3922,True,False,False,True,True,False,1
5352,True,False,True,False,False,True,1
8679,False,False,False,False,False,False,1
4774,True,True,False,False,False,False,0
5795,True,False,False,False,True,False,1
8162,True,True,False,False,False,False,0
3271,True,True,False,False,False,False,0
3056,True,False,True,False,False,False,1
3973,True,False,True,True,True,False,0
8569,True,False,True,False,False,False,0
2230,True,True,False,False,False,False,0
4165,False,False,False,True,False,False,1
3453,True,False,True,True,True,False,0
1814,True,False,False,False,False,False,0
1130,True,True,False,False,False,False,0
529,True,True,False,False,False,False,0
4538,True,True,False,False,False,False,0
4450,False,False,True,False,False,False,1
8646,True,False,True,True,True,False,0
3028,True,True,False,False,False,False,0
7882,True,True,False,False,False,False,0
5351,True,False,False,True,True,False,0
1956,True,True,False,False,False,False,0
7344,True,False,False,True,True,False,1
1135,True,True,False,False,False,False,0
2399,True,False,True,False,True,True,1
5141,True,True,False,False,False,False,1
4288,False,False,False,True,True,False,0
6976,False,False,True,True,False,False,1
23,True,False,True,False,False,False,0
902,False,False,False,False,False,False,1
2568,True,True,False,False,False,False,1
6238,True,True,False,False,False,False,0
720,True,False,False,True,True,False,1
4826,False,False,True,False,False,False,1
8436,True,False,True,False,False,False,1
7795,True,False,False,False,False,False,1
8367,True,True,False,False,False,False,0
3903,False,False,False,False,False,False,1
5675,True,True,False,False,False,False,0
6641,True,True,False,False,False,False,0
7920,True,False,True,False,True,False,1
4057,True,False,True,False,True,True,1
7683,False,False,True,True,True,False,0
7006,True,False,False,True,True,False,1
245,True,True,False,False,False,False,0
25,True,True,False,False,False,False,0
4189,True,False,True,False,False,False,1
8952,True,True,False,False,False,False,0
8012,False,False,False,True,False,False,1
1797,True,True,False,False,False,False,1
4671,True,False,True,True,True,True,1
1602,True,True,False,False,False,False,0
5880,True,False,False,True,True,False,0
525,True,True,False,False,False,False,0
6724,True,True,False,False,False,False,0
5277,True,False,True,False,False,False,0
306,True,True,False,False,False,False,0
1820,False,False,False,True,False,False,1
959,True,True,False,False,False,False,0
5038,True,True,False,False,False,False,0
2187,True,True,False,False,False,False,0
440,True,True,False,False,False,False,0
4486,False,False,True,True,False,False,1
7240,True,True,False,True,True,False,1
3112,True,False,True,True,True,False,1
585,True,True,False,False,False,True,1
8026,False,True,False,True,True,False,1
3312,True,True,False,False,False,False,0
2101,True,True,False,False,False,False,0
6375,True,True,False,False,False,False,0
4495,True,False,False,False,False,False,0
1775,False,False,True,False,False,False,1
2093,True,True,False,False,False,False,0
8536,True,False,False,False,False,False,0
209,True,True,False,False,False,False,0
4407,True,True,False,False,True,False,0
8957,True,True,False,False,False,False,1
7950,True,True,False,False,False,False,1
2582,True,False,True,False,True,True,1
1524,True,False,False,False,False,False,1
2085,True,True,False,False,False,False,0
5151,True,True,False,False,False,False,0
6568,True,False,True,False,True,False,0
480,False,False,False,False,False,False,1
5617,False,False,True,True,False,False,1
1519,True,True,False,False,False,False,1
5503,True,True,False,False,False,False,0
826,True,True,False,False,False,False,0
7085,True,True,False,True,False,False,0
4897,True,True,False,False,False,False,0
8906,True,True,False,False,False,False,0
763,True,False,False,False,True,False,1
2272,True,True,False,False,False,False,0
4654,True,True,False,True,True,False,0
6960,True,True,False,False,False,False,0
4123,True,False,False,False,False,False,0
2120,True,True,False,False,False,False,0
1658,True,True,False,False,False,False,0
5627,True,False,True,True,True,True,1
8393,False,False,True,True,True,True,1
6864,False,False,False,True,False,False,1
911,False,False,False,True,True,False,1
1166,False,False,True,True,True,True,1
5803,True,True,False,False,False,False,0
3977,True,True,False,False,False,False,0
2188,True,True,False,False,False,False,0
4501,True,False,False,False,False,False,0
30,True,True,False,False,False,False,0
5542,True,True,False,False,False,False,1
2597,True,True,False,False,False,False,0
946,True,True,False,False,False,False,0
7480,False,False,True,True,False,False,1
5809,True,True,False,False,False,False,0
1462,True,False,True,True,True,False,1
4619,True,True,False,False,True,False,1
750,True,True,False,False,False,False,0
1853,False,False,True,True,True,False,0
2237,True,True,False,False,False,False,1
4245,False,False,True,True,True,True,1
644,True,False,False,False,False,False,1
5326,True,True,False,False,False,False,1
5802,True,True,False,True,True,False,1
2344,True,True,False,False,False,False,1
7027,False,False,True,True,True,False,0
754,False,False,True,True,False,False,1
2902,False,False,False,False,False,False,1
841,True,True,False,False,False,False,0
282,True,True,False,False,False,False,1
8570,True,False,False,False,False,False,0
1780,False,False,False,True,False,False,1
3007,True,True,False,False,False,False,0
7767,True,True,False,False,False,False,0
7078,True,False,False,False,True,False,1
3569,False,False,True,True,False,False,1
8915,True,True,False,False,False,False,0
6569,True,False,False,True,True,False,1
7997,True,True,False,False,False,False,0
4767,False,False,False,False,False,False,1
1574,False,False,False,False,False,False,1
570,True,False,False,False,False,False,0
4011,True,False,True,False,True,True,1
255,True,True,False,False,False,False,0
579,False,False,False,False,False,False,1
6711,False,False,True,True,True,False,1
4796,True,True,False,True,False,False,0
3441,False,False,False,False,False,False,1
8303,True,True,False,False,False,False,1
6503,True,False,False,True,True,False,0
2087,False,False,True,False,False,False,1
442,True,True,False,False,False,False,1
8113,False,False,False,True,False,False,1
3450,True,True,False,True,True,False,1
1182,True,True,False,False,False,False,0
5209,True,False,False,True,True,False,1
3700,True,True,False,True,True,False,1
5278,True,True,True,True,True,False,1
2294,True,True,False,False,False,False,0
3825,True,True,False,False,False,False,0
8761,False,True,False,True,True,False,1
8179,True,True,False,False,False,False,0
5217,False,False,True,True,False,False,1
5962,True,True,False,False,False,False,0
5682,False,False,True,False,False,False,1
8025,True,False,False,True,True,False,1
3443,True,True,False,False,False,False,0
267,True,True,False,False,False,False,0
5761,True,True,False,False,False,False,0
378,True,True,False,True,False,True,1
8470,True,False,False,False,False,False,0
148,False,False,True,True,True,True,1
4460,True,False,False,True,True,False,0
5246,True,False,True,False,True,True,1
8956,True,True,False,True,False,False,0
7817,False,False,True,True,True,False,0
4131,False,False,False,True,False,False,1
3196,True,True,False,False,False,False,0
4568,True,True,False,False,False,False,1
5118,False,True,False,True,False,False,1
5845,False,False,True,True,True,True,1
2897,True,True,False,True,True,False,0
4873,True,True,False,False,False,False,0
4335,True,False,True,False,True,True,1
8616,True,False,False,False,False,False,1
1345,False,False,False,True,False,False,1
1928,True,True,False,False,False,False,0
4230,True,True,False,False,False,False,1
7852,True,True,False,False,False,False,1
923,True,True,False,False,False,False,1
7067,False,False,False,False,False,False,1
2713,True,True,False,False,False,False,0
1716,False,False,True,True,False,True,0
8220,True,False,False,True,True,False,1
5168,True,True,False,False,False,False,0
994,True,True,False,False,False,False,0
6747,True,False,True,False,True,False,0
5692,True,True,False,False,False,False,0
8196,True,True,False,True,False,False,0
5600,True,False,True,True,True,True,1
7842,True,True,False,False,False,False,0
6058,True,False,False,False,False,False,1
7470,True,True,False,False,False,False,0
8553,True,True,False,False,False,False,0
3655,True,False,True,False,True,True,1
5288,True,False,False,False,False,False,0
6265,True,False,False,False,True,False,0
210,True,True,False,False,True,False,0
5196,True,True,False,False,False,False,0
3858,True,True,False,False,False,False,0
1597,True,True,False,False,False,False,0
3770,True,True,False,False,False,False,0
7942,False,False,False,True,False,False,1
8832,True,True,False,False,False,False,0
1806,True,True,False,False,False,False,0
2396,False,False,False,False,False,False,1
1442,True,True,False,False,False,False,0
7296,True,True,False,False,False,False,0
3176,True,True,False,False,False,False,0
2647,True,True,False,False,False,False,0
5225,True,True,False,False,False,False,0
1378,True,True,False,False,False,False,0
4562,True,True,False,False,False,False,0
8567,True,False,False,False,False,False,1
4715,True,False,True,True,True,False,0
3111,True,True,False,False,False,False,0
6871,True,True,False,False,True,False,1
8327,True,False,False,False,False,False,1
5642,True,False,True,False,True,False,0
1770,False,False,True,False,False,False,1
7123,True,True,False,False,False,False,1
8111,True,True,False,False,False,False,0
1454,True,True,False,False,False,False,0
3369,True,True,False,False,False,False,0
5228,True,True,False,False,False,False,0
7281,True,True,False,False,False,False,0
2688,True,False,False,False,False,False,0
4169,True,True,False,False,False,False,0
8886,True,False,False,False,False,False,0
8184,True,True,False,False,False,False,0
2155,True,False,False,True,True,False,1
2790,False,False,False,True,True,True,1
3000,False,False,True,False,False,False,0
5220,True,True,False,False,False,False,0
117,False,False,False,True,True,True,1
2854,True,False,False,False,False,False,1
3278,True,False,False,True,True,False,0
5204,True,True,False,True,True,False,1
2264,False,False,False,True,False,False,1
7592,True,True,False,False,False,False,0
6399,False,False,True,True,False,False,1
4782,True,False,False,False,False,False,0
2751,True,False,True,False,True,False,1
6198,True,False,False,True,True,False,0
8804,True,True,False,False,False,False,0
948,True,False,True,False,False,False,1
7373,True,True,False,False,False,False,0
4516,True,True,False,False,False,False,0
7361,True,True,False,False,False,False,0
8155,False,False,True,True,True,False,1
1173,False,False,False,True,False,True,0
7441,True,True,False,False,False,False,1
6451,False,False,False,False,False,False,1
3758,False,False,True,True,True,False,1
1749,True,False,True,False,False,True,1
4852,True,True,False,False,False,False,0
5165,True,True,False,False,False,False,0
426,True,False,False,False,False,False,0
4621,True,False,False,False,False,False,0
3730,True,True,False,False,False,False,0
3392,True,True,False,True,False,False,0
8021,True,False,False,True,False,False,0
889,True,True,False,False,False,False,0
2673,True,True,False,False,False,False,0
5551,True,True,False,False,False,False,0
3745,False,False,True,False,False,False,1
4441,True,True,False,False,False,False,0
3912,True,True,False,False,False,False,0
7436,False,False,True,True,True,False,0
3447,True,True,False,False,False,False,0
2163,False,False,False,False,False,False,1
4802,True,False,False,False,True,False,1
297,True,False,False,False,False,False,1
2419,True,False,True,False,False,True,0
1026,True,False,True,False,True,False,0
2536,True,True,False,False,False,False,0
3564,True,True,False,False,False,False,0
8580,True,True,False,False,False,False,1
1793,False,False,True,True,False,False,1
557,False,False,False,True,False,False,1
8343,True,True,False,False,False,False,0
90,True,True,False,False,False,False,0
1859,True,True,False,False,False,False,0
7784,True,True,False,True,False,False,0
6078,False,False,False,False,False,False,1
8819,True,False,False,True,True,False,0
7397,True,False,True,True,True,False,0
2366,True,True,False,False,False,False,0
8188,True,True,False,False,False,False,0
584,True,True,False,False,False,False,0
4487,True,True,False,False,False,False,0
